20260812-191046:697221848 EtherCAT|INFO [si_PDOassign,2044]: [EtherCATDriver ]   [0x0032.0] 0x6071:0x00 0x10 INTEGER16    Targe Torque 
20260812-191046:699235888 EtherCAT|INFO [si_PDOassign,2044]: [EtherCATDriver ]   [0x0034.0] 0x607A:0x00 0x20 INTEGER32    Target position
20260812-191046:701238136 EtherCAT|INFO [si_PDOassign,2044]: [EtherCATDriver ]   [0x0038.0] 0x60B2:0x00 0x10 INTEGER16    Torque Offset 
20260812-191046:703225576 EtherCAT|INFO [si_PDOassign,2044]: [EtherCATDriver ]   [0x003A.0] 0x6060:0x00 0x08 INTEGER8     Modes of Operation 
20260812-191046:704237064 EtherCAT|INFO [si_PDOassign,2044]: [EtherCATDriver ]   [0x003B.0] 0x0000:0x00 0x08 INTEGER8     Modes of Operation
20260812-191046:704268464 EtherCAT|INFO [si_PDOassign,2050]:  
20260812-191046:704290736 EtherCAT|INFO [si_map_sdo,1959]: [EtherCATDriver ]   SM3 inputs 
20260812-191046:704313824 EtherCAT|INFO [si_map_sdo,1960]: [EtherCATDriver ]      addr b   index: sub bitl data_type    name 
20260812-191046:709225696 EtherCAT|INFO [si_PDOassign,2044]: [EtherCATDriver ]   [0x00AC.0] 0x6041:0x00 0x10 UNSIGNED16   Status Word
20260812-191046:711221768 EtherCAT|INFO [si_PDOassign,2044]: [EtherCATDriver ]   [0x00AE.0] 0x603F:0x00 0x10 UNSIGNED16   Error Code 
20260812-191046:713231248 EtherCAT|INFO [si_PDOassign,2044]: [EtherCATDriver ]   [0x00B0.0] 0x6064:0x00 0x20 INTEGER32    Position Actual Value 
20260812-191046:715224872 EtherCAT|INFO [si_PDOassign,2044]: [EtherCATDriver ]   [0x00B4.0] 0x6077:0x00 0x10 INTEGER16    Torque actual value
20260812-191046:717223104 EtherCAT|INFO [si_PDOassign,2044]: [EtherCATDriver ]   [0x00B6.0] 0x6078:0x00 0x10 INTEGER16    Current actual value 
20260812-191046:719224832 EtherCAT|INFO [si_PDOassign,2044]: [EtherCATDriver ]   [0x00B8.0] 0x606C:0x00 0x20 INTEGER32    Velocity Actual Value 
20260812-191046:721222712 EtherCAT|INFO [si_PDOassign,2044]: [EtherCATDriver ]   [0x00BC.0] 0x60F4:0x00 0x20 INTEGER32    Following Error Actual Value
20260812-191046:723225088 EtherCAT|INFO [si_PDOassign,2044]: [EtherCATDriver ]   [0x00C0.0] 0x6061:0x00 0x08 INTEGER8     Modes of Operation Display 
20260812-191046:724236376 EtherCAT|INFO [si_PDOassign,2044]: [EtherCATDriver ]   [0x00C1.0] 0x0000:0x00 0x08 INTEGER8     Modes of Operation Display 
20260812-191046:724267632 EtherCAT|INFO [si_PDOassign,2050]:  
20260812-191046:724290992 EtherCAT|INFO [EcatDrv_Task,779]: [EtherCATDriver ] Slave:6
20260812-191046:724313608 EtherCAT|INFO [si_map_sdo,1898]: [EtherCATDriver ] PDO mapping according to CoE : 
20260812-191046:726229088 EtherCAT|INFO [si_map_sdo,1948]: [EtherCATDriver ]   SM2 outputs 
20260812-191046:726256232 EtherCAT|INFO [si_map_sdo,1949]: [EtherCATDriver ]      addr b   index: sub bitl data_type    name
20260812-191046:731222304 EtherCAT|INFO [si_PDOassign,2044]: [EtherCATDriver ]   [0x003C.0] 0x6040:0x00 0x10 UNSIGNED16   Control Word 
20260812-191046:733224488 EtherCAT|INFO [si_PDOassign,2044]: [EtherCATDriver ]   [0x003E.0] 0x6071:0x00 0x10 INTEGER16    Targe Torque 
20260812-191046:735223496 EtherCAT|INFO [si_PDOassign,2044]: [EtherCATDriver ]   [0x0040.0] 0x607A:0x00 0x20 INTEGER32    Target position
20260812-191046:737222288 EtherCAT|INFO [si_PDOassign,2044]: [EtherCATDriver ]   [0x0044.0] 0x60B2:0x00 0x10 INTEGER16    Torque Offset 
20260812-191046:739225376 EtherCAT|INFO [si_PDOassign,2044]: [EtherCATDriver ]   [0x0046.0] 0x6060:0x00 0x08 INTEGER8     Modes of Operation 
20260812-191046:740230168 EtherCAT|INFO [si_PDOassign,2044]: [EtherCATDriver ]   [0x0047.0] 0x0000:0x00 0x08 INTEGER8     Modes of Operation
20260812-191046:740261456 EtherCAT|INFO [si_PDOassign,2050]:  
20260812-191046:740284888 EtherCAT|INFO [si_map_sdo,1959]: [EtherCATDriver ]   SM3 inputs 
20260812-191046:740306984 EtherCAT|INFO [si_map_sdo,1960]: [EtherCATDriver ]      addr b   index: sub bitl data_type    name 
20260812-191046:745223648 EtherCAT|INFO [si_PDOassign,2044]: [EtherCATDriver ]   [0x00C2.0] 0x6041:0x00 0x10 UNSIGNED16   Status Word
20260812-191046:747221544 EtherCAT|INFO [si_PDOassign,2044]: [EtherCATDriver ]   [0x00C4.0] 0x603F:0x00 0x10 UNSIGNED16   Error Code 
20260812-191046:749232936 EtherCAT|INFO [si_PDOassign,2044]: [EtherCATDriver ]   [0x00C6.0] 0x6064:0x00 0x20 INTEGER32    Position Actual Value 
20260812-191046:751223696 EtherCAT|INFO [si_PDOassign,2044]: [EtherCATDriver ]   [0x00CA.0] 0x6077:0x00 0x10 INTEGER16    Torque actual value
20260812-191046:753224568 EtherCAT|INFO [si_PDOassign,2044]: [EtherCATDriver ]   [0x00CC.0] 0x6078:0x00 0x10 INTEGER16    Current actual value 
20260812-191046:755223952 EtherCAT|INFO [si_PDOassign,2044]: [EtherCATDriver ]   [0x00CE.0] 0x606C:0x00 0x20 INTEGER32    Velocity Actual Value 
20260812-191046:757222656 EtherCAT|INFO [si_PDOassign,2044]: [EtherCATDriver ]   [0x00D2.0] 0x60F4:0x00 0x20 INTEGER32    Following Error Actual Value
20260812-191046:759225696 EtherCAT|INFO [si_PDOassign,2044]: [EtherCATDriver ]   [0x00D6.0] 0x6061:0x00 0x08 INTEGER8     Modes of Operation Display 
20260812-191046:760231144 EtherCAT|INFO [si_PDOassign,2044]: [EtherCATDriver ]   [0x00D7.0] 0x0000:0x00 0x08 INTEGER8     Modes of Operation Display 
20260812-191046:760262224 EtherCAT|INFO [si_PDOassign,2050]:  
20260812-191046:760285312 EtherCAT|INFO [EcatDrv_Task,779]: [EtherCATDriver ] Slave:7
20260812-191046:760306984 EtherCAT|INFO [si_map_sdo,1898]: [EtherCATDriver ] PDO mapping according to CoE : 
20260812-191046:762229312 EtherCAT|INFO [si_map_sdo,1948]: [EtherCATDriver ]   SM2 outputs 
20260812-191046:762256024 EtherCAT|INFO [si_map_sdo,1949]: [EtherCATDriver ]      addr b   index: sub bitl data_type    name
20260812-191046:767235216 EtherCAT|INFO [si_PDOassign,2044]: [EtherCATDriver ]   [0x0048.0] 0x6040:0x00 0x10 UNSIGNED16   Control Word 
20260812-191046:769239504 EtherCAT|INFO [si_PDOassign,2044]: [EtherCATDriver ]   [0x004A.0] 0x6071:0x00 0x10 INTEGER16    Targe Torque 
20260812-191046:771221808 EtherCAT|INFO [si_PDOassign,2044]: [EtherCATDriver ]   [0x004C.0] 0x607A:0x00 0x20 INTEGER32    Target position
20260812-191046:773242088 EtherCAT|INFO [si_PDOassign,2044]: [EtherCATDriver ]   [0x0050.0] 0x60B2:0x00 0x10 INTEGER16    Torque Offset 
20260812-191046:775222968 EtherCAT|INFO [si_PDOassign,2044]: [EtherCATDriver ]   [0x0052.0] 0x6060:0x00 0x08 INTEGER8     Modes of Operation 
20260812-191046:776231488 EtherCAT|INFO [si_PDOassign,2044]: [EtherCATDriver ]   [0x0053.0] 0x0000:0x00 0x08 INTEGER8     Modes of Operation
20260812-191046:776282064 EtherCAT|INFO [si_PDOassign,2050]:  
20260812-191046:776305184 EtherCAT|INFO [si_map_sdo,1959]: [EtherCATDriver ]   SM3 inputs 
20260812-191046:776327688 EtherCAT|INFO [si_map_sdo,1960]: [EtherCATDriver ]      addr b   index: sub bitl data_type    name 
20260812-191046:781221816 EtherCAT|INFO [si_PDOassign,2044]: [EtherCATDriver ]   [0x00D8.0] 0x6041:0x00 0x10 UNSIGNED16   Status Word
20260812-191046:783224312 EtherCAT|INFO [si_PDOassign,2044]: [EtherCATDriver ]   [0x00DA.0] 0x603F:0x00 0x10 UNSIGNED16   Error Code 
20260812-191046:785229632 EtherCAT|INFO [si_PDOassign,2044]: [EtherCATDriver ]   [0x00DC.0] 0x6064:0x00 0x20 INTEGER32    Position Actual Value 
20260812-191046:787221248 EtherCAT|INFO [si_PDOassign,2044]: [EtherCATDriver ]   [0x00E0.0] 0x6077:0x00 0x10 INTEGER16    Torque actual value
20260812-191046:789226072 EtherCAT|INFO [si_PDOassign,2044]: [EtherCATDriver ]   [0x00E2.0] 0x6078:0x00 0x10 INTEGER16    Current actual value 
20260812-191046:791221128 EtherCAT|INFO [si_PDOassign,2044]: [EtherCATDriver ]   [0x00E4.0] 0x606C:0x00 0x20 INTEGER32    Velocity Actual Value 
20260812-191046:793226864 EtherCAT|INFO [si_PDOassign,2044]: [EtherCATDriver ]   [0x00E8.0] 0x60F4:0x00 0x20 INTEGER32    Following Error Actual Value
20260812-191046:795223176 EtherCAT|INFO [si_PDOassign,2044]: [EtherCATDriver ]   [0x00EC.0] 0x6061:0x00 0x08 INTEGER8     Modes of Operation Display 
20260812-191046:796231608 EtherCAT|INFO [si_PDOassign,2044]: [EtherCATDriver ]   [0x00ED.0] 0x0000:0x00 0x08 INTEGER8     Modes of Operation Display 
20260812-191046:796262872 EtherCAT|INFO [si_PDOassign,2050]: 
20260812-191046:796311624 EtherCAT|INFO [EcatDrv_Task,822]: [EtherCATDriver ] Set running flag  
20260812-191046:796560824 EtherCAT|ERROR [EcatStack_PDOReceive,334]: CommInterruptTimes is 1, print count is 0. 
20260812-191047:000237416 EtherCAT|INFO [EcatDrv_Task,829]: [EtherCATDriver ] All slaves reach in OP status successful!  
20260812-191047:000262696 EtherCAT|INFO [EcatDrv_Task,835]: [EtherCATDriver ] Task state is CONFIG turn to NORMAL
20260812-191047:000284936 EtherCAT|INFO [EcatDrv_CheckEvent,1232]: coe_event is 4, pre is 1  
20260812-191047:000304928 EtherCAT|INFO [EcatDrv_Task,943]: [EtherCATDriver ] Task state is NORMAL turn to IDLE  
20260812-191047:002372472 EtherCAT|INFO [NrtData_ReadSwVersion_VEICHI,569]: slave : 1 Sw-Vesrion : VEICHI1-SW_V13458_01213. 
20260812-191047:002399632 EtherCAT|INFO [CANopenModule_GetVersion,848]: [CANopenModule  ] slave : 0 Sw-Vesrion : VEICHI1-SW_V13458_01213  
20260812-191047:005268536 EtherCAT|INFO [NrtData_ReadSwVersion_VEICHI,569]: slave : 2 Sw-Vesrion : VEICHI2-SW_V13458_01714.  
20260812-191047:005296208 EtherCAT|INFO [CANopenModule_GetVersion,848]: [CANopenModule  ] slave : 1 Sw-Vesrion : VEICHI2-SW_V13458_01714
20260812-191047:007374016 EtherCAT|INFO [NrtData_ReadSwVersion_VEICHI,569]: slave : 3 Sw-Vesrion : VEICHI3-SW_V13458_01213.  
20260812-191047:007400632 EtherCAT|INFO [CANopenModule_GetVersion,848]: [CANopenModule  ] slave : 2 Sw-Vesrion : VEICHI3-SW_V13458_01213  
20260812-191047:009375632 EtherCAT|INFO [NrtData_ReadSwVersion_VEICHI,569]: slave : 4 Sw-Vesrion : VEICHI4-SW_V13458_01213. 
20260812-191047:009402112 EtherCAT|INFO [CANopenModule_GetVersion,848]: [CANopenModule  ] slave : 3 Sw-Vesrion : VEICHI4-SW_V13458_01213  
20260812-191047:011372504 EtherCAT|INFO [NrtData_ReadSwVersion_VEICHI,569]: slave : 5 Sw-Vesrion : VEICHI5-SW_V13458_01213.  
20260812-191047:011399264 EtherCAT|INFO [CANopenModule_GetVersion,848]: [CANopenModule  ] slave : 4 Sw-Vesrion : VEICHI5-SW_V13458_01213
20260812-191047:013377192 EtherCAT|INFO [NrtData_ReadSwVersion_VEICHI,569]: slave : 6 Sw-Vesrion : VEICHI6-SW_V13458_01714.  
20260812-191047:013404648 EtherCAT|INFO [CANopenModule_GetVersion,848]: [CANopenModule  ] slave : 5 Sw-Vesrion : VEICHI6-SW_V13458_01714  
20260812-191047:015380296 EtherCAT|INFO [NrtData_ReadSwVersion_VEICHI,569]: slave : 7 Sw-Vesrion : VEICHI7-SW_V13458_01213. 
20260812-191047:015407016 EtherCAT|INFO [CANopenModule_GetVersion,848]: [CANopenModule  ] slave : 6 Sw-Vesrion : VEICHI7-SW_V13458_01213  
20260812-191047:017378632 EtherCAT|INFO [NrtData_ReadHwVersion_VEICHI,528]: slave : 1 Hw-Vesrion : VEICHI1-HW_VA1.2  
20260812-191047:017404872 EtherCAT|INFO [CANopenModule_GetVersion,853]: [CANopenModule  ] slave : 0 Hw-Vesrion : VEICHI1-HW_VA1.2
20260812-191047:019376016 EtherCAT|INFO [NrtData_ReadHwVersion_VEICHI,528]: slave : 2 Hw-Vesrion : VEICHI2-HW_VA1.0  
20260812-191047:019401784 EtherCAT|INFO [CANopenModule_GetVersion,853]: [CANopenModule  ] slave : 1 Hw-Vesrion : VEICHI2-HW_VA1.0  
20260812-191047:021378064 EtherCAT|INFO [NrtData_ReadHwVersion_VEICHI,528]: slave : 3 Hw-Vesrion : VEICHI3-HW_VA1.2
20260812-191047:021404936 EtherCAT|INFO [CANopenModule_GetVersion,853]: [CANopenModule  ] slave : 2 Hw-Vesrion : VEICHI3-HW_VA1.2  
20260812-191047:023373992 EtherCAT|INFO [NrtData_ReadHwVersion_VEICHI,528]: slave : 4 Hw-Vesrion : VEICHI4-HW_VA1.2  
20260812-191047:023400592 EtherCAT|INFO [CANopenModule_GetVersion,853]: [CANopenModule  ] slave : 3 Hw-Vesrion : VEICHI4-HW_VA1.2
20260812-191047:025378648 EtherCAT|INFO [NrtData_ReadHwVersion_VEICHI,528]: slave : 5 Hw-Vesrion : VEICHI5-HW_VA1.2  
20260812-191047:025405488 EtherCAT|INFO [CANopenModule_GetVersion,853]: [CANopenModule  ] slave : 4 Hw-Vesrion : VEICHI5-HW_VA1.2  
20260812-191047:027377952 EtherCAT|INFO [NrtData_ReadHwVersion_VEICHI,528]: slave : 6 Hw-Vesrion : VEICHI6-HW_VA1.0
20260812-191047:027403944 EtherCAT|INFO [CANopenModule_GetVersion,853]: [CANopenModule  ] slave : 5 Hw-Vesrion : VEICHI6-HW_VA1.0  
20260812-191047:029378232 EtherCAT|INFO [NrtData_ReadHwVersion_VEICHI,528]: slave : 7 Hw-Vesrion : VEICHI7-HW_VA1.2  
20260812-191047:029405808 EtherCAT|INFO [CANopenModule_GetVersion,853]: [CANopenModule  ] slave : 6 Hw-Vesrion : VEICHI7-HW_VA1.2
20260812-191047:031141216 MCLink|INFO [mclink_set_system_status,171]: ----------------------system enter status 5 ------------------------ 
20260812-191047:031698864 EtherCAT|INFO [CANopenModule_ThreadEntry,422]: [CANopenModule  ] Get slave Version is done  
20260812-191047:031722888 EtherCAT|INFO [CANopenModule_ThreadEntry,423]: [CANopenModule  ] Task state is RESOURCE_CHK turn to RUN
20260812-191047:035580624 Macro|INFO [ReadRatedCurAll,300]: rated_current axis 1 = 8900   
20260812-191047:038560888 Macro|INFO [ReadRatedCurAll,300]: rated_current axis 2 = 10000   
20260812-191047:041554624 Macro|INFO [ReadRatedCurAll,300]: rated_current axis 3 = 3500   
20260812-191047:045696712 Macro|INFO [ReadRatedCurAll,300]: rated_current axis 4 = 3500 
20260812-191047:048575368 Macro|INFO [ReadRatedCurAll,300]: rated_current axis 5 = 3500   
20260812-191047:051553896 Macro|INFO [ReadRatedCurAll,300]: rated_current axis 6 = 3000   
20260812-191047:054588824 Macro|INFO [ReadRatedCurAll,300]: rated_current axis 7 = 3500   
20260812-191047:057787416 CP-IP|INFO [IPCommission_FunctionInit,1144]: Comm-E is init finish. 
20260812-191047:057817728 CP-IP|INFO [IPCommission_FunctionInit,1162]: wait linux netcard，no timeout, use time = 0.000000 sec  
20260812-191047:063565464 Macro|INFO [ReadPIDAll,365]: pos_kp axis 1 = 80   
20260812-191047:063595088 Macro|INFO [ReadPIDAll,366]: vel_kp axis 1 = 400   
20260812-191047:063618928 Macro|INFO [ReadPIDAll,367]: vel_ki axis 1 = 500   
20260812-191047:072573752 Macro|INFO [ReadPIDAll,365]: pos_kp axis 2 = 80 
20260812-191047:072602096 Macro|INFO [ReadPIDAll,366]: vel_kp axis 2 = 400   
20260812-191047:072625712 Macro|INFO [ReadPIDAll,367]: vel_ki axis 2 = 500   
20260812-191047:080581048 Macro|INFO [ReadPIDAll,365]: pos_kp axis 3 = 80   
20260812-191047:080610152 Macro|INFO [ReadPIDAll,366]: vel_kp axis 3 = 400   
20260812-191047:080633896 Macro|INFO [ReadPIDAll,367]: vel_ki axis 3 = 500 
20260812-191047:089578592 Macro|INFO [ReadPIDAll,365]: pos_kp axis 4 = 80   
20260812-191047:089608832 Macro|INFO [ReadPIDAll,366]: vel_kp axis 4 = 400   
20260812-191047:089631552 Macro|INFO [ReadPIDAll,367]: vel_ki axis 4 = 500   
20260812-191047:097551232 Macro|INFO [ReadPIDAll,365]: pos_kp axis 5 = 80   
20260812-191047:097580704 Macro|INFO [ReadPIDAll,366]: vel_kp axis 5 = 400 
20260812-191047:097603968 Macro|INFO [ReadPIDAll,367]: vel_ki axis 5 = 500   
20260812-191047:106559328 Macro|INFO [ReadPIDAll,365]: pos_kp axis 6 = 80   
20260812-191047:106588488 Macro|INFO [ReadPIDAll,366]: vel_kp axis 6 = 400   
20260812-191047:106612136 Macro|INFO [ReadPIDAll,367]: vel_ki axis 6 = 500   
20260812-191047:115555952 Macro|INFO [ReadPIDAll,365]: pos_kp axis 7 = 80 
20260812-191047:115584864 Macro|INFO [ReadPIDAll,366]: vel_kp axis 7 = 400   
20260812-191047:115608128 Macro|INFO [ReadPIDAll,367]: vel_ki axis 7 = 500   
20260812-191047:118564152 Macro|INFO [ReadPosTrackingErrAll,615]: pos_tracking_err axis 1 = 50000.  
20260812-191047:121554344 Macro|INFO [ReadPosTrackingErrAll,615]: pos_tracking_err axis 2 = 50000. 
20260812-191047:124591344 Macro|INFO [ReadPosTrackingErrAll,615]: pos_tracking_err axis 3 = 50000.  
20260812-191047:127548888 Macro|INFO [ReadPosTrackingErrAll,615]: pos_tracking_err axis 4 = 50000.  
20260812-191047:130580672 Macro|INFO [ReadPosTrackingErrAll,615]: pos_tracking_err axis 5 = 50000.  
20260812-191047:133578024 Macro|INFO [ReadPosTrackingErrAll,615]: pos_tracking_err axis 6 = 50000. 
20260812-191047:136615208 Macro|INFO [ReadPosTrackingErrAll,615]: pos_tracking_err axis 7 = 50000.  
20260812-191047:139606792 EC_IDN|ERROR [NrtData_IdnRead,479]: The IDN data only support ZERO ERROR module!  
20260812-191047:139636592 Macro|INFO [ReadCanAll,420]: read velocity integral limit error -1502, will set default value is 80000.  
20260812-191047:151638968 EC_IDN|INFO [NrtData_IdnCallback_VEICHI,256]: 0x2002: 65h is 10000, 1 
20260812-191047:152660472 EC_IDN|INFO [NrtData_IdnCallback_VEICHI,267]: 0x2002: 66h is 0, 1  
20260812-191047:161553504 Macro|INFO [ReadCanAll,557]: hard pos_tracking_err axis 1 = 50000   
20260812-191047:161585456 Macro|INFO [ReadCanAll,558]: hard spd_tracking_err axis 1 = 10   
20260812-191047:161608336 Macro|INFO [ReadCanAll,559]: vel_integal_lim axis 1 = 80000 
20260812-191047:161632944 Macro|INFO [ReadCanAll,560]: stall current axis 1 = 1100   
20260812-191047:161655696 Macro|INFO [ReadCanAll,561]: stall speed axis 1 = 10   
20260812-191047:161675656 Macro|INFO [ReadCanAll,562]: stall time axis 1 = 500   
20260812-191047:161696328 Macro|INFO [ReadCanAll,564]: soft pos_tracking_err axis 1 = 5242944   
20260812-191047:161721728 Macro|INFO [ReadCanAll,565]: soft spd_tracking_err axis 1 = 10 
20260812-191047:161742712 Macro|INFO [ReadCanAll,566]: soft stall current axis 1 = 900   
20260812-191047:161764272 Macro|INFO [ReadCanAll,567]: soft stall speed axis 1 = 50   
20260812-191047:161784392 Macro|INFO [ReadCanAll,568]: soft stall time axis 1 = 250   
20260812-191047:165590728 EC_IDN|ERROR [NrtData_IdnRead,479]: The IDN data only support ZERO ERROR module! 
20260812-191047:165620976 Macro|INFO [ReadCanAll,420]: read velocity integral limit error -1502, will set default value is 80000.  
20260812-191047:178648208 EC_IDN|INFO [NrtData_IdnCallback_VEICHI,256]: 0x2002: 65h is 10000, 1  
20260812-191047:179648688 EC_IDN|INFO [NrtData_IdnCallback_VEICHI,267]: 0x2002: 66h is 0, 1  
20260812-191047:188568048 Macro|INFO [ReadCanAll,557]: hard pos_tracking_err axis 2 = 50000 
20260812-191047:188600712 Macro|INFO [ReadCanAll,558]: hard spd_tracking_err axis 2 = 10   
20260812-191047:188623936 Macro|INFO [ReadCanAll,559]: vel_integal_lim axis 2 = 80000   
20260812-191047:188647224 Macro|INFO [ReadCanAll,560]: stall current axis 2 = 1100   
20260812-191047:188670024 Macro|INFO [ReadCanAll,561]: stall speed axis 2 = 10   
20260812-191047:188690536 Macro|INFO [ReadCanAll,562]: stall time axis 2 = 500 
20260812-191047:188710832 Macro|INFO [ReadCanAll,564]: soft pos_tracking_err axis 2 = 5242944   
20260812-191047:188735552 Macro|INFO [ReadCanAll,565]: soft spd_tracking_err axis 2 = 10   
20260812-191047:188755816 Macro|INFO [ReadCanAll,566]: soft stall current axis 2 = 900   
20260812-191047:188777664 Macro|INFO [ReadCanAll,567]: soft stall speed axis 2 = 50   
20260812-191047:188797272 Macro|INFO [ReadCanAll,568]: soft stall time axis 2 = 250 
20260812-191047:192601968 EC_IDN|ERROR [NrtData_IdnRead,479]: The IDN data only support ZERO ERROR module!  
20260812-191047:192631472 Macro|INFO [ReadCanAll,420]: read velocity integral limit error -1502, will set default value is 80000.  
20260812-191047:204705664 EC_IDN|INFO [NrtData_IdnCallback_VEICHI,256]: 0x2002: 65h is 10000, 1  
20260812-191047:205647928 EC_IDN|INFO [NrtData_IdnCallback_VEICHI,267]: 0x2002: 66h is 0, 1 
20260812-191047:214586976 Macro|INFO [ReadCanAll,557]: hard pos_tracking_err axis 3 = 50000   
20260812-191047:214619416 Macro|INFO [ReadCanAll,558]: hard spd_tracking_err axis 3 = 10   
20260812-191047:214642576 Macro|INFO [ReadCanAll,559]: vel_integal_lim axis 3 = 80000   
20260812-191047:214667664 Macro|INFO [ReadCanAll,560]: stall current axis 3 = 1100   
20260812-191047:214689896 Macro|INFO [ReadCanAll,561]: stall speed axis 3 = 10 
20260812-191047:214710216 Macro|INFO [ReadCanAll,562]: stall time axis 3 = 500   
20260812-191047:214730848 Macro|INFO [ReadCanAll,564]: soft pos_tracking_err axis 3 = 5242944   
20260812-191047:214756184 Macro|INFO [ReadCanAll,565]: soft spd_tracking_err axis 3 = 10   
20260812-191047:214776792 Macro|INFO [ReadCanAll,566]: soft stall current axis 3 = 900   
20260812-191047:214797808 Macro|INFO [ReadCanAll,567]: soft stall speed axis 3 = 50 
20260812-191047:214818944 Macro|INFO [ReadCanAll,568]: soft stall time axis 3 = 250   
20260812-191047:218587136 EC_IDN|ERROR [NrtData_IdnRead,479]: The IDN data only support ZERO ERROR module!  
20260812-191047:218616352 Macro|INFO [ReadCanAll,420]: read velocity integral limit error -1502, will set default value is 80000.  
20260812-191047:231634368 EC_IDN|INFO [NrtData_IdnCallback_VEICHI,256]: 0x2002: 65h is 10000, 1 
20260812-191047:232747904 EC_IDN|INFO [NrtData_IdnCallback_VEICHI,267]: 0x2002: 66h is 0, 1  
20260812-191047:242560344 Macro|INFO [ReadCanAll,557]: hard pos_tracking_err axis 4 = 50000   
20260812-191047:242592456 Macro|INFO [ReadCanAll,558]: hard spd_tracking_err axis 4 = 10   
20260812-191047:242616336 Macro|INFO [ReadCanAll,559]: vel_integal_lim axis 4 = 80000 
20260812-191047:242640304 Macro|INFO [ReadCanAll,560]: stall current axis 4 = 1100   
20260812-191047:242662344 Macro|INFO [ReadCanAll,561]: stall speed axis 4 = 10   
20260812-191047:242682696 Macro|INFO [ReadCanAll,562]: stall time axis 4 = 500   
20260812-191047:242703304 Macro|INFO [ReadCanAll,564]: soft pos_tracking_err axis 4 = 5242944   
20260812-191047:242728176 Macro|INFO [ReadCanAll,565]: soft spd_tracking_err axis 4 = 10 
20260812-191047:242748184 Macro|INFO [ReadCanAll,566]: soft stall current axis 4 = 900   
20260812-191047:242769488 Macro|INFO [ReadCanAll,567]: soft stall speed axis 4 = 50   
20260812-191047:242789856 Macro|INFO [ReadCanAll,568]: soft stall time axis 4 = 250   
20260812-191047:246594344 EC_IDN|ERROR [NrtData_IdnRead,479]: The IDN data only support ZERO ERROR module! 
20260812-191047:246625648 Macro|INFO [ReadCanAll,420]: read velocity integral limit error -1502, will set default value is 80000.  
20260812-191047:258647432 EC_IDN|INFO [NrtData_IdnCallback_VEICHI,256]: 0x2002: 65h is 10000, 1  
20260812-191047:258861688 EC_IDN|INFO [NrtData_IdnCallback_VEICHI,267]: 0x2002: 66h is 0, 1  
20260812-191047:268581416 Macro|INFO [ReadCanAll,557]: hard pos_tracking_err axis 5 = 50000 
20260812-191047:268613328 Macro|INFO [ReadCanAll,558]: hard spd_tracking_err axis 5 = 10   
20260812-191047:268636376 Macro|INFO [ReadCanAll,559]: vel_integal_lim axis 5 = 80000   
20260812-191047:268659936 Macro|INFO [ReadCanAll,560]: stall current axis 5 = 1100   
20260812-191047:268682048 Macro|INFO [ReadCanAll,561]: stall speed axis 5 = 10   
20260812-191047:268703776 Macro|INFO [ReadCanAll,562]: stall time axis 5 = 500 
20260812-191047:268725504 Macro|INFO [ReadCanAll,564]: soft pos_tracking_err axis 5 = 5242944   
20260812-191047:268749544 Macro|INFO [ReadCanAll,565]: soft spd_tracking_err axis 5 = 10   
20260812-191047:268769976 Macro|INFO [ReadCanAll,566]: soft stall current axis 5 = 900   
20260812-191047:268791152 Macro|INFO [ReadCanAll,567]: soft stall speed axis 5 = 50   
20260812-191047:268812736 Macro|INFO [ReadCanAll,568]: soft stall time axis 5 = 250 
20260812-191047:272605232 EC_IDN|ERROR [NrtData_IdnRead,479]: The IDN data only support ZERO ERROR module!  
20260812-191047:272635664 Macro|INFO [ReadCanAll,420]: read velocity integral limit error -1502, will set default value is 80000.  
20260812-191047:284679712 EC_IDN|INFO [NrtData_IdnCallback_VEICHI,256]: 0x2002: 65h is 10000, 1  
20260812-191047:285645168 EC_IDN|INFO [NrtData_IdnCallback_VEICHI,267]: 0x2002: 66h is 0, 1 
20260812-191047:294587328 Macro|INFO [ReadCanAll,557]: hard pos_tracking_err axis 6 = 50000   
20260812-191047:294619744 Macro|INFO [ReadCanAll,558]: hard spd_tracking_err axis 6 = 10   
20260812-191047:294643128 Macro|INFO [ReadCanAll,559]: vel_integal_lim axis 6 = 80000   
20260812-191047:294667744 Macro|INFO [ReadCanAll,560]: stall current axis 6 = 1100   
20260812-191047:294689712 Macro|INFO [ReadCanAll,561]: stall speed axis 6 = 10 
20260812-191047:294711776 Macro|INFO [ReadCanAll,562]: stall time axis 6 = 500   
20260812-191047:294733216 Macro|INFO [ReadCanAll,564]: soft pos_tracking_err axis 6 = 5242944   
20260812-191047:294758256 Macro|INFO [ReadCanAll,565]: soft spd_tracking_err axis 6 = 10   
20260812-191047:294778936 Macro|INFO [ReadCanAll,566]: soft stall current axis 6 = 900   
20260812-191047:294800736 Macro|INFO [ReadCanAll,567]: soft stall speed axis 6 = 50 
20260812-191047:294821424 Macro|INFO [ReadCanAll,568]: soft stall time axis 6 = 250   
20260812-191047:298591832 EC_IDN|ERROR [NrtData_IdnRead,479]: The IDN data only support ZERO ERROR module!  
20260812-191047:298622864 Macro|INFO [ReadCanAll,420]: read velocity integral limit error -1502, will set default value is 80000.  
20260812-191047:311639256 EC_IDN|INFO [NrtData_IdnCallback_VEICHI,256]: 0x2002: 65h is 10000, 1 
20260812-191047:312655096 EC_IDN|INFO [NrtData_IdnCallback_VEICHI,267]: 0x2002: 66h is 0, 1  
20260812-191047:321560536 Macro|INFO [ReadCanAll,557]: hard pos_tracking_err axis 7 = 50000   
20260812-191047:321592768 Macro|INFO [ReadCanAll,558]: hard spd_tracking_err axis 7 = 10   
20260812-191047:321615944 Macro|INFO [ReadCanAll,559]: vel_integal_lim axis 7 = 80000 
20260812-191047:321640584 Macro|INFO [ReadCanAll,560]: stall current axis 7 = 1100   
20260812-191047:321663424 Macro|INFO [ReadCanAll,561]: stall speed axis 7 = 10   
20260812-191047:321684408 Macro|INFO [ReadCanAll,562]: stall time axis 7 = 500   
20260812-191047:321705712 Macro|INFO [ReadCanAll,564]: soft pos_tracking_err axis 7 = 5242944   
20260812-191047:321730992 Macro|INFO [ReadCanAll,565]: soft spd_tracking_err axis 7 = 10 
20260812-191047:321751848 Macro|INFO [ReadCanAll,566]: soft stall current axis 7 = 900   
20260812-191047:321773408 Macro|INFO [ReadCanAll,567]: soft stall speed axis 7 = 50   
20260812-191047:321794192 Macro|INFO [ReadCanAll,568]: soft stall time axis 7 = 250   
20260812-191047:835627416 CP-IP|INFO [IPCommission_LoadEthernetInfo,1105]: Load nvram net mapping table successful. crc = 0xa37c 
20260812-191047:835676552 CP-IP|INFO [IPCommission_UpdateSysConfig,1317]: Node 0 load IP from nvram， port0 ip:192.168.10.120, port1 ip: 192.168.10.100  
20260812-191047:835711688 CP-IP|INFO [IPCommission_SetRobotName,1453]: Write nvram's robot name to IDN: Robot1  
20260812-191047:943643424 CP-IP|INFO [IPCommission_SetEthernetInfo,826]: use nvram value to re-update RTEMS(port1) gateway = 192.168.10.254 
20260812-191047:943678512 LogicAddr|INFO [LgAddr_GetHardwareType,1173]: hardware type is Comm-E  
20260812-191047:943732408 CP-IP|INFO [IPCommission_SetIP,377]: use nvram value to re-update Linux(port0) gateway = 192.168.10.254  
20260812-191048:048906496 ctrlinfo|INFO [ctrlinfo_idn_handler,151]: Comm System version QRTOS_V2.4.697141004; FPGA_V1.10.9; COMM_CFG_V2.5.0.0
20260812-191048:224631664 CP-IP|INFO [IPCommission_SetIP,386]: use nvram value to set remote linux ip successful, node = 1 IP0 = 192.168.10.120  
20260812-191048:224681736 LogicAddr|INFO [LgAddr_GetHardwareType,1173]: hardware type is Comm-E  
20260812-191048:273473184 LogicAddr|INFO [LgAddr_GetHardwareType,1173]: hardware type is Comm-E  
20260812-191048:273517624 LogicAddr|INFO [LgAddr_GetHardwareType,1173]: hardware type is Comm-E 
20260812-191048:294461088 LogicAddr|INFO [LgAddr_GetLinuxIp,1242]: Get Linux IP success = 192.168.10.120, 0x780aa8c0  
20260812-191048:294517152 LogicAddr|INFO [LgAddr_GetHardwareType,1173]: hardware type is Comm-E  
20260812-191048:294556088 LogicAddr|INFO [LgAddr_GetHardwareType,1173]: hardware type is Comm-E  
20260812-191048:304548472 Upgrade|INFO [SystemUpgrade_flag_control,1389]: magic 5343 boot 0 start_up 0 upgrade 0 auto_update_flag 0
20260812-191048:306646976 LogicAddr|INFO [LgAddr_Config,333]: LgAddr Update port 1 bd addr 192.168.10.255  
20260812-191048:306689944 LogicAddr|INFO [LgAddr_GetHardwareType,1173]: hardware type is Comm-E  
20260812-191048:306721144 CP-IP|INFO [IPCommission_SetIP,390]: use nvram value to set local rtems ip, node = 1, IP1 = 192.168.10.100  
20260812-191048:306753808 LogicAddr|INFO [LgAddr_GetHardwareType,1173]: hardware type is Comm-E 
20260812-191048:306787664 LogicAddr|INFO [LgAddr_GetHardwareType,1173]: hardware type is Comm-E  
20260812-191048:306813032 CP-IP|INFO [IPCommission_SetIP,397]: use nvram value to set local rtems ip successful,node = 1, and change broadcast addr to 192.168.10.255  
20260812-191048:306846608 LogicAddr|INFO [LgAddr_GetHardwareType,1173]: hardware type is Comm-E 
20260812-191048:559654352 CP-IP|INFO [IPCommission_SetIP,401]: use nvram value to set local rtems gateway successful, node = 1 gateway = 192.168.10.254  
20260812-191048:559688712 CP-IP|INFO [IPCommission_SetIPResult,514]: Set node1 IP result=2  
20260812-191048:559713728 CP-IP|INFO [IPCommission_SaveCommandDistribute,568]: Start to save local network mapping table 
20260812-191048:559743672 LogicAddr|INFO [LgAddr_GetHardwareType,1173]: hardware type is Comm-E  
20260812-191048:559780976 LogicAddr|INFO [LgAddr_GetHardwareType,1173]: hardware type is Comm-E  
20260812-191048:639614128 LogicAddr|INFO [LgAddr_GetLinuxIp,1242]: Get Linux IP success = 192.168.10.120, 0x780aa8c0  
20260812-191048:639677728 LogicAddr|INFO [LgAddr_GetHardwareType,1173]: hardware type is Comm-E 
20260812-191048:639719312 LogicAddr|INFO [LgAddr_GetHardwareType,1173]: hardware type is Comm-E  
20260812-191048:639762968 CP-IP|INFO [IPCommission_SaveEthernetInfo,980]:  mac0 = B4:A2:EB:00:A3:90, mac1 = B4:A2:EB:00:A3:91  
20260812-191049:518031192 CP-IP|INFO [IPCommission_SaveEthernetInfo,1039]:  Save Ethernet info success write crc=0xa37c
20260812-191049:518067048 CP-IP|INFO [IPCommission_SetIPResult,538]: save all node network mapping table successful  
20260812-191049:518092952 CP-IP|INFO [IPCommission_UpdateSysConfig,1367]: Re-config mac ip result = 0x2  
20260812-191049:553609696 CP-IP|INFO [IPCommission_FunctionInit,1168]:  Load & distribute net mapping table success.  
20260812-191049:553640424 LogicAddr|INFO [LgAddr_GetHardwareType,1173]: hardware type is Comm-E 
20260812-191049:553680312 LogicAddr|INFO [LgAddr_GetHardwareType,1173]: hardware type is Comm-E  
20260812-191049:633047264 LogicAddr|INFO [LgAddr_GetLinuxIp,1242]: Get Linux IP success = 192.168.10.120, 0x780aa8c0  
20260812-191049:633107824 LogicAddr|INFO [LgAddr_GetHardwareType,1173]: hardware type is Comm-E  
20260812-191049:668653384 LogicAddr|INFO [LgAddr_GetHardwareType,1173]: hardware type is Comm-E 
20260812-191049:668695712 MCLink|INFO [mclink_set_system_status,171]: ----------------------system enter status 4 ------------------------ 
20260812-191049:703599832 APPMAIN|INFO [app_main,262]: Robot calibration is [0, 0, 0, 0, 0, 0] 
20260812-191049:914640416 MCLink|INFO [mclink_set_system_status,171]: ----------------------system enter status 5 ------------------------
20260812-191049:949604096 PMAIN|INFO [rest_task_entry,179]: HalGetkeyState is 1   
20260812-191049:949642072 ConfigFile|WARN [ConfigFile_CompareFilename,5098]: illegal Controller file name:Controller  
20260812-191049:949667408 ConfigFile|FATAL [ConfigFile_CheckNodeConsistency,5205]: On node1 config files name conflict: Controller , Robot1 file, Calibration, Commission 
20260812-191049:949696912 CTL_RES|INFO [controller_resource_efuse_prepare,201]: efuse enable=0 silicon ver=3 
20260812-191050:805095288 PMAIN|INFO [rest_task_entry,195]: rtems system initial ready  
20260812-191050:805526416 RobotVDStateMag|INFO [RobotVDStateManagerhandler,79]:  finish Subroutine init  
20260812-191050:805552432 RobotVDStateMag|INFO [RobotVDStateManagerhandler,81]:  Subroutine InitFinish event 
20260812-191050:805586296 RobotVDSM|INFO [ST_RobotVDInitializedState,1419]: robot vd: initialized state  
20260812-191050:806643288 RobotExcepMonitor|ERROR [KeyStateDistribute,1010]: switch from auto to auto   
20260812-191050:807491688 RobotVDStateMag|INFO [RobotVDStateManagerhandler,112]:  finish VD initialization  
20260812-191050:807522328 RobotVDStateMag|INFO [RobotVDStateManagerhandler,114]:  robotVD Init Finished event 
20260812-191050:807553744 RobotVDSM|INFO [ST_RobotVDPowerOffState,1441]: robot vd: power off state  
20260812-191052:122083992 ConfigFile|WARN [ConfigFile_ParseIDNArraySize,5466]: Shell IDN module 242.50 array_module 242.0 read error = -1502  
20260812-191052:158822608 ConfigFile|WARN [ConfigFile_ParseIDNArraySize,5466]: Shell IDN module 242.51 array_module 242.0 read error = -1502
20260812-191052:158876768 ConfigFile|WARN [ConfigFile_ParseIDNArraySize,5466]: Shell IDN module 242.52 array_module 242.0 read error = -1502  
20260812-191052:158924336 ConfigFile|WARN [ConfigFile_ParseIDNArraySize,5466]: Shell IDN module 242.53 array_module 242.0 read error = -1502  
20260812-191052:158969728 ConfigFile|WARN [ConfigFile_ParseIDNArraySize,5466]: Shell IDN module 242.54 array_module 242.0 read error = -1502
20260812-191052:159014656 ConfigFile|WARN [ConfigFile_ParseIDNArraySize,5466]: Shell IDN module 242.55 array_module 242.0 read error = -1502  
20260812-191052:193849368 ConfigFile|WARN [ConfigFile_ParseIDNArraySize,5466]: Shell IDN module 242.56 array_module 242.0 read error = -1502  
20260812-191052:193904656 ConfigFile|WARN [ConfigFile_ParseIDNArraySize,5466]: Shell IDN module 242.57 array_module 242.0 read error = -1502
20260812-191052:193952472 ConfigFile|WARN [ConfigFile_ParseIDNArraySize,5466]: Shell IDN module 242.58 array_module 242.0 read error = -1502  
20260812-191052:193997864 ConfigFile|WARN [ConfigFile_ParseIDNArraySize,5466]: Shell IDN module 242.59 array_module 242.0 read error = -1502  
20260812-191052:194043208 ConfigFile|WARN [ConfigFile_ParseIDNArraySize,5466]: Shell IDN module 242.60 array_module 242.0 read error = -1502
20260812-191052:230863464 ConfigFile|WARN [ConfigFile_ParseIDNArraySize,5466]: Shell IDN module 242.61 array_module 242.0 read error = -1502  
20260812-191052:230917832 ConfigFile|WARN [ConfigFile_ParseIDNArraySize,5466]: Shell IDN module 242.62 array_module 242.0 read error = -1502  
20260812-191052:230963704 ConfigFile|WARN [ConfigFile_ParseIDNArraySize,5466]: Shell IDN module 242.63 array_module 242.0 read error = -1502
20260812-191052:266894944 ctrlinfo|INFO [ctrlinfo_idn_handler,179]: node_num 0 gCtlSys.NodesOfController 9 
20260812-191053:038882648 ConfigFile|INFO [ConfigFile_CheckAndReportModelInfoInvalid,5301]: g_model_errcode 0
20260812-191107:247012352 MCLink|INFO [block_task_bind,123]: bind robot0 to bind_chl0
20260812-191107:376713528 MacroSys|INFO [system_abort,109]: RTEMS-------------system_abort--------------------- 
20260812-191107:376755928 MacroSys|INFO [system_abort,138]: send motion abort cmd event 
20260812-191107:376821376 MacroSys|INFO [system_abort,246]: Macro system abort exit. 
20260812-191107:377403328 BackToPath|INFO [BackToPathRecordCMDPose,394]: need_back_to_path_flag is 0, current joint cmd is [0.000000, 0.000000, 0.000000, 0.000000, 0.000000, 0.000000]  
20260812-191107:377440856 RapidStop|INFO [CfgRobotRapidStop,674]: rapid stop joint  
20260812-191107:378728016 RCTASKS|INFO [RobotWaitRapidStopFinishTask,405]: get rapid stop finished semaphore 
20260812-191107:379041424 MCLink|INFO [block_task_unbind,170]: unbind robot0 from bind_chl0
20260812-191107:535802896 MCLink|INFO [block_task_bind,123]: bind robot0 to bind_chl0
20260812-191107:607780336 MacroRobot|INFO [robot_setframe,847]: RTEMS-----robot_setframe start---------- 
20260812-191107:607818864 MacroRobot|INFO [robot_setframe,891]: repeat set frame  
20260812-191107:607842432 MacroRobot|INFO [robot_setframe,900]: RTEMS----------robot_setframe end------------
20260812-191107:663562336 MacroSys|INFO [system_abort,109]: RTEMS-------------system_abort---------------------
20260812-191107:665828176 MCLink|INFO [block_task_unbind,170]: unbind robot0 from bind_chl0
20260812-191107:878698656 MacroRobot|INFO [robot_axisnum,587]: RTEMS------------------------robot_axisnum---------------------  
20260812-191107:878734288 MacroRobot|INFO [robot_axisnum,598]: ROBOT AXIS NUM: robot = 0,axisnum =7
20260812-191108:037019624 MCLink|INFO [block_task_bind,123]: bind robot0 to bind_chl0
20260812-191108:188789272 MacroRobot|INFO [robot_setframe,847]: RTEMS-----robot_setframe start---------- 
20260812-191108:188826896 MacroRobot|INFO [robot_setframe,891]: repeat set frame  
20260812-191108:188849592 MacroRobot|INFO [robot_setframe,900]: RTEMS----------robot_setframe end------------
20260812-191109:193891656 MacroJog|INFO [robot_jog_modeset,215]: RTEMS----------robot_jog_mode set start------------
20260812-191109:203501944 MacroJog|ERROR [robot_jog_modeset,252]: Switch jog mode failed! 
20260812-191109:205544256 MacroSys|INFO [system_stop,265]: RTEMS------------system_stop--------------------- 
20260812-191109:205577816 MacroSys|INFO [system_stop,347]: Recive stop status is 3 
20260812-191109:229762256 MacroSys|INFO [system_abort,109]: RTEMS-------------system_abort---------------------
20260812-191109:231522568 MCLink|INFO [block_task_unbind,170]: unbind robot0 from bind_chl0
20260812-191109:431022032 MCLink|INFO [block_task_bind,123]: bind robot0 to bind_chl0
20260812-191109:580740656 MacroRobot|INFO [robot_spd_set,617]: RTEMS------------------------robot_speed_set --------------------- 
20260812-191109:580778088 MacroRobot|INFO [robot_spd_set,640]: robot 0 speed_set end,speed=100.000000 
20260812-191109:956706216 MacroRobot|INFO [robot_spd_set,617]: RTEMS------------------------robot_speed_set --------------------- 
20260812-191109:956744816 MacroRobot|INFO [robot_spd_set,640]: robot 0 speed_set end,speed=100.000000 
20260812-191110:046874544 LogicAddr|INFO [LgAddr_GetHardwareType,1173]: hardware type is Comm-E  
20260812-191110:046921168 LogicAddr|INFO [LgAddr_GetHardwareType,1173]: hardware type is Comm-E 
20260812-191110:052620024 LogicAddr|INFO [LgAddr_GetLinuxIp,1242]: Get Linux IP success = 192.168.10.120, 0x780aa8c0  
20260812-191110:052675024 LogicAddr|INFO [LgAddr_GetHardwareType,1173]: hardware type is Comm-E  
20260812-191110:052713592 LogicAddr|INFO [LgAddr_GetHardwareType,1173]: hardware type is Comm-E 
20260812-191144:350095624 RobotExcepMonitor|ERROR [EstopMonitor,826]: Repeat press e_stop key when in the CANOpen module restarting!  
20260812-191144:350133152 RobotExcepMonitor|INFO [EstopDistribute,592]: estop press  
20260812-191144:350194208 SysExcep|INFO [SystemExceptionCaptureTask,83]: state = 1, error id = -5029,error_level = 3, VD_type = 0 
20260812-191144:350222208 SysExcep|INFO [SystemExceptionCaptureTask,86]: VD_index = [0,0,-1], Severity = 1  
20260812-191144:350253784 RobotExcepMsgCapture|INFO [RobotExceptionCaptureTask,193]: state = 1, error code = -5029,error_level = 3, VD_type = 0  
20260812-191144:350278864 RobotExcepMsgCapture|INFO [RobotExceptionCaptureTask,198]: VD_index = [0,0,-1],Severity = 1 
20260812-191144:350491032 EtherCAT|INFO [CoESrv_StateCommand,968]: StateCommand[0][0] set cmd is 5.  
20260812-191144:350518504 EtherCAT|INFO [CoESrv_StateCommand,968]: StateCommand[0][1] set cmd is 5.  
20260812-191144:350540464 EtherCAT|INFO [CoESrv_StateCommand,968]: StateCommand[0][2] set cmd is 5.  
20260812-191144:350561312 EtherCAT|INFO [CoESrv_StateCommand,968]: StateCommand[0][3] set cmd is 5. 
20260812-191144:350582112 EtherCAT|INFO [CoESrv_StateCommand,968]: StateCommand[0][4] set cmd is 5.  
20260812-191144:350602512 EtherCAT|INFO [CoESrv_StateCommand,968]: StateCommand[0][5] set cmd is 5.  
20260812-191144:351011928 EtherCAT|INFO [CoESrv_StateCommand,968]: StateCommand[0][6] set cmd is 5.  
20260812-191144:351037304 RobotExcepMonitor|ERROR [EstopDistribute,689]: shutdown 48V 
20260812-191144:351096552 EtherCAT|INFO [IO_PwrEnOutput,498]: [CoE_IoTask     ] pwr_en : [0, 80 is 2, 5c is 4]  
20260812-191144:351120752 EtherCAT|INFO [IO_PwrEnOutput,503]: [CoE_IoTask     ] pwr_en : [0, 80 is 0, 5c is 4]  
20260812-191144:351144752 RobotExcepMonitor|ERROR [EstopDistribute,694]: MCLINK : MCLINK_STATUS_FUNCTION 
20260812-191144:351165904 MCLink|INFO [mclink_set_system_status,171]: ----------------------system enter status 1 ------------------------ 
20260812-191144:354004088 MacroSys|INFO [system_stop,265]: RTEMS------------system_stop--------------------- 
20260812-191144:354035376 MacroChkSts|ERROR [CheckGeneralStatus,28]: macro rtems not ready!  
20260812-191144:354295664 MacroSys|ERROR [system_stop,274]: system stop check status failed 
20260812-191145:990618344 EtherCAT|ERROR [EcatStack_PDOReceive,355]: ActualWKC is 15, expectedWKC is 21, SlaveLostTimes is 1.
20260812-191145:991620352 EtherCAT|ERROR [EcatStack_PDOReceive,355]: ActualWKC is 15, expectedWKC is 21, SlaveLostTimes is 2. 
20260812-191145:992618104 EtherCAT|ERROR [EcatStack_PDOReceive,355]: ActualWKC is 15, expectedWKC is 21, SlaveLostTimes is 3. 
20260812-191145:993617848 EtherCAT|ERROR [EcatStack_PDOReceive,355]: ActualWKC is 3, expectedWKC is 21, SlaveLostTimes is 4.
20260812-191145:993647272 EtherCAT|ERROR [EcatStack_PDOReceive,362]: EcatStack.IsCommFault = 1, actualWKC is 3,  expectedWKC is 21. 
20260812-191145:994269576 RobotExcepMonitor|ERROR [EthercatCommErrDistribute,2262]: ethercat comm error send message to system !   
20260812-191145:994310816 SysExcep|INFO [SystemExceptionCaptureTask,83]: state = 2, error id = -5030,error_level = 4, VD_type = 0 
20260812-191145:994338512 SysExcep|INFO [SystemExceptionCaptureTask,86]: VD_index = [0,0,-1], Severity = 1  
20260812-191145:994370128 RobotExcepMsgCapture|INFO [RobotExceptionCaptureTask,193]: state = 2, error code = -5030,error_level = 4, VD_type = 0  
20260812-191145:994396672 RobotExcepMsgCapture|INFO [RobotExceptionCaptureTask,198]: VD_index = [0,0,-1],Severity = 1 
20260812-191145:994502952 EtherCAT|ERROR [EcatExc_ExceptionDistribute,172]: EtherCAT error slave is 5, flag is 1, excpt_id is -9200, excpt_level is 3, err_code is 3.  
20260812-191145:994536864 EtherCAT|ERROR [ecatcheck,551]: [EtherCATModule ] EtherCAT Exception Report:slave 5 lost occur. actual wkc is 3, except wkc is 21, state is 1  
20260812-191145:994610544 EtherCAT|ERROR [EcatStack_PDOReceive,334]: CommInterruptTimes is 1, print count is 1.
20260812-191145:994867176 BackToPath|INFO [BackToPathRecordCMDPose,394]: need_back_to_path_flag is 0, current joint cmd is [0.000000, 0.000000, 0.000000, 0.000000, 0.000000, 0.000000]  
20260812-191145:994903872 RapidStop|INFO [CfgRobotRapidStop,674]: rapid stop joint  
20260812-191145:995610816 EtherCAT|ERROR [EcatStack_PDOReceive,334]: CommInterruptTimes is 2, print count is 2.
20260812-191145:995966696 RCTASKS|INFO [RobotWaitRapidStopFinishTask,405]: get rapid stop finished semaphore  
20260812-191145:996609072 EtherCAT|ERROR [EcatStack_PDOReceive,334]: CommInterruptTimes is 3, print count is 3. 
20260812-191145:997607368 EtherCAT|ERROR [EcatStack_PDOReceive,334]: CommInterruptTimes is 4, print count is 4. 
20260812-191145:998606192 EtherCAT|ERROR [EcatStack_PDOReceive,334]: CommInterruptTimes is 5, print count is 5.
20260812-191145:999609568 EtherCAT|ERROR [EcatStack_PDOReceive,334]: CommInterruptTimes is 6, print count is 6. 
20260812-191145:999637928 EtherCAT|ERROR [EcatStack_PDOReceive,341]: EcatStack.IsCommFault = 1. print count is 6  
20260812-191146:000606144 EtherCAT|ERROR [EcatStack_PDOReceive,334]: CommInterruptTimes is 7, print count is 7. 
20260812-191146:000630136 EtherCAT|ERROR [EcatStack_PDOReceive,341]: EcatStack.IsCommFault = 1. print count is 7 
20260812-191146:001607336 EtherCAT|ERROR [EcatStack_PDOReceive,334]: CommInterruptTimes is 7, print count is 8. 
20260812-191146:001632368 EtherCAT|ERROR [EcatStack_PDOReceive,341]: EcatStack.IsCommFault = 1. print count is 7  
20260812-191146:002606152 EtherCAT|ERROR [EcatStack_PDOReceive,334]: CommInterruptTimes is 7, print count is 9. 
20260812-191146:002631432 EtherCAT|ERROR [EcatStack_PDOReceive,341]: EcatStack.IsCommFault = 1. print count is 7 
20260812-191146:003133032 EtherCAT|ERROR [EcatExc_ExceptionDistribute,172]: EtherCAT error slave is 6, flag is 1, excpt_id is -9200, excpt_level is 3, err_code is 3.  
20260812-191146:003164816 EtherCAT|ERROR [ecatcheck,551]: [EtherCATModule ] EtherCAT Exception Report:slave 6 lost occur. actual wkc is -1, except wkc is 21, state is 1  
20260812-191146:003601824 EtherCAT|ERROR [EcatStack_PDOReceive,334]: CommInterruptTimes is 7, print count is 10.
20260812-191146:003625136 EtherCAT|ERROR [EcatStack_PDOReceive,341]: EcatStack.IsCommFault = 1. print count is 7  
20260812-191146:004602216 EtherCAT|ERROR [EcatStack_PDOReceive,334]: CommInterruptTimes is 7, print count is 11. 
20260812-191146:004627688 EtherCAT|ERROR [EcatStack_PDOReceive,341]: EcatStack.IsCommFault = 1. print count is 7 
20260812-191146:005599488 EtherCAT|ERROR [EcatStack_PDOReceive,334]: CommInterruptTimes is 7, print count is 12. 
20260812-191146:005624648 EtherCAT|ERROR [EcatStack_PDOReceive,341]: EcatStack.IsCommFault = 1. print count is 7  
20260812-191146:006599256 EtherCAT|ERROR [EcatStack_PDOReceive,334]: CommInterruptTimes is 7, print count is 13.
20260812-191146:006624864 EtherCAT|ERROR [EcatStack_PDOReceive,341]: EcatStack.IsCommFault = 1. print count is 7  
20260812-191146:007598448 EtherCAT|ERROR [EcatStack_PDOReceive,334]: CommInterruptTimes is 7, print count is 14. 
20260812-191146:007623832 EtherCAT|ERROR [EcatStack_PDOReceive,341]: EcatStack.IsCommFault = 1. print count is 7 
20260812-191146:008595424 EtherCAT|ERROR [EcatStack_PDOReceive,334]: CommInterruptTimes is 7, print count is 15. 
20260812-191146:008620192 EtherCAT|ERROR [EcatStack_PDOReceive,341]: EcatStack.IsCommFault = 1. print count is 7  
20260812-191146:009594072 EtherCAT|ERROR [EcatStack_PDOReceive,334]: CommInterruptTimes is 7, print count is 16.
20260812-191146:009622264 EtherCAT|ERROR [EcatStack_PDOReceive,341]: EcatStack.IsCommFault = 1. print count is 7  
20260812-191146:010592392 EtherCAT|ERROR [EcatStack_PDOReceive,334]: CommInterruptTimes is 7, print count is 17. 
20260812-191146:010618424 EtherCAT|ERROR [EcatStack_PDOReceive,341]: EcatStack.IsCommFault = 1. print count is 7 
20260812-191146:011590232 EtherCAT|ERROR [EcatStack_PDOReceive,334]: CommInterruptTimes is 7, print count is 18. 
20260812-191146:011616616 EtherCAT|ERROR [EcatStack_PDOReceive,341]: EcatStack.IsCommFault = 1. print count is 7  
20260812-191146:012593304 EtherCAT|ERROR [EcatStack_PDOReceive,334]: CommInterruptTimes is 7, print count is 19.
20260812-191146:012619928 EtherCAT|ERROR [EcatStack_PDOReceive,341]: EcatStack.IsCommFault = 1. print count is 7  
20260812-191146:029134768 EtherCAT|ERROR [EcatExc_ExceptionDistribute,172]: EtherCAT error slave is 0, flag is 1, excpt_id is -9200, excpt_level is 3, err_code is 3.  
20260812-191146:029171056 EtherCAT|ERROR [ecatcheck,551]: [EtherCATModule ] EtherCAT Exception Report:slave 0 lost occur. actual wkc is -1, except wkc is 21, state is 1 
20260812-191146:044150328 EtherCAT|ERROR [EcatExc_ExceptionDistribute,172]: EtherCAT error slave is 1, flag is 1, excpt_id is -9200, excpt_level is 3, err_code is 3.  
20260812-191146:044184936 EtherCAT|ERROR [ecatcheck,551]: [EtherCATModule ] EtherCAT Exception Report:slave 1 lost occur. actual wkc is -1, except wkc is 21, state is 1 
20260812-191146:057136328 EtherCAT|ERROR [EcatExc_ExceptionDistribute,172]: EtherCAT error slave is 2, flag is 1, excpt_id is -9200, excpt_level is 3, err_code is 3.  
20260812-191146:057171544 EtherCAT|ERROR [ecatcheck,551]: [EtherCATModule ] EtherCAT Exception Report:slave 2 lost occur. actual wkc is -1, except wkc is 21, state is 1 
20260812-191146:071136696 EtherCAT|ERROR [EcatExc_ExceptionDistribute,172]: EtherCAT error slave is 3, flag is 1, excpt_id is -9200, excpt_level is 3, err_code is 3.  
20260812-191146:071174248 EtherCAT|ERROR [ecatcheck,551]: [EtherCATModule ] EtherCAT Exception Report:slave 3 lost occur. actual wkc is -1, except wkc is 21, state is 1 
20260812-191146:084137312 EtherCAT|ERROR [EcatExc_ExceptionDistribute,172]: EtherCAT error slave is 4, flag is 1, excpt_id is -9200, excpt_level is 3, err_code is 3.  
20260812-191146:084171496 EtherCAT|ERROR [ecatcheck,551]: [EtherCATModule ] EtherCAT Exception Report:slave 4 lost occur. actual wkc is -1, except wkc is 21, state is 1 
20260812-191146:494084744 EtherCAT|ERROR [EcatStack_GetEtherCATErr,775]: [EtherCATModule ] EtherCAT slave : 0 id :-9200 flag : 1, type is 3   
20260812-191146:494122984 EtherCAT|ERROR [CoESrv_GetErrReport,1252]: [CANopenProtocol] EtherCAT real slave : 1 map to robot : 0 axis : 0 id : -9200 flag : 1, type: 3   
20260812-191146:494157616 EtherCAT|ERROR [EcatStack_GetEtherCATErr,775]: [EtherCATModule ] EtherCAT slave : 1 id :-9200 flag : 1, type is 3 
20260812-191146:494184368 EtherCAT|ERROR [CoESrv_GetErrReport,1252]: [CANopenProtocol] EtherCAT real slave : 2 map to robot : 0 axis : 1 id : -9200 flag : 1, type: 3   
20260812-191146:494212072 EtherCAT|ERROR [EcatStack_GetEtherCATErr,775]: [EtherCATModule ] EtherCAT slave : 2 id :-9200 flag : 1, type is 3 
20260812-191146:494237136 EtherCAT|ERROR [CoESrv_GetErrReport,1252]: [CANopenProtocol] EtherCAT real slave : 3 map to robot : 0 axis : 2 id : -9200 flag : 1, type: 3   
20260812-191146:494263168 EtherCAT|ERROR [EcatStack_GetEtherCATErr,775]: [EtherCATModule ] EtherCAT slave : 3 id :-9200 flag : 1, type is 3 
20260812-191146:494289016 EtherCAT|ERROR [CoESrv_GetErrReport,1252]: [CANopenProtocol] EtherCAT real slave : 4 map to robot : 0 axis : 3 id : -9200 flag : 1, type: 3   
20260812-191146:494315512 EtherCAT|ERROR [EcatStack_GetEtherCATErr,775]: [EtherCATModule ] EtherCAT slave : 4 id :-9200 flag : 1, type is 3 
20260812-191146:494339952 EtherCAT|ERROR [CoESrv_GetErrReport,1252]: [CANopenProtocol] EtherCAT real slave : 5 map to robot : 0 axis : 4 id : -9200 flag : 1, type: 3   
20260812-191146:494365792 EtherCAT|ERROR [EcatStack_GetEtherCATErr,775]: [EtherCATModule ] EtherCAT slave : 5 id :-9200 flag : 1, type is 3 
20260812-191146:494390744 EtherCAT|ERROR [CoESrv_GetErrReport,1252]: [CANopenProtocol] EtherCAT real slave : 6 map to robot : 0 axis : 5 id : -9200 flag : 1, type: 3   
20260812-191146:494416816 EtherCAT|ERROR [EcatStack_GetEtherCATErr,775]: [EtherCATModule ] EtherCAT slave : 6 id :-9200 flag : 1, type is 3 
20260812-191146:494441912 EtherCAT|ERROR [CoESrv_GetErrReport,1252]: [CANopenProtocol] EtherCAT real slave : 7 map to robot : 0 axis : 6 id : -9200 flag : 1, type: 3   
20260812-191146:494498712 SysExcep|INFO [SystemExceptionCaptureTask,83]: state = 2, error id = -9200,error_level = 3, VD_type = 0  
20260812-191146:494524176 SysExcep|INFO [SystemExceptionCaptureTask,86]: VD_index = [0,0,0], Severity = 0 
20260812-191146:494552456 RobotExcepMsgCapture|INFO [RobotExceptionCaptureTask,193]: state = 2, error code = -9200,error_level = 3, VD_type = 0  
20260812-191146:494577512 RobotExcepMsgCapture|INFO [RobotExceptionCaptureTask,198]: VD_index = [0,0,0],Severity = 0  
20260812-191146:494629872 SysExcep|INFO [SystemExceptionCaptureTask,83]: state = 2, error id = -9200,error_level = 3, VD_type = 0 
20260812-191146:494656208 SysExcep|INFO [SystemExceptionCaptureTask,86]: VD_index = [0,0,1], Severity = 0  
20260812-191146:494679824 SysExcep|INFO [SystemExceptionCaptureTask,83]: state = 2, error id = -9200,error_level = 3, VD_type = 0  
20260812-191146:494703568 SysExcep|INFO [SystemExceptionCaptureTask,86]: VD_index = [0,0,2], Severity = 0 
20260812-191146:494726376 SysExcep|INFO [SystemExceptionCaptureTask,83]: state = 2, error id = -9200,error_level = 3, VD_type = 0  
20260812-191146:494749304 SysExcep|INFO [SystemExceptionCaptureTask,86]: VD_index = [0,0,3], Severity = 0  
20260812-191146:494770992 SysExcep|INFO [SystemExceptionCaptureTask,83]: state = 2, error id = -9200,error_level = 3, VD_type = 0 
20260812-191146:494795288 SysExcep|INFO [SystemExceptionCaptureTask,86]: VD_index = [0,0,4], Severity = 0  
20260812-191146:494817776 SysExcep|INFO [SystemExceptionCaptureTask,83]: state = 2, error id = -9200,error_level = 3, VD_type = 0  
20260812-191146:494840848 SysExcep|INFO [SystemExceptionCaptureTask,86]: VD_index = [0,0,5], Severity = 0 
20260812-191146:494867536 SysExcep|INFO [SystemExceptionCaptureTask,83]: state = 2, error id = -9200,error_level = 3, VD_type = 0  
20260812-191146:494891232 SysExcep|INFO [SystemExceptionCaptureTask,86]: VD_index = [0,0,6], Severity = 0  
20260812-191146:494948584 RobotExcepMsgCapture|INFO [RobotExceptionCaptureTask,193]: state = 2, error code = -9200,error_level = 3, VD_type = 0 
20260812-191146:494976464 RobotExcepMsgCapture|INFO [RobotExceptionCaptureTask,198]: VD_index = [0,0,1],Severity = 0  
20260812-191146:495029192 RobotExcepMsgCapture|INFO [RobotExceptionCaptureTask,193]: state = 2, error code = -9200,error_level = 3, VD_type = 0  
20260812-191146:495073232 RobotExcepMsgCapture|INFO [RobotExceptionCaptureTask,198]: VD_index = [0,0,2],Severity = 0 
20260812-191146:495207704 EtherCAT|ERROR [RTT_EcatEntry,174]: [CANopenRtTask  ] toff <= 0  
20260812-191146:495572968 RobotExcepMsgCapture|INFO [RobotExceptionCaptureTask,193]: state = 2, error code = -9200,error_level = 3, VD_type = 0  
20260812-191146:495603312 RobotExcepMsgCapture|INFO [RobotExceptionCaptureTask,198]: VD_index = [0,0,3],Severity = 0 
20260812-191146:495660784 RobotExcepMsgCapture|INFO [RobotExceptionCaptureTask,193]: state = 2, error code = -9200,error_level = 3, VD_type = 0  
20260812-191146:495687688 RobotExcepMsgCapture|INFO [RobotExceptionCaptureTask,198]: VD_index = [0,0,4],Severity = 0  
20260812-191146:495739208 RobotExcepMsgCapture|INFO [RobotExceptionCaptureTask,193]: state = 2, error code = -9200,error_level = 3, VD_type = 0 
20260812-191146:495765528 RobotExcepMsgCapture|INFO [RobotExceptionCaptureTask,198]: VD_index = [0,0,5],Severity = 0  
20260812-191146:495813096 RobotExcepMsgCapture|INFO [RobotExceptionCaptureTask,193]: state = 2, error code = -9200,error_level = 3, VD_type = 0  
20260812-191146:495838744 RobotExcepMsgCapture|INFO [RobotExceptionCaptureTask,198]: VD_index = [0,0,6],Severity = 0 
20260812-191149:039489032 MacroSys|INFO [system_abort,109]: RTEMS-------------system_abort--------------------- 
20260812-191149:039523896 MacroChkSts|ERROR [CheckGeneralStatus,28]: macro rtems not ready!  
20260812-191149:039547048 MacroSys|ERROR [system_abort,117]: system abort check status failed 
20260812-191202:237369184 EtherCAT|INFO [IO_PwrEnOutput,498]: [CoE_IoTask     ] pwr_en : [1, 80 is 3, 5c is 4]  
20260812-191202:237405872 EtherCAT|INFO [IO_PwrEnOutput,503]: [CoE_IoTask     ] pwr_en : [1, 80 is 3, 5c is 4]  
20260812-191202:237568696 RobotExcepMonitor|INFO [EstopDistribute,640]: estop getup  
20260812-191202:237637312 SysExcep|INFO [SystemExceptionCaptureTask,83]: state = 0, error id = -5029,error_level = 3, VD_type = 0 
20260812-191202:237663936 SysExcep|INFO [SystemExceptionCaptureTask,86]: VD_index = [0,0,-1], Severity = 1  
20260812-191202:237693168 RobotExcepMsgCapture|INFO [RobotExceptionCaptureTask,193]: state = 0, error code = -5029,error_level = 3, VD_type = 0  
20260812-191202:237718184 RobotExcepMsgCapture|INFO [RobotExceptionCaptureTask,198]: VD_index = [0,0,-1],Severity = 1 
20260812-191204:036569688 EtherCAT|INFO [CANopenModule_RestartEnable,1212]: [CANopenModule  ] receive renew flag. IO_PwrEnReadBack_1() = 3, CanopenCtrl.IsSlavePwrOn = 1.  
20260812-191204:036604576 EtherCAT|INFO [EcatCoE_ForceSetStatusToClose,2305]: Force set EtherCAT CoE service status IDLE to CLOSE. 
20260812-191204:037055944 MCLink|INFO [mclink_set_system_status,171]: ----------------------system enter status 4 ------------------------
20260812-191204:037648408 EtherCAT|INFO [CANopenModule_ThreadEntry,474]: [CANopenModule  ] Task state is RUN turn to WAITING  
20260812-191204:039058128 EtherCAT|ERROR [EcatStack_Reset,815]: EcatStack_Reset,,,,,,,,,,,,,,, 
20260812-191204:039084392 EtherCAT|INFO [CANopenModule_ThreadEntry,184]: [CANopenModule  ] Task state is WAITING turn to RENEW
20260812-191204:041083872 EtherCAT|INFO [CANopenModule_ThreadEntry,494]: [CANopenModule  ] Task state is RENEW turn to RESOURCE_CFG  
20260812-191204:041113568 EtherCAT|INFO [CANopenModule_ThreadEntry,495]: [CANopenModule  ] Slave power state in renew is 1  
20260812-191204:043070344 EtherCAT|INFO [CANopenModule_ThreadEntry,286]: ec_slave name is [, VEICHI, VEICHI, VEICHI, VEICHI, VEICHI, VEICHI], ModuleName is [VEICHI]
20260812-191204:043103144 EtherCAT_IDN|ERROR [EtherCATParamIDN_Init,317]: total node is 8, 1, 1  
20260812-191204:043232728 EC_IDN|ERROR [NrtData_IdnMappingListInit,141]: ethercat_idn_number is 161   
20260812-191204:051011768 EtherCAT|INFO [CANopenModule_ThreadEntry,312]: [CANopenModule  ] Slave manufactor is VEICHI, type is 9
20260812-191204:051281096 EtherCAT|INFO [CANopenModule_MakeSlaveParam,662]: [CANopenModule  ] index=0x6040  subindex=0 bitlen=16 derect=2  
20260812-191204:051309424 EtherCAT|INFO [CANopenModule_MakeSlaveParam,662]: [CANopenModule  ] index=0x6071  subindex=0 bitlen=16 derect=2  
20260812-191204:051333728 EtherCAT|INFO [CANopenModule_MakeSlaveParam,662]: [CANopenModule  ] index=0x607a  subindex=0 bitlen=32 derect=2
20260812-191204:051356832 EtherCAT|INFO [CANopenModule_MakeSlaveParam,662]: [CANopenModule  ] index=0x60b2  subindex=0 bitlen=16 derect=2  
20260812-191204:051378304 EtherCAT|INFO [CANopenModule_MakeSlaveParam,662]: [CANopenModule  ] index=0x6060  subindex=0 bitlen=8 derect=2  
20260812-191204:051398896 EtherCAT|INFO [CANopenModule_MakeSlaveParam,662]: [CANopenModule  ] index=0x0  subindex=0 bitlen=8 derect=2
20260812-191204:051427248 EtherCAT|INFO [CANopenModule_MakeSlaveParam,679]: [CANopenModule  ] index=0x6041  subindex=0 bitlen=16 derect=1  
20260812-191204:051449088 EtherCAT|INFO [CANopenModule_MakeSlaveParam,679]: [CANopenModule  ] index=0x603f  subindex=0 bitlen=16 derect=1  
20260812-191204:051470648 EtherCAT|INFO [CANopenModule_MakeSlaveParam,679]: [CANopenModule  ] index=0x6064  subindex=0 bitlen=32 derect=1
20260812-191204:051492104 EtherCAT|INFO [CANopenModule_MakeSlaveParam,679]: [CANopenModule  ] index=0x6077  subindex=0 bitlen=16 derect=1  
20260812-191204:051514312 EtherCAT|INFO [CANopenModule_MakeSlaveParam,679]: [CANopenModule  ] index=0x6078  subindex=0 bitlen=16 derect=1  
20260812-191204:051535216 EtherCAT|INFO [CANopenModule_MakeSlaveParam,679]: [CANopenModule  ] index=0x606c  subindex=0 bitlen=32 derect=1
20260812-191204:051556968 EtherCAT|INFO [CANopenModule_MakeSlaveParam,679]: [CANopenModule  ] index=0x60f4  subindex=0 bitlen=32 derect=1  
20260812-191204:051578568 EtherCAT|INFO [CANopenModule_MakeSlaveParam,679]: [CANopenModule  ] index=0x6061  subindex=0 bitlen=8 derect=1  
20260812-191204:051599072 EtherCAT|INFO [CANopenModule_MakeSlaveParam,679]: [CANopenModule  ] index=0x0  subindex=0 bitlen=8 derect=1
20260812-191204:051628784 EtherCAT|INFO [EcatDrv_MakePDOMappingInfo,2246]: [EtherCATDriver ] index=0x6040  subindex=0 bitlen=16 derect=2  
20260812-191204:051651984 EtherCAT|INFO [EcatDrv_MakePDOMappingInfo,2246]: [EtherCATDriver ] index=0x6071  subindex=0 bitlen=16 derect=2  
20260812-191204:051673608 EtherCAT|INFO [EcatDrv_MakePDOMappingInfo,2246]: [EtherCATDriver ] index=0x607a  subindex=0 bitlen=32 derect=2
20260812-191204:051695728 EtherCAT|INFO [EcatDrv_MakePDOMappingInfo,2246]: [EtherCATDriver ] index=0x60b2  subindex=0 bitlen=16 derect=2  
20260812-191204:051717024 EtherCAT|INFO [EcatDrv_MakePDOMappingInfo,2246]: [EtherCATDriver ] index=0x6060  subindex=0 bitlen=8 derect=2  
20260812-191204:051738168 EtherCAT|INFO [EcatDrv_MakePDOMappingInfo,2246]: [EtherCATDriver ] index=0x0  subindex=0 bitlen=8 derect=2
20260812-191204:051758648 EtherCAT|INFO [EcatDrv_MakePDOMappingInfo,2246]: [EtherCATDriver ] index=0x6041  subindex=0 bitlen=16 derect=1  
20260812-191204:051779584 EtherCAT|INFO [EcatDrv_MakePDOMappingInfo,2246]: [EtherCATDriver ] index=0x603f  subindex=0 bitlen=16 derect=1  
20260812-191204:051801432 EtherCAT|INFO [EcatDrv_MakePDOMappingInfo,2246]: [EtherCATDriver ] index=0x6064  subindex=0 bitlen=32 derect=1
20260812-191204:051823696 EtherCAT|INFO [EcatDrv_MakePDOMappingInfo,2246]: [EtherCATDriver ] index=0x6077  subindex=0 bitlen=16 derect=1  
20260812-191204:051845112 EtherCAT|INFO [EcatDrv_MakePDOMappingInfo,2246]: [EtherCATDriver ] index=0x6078  subindex=0 bitlen=16 derect=1  
20260812-191204:051866472 EtherCAT|INFO [EcatDrv_MakePDOMappingInfo,2246]: [EtherCATDriver ] index=0x606c  subindex=0 bitlen=32 derect=1
20260812-191204:051888192 EtherCAT|INFO [EcatDrv_MakePDOMappingInfo,2246]: [EtherCATDriver ] index=0x60f4  subindex=0 bitlen=32 derect=1  
20260812-191204:051909904 EtherCAT|INFO [EcatDrv_MakePDOMappingInfo,2246]: [EtherCATDriver ] index=0x6061  subindex=0 bitlen=8 derect=1  
20260812-191204:051930968 EtherCAT|INFO [EcatDrv_MakePDOMappingInfo,2246]: [EtherCATDriver ] index=0x0  subindex=0 bitlen=8 derect=1
20260812-191204:051952048 EtherCAT|INFO [EcatDrv_MakePDOMappingInfo,2246]: [EtherCATDriver ] index=0x0  subindex=0 bitlen=0 derect=0  
20260812-191204:051972744 EtherCAT|INFO [EcatDrv_MakePDOMappingInfo,2246]: [EtherCATDriver ] index=0x0  subindex=0 bitlen=0 derect=0  
20260812-191204:051993592 EtherCAT|INFO [EcatDrv_MakePDOMappingInfo,2246]: [EtherCATDriver ] index=0x0  subindex=0 bitlen=0 derect=0
20260812-191204:052014432 EtherCAT|INFO [EcatDrv_MakePDOMappingInfo,2246]: [EtherCATDriver ] index=0x0  subindex=0 bitlen=0 derect=0  
20260812-191204:052039968 EtherCAT|INFO [EcatDrv_MakePDOMappingInfo,2246]: [EtherCATDriver ] index=0x0  subindex=0 bitlen=0 derect=0  
20260812-191204:052060824 EtherCAT|INFO [EcatDrv_MakePDOMappingInfo,2246]: [EtherCATDriver ] index=0x0  subindex=0 bitlen=0 derect=0
20260812-191204:052081744 EtherCAT|INFO [EcatDrv_MakePDOMappingInfo,2246]: [EtherCATDriver ] index=0x0  subindex=0 bitlen=0 derect=0  
20260812-191204:052102224 EtherCAT|INFO [EcatDrv_MakePDOMappingInfo,2246]: [EtherCATDriver ] index=0x0  subindex=0 bitlen=0 derect=0  
20260812-191204:052167424 EtherCAT|INFO [EcatDrv_MakePDOMappingInfo,2246]: [EtherCATDriver ] index=0x0  subindex=0 bitlen=0 derect=0
20260812-191204:052189656 EtherCAT|INFO [EcatDrv_MakePDOMappingInfo,2246]: [EtherCATDriver ] index=0x0  subindex=0 bitlen=0 derect=0  
20260812-191204:052211352 EtherCAT|INFO [EcatDrv_MakePDOMappingInfo,2246]: [EtherCATDriver ] index=0x0  subindex=0 bitlen=0 derect=0  
20260812-191204:052232784 EtherCAT|INFO [EcatDrv_MakePDOMappingInfo,2246]: [EtherCATDriver ] index=0x0  subindex=0 bitlen=0 derect=0
20260812-191204:052254808 EtherCAT|INFO [EcatDrv_MakePDOMappingInfo,2246]: [EtherCATDriver ] index=0x0  subindex=0 bitlen=0 derect=0  
20260812-191204:052275872 EtherCAT|INFO [EcatDrv_MakePDOMappingInfo,2246]: [EtherCATDriver ] index=0x0  subindex=0 bitlen=0 derect=0  
20260812-191204:052297072 EtherCAT|INFO [EcatDrv_MakePDOMappingInfo,2246]: [EtherCATDriver ] index=0x0  subindex=0 bitlen=0 derect=0
20260812-191204:052318712 EtherCAT|INFO [EcatDrv_MakePDOMappingInfo,2246]: [EtherCATDriver ] index=0x0  subindex=0 bitlen=0 derect=0  
20260812-191204:052339824 EtherCAT|INFO [EcatDrv_MakePDOMappingInfo,2246]: [EtherCATDriver ] index=0x0  subindex=0 bitlen=0 derect=0  
20260812-191204:052360168 EtherCAT|INFO [EcatDrv_MakePDOMappingInfo,2246]: [EtherCATDriver ] index=0x0  subindex=0 bitlen=0 derect=0
20260812-191204:052380912 EtherCAT|INFO [EcatDrv_MakePDOMappingInfo,2246]: [EtherCATDriver ] index=0x0  subindex=0 bitlen=0 derect=0  
20260812-191204:052401896 EtherCAT|INFO [EcatDrv_MakePDOMappingInfo,2246]: [EtherCATDriver ] index=0x0  subindex=0 bitlen=0 derect=0  
20260812-191204:052422848 EtherCAT|INFO [EcatDrv_MakePDOMappingInfo,2246]: [EtherCATDriver ] index=0x0  subindex=0 bitlen=0 derect=0
20260812-191204:052443352 EtherCAT|INFO [EcatDrv_MakePDOMappingInfo,2246]: [EtherCATDriver ] index=0x0  subindex=0 bitlen=0 derect=0  
20260812-191204:052464696 EtherCAT|INFO [EcatDrv_MakePDOMappingInfo,2246]: [EtherCATDriver ] index=0x0  subindex=0 bitlen=0 derect=0  
20260812-191204:052485904 EtherCAT|INFO [EcatDrv_MakePDOMappingInfo,2246]: [EtherCATDriver ] index=0x0  subindex=0 bitlen=0 derect=0
20260812-191204:052507048 EtherCAT|INFO [EcatDrv_MakePDOMappingInfo,2246]: [EtherCATDriver ] index=0x0  subindex=0 bitlen=0 derect=0  
20260812-191204:052528008 EtherCAT|INFO [EcatDrv_MakePDOMappingInfo,2246]: [EtherCATDriver ] index=0x0  subindex=0 bitlen=0 derect=0  
20260812-191204:052549648 EtherCAT|INFO [EcatDrv_MakePDOMappingInfo,2246]: [EtherCATDriver ] index=0x0  subindex=0 bitlen=0 derect=0
20260812-191204:052570528 EtherCAT|INFO [EcatDrv_MakePDOMappingInfo,2246]: [EtherCATDriver ] index=0x0  subindex=0 bitlen=0 derect=0  
20260812-191204:052591032 EtherCAT|INFO [EcatDrv_MakePDOMappingInfo,2246]: [EtherCATDriver ] index=0x0  subindex=0 bitlen=0 derect=0  
20260812-191204:052612536 EtherCAT|INFO [EcatDrv_MakePDOMappingInfo,2246]: [EtherCATDriver ] index=0x0  subindex=0 bitlen=0 derect=0
20260812-191204:052633704 EtherCAT|INFO [EcatDrv_MakePDOMappingInfo,2246]: [EtherCATDriver ] index=0x0  subindex=0 bitlen=0 derect=0  
20260812-191204:052654592 EtherCAT|INFO [EcatDrv_MakePDOMappingInfo,2246]: [EtherCATDriver ] index=0x0  subindex=0 bitlen=0 derect=0  
20260812-191204:052675432 EtherCAT|INFO [EcatDrv_MakePDOMappingInfo,2246]: [EtherCATDriver ] index=0x0  subindex=0 bitlen=0 derect=0
20260812-191204:052697008 EtherCAT|INFO [EcatDrv_MakePDOMappingInfo,2246]: [EtherCATDriver ] index=0x0  subindex=0 bitlen=0 derect=0  
20260812-191204:052717976 EtherCAT|INFO [EcatDrv_MakePDOMappingInfo,2246]: [EtherCATDriver ] index=0x0  subindex=0 bitlen=0 derect=0  
20260812-191204:052738824 EtherCAT|INFO [EcatDrv_MakePDOMappingInfo,2246]: [EtherCATDriver ] index=0x0  subindex=0 bitlen=0 derect=0
20260812-191204:052759624 EtherCAT|INFO [EcatDrv_MakePDOMappingInfo,2246]: [EtherCATDriver ] index=0x0  subindex=0 bitlen=0 derect=0  
20260812-191204:052780608 EtherCAT|INFO [EcatDrv_MakePDOMappingInfo,2246]: [EtherCATDriver ] index=0x0  subindex=0 bitlen=0 derect=0  
20260812-191204:052801128 EtherCAT|INFO [EcatDrv_MakePDOMappingInfo,2246]: [EtherCATDriver ] index=0x0  subindex=0 bitlen=0 derect=0
20260812-191204:052822136 EtherCAT|INFO [EcatDrv_MakePDOMappingInfo,2246]: [EtherCATDriver ] index=0x0  subindex=0 bitlen=0 derect=0  
20260812-191204:052843024 EtherCAT|INFO [EcatDrv_MakePDOMappingInfo,2246]: [EtherCATDriver ] index=0x0  subindex=0 bitlen=0 derect=0  
20260812-191204:052863944 EtherCAT|INFO [EcatDrv_MakePDOMappingInfo,2246]: [EtherCATDriver ] index=0x0  subindex=0 bitlen=0 derect=0
20260812-191204:052884832 EtherCAT|INFO [EcatDrv_MakePDOMappingInfo,2246]: [EtherCATDriver ] index=0x0  subindex=0 bitlen=0 derect=0  
20260812-191204:052905504 EtherCAT|INFO [EcatDrv_MakePDOMappingInfo,2246]: [EtherCATDriver ] index=0x0  subindex=0 bitlen=0 derect=0  
20260812-191204:052926264 EtherCAT|INFO [EcatDrv_MakePDOMappingInfo,2246]: [EtherCATDriver ] index=0x0  subindex=0 bitlen=0 derect=0
20260812-191204:052947072 EtherCAT|INFO [EcatDrv_MakePDOMappingInfo,2246]: [EtherCATDriver ] index=0x0  subindex=0 bitlen=0 derect=0  
20260812-191204:052967736 EtherCAT|INFO [EcatDrv_MakePDOMappingInfo,2246]: [EtherCATDriver ] index=0x0  subindex=0 bitlen=0 derect=0  
20260812-191204:052987984 EtherCAT|INFO [EcatDrv_MakePDOMappingInfo,2246]: [EtherCATDriver ] index=0x0  subindex=0 bitlen=0 derect=0
20260812-191204:053009328 EtherCAT|INFO [EcatDrv_MakePDOMappingInfo,2246]: [EtherCATDriver ] index=0x0  subindex=0 bitlen=0 derect=0  
20260812-191204:053029888 EtherCAT|INFO [EcatDrv_MakePDOMappingInfo,2246]: [EtherCATDriver ] index=0x0  subindex=0 bitlen=0 derect=0  
20260812-191204:053060096 EtherCAT|INFO [EcatDrv_MakePDOMappingInfo,2246]: [EtherCATDriver ] index=0x0  subindex=0 bitlen=0 derect=0
20260812-191204:053081584 EtherCAT|INFO [EcatDrv_MakePDOMappingInfo,2246]: [EtherCATDriver ] index=0x0  subindex=0 bitlen=0 derect=0  
20260812-191204:053135792 EtherCAT|INFO [EcatDrv_MakePDOMappingInfo,2246]: [EtherCATDriver ] index=0x0  subindex=0 bitlen=0 derect=0  
20260812-191204:053161904 EtherCAT|INFO [EcatDrv_MakePDOMappingInfo,2246]: [EtherCATDriver ] index=0x0  subindex=0 bitlen=0 derect=0
20260812-191204:053185864 EtherCAT|INFO [EcatDrv_MakePDOMappingInfo,2246]: [EtherCATDriver ] index=0x0  subindex=0 bitlen=0 derect=0  
20260812-191204:053207392 EtherCAT|INFO [EcatDrv_MakePDOMappingInfo,2246]: [EtherCATDriver ] index=0x0  subindex=0 bitlen=0 derect=0  
20260812-191204:053229472 EtherCAT|INFO [EcatDrv_MakePDOMappingInfo,2246]: [EtherCATDriver ] index=0x0  subindex=0 bitlen=0 derect=0
20260812-191204:053250848 EtherCAT|INFO [EcatDrv_MakePDOMappingInfo,2246]: [EtherCATDriver ] index=0x0  subindex=0 bitlen=0 derect=0  
20260812-191204:053272464 EtherCAT|INFO [EcatDrv_MakePDOMappingInfo,2246]: [EtherCATDriver ] index=0x0  subindex=0 bitlen=0 derect=0  
20260812-191204:053293152 EtherCAT|INFO [EcatDrv_MakePDOMappingInfo,2246]: [EtherCATDriver ] index=0x0  subindex=0 bitlen=0 derect=0
20260812-191204:053313408 EtherCAT|INFO [EcatDrv_MakePDOMappingInfo,2246]: [EtherCATDriver ] index=0x0  subindex=0 bitlen=0 derect=0  
20260812-191204:053334168 EtherCAT|INFO [EcatDrv_MakePDOMappingInfo,2246]: [EtherCATDriver ] index=0x0  subindex=0 bitlen=0 derect=0  
20260812-191204:053355192 EtherCAT|INFO [EcatDrv_MakePDOMappingInfo,2246]: [EtherCATDriver ] index=0x0  subindex=0 bitlen=0 derect=0
20260812-191204:053376816 EtherCAT|INFO [EcatDrv_MakePDOMappingInfo,2246]: [EtherCATDriver ] index=0x0  subindex=0 bitlen=0 derect=0  
20260812-191204:053397568 EtherCAT|INFO [EcatDrv_MakePDOMappingInfo,2246]: [EtherCATDriver ] index=0x0  subindex=0 bitlen=0 derect=0  
20260812-191204:053418008 EtherCAT|INFO [EcatDrv_MakePDOMappingInfo,2246]: [EtherCATDriver ] index=0x0  subindex=0 bitlen=0 derect=0
20260812-191204:053438744 EtherCAT|INFO [EcatDrv_MakePDOMappingInfo,2246]: [EtherCATDriver ] index=0x0  subindex=0 bitlen=0 derect=0  
20260812-191204:053459496 EtherCAT|INFO [EcatDrv_MakePDOMappingInfo,2246]: [EtherCATDriver ] index=0x0  subindex=0 bitlen=0 derect=0  
20260812-191204:053480224 EtherCAT|INFO [EcatDrv_MakePDOMappingInfo,2246]: [EtherCATDriver ] index=0x0  subindex=0 bitlen=0 derect=0
20260812-191204:053501528 EtherCAT|INFO [EcatDrv_MakePDOMappingInfo,2246]: [EtherCATDriver ] index=0x0  subindex=0 bitlen=0 derect=0  
20260812-191204:053522848 EtherCAT|INFO [EcatDrv_MakePDOMappingInfo,2246]: [EtherCATDriver ] index=0x0  subindex=0 bitlen=0 derect=0  
20260812-191204:053543464 EtherCAT|INFO [EcatDrv_MakePDOMappingInfo,2246]: [EtherCATDriver ] index=0x0  subindex=0 bitlen=0 derect=0
20260812-191204:053564368 EtherCAT|INFO [EcatDrv_MakePDOMappingInfo,2246]: [EtherCATDriver ] index=0x0  subindex=0 bitlen=0 derect=0  
20260812-191204:053585416 EtherCAT|INFO [EcatDrv_MakePDOMappingInfo,2246]: [EtherCATDriver ] index=0x0  subindex=0 bitlen=0 derect=0  
20260812-191204:053606296 EtherCAT|INFO [EcatDrv_MakePDOMappingInfo,2246]: [EtherCATDriver ] index=0x0  subindex=0 bitlen=0 derect=0
20260812-191204:053627032 EtherCAT|INFO [EcatDrv_MakePDOMappingInfo,2246]: [EtherCATDriver ] index=0x0  subindex=0 bitlen=0 derect=0  
20260812-191204:053648496 EtherCAT|INFO [EcatDrv_MakePDOMappingInfo,2246]: [EtherCATDriver ] index=0x0  subindex=0 bitlen=0 derect=0  
20260812-191204:053669328 EtherCAT|INFO [EcatDrv_MakePDOMappingInfo,2246]: [EtherCATDriver ] index=0x0  subindex=0 bitlen=0 derect=0
20260812-191204:053690112 EtherCAT|INFO [EcatDrv_MakePDOMappingInfo,2246]: [EtherCATDriver ] index=0x0  subindex=0 bitlen=0 derect=0  
20260812-191204:053711008 EtherCAT|INFO [EcatDrv_MakePDOMappingInfo,2246]: [EtherCATDriver ] index=0x0  subindex=0 bitlen=0 derect=0  
20260812-191204:053732048 EtherCAT|INFO [EcatDrv_MakePDOMappingInfo,2246]: [EtherCATDriver ] index=0x0  subindex=0 bitlen=0 derect=0
20260812-191204:053752992 EtherCAT|INFO [EcatDrv_MakePDOMappingInfo,2246]: [EtherCATDriver ] index=0x0  subindex=0 bitlen=0 derect=0  
20260812-191204:053774336 EtherCAT|INFO [EcatDrv_MakePDOMappingInfo,2246]: [EtherCATDriver ] index=0x0  subindex=0 bitlen=0 derect=0  
20260812-191204:053795152 EtherCAT|INFO [EcatDrv_MakePDOMappingInfo,2246]: [EtherCATDriver ] index=0x0  subindex=0 bitlen=0 derect=0
20260812-191204:053815528 EtherCAT|INFO [EcatDrv_MakePDOMappingInfo,2246]: [EtherCATDriver ] index=0x0  subindex=0 bitlen=0 derect=0  
20260812-191204:053836504 EtherCAT|INFO [EcatDrv_MakePDOMappingInfo,2246]: [EtherCATDriver ] index=0x0  subindex=0 bitlen=0 derect=0  
20260812-191204:053857232 EtherCAT|INFO [EcatDrv_MakePDOMappingInfo,2246]: [EtherCATDriver ] index=0x0  subindex=0 bitlen=0 derect=0
20260812-191204:053877968 EtherCAT|INFO [EcatDrv_MakePDOMappingInfo,2246]: [EtherCATDriver ] index=0x0  subindex=0 bitlen=0 derect=0  
20260812-191204:053898528 EtherCAT|INFO [EcatDrv_MakePDOMappingInfo,2246]: [EtherCATDriver ] index=0x0  subindex=0 bitlen=0 derect=0  
20260812-191204:053919184 EtherCAT|INFO [EcatDrv_MakePDOMappingInfo,2246]: [EtherCATDriver ] index=0x0  subindex=0 bitlen=0 derect=0
20260812-191204:053940632 EtherCAT|INFO [EcatDrv_MakePDOMappingInfo,2246]: [EtherCATDriver ] index=0x0  subindex=0 bitlen=0 derect=0  
20260812-191204:053961448 EtherCAT|INFO [EcatDrv_MakePDOMappingInfo,2246]: [EtherCATDriver ] index=0x0  subindex=0 bitlen=0 derect=0  
20260812-191204:053981568 EtherCAT|INFO [EcatDrv_MakePDOMappingInfo,2246]: [EtherCATDriver ] index=0x0  subindex=0 bitlen=0 derect=0
20260812-191204:054002312 EtherCAT|INFO [EcatDrv_MakePDOMappingInfo,2246]: [EtherCATDriver ] index=0x0  subindex=0 bitlen=0 derect=0  
20260812-191204:054023752 EtherCAT|INFO [EcatDrv_MakePDOMappingInfo,2246]: [EtherCATDriver ] index=0x0  subindex=0 bitlen=0 derect=0  
20260812-191204:054048208 EtherCAT|INFO [EcatDrv_MakePDOMappingInfo,2246]: [EtherCATDriver ] index=0x0  subindex=0 bitlen=0 derect=0
20260812-191204:054068816 EtherCAT|INFO [EcatDrv_MakePDOMappingInfo,2246]: [EtherCATDriver ] index=0x0  subindex=0 bitlen=0 derect=0  
20260812-191204:054089464 EtherCAT|INFO [EcatDrv_MakePDOMappingInfo,2246]: [EtherCATDriver ] index=0x0  subindex=0 bitlen=0 derect=0  
20260812-191204:054145744 EtherCAT|INFO [EcatDrv_MakePDOMappingInfo,2246]: [EtherCATDriver ] index=0x0  subindex=0 bitlen=0 derect=0
20260812-191204:054170168 EtherCAT|INFO [EcatDrv_MakePDOMappingInfo,2246]: [EtherCATDriver ] index=0x0  subindex=0 bitlen=0 derect=0  
20260812-191204:054193192 EtherCAT|INFO [EcatDrv_MakePDOMappingInfo,2246]: [EtherCATDriver ] index=0x0  subindex=0 bitlen=0 derect=0  
20260812-191204:054214304 EtherCAT|INFO [EcatDrv_MakePDOMappingInfo,2246]: [EtherCATDriver ] index=0x0  subindex=0 bitlen=0 derect=0
20260812-191204:054235752 EtherCAT|INFO [EcatDrv_MakePDOMappingInfo,2246]: [EtherCATDriver ] index=0x0  subindex=0 bitlen=0 derect=0  
20260812-191204:054257904 EtherCAT|INFO [EcatDrv_MakePDOMappingInfo,2246]: [EtherCATDriver ] index=0x0  subindex=0 bitlen=0 derect=0  
20260812-191204:054278904 EtherCAT|INFO [EcatDrv_MakePDOMappingInfo,2246]: [EtherCATDriver ] index=0x0  subindex=0 bitlen=0 derect=0
20260812-191204:054300688 EtherCAT|INFO [EcatDrv_MakePDOMappingInfo,2246]: [EtherCATDriver ] index=0x0  subindex=0 bitlen=0 derect=0  
20260812-191204:054321664 EtherCAT|INFO [EcatDrv_MakePDOMappingInfo,2246]: [EtherCATDriver ] index=0x0  subindex=0 bitlen=0 derect=0  
20260812-191204:054342792 EtherCAT|INFO [EcatDrv_MakePDOMappingInfo,2246]: [EtherCATDriver ] index=0x0  subindex=0 bitlen=0 derect=0
20260812-191204:054364664 EtherCAT|INFO [EcatDrv_MakePDOMappingInfo,2246]: [EtherCATDriver ] index=0x0  subindex=0 bitlen=0 derect=0  
20260812-191204:054385472 EtherCAT|INFO [EcatDrv_MakePDOMappingInfo,2246]: [EtherCATDriver ] index=0x0  subindex=0 bitlen=0 derect=0  
20260812-191204:054406984 EtherCAT|INFO [EcatDrv_MakePDOMappingInfo,2246]: [EtherCATDriver ] index=0x0  subindex=0 bitlen=0 derect=0
20260812-191204:054427992 EtherCAT|INFO [EcatDrv_MakePDOMappingInfo,2246]: [EtherCATDriver ] index=0x0  subindex=0 bitlen=0 derect=0  
20260812-191204:054448792 EtherCAT|INFO [EcatDrv_MakePDOMappingInfo,2246]: [EtherCATDriver ] index=0x0  subindex=0 bitlen=0 derect=0  
20260812-191204:054469288 EtherCAT|INFO [EcatDrv_MakePDOMappingInfo,2246]: [EtherCATDriver ] index=0x0  subindex=0 bitlen=0 derect=0
20260812-191204:054490144 EtherCAT|INFO [EcatDrv_MakePDOMappingInfo,2246]: [EtherCATDriver ] index=0x0  subindex=0 bitlen=0 derect=0  
20260812-191204:054511232 EtherCAT|INFO [EcatDrv_MakePDOMappingInfo,2246]: [EtherCATDriver ] index=0x0  subindex=0 bitlen=0 derect=0  
20260812-191204:054532336 EtherCAT|INFO [EcatDrv_MakePDOMappingInfo,2246]: [EtherCATDriver ] index=0x0  subindex=0 bitlen=0 derect=0
20260812-191204:054553056 EtherCAT|INFO [EcatDrv_MakePDOMappingInfo,2246]: [EtherCATDriver ] index=0x0  subindex=0 bitlen=0 derect=0  
20260812-191204:054573744 EtherCAT|INFO [EcatDrv_MakePDOMappingInfo,2246]: [EtherCATDriver ] index=0x0  subindex=0 bitlen=0 derect=0  
20260812-191204:054594504 EtherCAT|INFO [EcatDrv_MakePDOMappingInfo,2246]: [EtherCATDriver ] index=0x0  subindex=0 bitlen=0 derect=0
20260812-191204:054615208 EtherCAT|INFO [EcatDrv_MakePDOMappingInfo,2246]: [EtherCATDriver ] index=0x0  subindex=0 bitlen=0 derect=0  
20260812-191204:054635896 EtherCAT|INFO [EcatDrv_MakePDOMappingInfo,2246]: [EtherCATDriver ] index=0x0  subindex=0 bitlen=0 derect=0  
20260812-191204:054656304 EtherCAT|INFO [EcatDrv_MakePDOMappingInfo,2246]: [EtherCATDriver ] index=0x0  subindex=0 bitlen=0 derect=0
20260812-191204:054677064 EtherCAT|INFO [EcatDrv_MakePDOMappingInfo,2246]: [EtherCATDriver ] index=0x0  subindex=0 bitlen=0 derect=0  
20260812-191204:054697792 EtherCAT|INFO [EcatDrv_MakePDOMappingInfo,2246]: [EtherCATDriver ] index=0x0  subindex=0 bitlen=0 derect=0  
20260812-191204:054718472 EtherCAT|INFO [EcatDrv_MakePDOMappingInfo,2246]: [EtherCATDriver ] index=0x0  subindex=0 bitlen=0 derect=0
20260812-191204:054739184 EtherCAT|INFO [EcatDrv_MakePDOMappingInfo,2246]: [EtherCATDriver ] index=0x0  subindex=0 bitlen=0 derect=0  
20260812-191204:054760112 EtherCAT|INFO [EcatDrv_MakePDOMappingInfo,2246]: [EtherCATDriver ] index=0x0  subindex=0 bitlen=0 derect=0  
20260812-191204:054780328 EtherCAT|INFO [EcatDrv_MakePDOMappingInfo,2246]: [EtherCATDriver ] index=0x0  subindex=0 bitlen=0 derect=0
20260812-191204:054800904 EtherCAT|INFO [EcatDrv_MakePDOMappingInfo,2246]: [EtherCATDriver ] index=0x0  subindex=0 bitlen=0 derect=0  
20260812-191204:054821624 EtherCAT|INFO [EcatDrv_MakePDOMappingInfo,2246]: [EtherCATDriver ] index=0x0  subindex=0 bitlen=0 derect=0  
20260812-191204:054842056 EtherCAT|INFO [EcatDrv_MakePDOMappingInfo,2246]: [EtherCATDriver ] index=0x0  subindex=0 bitlen=0 derect=0
20260812-191204:054862912 EtherCAT|INFO [EcatDrv_MakePDOMappingInfo,2246]: [EtherCATDriver ] index=0x0  subindex=0 bitlen=0 derect=0  
20260812-191204:054883496 EtherCAT|INFO [EcatDrv_MakePDOMappingInfo,2246]: [EtherCATDriver ] index=0x0  subindex=0 bitlen=0 derect=0  
20260812-191204:054904752 EtherCAT|INFO [EcatDrv_MakePDOMappingInfo,2246]: [EtherCATDriver ] index=0x0  subindex=0 bitlen=0 derect=0
20260812-191204:054926192 EtherCAT|INFO [EcatDrv_MakePDOMappingInfo,2246]: [EtherCATDriver ] index=0x0  subindex=0 bitlen=0 derect=0  
20260812-191204:054947136 EtherCAT|INFO [EcatDrv_MakePDOMappingInfo,2246]: [EtherCATDriver ] index=0x0  subindex=0 bitlen=0 derect=0  
20260812-191204:054968696 EtherCAT|INFO [EcatDrv_MakePDOMappingInfo,2246]: [EtherCATDriver ] index=0x0  subindex=0 bitlen=0 derect=0
20260812-191204:054989232 EtherCAT|INFO [EcatDrv_MakePDOMappingInfo,2246]: [EtherCATDriver ] index=0x0  subindex=0 bitlen=0 derect=0  
20260812-191204:055009832 EtherCAT|INFO [EcatDrv_MakePDOMappingInfo,2246]: [EtherCATDriver ] index=0x0  subindex=0 bitlen=0 derect=0  
20260812-191204:055030736 EtherCAT|INFO [EcatDrv_MakePDOMappingInfo,2246]: [EtherCATDriver ] index=0x0  subindex=0 bitlen=0 derect=0
20260812-191204:055058912 EtherCAT|INFO [EcatDrv_MakePDOMappingInfo,2246]: [EtherCATDriver ] index=0x0  subindex=0 bitlen=0 derect=0  
20260812-191204:055080296 EtherCAT|INFO [EcatDrv_MakePDOMappingInfo,2246]: [EtherCATDriver ] index=0x0  subindex=0 bitlen=0 derect=0  
20260812-191204:055135032 EtherCAT|INFO [EcatDrv_MakePDOMappingInfo,2246]: [EtherCATDriver ] index=0x0  subindex=0 bitlen=0 derect=0
20260812-191204:055160008 EtherCAT|INFO [EcatDrv_MakePDOMappingInfo,2246]: [EtherCATDriver ] index=0x0  subindex=0 bitlen=0 derect=0  
20260812-191204:055181808 EtherCAT|INFO [EcatDrv_MakePDOMappingInfo,2246]: [EtherCATDriver ] index=0x0  subindex=0 bitlen=0 derect=0  
20260812-191204:055202872 EtherCAT|INFO [EcatDrv_MakePDOMappingInfo,2246]: [EtherCATDriver ] index=0x0  subindex=0 bitlen=0 derect=0
20260812-191204:055225088 EtherCAT|INFO [EcatDrv_MakePDOMappingInfo,2246]: [EtherCATDriver ] index=0x0  subindex=0 bitlen=0 derect=0  
20260812-191204:055245552 EtherCAT|INFO [EcatDrv_MakePDOMappingInfo,2246]: [EtherCATDriver ] index=0x0  subindex=0 bitlen=0 derect=0  
20260812-191204:055266168 EtherCAT|INFO [EcatDrv_MakePDOMappingInfo,2246]: [EtherCATDriver ] index=0x0  subindex=0 bitlen=0 derect=0
20260812-191204:055286128 EtherCAT|INFO [EcatDrv_MakePDOMappingInfo,2246]: [EtherCATDriver ] index=0x0  subindex=0 bitlen=0 derect=0  
20260812-191204:055307736 EtherCAT|INFO [EcatDrv_MakePDOMappingInfo,2246]: [EtherCATDriver ] index=0x0  subindex=0 bitlen=0 derect=0  
20260812-191204:055328784 EtherCAT|INFO [EcatDrv_MakePDOMappingInfo,2246]: [EtherCATDriver ] index=0x0  subindex=0 bitlen=0 derect=0
20260812-191204:055349584 EtherCAT|INFO [EcatDrv_MakePDOMappingInfo,2246]: [EtherCATDriver ] index=0x0  subindex=0 bitlen=0 derect=0  
20260812-191204:055370608 EtherCAT|INFO [EcatDrv_MakePDOMappingInfo,2246]: [EtherCATDriver ] index=0x0  subindex=0 bitlen=0 derect=0  
20260812-191204:055392176 EtherCAT|INFO [EcatDrv_MakePDOMappingInfo,2246]: [EtherCATDriver ] index=0x0  subindex=0 bitlen=0 derect=0
20260812-191204:055412816 EtherCAT|INFO [EcatDrv_MakePDOMappingInfo,2246]: [EtherCATDriver ] index=0x0  subindex=0 bitlen=0 derect=0  
20260812-191204:055433608 EtherCAT|INFO [EcatDrv_MakePDOMappingInfo,2246]: [EtherCATDriver ] index=0x0  subindex=0 bitlen=0 derect=0  
20260812-191204:055454272 EtherCAT|INFO [EcatDrv_MakePDOMappingInfo,2246]: [EtherCATDriver ] index=0x0  subindex=0 bitlen=0 derect=0
20260812-191204:055474968 EtherCAT|INFO [EcatDrv_MakePDOMappingInfo,2246]: [EtherCATDriver ] index=0x0  subindex=0 bitlen=0 derect=0  
20260812-191204:055495576 EtherCAT|INFO [EcatDrv_MakePDOMappingInfo,2246]: [EtherCATDriver ] index=0x0  subindex=0 bitlen=0 derect=0  
20260812-191204:055516688 EtherCAT|INFO [EcatDrv_MakePDOMappingInfo,2246]: [EtherCATDriver ] index=0x0  subindex=0 bitlen=0 derect=0
20260812-191204:055537792 EtherCAT|INFO [EcatDrv_MakePDOMappingInfo,2246]: [EtherCATDriver ] index=0x0  subindex=0 bitlen=0 derect=0  
20260812-191204:055558288 EtherCAT|INFO [EcatDrv_MakePDOMappingInfo,2246]: [EtherCATDriver ] index=0x0  subindex=0 bitlen=0 derect=0  
20260812-191204:055579256 EtherCAT|INFO [EcatDrv_MakePDOMappingInfo,2246]: [EtherCATDriver ] index=0x0  subindex=0 bitlen=0 derect=0
20260812-191204:055600016 EtherCAT|INFO [EcatDrv_MakePDOMappingInfo,2246]: [EtherCATDriver ] index=0x0  subindex=0 bitlen=0 derect=0  
20260812-191204:055621512 EtherCAT|INFO [EcatDrv_MakePDOMappingInfo,2246]: [EtherCATDriver ] index=0x0  subindex=0 bitlen=0 derect=0  
20260812-191204:055642632 EtherCAT|INFO [EcatDrv_MakePDOMappingInfo,2246]: [EtherCATDriver ] index=0x0  subindex=0 bitlen=0 derect=0
20260812-191204:055663384 EtherCAT|INFO [EcatDrv_MakePDOMappingInfo,2246]: [EtherCATDriver ] index=0x0  subindex=0 bitlen=0 derect=0  
20260812-191204:055685376 EtherCAT|INFO [EcatDrv_MakePDOMappingInfo,2246]: [EtherCATDriver ] index=0x0  subindex=0 bitlen=0 derect=0  
20260812-191204:055706512 EtherCAT|INFO [EcatDrv_MakePDOMappingInfo,2246]: [EtherCATDriver ] index=0x0  subindex=0 bitlen=0 derect=0
20260812-191204:055728224 EtherCAT|INFO [EcatDrv_MakePDOMappingInfo,2246]: [EtherCATDriver ] index=0x0  subindex=0 bitlen=0 derect=0  
20260812-191204:055748864 EtherCAT|INFO [EcatDrv_MakePDOMappingInfo,2246]: [EtherCATDriver ] index=0x0  subindex=0 bitlen=0 derect=0  
20260812-191204:055770176 EtherCAT|INFO [EcatDrv_MakePDOMappingInfo,2246]: [EtherCATDriver ] index=0x0  subindex=0 bitlen=0 derect=0
20260812-191204:055790792 EtherCAT|INFO [EcatDrv_MakePDOMappingInfo,2246]: [EtherCATDriver ] index=0x0  subindex=0 bitlen=0 derect=0  
20260812-191204:055812256 EtherCAT|INFO [EcatDrv_MakePDOMappingInfo,2246]: [EtherCATDriver ] index=0x0  subindex=0 bitlen=0 derect=0  
20260812-191204:055833088 EtherCAT|INFO [EcatDrv_MakePDOMappingInfo,2246]: [EtherCATDriver ] index=0x0  subindex=0 bitlen=0 derect=0
20260812-191204:055853496 EtherCAT|INFO [EcatDrv_MakePDOMappingInfo,2246]: [EtherCATDriver ] index=0x0  subindex=0 bitlen=0 derect=0  
20260812-191204:055873704 EtherCAT|INFO [EcatDrv_MakePDOMappingInfo,2246]: [EtherCATDriver ] index=0x0  subindex=0 bitlen=0 derect=0  
20260812-191204:055894824 EtherCAT|INFO [EcatDrv_MakePDOMappingInfo,2246]: [EtherCATDriver ] index=0x0  subindex=0 bitlen=0 derect=0
20260812-191204:055915664 EtherCAT|INFO [EcatDrv_MakePDOMappingInfo,2246]: [EtherCATDriver ] index=0x0  subindex=0 bitlen=0 derect=0  
20260812-191204:055936136 EtherCAT|INFO [EcatDrv_MakePDOMappingInfo,2246]: [EtherCATDriver ] index=0x0  subindex=0 bitlen=0 derect=0  
20260812-191204:055957584 EtherCAT|INFO [EcatDrv_MakePDOMappingInfo,2246]: [EtherCATDriver ] index=0x0  subindex=0 bitlen=0 derect=0
20260812-191204:055978552 EtherCAT|INFO [EcatDrv_MakePDOMappingInfo,2246]: [EtherCATDriver ] index=0x0  subindex=0 bitlen=0 derect=0  
20260812-191204:056000336 EtherCAT|INFO [EcatDrv_MakePDOMappingInfo,2246]: [EtherCATDriver ] index=0x0  subindex=0 bitlen=0 derect=0  
20260812-191204:056086152 EtherCAT|INFO [CoESrv_IndexPosInit,327]: rx idn : object : 6040, robotaddr = 0, moduleaddr = 1086a814. EcatPos is 0. 0 
20260812-191204:056162384 EtherCAT|INFO [CoESrv_IndexPosInit,327]: rx idn : object : 6071, robotaddr = 0, moduleaddr = 1086a820. EcatPos is 2. 0  
20260812-191204:056208416 EtherCAT|INFO [CoESrv_IndexPosInit,327]: rx idn : object : 607a, robotaddr = 0, moduleaddr = 1086a830. EcatPos is 4. 0  
20260812-191204:056244648 EtherCAT|INFO [CoESrv_IndexPosInit,327]: rx idn : object : 60b2, robotaddr = 0, moduleaddr = 1086a826. EcatPos is 8. 0 
20260812-191204:056279048 EtherCAT|INFO [CoESrv_IndexPosInit,327]: rx idn : object : 6060, robotaddr = 0, moduleaddr = 1086a818. EcatPos is 10. 0  
20260812-191204:056305416 EtherCAT|INFO [CoESrv_IndexPosInit,327]: rx idn : object : 0, robotaddr = 0, moduleaddr = 0. EcatPos is 21. 0  
20260812-191204:056348408 EtherCAT|INFO [CoESrv_IndexPosInit,327]: rx idn : object : 6040, robotaddr = 0, moduleaddr = 1086aab0. EcatPos is 0. 1 
20260812-191204:056383568 EtherCAT|INFO [CoESrv_IndexPosInit,327]: rx idn : object : 6071, robotaddr = 0, moduleaddr = 1086aabc. EcatPos is 2. 1  
20260812-191204:056425368 EtherCAT|INFO [CoESrv_IndexPosInit,327]: rx idn : object : 607a, robotaddr = 0, moduleaddr = 1086aacc. EcatPos is 4. 1  
20260812-191204:056459616 EtherCAT|INFO [CoESrv_IndexPosInit,327]: rx idn : object : 60b2, robotaddr = 0, moduleaddr = 1086aac2. EcatPos is 8. 1 
20260812-191204:056493976 EtherCAT|INFO [CoESrv_IndexPosInit,327]: rx idn : object : 6060, robotaddr = 0, moduleaddr = 1086aab4. EcatPos is 10. 1  
20260812-191204:056519536 EtherCAT|INFO [CoESrv_IndexPosInit,327]: rx idn : object : 0, robotaddr = 0, moduleaddr = 0. EcatPos is 21. 1  
20260812-191204:056561976 EtherCAT|INFO [CoESrv_IndexPosInit,327]: rx idn : object : 6040, robotaddr = 0, moduleaddr = 1086ad4c. EcatPos is 0. 2 
20260812-191204:056596896 EtherCAT|INFO [CoESrv_IndexPosInit,327]: rx idn : object : 6071, robotaddr = 0, moduleaddr = 1086ad58. EcatPos is 2. 2  
20260812-191204:056638648 EtherCAT|INFO [CoESrv_IndexPosInit,327]: rx idn : object : 607a, robotaddr = 0, moduleaddr = 1086ad68. EcatPos is 4. 2  
20260812-191204:056673368 EtherCAT|INFO [CoESrv_IndexPosInit,327]: rx idn : object : 60b2, robotaddr = 0, moduleaddr = 1086ad5e. EcatPos is 8. 2 
20260812-191204:056707296 EtherCAT|INFO [CoESrv_IndexPosInit,327]: rx idn : object : 6060, robotaddr = 0, moduleaddr = 1086ad50. EcatPos is 10. 2  
20260812-191204:056732368 EtherCAT|INFO [CoESrv_IndexPosInit,327]: rx idn : object : 0, robotaddr = 0, moduleaddr = 0. EcatPos is 21. 2  
20260812-191204:056774296 EtherCAT|INFO [CoESrv_IndexPosInit,327]: rx idn : object : 6040, robotaddr = 0, moduleaddr = 1086afe8. EcatPos is 0. 3 
20260812-191204:056808264 EtherCAT|INFO [CoESrv_IndexPosInit,327]: rx idn : object : 6071, robotaddr = 0, moduleaddr = 1086aff4. EcatPos is 2. 3  
20260812-191204:056849504 EtherCAT|INFO [CoESrv_IndexPosInit,327]: rx idn : object : 607a, robotaddr = 0, moduleaddr = 1086b004. EcatPos is 4. 3  
20260812-191204:056882792 EtherCAT|INFO [CoESrv_IndexPosInit,327]: rx idn : object : 60b2, robotaddr = 0, moduleaddr = 1086affa. EcatPos is 8. 3 
20260812-191204:056916976 EtherCAT|INFO [CoESrv_IndexPosInit,327]: rx idn : object : 6060, robotaddr = 0, moduleaddr = 1086afec. EcatPos is 10. 3  
20260812-191204:056941672 EtherCAT|INFO [CoESrv_IndexPosInit,327]: rx idn : object : 0, robotaddr = 0, moduleaddr = 0. EcatPos is 21. 3  
20260812-191204:056983304 EtherCAT|INFO [CoESrv_IndexPosInit,327]: rx idn : object : 6040, robotaddr = 0, moduleaddr = 1086b284. EcatPos is 0. 4 
20260812-191204:057018056 EtherCAT|INFO [CoESrv_IndexPosInit,327]: rx idn : object : 6071, robotaddr = 0, moduleaddr = 1086b290. EcatPos is 2. 4  
20260812-191204:057070736 EtherCAT|INFO [CoESrv_IndexPosInit,327]: rx idn : object : 607a, robotaddr = 0, moduleaddr = 1086b2a0. EcatPos is 4. 4  
20260812-191204:057142976 EtherCAT|INFO [CoESrv_IndexPosInit,327]: rx idn : object : 60b2, robotaddr = 0, moduleaddr = 1086b296. EcatPos is 8. 4 
20260812-191204:057179752 EtherCAT|INFO [CoESrv_IndexPosInit,327]: rx idn : object : 6060, robotaddr = 0, moduleaddr = 1086b288. EcatPos is 10. 4  
20260812-191204:057206192 EtherCAT|INFO [CoESrv_IndexPosInit,327]: rx idn : object : 0, robotaddr = 0, moduleaddr = 0. EcatPos is 21. 4  
20260812-191204:057249448 EtherCAT|INFO [CoESrv_IndexPosInit,327]: rx idn : object : 6040, robotaddr = 0, moduleaddr = 1086b520. EcatPos is 0. 5 
20260812-191204:057284008 EtherCAT|INFO [CoESrv_IndexPosInit,327]: rx idn : object : 6071, robotaddr = 0, moduleaddr = 1086b52c. EcatPos is 2. 5  
20260812-191204:057325096 EtherCAT|INFO [CoESrv_IndexPosInit,327]: rx idn : object : 607a, robotaddr = 0, moduleaddr = 1086b53c. EcatPos is 4. 5  
20260812-191204:057358632 EtherCAT|INFO [CoESrv_IndexPosInit,327]: rx idn : object : 60b2, robotaddr = 0, moduleaddr = 1086b532. EcatPos is 8. 5 
20260812-191204:057392264 EtherCAT|INFO [CoESrv_IndexPosInit,327]: rx idn : object : 6060, robotaddr = 0, moduleaddr = 1086b524. EcatPos is 10. 5  
20260812-191204:057417312 EtherCAT|INFO [CoESrv_IndexPosInit,327]: rx idn : object : 0, robotaddr = 0, moduleaddr = 0. EcatPos is 21. 5  
20260812-191204:057458888 EtherCAT|INFO [CoESrv_IndexPosInit,327]: rx idn : object : 6040, robotaddr = 0, moduleaddr = 1086b7bc. EcatPos is 0. 6 
20260812-191204:057492808 EtherCAT|INFO [CoESrv_IndexPosInit,327]: rx idn : object : 6071, robotaddr = 0, moduleaddr = 1086b7c8. EcatPos is 2. 6  
20260812-191204:057534872 EtherCAT|INFO [CoESrv_IndexPosInit,327]: rx idn : object : 607a, robotaddr = 0, moduleaddr = 1086b7d8. EcatPos is 4. 6  
20260812-191204:057569128 EtherCAT|INFO [CoESrv_IndexPosInit,327]: rx idn : object : 60b2, robotaddr = 0, moduleaddr = 1086b7ce. EcatPos is 8. 6 
20260812-191204:057603544 EtherCAT|INFO [CoESrv_IndexPosInit,327]: rx idn : object : 6060, robotaddr = 0, moduleaddr = 1086b7c0. EcatPos is 10. 6  
20260812-191204:057628344 EtherCAT|INFO [CoESrv_IndexPosInit,327]: rx idn : object : 0, robotaddr = 0, moduleaddr = 0. EcatPos is 21. 6  
20260812-191204:057672768 EtherCAT|INFO [CoESrv_IndexPosInit,375]: tx idn : object : 6041, robotaddr = 0, moduleaddr = 1086a816. EcatPos is 0. 0
20260812-191204:057706216 EtherCAT|INFO [CoESrv_IndexPosInit,375]: tx idn : object : 603f, robotaddr = 0, moduleaddr = 1086a81a. EcatPos is 2. 0 
20260812-191204:057747456 EtherCAT|INFO [CoESrv_IndexPosInit,375]: tx idn : object : 6064, robotaddr = 0, moduleaddr = 1086a834. EcatPos is 4. 0 
20260812-191204:057782128 EtherCAT|INFO [CoESrv_IndexPosInit,375]: tx idn : object : 6077, robotaddr = 0, moduleaddr = 1086a822. EcatPos is 8. 0
20260812-191204:057814984 EtherCAT|INFO [CoESrv_IndexPosInit,375]: tx idn : object : 6078, robotaddr = 0, moduleaddr = 1086a824. EcatPos is 10. 0 
20260812-191204:057849584 EtherCAT|INFO [CoESrv_IndexPosInit,375]: tx idn : object : 606c, robotaddr = 0, moduleaddr = 1086a82c. EcatPos is 12. 0 
20260812-191204:057883656 EtherCAT|INFO [CoESrv_IndexPosInit,375]: tx idn : object : 60f4, robotaddr = 0, moduleaddr = 1086a838. EcatPos is 16. 0
20260812-191204:057917792 EtherCAT|INFO [CoESrv_IndexPosInit,375]: tx idn : object : 6061, robotaddr = 0, moduleaddr = 1086a819. EcatPos is 20. 0 
20260812-191204:057942904 EtherCAT|INFO [CoESrv_IndexPosInit,375]: tx idn : object : 0, robotaddr = 0, moduleaddr = 0. EcatPos is 21. 0 
20260812-191204:057984504 EtherCAT|INFO [CoESrv_IndexPosInit,375]: tx idn : object : 6041, robotaddr = 0, moduleaddr = 1086aab2. EcatPos is 0. 1
20260812-191204:058018064 EtherCAT|INFO [CoESrv_IndexPosInit,375]: tx idn : object : 603f, robotaddr = 0, moduleaddr = 1086aab6. EcatPos is 2. 1 
20260812-191204:058063832 EtherCAT|INFO [CoESrv_IndexPosInit,375]: tx idn : object : 6064, robotaddr = 0, moduleaddr = 1086aad0. EcatPos is 4. 1 
20260812-191204:058136448 EtherCAT|INFO [CoESrv_IndexPosInit,375]: tx idn : object : 6077, robotaddr = 0, moduleaddr = 1086aabe. EcatPos is 8. 1
20260812-191204:058175944 EtherCAT|INFO [CoESrv_IndexPosInit,375]: tx idn : object : 6078, robotaddr = 0, moduleaddr = 1086aac0. EcatPos is 10. 1 
20260812-191204:058211584 EtherCAT|INFO [CoESrv_IndexPosInit,375]: tx idn : object : 606c, robotaddr = 0, moduleaddr = 1086aac8. EcatPos is 12. 1 
20260812-191204:058246008 EtherCAT|INFO [CoESrv_IndexPosInit,375]: tx idn : object : 60f4, robotaddr = 0, moduleaddr = 1086aad4. EcatPos is 16. 1
20260812-191204:058280416 EtherCAT|INFO [CoESrv_IndexPosInit,375]: tx idn : object : 6061, robotaddr = 0, moduleaddr = 1086aab5. EcatPos is 20. 1 
20260812-191204:058304712 EtherCAT|INFO [CoESrv_IndexPosInit,375]: tx idn : object : 0, robotaddr = 0, moduleaddr = 0. EcatPos is 21. 1 
20260812-191204:058346536 EtherCAT|INFO [CoESrv_IndexPosInit,375]: tx idn : object : 6041, robotaddr = 0, moduleaddr = 1086ad4e. EcatPos is 0. 2
20260812-191204:058381192 EtherCAT|INFO [CoESrv_IndexPosInit,375]: tx idn : object : 603f, robotaddr = 0, moduleaddr = 1086ad52. EcatPos is 2. 2 
20260812-191204:058423136 EtherCAT|INFO [CoESrv_IndexPosInit,375]: tx idn : object : 6064, robotaddr = 0, moduleaddr = 1086ad6c. EcatPos is 4. 2 
20260812-191204:058458584 EtherCAT|INFO [CoESrv_IndexPosInit,375]: tx idn : object : 6077, robotaddr = 0, moduleaddr = 1086ad5a. EcatPos is 8. 2
20260812-191204:058492976 EtherCAT|INFO [CoESrv_IndexPosInit,375]: tx idn : object : 6078, robotaddr = 0, moduleaddr = 1086ad5c. EcatPos is 10. 2 
20260812-191204:058528456 EtherCAT|INFO [CoESrv_IndexPosInit,375]: tx idn : object : 606c, robotaddr = 0, moduleaddr = 1086ad64. EcatPos is 12. 2 
20260812-191204:058562552 EtherCAT|INFO [CoESrv_IndexPosInit,375]: tx idn : object : 60f4, robotaddr = 0, moduleaddr = 1086ad70. EcatPos is 16. 2
20260812-191204:058596304 EtherCAT|INFO [CoESrv_IndexPosInit,375]: tx idn : object : 6061, robotaddr = 0, moduleaddr = 1086ad51. EcatPos is 20. 2 
20260812-191204:058621584 EtherCAT|INFO [CoESrv_IndexPosInit,375]: tx idn : object : 0, robotaddr = 0, moduleaddr = 0. EcatPos is 21. 2 
20260812-191204:058663416 EtherCAT|INFO [CoESrv_IndexPosInit,375]: tx idn : object : 6041, robotaddr = 0, moduleaddr = 1086afea. EcatPos is 0. 3
20260812-191204:058697176 EtherCAT|INFO [CoESrv_IndexPosInit,375]: tx idn : object : 603f, robotaddr = 0, moduleaddr = 1086afee. EcatPos is 2. 3 
20260812-191204:058738488 EtherCAT|INFO [CoESrv_IndexPosInit,375]: tx idn : object : 6064, robotaddr = 0, moduleaddr = 1086b008. EcatPos is 4. 3 
20260812-191204:058772168 EtherCAT|INFO [CoESrv_IndexPosInit,375]: tx idn : object : 6077, robotaddr = 0, moduleaddr = 1086aff6. EcatPos is 8. 3
20260812-191204:058806536 EtherCAT|INFO [CoESrv_IndexPosInit,375]: tx idn : object : 6078, robotaddr = 0, moduleaddr = 1086aff8. EcatPos is 10. 3 
20260812-191204:058841336 EtherCAT|INFO [CoESrv_IndexPosInit,375]: tx idn : object : 606c, robotaddr = 0, moduleaddr = 1086b000. EcatPos is 12. 3 
20260812-191204:058875976 EtherCAT|INFO [CoESrv_IndexPosInit,375]: tx idn : object : 60f4, robotaddr = 0, moduleaddr = 1086b00c. EcatPos is 16. 3
20260812-191204:058909096 EtherCAT|INFO [CoESrv_IndexPosInit,375]: tx idn : object : 6061, robotaddr = 0, moduleaddr = 1086afed. EcatPos is 20. 3 
20260812-191204:058933296 EtherCAT|INFO [CoESrv_IndexPosInit,375]: tx idn : object : 0, robotaddr = 0, moduleaddr = 0. EcatPos is 21. 3 
20260812-191204:058975112 EtherCAT|INFO [CoESrv_IndexPosInit,375]: tx idn : object : 6041, robotaddr = 0, moduleaddr = 1086b286. EcatPos is 0. 4
20260812-191204:059009384 EtherCAT|INFO [CoESrv_IndexPosInit,375]: tx idn : object : 603f, robotaddr = 0, moduleaddr = 1086b28a. EcatPos is 2. 4 
20260812-191204:059059872 EtherCAT|INFO [CoESrv_IndexPosInit,375]: tx idn : object : 6064, robotaddr = 0, moduleaddr = 1086b2a4. EcatPos is 4. 4 
20260812-191204:059132064 EtherCAT|INFO [CoESrv_IndexPosInit,375]: tx idn : object : 6077, robotaddr = 0, moduleaddr = 1086b292. EcatPos is 8. 4
20260812-191204:059169552 EtherCAT|INFO [CoESrv_IndexPosInit,375]: tx idn : object : 6078, robotaddr = 0, moduleaddr = 1086b294. EcatPos is 10. 4 
20260812-191204:059204472 EtherCAT|INFO [CoESrv_IndexPosInit,375]: tx idn : object : 606c, robotaddr = 0, moduleaddr = 1086b29c. EcatPos is 12. 4 
20260812-191204:059239792 EtherCAT|INFO [CoESrv_IndexPosInit,375]: tx idn : object : 60f4, robotaddr = 0, moduleaddr = 1086b2a8. EcatPos is 16. 4
20260812-191204:059274304 EtherCAT|INFO [CoESrv_IndexPosInit,375]: tx idn : object : 6061, robotaddr = 0, moduleaddr = 1086b289. EcatPos is 20. 4 
20260812-191204:059298944 EtherCAT|INFO [CoESrv_IndexPosInit,375]: tx idn : object : 0, robotaddr = 0, moduleaddr = 0. EcatPos is 21. 4 
20260812-191204:059340792 EtherCAT|INFO [CoESrv_IndexPosInit,375]: tx idn : object : 6041, robotaddr = 0, moduleaddr = 1086b522. EcatPos is 0. 5
20260812-191204:059374416 EtherCAT|INFO [CoESrv_IndexPosInit,375]: tx idn : object : 603f, robotaddr = 0, moduleaddr = 1086b526. EcatPos is 2. 5 
20260812-191204:059416568 EtherCAT|INFO [CoESrv_IndexPosInit,375]: tx idn : object : 6064, robotaddr = 0, moduleaddr = 1086b540. EcatPos is 4. 5 
20260812-191204:059449568 EtherCAT|INFO [CoESrv_IndexPosInit,375]: tx idn : object : 6077, robotaddr = 0, moduleaddr = 1086b52e. EcatPos is 8. 5
20260812-191204:059483912 EtherCAT|INFO [CoESrv_IndexPosInit,375]: tx idn : object : 6078, robotaddr = 0, moduleaddr = 1086b530. EcatPos is 10. 5 
20260812-191204:059518544 EtherCAT|INFO [CoESrv_IndexPosInit,375]: tx idn : object : 606c, robotaddr = 0, moduleaddr = 1086b538. EcatPos is 12. 5 
20260812-191204:059552528 EtherCAT|INFO [CoESrv_IndexPosInit,375]: tx idn : object : 60f4, robotaddr = 0, moduleaddr = 1086b544. EcatPos is 16. 5
20260812-191204:059585408 EtherCAT|INFO [CoESrv_IndexPosInit,375]: tx idn : object : 6061, robotaddr = 0, moduleaddr = 1086b525. EcatPos is 20. 5 
20260812-191204:059610984 EtherCAT|INFO [CoESrv_IndexPosInit,375]: tx idn : object : 0, robotaddr = 0, moduleaddr = 0. EcatPos is 21. 5 
20260812-191204:059653384 EtherCAT|INFO [CoESrv_IndexPosInit,375]: tx idn : object : 6041, robotaddr = 0, moduleaddr = 1086b7be. EcatPos is 0. 6
20260812-191204:059686512 EtherCAT|INFO [CoESrv_IndexPosInit,375]: tx idn : object : 603f, robotaddr = 0, moduleaddr = 1086b7c2. EcatPos is 2. 6 
20260812-191204:059727872 EtherCAT|INFO [CoESrv_IndexPosInit,375]: tx idn : object : 6064, robotaddr = 0, moduleaddr = 1086b7dc. EcatPos is 4. 6 
20260812-191204:059760264 EtherCAT|INFO [CoESrv_IndexPosInit,375]: tx idn : object : 6077, robotaddr = 0, moduleaddr = 1086b7ca. EcatPos is 8. 6
20260812-191204:059793216 EtherCAT|INFO [CoESrv_IndexPosInit,375]: tx idn : object : 6078, robotaddr = 0, moduleaddr = 1086b7cc. EcatPos is 10. 6 
20260812-191204:059826608 EtherCAT|INFO [CoESrv_IndexPosInit,375]: tx idn : object : 606c, robotaddr = 0, moduleaddr = 1086b7d4. EcatPos is 12. 6 
20260812-191204:059861544 EtherCAT|INFO [CoESrv_IndexPosInit,375]: tx idn : object : 60f4, robotaddr = 0, moduleaddr = 1086b7e0. EcatPos is 16. 6
20260812-191204:059895176 EtherCAT|INFO [CoESrv_IndexPosInit,375]: tx idn : object : 6061, robotaddr = 0, moduleaddr = 1086b7c1. EcatPos is 20. 6 
20260812-191204:059920544 EtherCAT|INFO [CoESrv_IndexPosInit,375]: tx idn : object : 0, robotaddr = 0, moduleaddr = 0. EcatPos is 21. 6 
20260812-191204:059942872 EtherCAT|INFO [CoESrv_IndexPosInit,384]: TxPDONum is 9, RxPDONum is 6. 
20260812-191204:059963424 EtherCAT|INFO [EcatStack_SetSlaveCfgValid,141]: [EtherCATModule ] Ecat slave config command : 1  
20260812-191204:059985832 EtherCAT|INFO [CANopenModule_ThreadEntry,319]: [CANopenModule  ] Matched slave config param has found : VEICHI  
20260812-191204:060006544 EtherCAT|INFO [CANopenModule_ThreadEntry,320]: [CANopenModule  ] Task state is SLAVECFG turn to RESOURCE_CHK
20260812-191204:060057312 EtherCAT|INFO [EcatDrv_Task,947]: [EtherCATDriver ] Request init state for all slaves 
20260812-191204:066117912 EtherCAT|INFO [EcatDrv_Task,951]: [EtherCATDriver ] Request init state result = -1 
20260812-191204:070223936 EtherCAT|INFO [EcatDrv_Task,959]: [EtherCATDriver ] fpga send&recv : 64375, 59182  
20260812-191204:070255496 EtherCAT|INFO [EcatDrv_Task,960]: [EtherCATDriver ] Task state is CLOSE turn to INIT
20260812-191204:070277248 EtherCAT|INFO [EcatDrv_CheckEvent,1232]: coe_event is 1, pre is 4  
20260812-191204:073581424 EtherCAT|INFO [EcatDrv_Task,347]: [EtherCATDriver ] ec_init on cgem1 succeeded. 
20260812-191204:073606704 EtherCAT|INFO [EcatDrv_Task,350]: [EtherCATDriver ] Task state is INIT turn to SCAN  
20260812-191204:144068464 EtherCAT|INFO [EcatDrv_CheckEvent,1232]: coe_event is 4, pre is 1 
20260812-191204:182135816 EtherCAT|INFO [EcatDrv_Task,384]: [EtherCATDriver ] is find slave is -1   
20260812-191204:182162088 EtherCAT|WARN [EcatDrv_Task,438]: [EtherCATDriver ] No slaves found, -1, 1. fpga send & recv : 0, 0  
20260812-191204:282108432 EtherCAT|INFO [EcatDrv_Task,384]: [EtherCATDriver ] is find slave is -1 
20260812-191204:282138096 EtherCAT|WARN [EcatDrv_Task,438]: [EtherCATDriver ] No slaves found, -1, 1. fpga send & recv : 0, 0  
20260812-191204:382105736 EtherCAT|INFO [EcatDrv_Task,384]: [EtherCATDriver ] is find slave is -1   
20260812-191204:382134872 EtherCAT|WARN [EcatDrv_Task,438]: [EtherCATDriver ] No slaves found, -1, 1. fpga send & recv : 0, 0
20260812-191204:482105384 EtherCAT|INFO [EcatDrv_Task,384]: [EtherCATDriver ] is find slave is -1   
20260812-191204:482135208 EtherCAT|WARN [EcatDrv_Task,438]: [EtherCATDriver ] No slaves found, -1, 1. fpga send & recv : 0, 0  
20260812-191204:582106824 EtherCAT|INFO [EcatDrv_Task,384]: [EtherCATDriver ] is find slave is -1 
20260812-191204:582137152 EtherCAT|WARN [EcatDrv_Task,438]: [EtherCATDriver ] No slaves found, -1, 1. fpga send & recv : 0, 0  
20260812-191204:682105632 EtherCAT|INFO [EcatDrv_Task,384]: [EtherCATDriver ] is find slave is -1   
20260812-191204:682135448 EtherCAT|WARN [EcatDrv_Task,438]: [EtherCATDriver ] No slaves found, -1, 1. fpga send & recv : 0, 0
20260812-191204:782107272 EtherCAT|INFO [EcatDrv_Task,384]: [EtherCATDriver ] is find slave is -1   
20260812-191204:782137952 EtherCAT|WARN [EcatDrv_Task,438]: [EtherCATDriver ] No slaves found, -1, 1. fpga send & recv : 0, 0  
20260812-191204:882103872 EtherCAT|INFO [EcatDrv_Task,384]: [EtherCATDriver ] is find slave is -1 
20260812-191204:882134256 EtherCAT|WARN [EcatDrv_Task,438]: [EtherCATDriver ] No slaves found, -1, 1. fpga send & recv : 0, 0  
20260812-191204:982124984 EtherCAT|INFO [EcatDrv_Task,384]: [EtherCATDriver ] is find slave is -1   
20260812-191204:982155768 EtherCAT|WARN [EcatDrv_Task,438]: [EtherCATDriver ] No slaves found, -1, 1. fpga send & recv : 0, 0
20260812-191205:082119232 EtherCAT|INFO [EcatDrv_Task,384]: [EtherCATDriver ] is find slave is -1   
20260812-191205:082148456 EtherCAT|WARN [EcatDrv_Task,438]: [EtherCATDriver ] No slaves found, -1, 1. fpga send & recv : 0, 0  
20260812-191205:182104216 EtherCAT|INFO [EcatDrv_Task,384]: [EtherCATDriver ] is find slave is -1 
20260812-191205:182134352 EtherCAT|WARN [EcatDrv_Task,438]: [EtherCATDriver ] No slaves found, -1, 1. fpga send & recv : 0, 0  
20260812-191205:282104456 EtherCAT|INFO [EcatDrv_Task,384]: [EtherCATDriver ] is find slave is -1   
20260812-191205:282133408 EtherCAT|WARN [EcatDrv_Task,438]: [EtherCATDriver ] No slaves found, -1, 1. fpga send & recv : 0, 0
20260812-191205:382104608 EtherCAT|INFO [EcatDrv_Task,384]: [EtherCATDriver ] is find slave is -1   
20260812-191205:382133832 EtherCAT|WARN [EcatDrv_Task,438]: [EtherCATDriver ] No slaves found, -1, 1. fpga send & recv : 0, 0  
20260812-191205:482104528 EtherCAT|INFO [EcatDrv_Task,384]: [EtherCATDriver ] is find slave is -1 
20260812-191205:482134632 EtherCAT|WARN [EcatDrv_Task,438]: [EtherCATDriver ] No slaves found, -1, 1. fpga send & recv : 0, 0  
20260812-191205:582112744 EtherCAT|INFO [EcatDrv_Task,384]: [EtherCATDriver ] is find slave is -1   
20260812-191205:582143328 EtherCAT|WARN [EcatDrv_Task,438]: [EtherCATDriver ] No slaves found, -1, 1. fpga send & recv : 0, 0
20260812-191205:682104792 EtherCAT|INFO [EcatDrv_Task,384]: [EtherCATDriver ] is find slave is -1   
20260812-191205:682135768 EtherCAT|WARN [EcatDrv_Task,438]: [EtherCATDriver ] No slaves found, -1, 1. fpga send & recv : 0, 0  
20260812-191205:744138896 EtherCAT|INFO [EcatDrv_Task,384]: [EtherCATDriver ] is find slave is 1   
20260812-191205:744170512 EtherCAT|INFO [EcatDrv_Task,410]: [EtherCATDriver ] 1 slaves found.
20260812-191205:744192864 EtherCAT|INFO [EcatDrv_Task,413]: [EtherCATDriver ] Task state is SCAN turn to CONFIG  
20260812-191205:857104032 EtherCAT|INFO [ecx_config_init_spec,331]: Success get slave name. 
20260812-191205:857133048 EtherCAT|INFO [ecx_config_init_spec,336]: eep_id is 50335745, eep_man 3457, eep_rev 1, name is [RB200].   
20260812-191205:868148776 EtherCAT|INFO [EcatDrv_Task,464]: [EtherCATDriver ] Slave Init is successful
20260812-191205:870105328 EtherCAT|INFO [EcatDrv_Task,485]: [EtherCATDriver ] All Slaves in PRE_OP  
20260812-191205:870132992 EtherCAT|INFO [EcatDrv_Task,502]: ec_slave[i].name is [], [VEICHI], , , , , , [VEICHI] 
20260812-191205:870160704 EtherCAT|INFO [GetZeroErrorNumber,275]: Find ZeroErr Driver module number is 0  
20260812-191205:870188432 EtherCAT|INFO [EcatDrv_DebugInfoPrint,2186]: [EtherCATDriver ] Slave:1
20260812-191205:870211712 EtherCAT|INFO [EcatDrv_DebugInfoPrint,2187]: [EtherCATDriver ]  Name:VEICHI 
20260812-191205:870233352 EtherCAT|INFO [EcatDrv_DebugInfoPrint,2188]: [EtherCATDriver ]  State: 1 
20260812-191205:870254088 EtherCAT|INFO [EcatDrv_DebugInfoPrint,2189]: [EtherCATDriver ]  Delay: 0[ns] 
20260812-191205:870275352 EtherCAT|INFO [EcatDrv_DebugInfoPrint,2190]: [EtherCATDriver ]  Has DC: 1
20260812-191205:870297152 EtherCAT|INFO [EcatDrv_DebugInfoPrint,2191]: [EtherCATDriver ]  Itype: 3592 
20260812-191205:870319192 EtherCAT|INFO [EcatDrv_DebugInfoPrint,2192]: [EtherCATDriver ]  Aliasaddr: 0 
20260812-191205:870363064 EtherCAT|INFO [EcatDrv_DebugInfoPrint,2193]: [EtherCATDriver ]  DCParentport:0 
20260812-191205:870386288 EtherCAT|INFO [EcatDrv_DebugInfoPrint,2198]: [EtherCATDriver ]  Activeports:1.0.0.0
20260812-191205:870408608 EtherCAT|INFO [EcatDrv_DebugInfoPrint,2200]: [EtherCATDriver ]  Configured address: 1001 
20260812-191205:870431256 EtherCAT|INFO [EcatDrv_DebugInfoPrint,2202]: [EtherCATDriver ]  Man: 00000d81 ID: 03001001 Rev: 00000001 PDI: 00000001 
20260812-191205:870456384 EtherCAT|INFO [EcatDrv_DebugInfoPrint,2208]: [EtherCATDriver ]  SM0 A:1000 L: 256 F:00010026 Type:1
20260812-191205:870480768 EtherCAT|INFO [EcatDrv_DebugInfoPrint,2208]: [EtherCATDriver ]  SM1 A:1400 L: 256 F:00010022 Type:2 
20260812-191205:870504032 EtherCAT|INFO [EcatDrv_DebugInfoPrint,2208]: [EtherCATDriver ]  SM2 A:1800 L:   0 F:00010064 Type:3 
20260812-191205:870527296 EtherCAT|INFO [EcatDrv_DebugInfoPrint,2208]: [EtherCATDriver ]  SM3 A:1c00 L:   0 F:00010020 Type:4
20260812-191205:870550928 EtherCAT|INFO [EcatDrv_DebugInfoPrint,2213]: [EtherCATDriver ]  FMMUfunc 0:1 1:2 2:3 3:0 
20260812-191205:870573288 EtherCAT|INFO [EcatDrv_DebugInfoPrint,2214]: [EtherCATDriver ]  MBX length wr: 256 rd: 256 MBX protocols : 0c 
20260812-191205:870597472 EtherCAT|INFO [EcatDrv_DebugInfoPrint,2216]: [EtherCATDriver ]  CoE details: 0d FoE details: 01 EoE details: 00 SoE details: 00
20260812-191205:870620072 EtherCAT|INFO [EcatDrv_DebugInfoPrint,2218]: [EtherCATDriver ]  Ebus current: 0[mA]  only LRD/LWR:0 
20260812-191205:870641696 EtherCAT|INFO [EcatDrv_Task,622]: [EtherCATDriver ] Task state is CONFIG turn to MAPPING  
20260812-191205:944280808 EtherCAT|INFO [EcatDrv_Task,714]: [EtherCATDriver ] slave : 1 pdo re-map is needed
20260812-191205:994678232 EtherCAT|INFO [ecx_config_map_group,1354]: output context->slavelist[0].inputs is 0, Ibytes is 0, Obytes is 0  
20260812-191205:994709688 EtherCAT|INFO [ecx_config_map_group,1365]: output segmentsize is 0, currentsegment is 0, LogAddr is 0.  
20260812-191205:994735864 EtherCAT|INFO [ecx_config_map_group,1397]: Input slave is 1, BitPos is 0, diff is 273769564, segmentsize is 0  
20260812-191205:994785832 EtherCAT|INFO [ecx_config_map_group,1448]: context->slavelist[0].inputs is 275993164, 0, 0  
20260812-191205:995802632 EtherCAT|INFO [ecx_config_map_group,1462]: input segmentsize is 0, currentsegment is 0, LogAddr is 0  
20260812-191205:995848248 EtherCAT|INFO [EcatDrv_Task,756]: [EtherCATDriver ] All slaves reach in SAFE-OP  
20260812-191205:995872584 EtherCAT|INFO [EcatDrv_Task,779]: [EtherCATDriver ] Slave:1
20260812-191205:995893512 EtherCAT|INFO [si_map_sdo,1898]: [EtherCATDriver ] PDO mapping according to CoE : 
20260812-191205:998140008 EtherCAT|INFO [si_map_sdo,1948]: [EtherCATDriver ]   SM2 outputs 
20260812-191205:998169136 EtherCAT|INFO [si_map_sdo,1949]: [EtherCATDriver ]      addr b   index: sub bitl data_type    name 
20260812-191205:999152856 EtherCAT|INFO [si_map_sdo,1959]: [EtherCATDriver ]   SM3 inputs
20260812-191205:999178776 EtherCAT|INFO [si_map_sdo,1960]: [EtherCATDriver ]      addr b   index: sub bitl data_type    name 
20260812-191206:000182264 EtherCAT|INFO [EcatDrv_Task,822]: [EtherCATDriver ] Set running flag  
20260812-191206:002085872 EtherCAT|INFO [EcatDrv_Task,829]: [EtherCATDriver ] All slaves reach in OP status successful!
20260812-191206:002109576 EtherCAT|INFO [EcatDrv_Task,835]: [EtherCATDriver ] Task state is CONFIG turn to NORMAL  
20260812-191206:003068928 EtherCAT|WARN [CANopenModule_ThreadEntry,352]: [CANopenModule  ] WARN : EtherCAT slave num less than robot axes, expected axis slaves :7, actually slaves :1  
20260812-191206:004135248 EtherCAT|INFO [NrtData_ReadSwVersion_VEICHI,569]: slave : 1 Sw-Vesrion : VEICHI1-SW_V13458_01213. 
20260812-191206:004188408 EtherCAT|INFO [CANopenModule_GetVersion,848]: [CANopenModule  ] slave : 0 Sw-Vesrion : VEICHI1-SW_V13458_01213  
20260812-191206:007119584 EtherCAT|INFO [NrtData_ReadHwVersion_VEICHI,528]: slave : 1 Hw-Vesrion : VEICHI1-HW_VA1.2  
20260812-191206:007146696 EtherCAT|INFO [CANopenModule_GetVersion,853]: [CANopenModule  ] slave : 0 Hw-Vesrion : VEICHI1-HW_VA1.2
20260812-191206:009054576 MCLink|INFO [mclink_set_system_status,171]: ----------------------system enter status 5 ------------------------ 
20260812-191206:010094256 EtherCAT|INFO [CANopenModule_ThreadEntry,422]: [CANopenModule  ] Get slave Version is done  
20260812-191206:010118328 EtherCAT|INFO [CANopenModule_ThreadEntry,423]: [CANopenModule  ] Task state is RESOURCE_CHK turn to RUN
20260812-191206:044082176 EtherCAT|INFO [EcatDrv_Task,943]: [EtherCATDriver ] Task state is NORMAL turn to IDLE  
20260812-191208:051084776 RobotExcepMonitor|ERROR [EstopDistribute,726]: EC restart success   
20260812-191208:051750824 RobotExcepMonitor|ERROR [EthercatCommErrDistribute,2262]: ethercat comm error send message to system !   
20260812-191208:051784184 SysExcep|INFO [SystemExceptionCaptureTask,83]: state = 2, error id = -5030,error_level = 4, VD_type = 0  
20260812-191208:051811408 SysExcep|INFO [SystemExceptionCaptureTask,86]: VD_index = [0,0,-1], Severity = 1  
20260812-191208:051840808 RobotExcepMsgCapture|INFO [RobotExceptionCaptureTask,193]: state = 2, error code = -5030,error_level = 4, VD_type = 0 
20260812-191208:051866472 RobotExcepMsgCapture|INFO [RobotExceptionCaptureTask,198]: VD_index = [0,0,-1],Severity = 1  
20260812-191208:052416952 BackToPath|INFO [BackToPathRecordCMDPose,394]: need_back_to_path_flag is 0, current joint cmd is [0.000000, 0.000000, 0.000000, 0.000000, 0.000000, 0.000000]  
20260812-191208:052453752 RapidStop|INFO [CfgRobotRapidStop,674]: rapid stop joint 
20260812-191208:053523696 RCTASKS|INFO [RobotWaitRapidStopFinishTask,405]: get rapid stop finished semaphore 
20260812-194109:719674472 LogicAddr|INFO [LgAddr_GetHardwareType,1173]: hardware type is Comm-E  
20260812-194109:719722728 LogicAddr|INFO [LgAddr_GetHardwareType,1173]: hardware type is Comm-E 
20260812-194109:725354576 LogicAddr|INFO [LgAddr_GetLinuxIp,1242]: Get Linux IP success = 192.168.10.120, 0x780aa8c0  
20260812-194109:725409544 LogicAddr|INFO [LgAddr_GetHardwareType,1173]: hardware type is Comm-E  
20260812-194109:725449192 LogicAddr|INFO [LgAddr_GetHardwareType,1173]: hardware type is Comm-E 
20260812-194153:104774496 SYSINI|INFO [ShowSystemVersionAndLogo,44]: *******************************************************  
20260812-194153:104810632 SYSINI|INFO [ShowSystemVersionAndLogo,45]:  
20260812-194153:105372432 SYSINI|INFO [ShowSystemVersionAndLogo,46]: ╔══════════╗  ╔═╗   ╔═╗   ╔════╗       ╔════╗
20260812-194153:107455664 SYSINI|INFO [ShowSystemVersionAndLogo,47]: ║  ╔════╗  ║  ║   ║  ║    ║  ║ ║       ║ ║  ║ 
20260812-194153:109538936 SYSINI|INFO [ShowSystemVersionAndLogo,48]: ║  ║    ║  ║  ║  ║   ║    ║  ║  ║     ║  ║  ║ 
20260812-194153:111621912 SYSINI|INFO [ShowSystemVersionAndLogo,49]: ║  ║    ║  ║  ║ ║    ║    ║  ║   ║   ║   ║  ║
20260812-194153:113705312 SYSINI|INFO [ShowSystemVersionAndLogo,50]: ║  ║    ║  ║  ║╚═╝   ║    ║  ║    ║ ║    ║  ║ 
20260812-194153:115788456 SYSINI|INFO [ShowSystemVersionAndLogo,51]: ║  ║    ║  ║  ║  ║   ╚═╗  ║  ║     ║     ║  ║ 
20260812-194153:117871696 SYSINI|INFO [ShowSystemVersionAndLogo,52]: ║  ╚══     ╝  ║   ║    ║  ║  ║   ║   ║   ║  ║
20260812-194153:119954864 SYSINI|INFO [ShowSystemVersionAndLogo,53]: ║        ╚╗   ║    ║  ╔╝  ║  ║           ║  ║ 
20260812-194153:122038016 SYSINI|INFO [ShowSystemVersionAndLogo,54]: ╚═══════╝ ╚   ╚═╝   ╚═╝   ╚═══           ═══╝ 
20260812-194153:124121184 SYSINI|INFO [ShowSystemVersionAndLogo,55]: 
20260812-194153:126204472 SYSINI|INFO [ShowSystemVersionAndLogo,57]: Booting RTEMS on physical CPU 0x0 
20260812-194153:128287616 SYSINI|INFO [ShowSystemVersionAndLogo,59]: RTEMS version: rtems-5.3.0 (ARM/ARMv4/xilinx_zynq_zedboard) 
20260812-194153:130371024 SYSINI|INFO [ShowSystemVersionAndLogo,62]: Comm RTEMS Build Information : V_2_4_697141004 2026-07-08 16:30:00 
20260812-194153:132454056 SYSINI|INFO [ShowSystemVersionAndLogo,63]:  
20260812-194153:134537272 SYSINI|INFO [ShowSystemVersionAndLogo,64]: *******************************************************  
20260812-194153:136620416 SYSINI|INFO [ShowSystemVersionAndLogo,65]:  
20260812-194153:138703784 Platform|INFO [InitPlatform,60]: CPU0 and CPU1 L2 cache lockdown configure to 3:5
20260812-194153:140788872 HAL_ZYNQ|INFO [HalInitFpga,425]: FPGA work well!  
20260812-194153:142870736 Platform|INFO [InitPlatform,166]: Zynq platform initial successful!  
20260812-194153:144954144 RTEMS_SHELL|INFO [InitRtemsShell,91]: ==================== 
20260812-194153:147036544 RTEMS_SHELL|INFO [InitRtemsShell,92]: Starting RTEMS shell 
20260812-194153:149119728 RTEMS_SHELL|INFO [InitRtemsShell,93]: ==================== 
20260812-194153:149998576 SYSINI|INFO [InitSystemLog,79]: system log initial successful!  
20260812-194153:150026624 SyslogConsole|INFO [syslog_console_backend_init,54]: slog console backend registered 
20260812-194153:409610272 MCLink|INFO [show_mclink_infomation,40]: *******************************************************  
20260812-194153:409634776 MCLink|INFO [show_mclink_infomation,41]:                                                          
20260812-194153:409655792 MCLink|INFO [show_mclink_infomation,42]:               |     |  |\   |  | /                    
20260812-194153:409676608 MCLink|INFO [show_mclink_infomation,43]:               |     |  | \  |  |/                       
20260812-194153:409696824 MCLink|INFO [show_mclink_infomation,44]:               |     |  |  \ |  |\                      
20260812-194153:409716168 MCLink|INFO [show_mclink_infomation,45]:               |___  |  |   \|  | \                   
20260812-194153:409735736 MCLink|INFO [show_mclink_infomation,46]:                                                          
20260812-194153:409756856 MCLink|INFO [show_mclink_infomation,55]: MCLink Information : V_2_2_5  
20260812-194153:409777216 MCLink|INFO [show_mclink_infomation,57]:                                                        
20260812-194153:409797384 MCLink|INFO [show_mclink_infomation,58]: *******************************************************  
20260812-194153:410074952 MCLink|INFO [mclink_init,250]: RTEMS MCLink intialized, start daemon tasks  
20260812-194153:410120608 MCLink|INFO [mclink_set_system_status,171]: ----------------------system enter status 0 ------------------------
20260812-194153:410144976 MCLink|WARN [mclink_ready_notify,164]: mclink rpmsg channel not ready  
20260812-194153:410191952 PMAIN|INFO [Init,320]: rest task initial successful  
20260812-194153:429941104 MCLink|INFO [mclink_task_entry,121]: Successfully created rpmsg endpoint.  
20260812-194153:429968168 MCLink|INFO [mclink_task_entry,122]: Init remoteproc resource done, Waiting for Linux events...
20260812-194153:430000496 MCLink|INFO [data_receive_task_entry,28]: data_receive_task_entry   
20260812-194153:430027376 MCLink|INFO [heartbeat_task_entry,219]: heartbeat task entry 
20260812-194153:430060576 MCLink|INFO [console_task_entry,25]: console task entry   
20260812-194153:430085056 MCLink|INFO [event_task_entry,24]: event task entry   
20260812-194153:430111664 MCLink|INFO [nonblock_task_entry,28]: nonblock task entry 
20260812-194153:430135928 MCLink|INFO [fs_task_entry,189]: fs task entry   
20260812-194153:430224824 SYSLOG|INFO [syslog_isr_task_entry,755]: log isr task entry 
20260812-194153:603904304 MCLink|ERROR [mclink_get_file,629]: remote file:try to open /tmp/config_path failed  
20260812-194153:605637352 MCLink|INFO [on_private_sync_time_func_callback,311]: UUID: -e078-4a80-93d6-15bb8c93f065
20260812-194153:605666032 MCLink|WARN [on_private_sync_time_func_callback,316]: sync time failed:Invalid argument 
20260812-194153:605708008 MCLink|INFO [on_private_sync_time_func_callback,319]: sync time to: Fri Jan  1 00:00:03 1988 
20260812-194153:706453376 MCLink|INFO [InitConfigFile_path,248]: finally:get config path is /media/flash/Syscfg/ 
20260812-194153:725365224 MCLink|INFO [mclink_get_config,304]: get config file: /media/flash/Syscfg/Controller.qxml successful  
20260812-194153:771359456 MCLink|INFO [mclink_get_config,304]: get config file: /media/flash/Syscfg/Robot1.qxml successful  
20260812-194153:772185984 MCLink|ERROR [mclink_get_file,629]: remote file:try to open /media/flash/Syscfg/Robot2.qxml failed 
20260812-194153:772211488 MCLink|ERROR [mclink_get_config,300]: get config file: /media/flash/Syscfg/Robot2.qxml failed  
20260812-194153:775005424 MCLink|INFO [mclink_get_config,304]: get config file: /media/flash/Syscfg/Commission.qxml successful  
20260812-194153:778595936 MCLink|INFO [mclink_get_config,304]: get config file: /media/flash/Syscfg/Calibration1.qxml successful 
20260812-194153:779593208 MCLink|ERROR [mclink_get_file,629]: remote file:try to open /media/flash/Syscfg/Calibration2.qxml failed  
20260812-194153:779617872 MCLink|ERROR [mclink_get_config,300]: get config file: /media/flash/Syscfg/Calibration2.qxml failed  
20260812-194153:783263176 MCLink|INFO [mclink_get_config,304]: get config file: /media/flash/Syscfg/Model1.qxml successful 
20260812-194153:784086056 MCLink|ERROR [mclink_get_file,629]: remote file:try to open /media/flash/Syscfg/Model2.qxml failed  
20260812-194153:784110848 MCLink|ERROR [mclink_get_config,300]: get config file: /media/flash/Syscfg/Model2.qxml failed  
20260812-194153:784926576 MCLink|ERROR [mclink_get_file,629]: remote file:try to open /media/flash/Syscfg/Robot_signature.qxml failed 
20260812-194153:784950648 MCLink|ERROR [mclink_get_config,300]: get config file: /media/flash/Syscfg/Robot_signature.qxml failed  
20260812-194154:024762656 MCLink|INFO [mclink_get_config,319]: get other file: /media/flash/Description/SysLabel_EN.qxml successful  
20260812-194154:240839096 MCLink|INFO [mclink_get_config,319]: get other file: /media/flash/Description/SysLabel_CN.qxml successful 
20260812-194154:517558368 CTL_DISP|WARN [controller_dispatcher,1877]: IDN configuration file did not load 
20260812-194155:109496448 MCLink|INFO [create_binding_task,181]: create block chl task, binding to robot0  
20260812-194155:109562696 MCLink|INFO [create_binding_task,181]: create block chl task, binding to robot1  
20260812-194155:109615512 MCLink|INFO [create_binding_task,181]: create block chl task, binding to robot2
20260812-194155:109667536 MCLink|INFO [create_binding_task,181]: create block chl task, binding to robot3  
20260812-194155:109721264 MCLink|INFO [mclink_set_system_status,171]: ----------------------system enter status 1 ------------------------ 
20260812-194155:110743864 Async|INFO [AsyncProtoMd_ThreadInit,1153]: Async md thread 1296323160 has create 
20260812-194155:110817856 Async|INFO [AsyncProtoMd_StartupThread,1174]: Async md thread 1296323160 has start, ret=0  
20260812-194155:110880464 Async|INFO [AsyncProtoMd_ThreadInit,1153]: Async md thread 1179208773 has create  
20260812-194155:110912096 Async|INFO [AsyncProtoMd_StartupThread,1174]: Async md thread 1179208773 has start, ret=0  
20260812-194155:110966536 Async|INFO [AsyncProtoMd_ThreadInit,1153]: Async md thread 1179866200 has create 
20260812-194155:110996728 Async|INFO [AsyncProtoMd_StartupThread,1174]: Async md thread 1179866200 has start, ret=0  
20260812-194155:111033488 SYSINI|INFO [InitQnetAsync,135]: QNET Async protocol module create successful  
20260812-194155:111057832 SyslogRemoteFlash|INFO [syslog_flash_backend_init,61]: slog remote flash backend registered  
20260812-194155:519813432 CTL_DISP|WARN [controller_dispatcher,1877]: IDN configuration file did not load
20260812-194155:555300592 ConfigFile|INFO [ConfigFile_GetRequesetModelTimeout,4904]: Has found request model timeout tmp:2000 value: 2000  
20260812-194155:560167072 ConfigFile|INFO [ConfigFile_GetModel,433]: Model HE3-0900-3657-00GY subModel 1 g_mode_invalid 0 
20260812-194155:560209272 LogicAddr|INFO [LgAddr_GetHardwareType,1173]: hardware type is Comm-E 
20260812-194155:560295664 ConfigFile|INFO [ConfigFile_GetRobotType,4597]: Find robot type is 19  
20260812-194155:560392672 LogicAddr|INFO [LgAddr_Init,146]: finally，total_node = 9  
20260812-194155:560416728 LogicAddr|INFO [LgAddr_Init,147]: finally，local_node_id = 1  
20260812-194155:560437776 LogicAddr|INFO [LgAddr_Init,148]: finally，controller_node_id = 1  
20260812-194155:560458672 LogicAddr|INFO [LgAddr_Init,150]: finally，robot_id = 1 
20260812-194155:560478232 LogicAddr|INFO [LgAddr_Init,151]: finally，robot type = 19  
20260812-194155:560499112 LogicAddr|INFO [LgAddr_Init,152]: finally，axis number = 7  
20260812-194155:560518304 LogicAddr|INFO [LgAddr_Init,154]: finally，conveyor number = 4  
20260812-194155:560537696 LogicAddr|INFO [LgAddr_Init,155]: finally，conveyor tracking number = 4 
20260812-194155:560558624 SYSINI|INFO [InitLogicAddrManager,258]: Logic addr manager init successful  
20260812-194155:562693456 hash_idn|INFO [init_hash_table_module,56]: hash table module 1 init  
20260812-194155:573515328 profile|INFO [profile_idn_init,477]: profile idn init 
20260812-194155:575745928 SYSLOG|INFO [syslog_idn_init,461]: syslog idn init 
20260812-194155:617251664 IDN_ROBOT|INFO [InitRobotIDN,335]: Init robot idn successful 
20260812-194155:617569696 IDN_ROBOT|INFO [InitRobotIDN,344]: register servo module successful  
20260812-194155:617595032 SysConfig|ERROR [InitIDN,107]: Init robot idn successful 
20260812-194155:618739888 LogicAddr|INFO [LgAddr_GetHardwareType,1173]: hardware type is Comm-E  
20260812-194155:618800472 IDN_NETWORK|WARN [NetworkIDN_Callback,764]: IDN set IP fail due to libbsd not start 
20260812-194155:705678912 EMINoBuffer|INFO [ClearEMINoBuffer,113]: Call ClearEMINoBuffer! 
20260812-194155:705718816 EMI|INFO [EMISetParameter,565]: Set EMI parameter scenes is 0, period_time is 0.008000, open_check_timeout_flag is 0, repeat_count is 0.  
20260812-194155:705782504 EMI|INFO [EMISetParameter,668]: period time is 0.008000, period count = 8. 
20260812-194155:706064104 EMI|INFO [EMISetParameter,565]: Set EMI parameter scenes is 0, period_time is 0.016000, open_check_timeout_flag is 0, repeat_count is 0.  
20260812-194155:706097312 EMI|INFO [EMISetParameter,668]: period time is 0.016000, period count = 16.  
20260812-194155:770602096 Dyna|ERROR [DynamicBaseIDNHandler,1567]: [DynamicBaseIDNHandler:1567] Dynamic base idn handler write failed 79. 
20260812-194155:835414376 FCTL|INFO [DynamicForceControlIDNWriteHandler,1687]: Force sensor set 0x00, force sensor ready.  
20260812-194155:890436784 nodeinfo|INFO [nodeinfo_idn_handler,99]: ignore hardware type is false, Node type reconfigure to 0x89 
20260812-194155:890634096 nodeinfo|INFO [nodeinfo_idn_handler,115]: Node type configure to 0x89
20260812-194155:894151176 CTL_DISP|ERROR [single_instance_dispatch,1157]: param mainindex:1 exceed total_mainins:0 
20260812-194155:907112704 LogicAddr|INFO [LgAddr_GetHardwareType,1173]: hardware type is Comm-E  
20260812-194155:907194976 LogicAddr|INFO [LgAddr_GetHardwareType,1173]: hardware type is Comm-E  
20260812-194155:907224736 IDN_NETWORK|WARN [NetworkIDN_Callback,783]: IDN set mask fail due to libbsd not start
20260812-194155:907292568 LogicAddr|INFO [LgAddr_GetHardwareType,1173]: hardware type is Comm-E  
20260812-194155:907322144 IDN_NETWORK|WARN [NetworkIDN_Callback,802]: IDN set gateway fail due to libbsd not start  
20260812-194155:907509272 LogicAddr|INFO [LgAddr_GetHardwareType,1173]: hardware type is Comm-E 
20260812-194155:912878912 NETWORK_IDN|WARN [NetworkIdn_Handler,123]: [NetworkIdn_Handler:123] Not match the project : USE_ETHERCAT_NETWORK = 1, module = 521  
20260812-194155:912924232 LogicAddr|INFO [LgAddr_GetHardwareType,1173]: hardware type is Comm-E  
20260812-194155:912969016 LogicAddr|INFO [LgAddr_GetHardwareType,1173]: hardware type is Comm-E  
20260812-194155:917087992 LogicAddr|INFO [LgAddr_GetHardwareType,1173]: hardware type is Comm-E 
20260812-194155:917139664 LogicAddr|INFO [LgAddr_GetHardwareType,1173]: hardware type is Comm-E  
20260812-194155:921140408 LogicAddr|INFO [LgAddr_GetHardwareType,1173]: hardware type is Comm-E  
20260812-194155:921193352 LogicAddr|INFO [LgAddr_GetHardwareType,1173]: hardware type is Comm-E  
20260812-194155:925324776 LogicAddr|INFO [LgAddr_GetHardwareType,1173]: hardware type is Comm-E 
20260812-194155:925377616 LogicAddr|INFO [LgAddr_GetHardwareType,1173]: hardware type is Comm-E  
20260812-194155:929504224 LogicAddr|INFO [LgAddr_GetHardwareType,1173]: hardware type is Comm-E  
20260812-194155:929556432 LogicAddr|INFO [LgAddr_GetHardwareType,1173]: hardware type is Comm-E  
20260812-194155:929742368 LogicAddr|INFO [LgAddr_GetHardwareType,1173]: hardware type is Comm-E 
20260812-194155:929809976 LogicAddr|INFO [LgAddr_GetHardwareType,1173]: hardware type is Comm-E  
20260812-194155:929975832 LogicAddr|INFO [LgAddr_GetHardwareType,1173]: hardware type is Comm-E  
20260812-194155:930016632 LogicAddr|INFO [LgAddr_GetHardwareType,1173]: hardware type is Comm-E  
20260812-194155:930067528 LogicAddr|INFO [LgAddr_GetHardwareType,1173]: hardware type is Comm-E 
20260812-194155:930247776 LogicAddr|INFO [LgAddr_GetHardwareType,1173]: hardware type is Comm-E  
20260812-194155:930285928 ConfigFile|INFO [InitLoadConfigFile,276]: Load all configure file successful  
20260812-194155:930374016 MCLink|INFO [mclink_set_system_status,171]: ----------------------system enter status 2 ------------------------ 
20260812-194155:934190544 LogicAddr|INFO [LgAddr_GetHardwareType,1173]: hardware type is Comm-E 
20260812-194155:934224648 SysConfig|INFO [NetworkConfig,143]: Update mac1 from flash successful 0x90a300eba2b4, 0x91a300eba2b4  
20260812-194155:934261128 LogicAddr|INFO [LgAddr_GetHardwareType,1173]: hardware type is Comm-E  
20260812-194156:524052192 LogicAddr|INFO [LgAddr_GetHardwareType,1173]: hardware type is Comm-E  
20260812-194156:524265416 LogicAddr|INFO [LgAddr_GetHardwareType,1173]: hardware type is Comm-E 
20260812-194156:525681144 LogicAddr|INFO [LgAddr_GetHardwareType,1173]: hardware type is Comm-E 
20260812-194157:093999176 SysConfig|INFO [NetworkConfig,164]: Now libbsd started， ready to config IP in IDN 
20260812-194157:094105232 LogicAddr|INFO [LgAddr_GetHardwareType,1173]: hardware type is Comm-E 
20260812-194157:112320816 LogicAddr|INFO [LgAddr_Config,333]: LgAddr Update port 1 bd addr 192.168.10.255
20260812-194157:112403584 LogicAddr|INFO [LgAddr_GetHardwareType,1173]: hardware type is Comm-E  
20260812-194157:112445792 LogicAddr|INFO [LgAddr_GetHardwareType,1173]: hardware type is Comm-E 
20260812-194157:138105288 SysConfig|INFO [NetworkConfig,180]: port1 ip 192.168.10.101, port1 mask 255.255.255.0
20260812-194157:138204664 EtherCAT|INFO [IO_PwrEnOutput,498]: [CoE_IoTask     ] pwr_en : [1, 80 is 3, 5c is 4]  
20260812-194157:138232688 EtherCAT|INFO [IO_PwrEnOutput,503]: [CoE_IoTask     ] pwr_en : [1, 80 is 3, 5c is 4] 
20260812-194157:169349104 ServoPosition|INFO [ClearServoPosition,827]: EMI ServoPosition:Clear servo position! 
20260812-194157:177307704 FCTL|INFO [InitForceCtl,126]: Init force control success! 
20260812-194157:185344592 Jog|INFO [InitRobotJog,82]: [JOG_DIAG] init robot=0 Td=0.100000 t_seg=100 Speed=0.000000 limit_per=10.000000 cart_trans_spd_limit=250.000000 cart_rot_spd_limit=0.000000
20260812-194157:185428616 Jog|INFO [InitRobotJog,92]: [JOG_DIAG] init_profile robot=0 prf.acc=50.000000 prf.dec=50.000000 prf.accramp=0.100000 prf.decramp=0.100000 acc_delta_per=10.000000 anticipation_enable=1 anticipation_dis=0.500000
20260812-194157:201857512 RobotExcepMsgCapture|INFO [CreateRobotExceptionQueue,429]: create robot exception msg queue successful! 
20260812-194157:222404272 RobotExcepMsgCapture|INFO [CreateAndRunRobotExceptionCaptureTask,454]: create robot exception capture task successful!  
20260812-194157:222467288 RobotExcepMsgCapture|INFO [CreateAndRunRobotExceptionCaptureTask,468]: start robot exception capture task successful!  
20260812-194157:222514536 RobotExcepMonitor|INFO [CreateAndRunRobotExceptionMonitorTask,2514]: create robot exception monitor task successful! 
20260812-194157:222544576 RobotExcepMonitor|INFO [CreateAndRunRobotExceptionMonitorTask,2526]: start robot exception monitor task successful!  
20260812-194157:233897384 RobotExcepAction|INFO [CreateAndRunRobotExceptionCheckStateTask,1091]: create robot exception check state task successful!  
20260812-194157:233930448 RobotExcepAction|INFO [CreateAndRunRobotExceptionCheckStateTask,1103]: start robot exception check state task successful! 
20260812-194157:234024544 PWR_SEQ|INFO [CreatePwrSeqQueue,2192]: create pwr seq power on msg queue successful !  
20260812-194157:271884608 PWR_SEQ|INFO [CreatePwrSeqQueue,2209]: create pwr seq power off msg queue successful !  
20260812-194157:271936272 PWR_SEQ|INFO [CreateAndRunPwrSeqTask,2148]: create pwr seq task successful!  
20260812-194157:271969152 PWR_SEQ|INFO [CreateAndRunPwrSeqTask,2160]: start pwr seq task successful! 
20260812-194157:272014792 RobotVDStateMag|INFO [CreateAndRunRobotVDStateManagerTask,1000]: create robot vd state manager task successful!  
20260812-194157:272052832 RobotVDSM|INFO [ST_RobotVDInitializeInProgressState,1396]: robot vd: initialize in progress state  
20260812-194157:310508216 RobotVDStateMag|INFO [CreateAndRunRobotVDStateManagerTask,1012]: start robot vd state manager task successful! 
20260812-194157:404789336 pre_read|INFO [CreateRobotMotionStateQueue,62]: create robot motion state msg queue successful! 
20260812-194157:410515824 watchdog|INFO [InitWatchDog,31]: watch_dog_enable = 1 watch_dog_period=20 
20260812-194202:418854912 APPMAIN|ERROR [app_main,128]: slave is 1 
20260812-194202:418921576 APPMAIN|ERROR [app_main,128]: slave is 2  
20260812-194202:418947088 robot_app|ERROR [GetRealSlaveIndex,353]: Invalid robot id 1, robot number is 1! 
20260812-194202:418970184 APPMAIN|ERROR [app_main,128]: slave is 0  
20260812-194202:418990896 robot_app|ERROR [GetRealSlaveIndex,353]: Invalid robot id 1, robot number is 1! 
20260812-194202:419011584 APPMAIN|ERROR [app_main,128]: slave is 0 
20260812-194202:419033008 APPMAIN|ERROR [app_main,135]: slve is 1, id is 0, joint index is 0  
20260812-194202:419054704 APPMAIN|ERROR [app_main,135]: slve is 2, id is 0, joint index is 1  
20260812-194202:419075904 APPMAIN|ERROR [app_main,135]: slve is 3, id is 0, joint index is 2  
20260812-194202:419523056 APPMAIN|ERROR [app_main,135]: slve is 4, id is 0, joint index is 3 
20260812-194202:489594016 timer trigger|INFO [timer_trigger_task_init,210]: create timer tigger task successful! 
20260812-194202:489695064 timer trigger|INFO [timer_trigger_task,149]: create timer trigger queue successful!  
20260812-194202:489724144 timer trigger|INFO [timer_trigger_task_init,221]: start timer tigger task successful! 
20260812-194202:499039512 CAN|INFO [CanStackModule_Init,82]: [CANStack      ] CAN 1 init
20260812-194202:531914216 CAN|INFO [CanProtoZe_CreateTask,196]: [CANStack       ] Create can ZE task success
20260812-194202:531994704 CAN|INFO [CanServ_SetProtocolHook,87]: [CANStack       ] Can protocol hook set success  
20260812-194202:532098016 CP-IP|INFO [IPCommission_FunctionInit,1137]: Wait Comm-E is init finish. 
20260812-194202:661812248 EtherCAT|INFO [CANopenModule_SlavePower,714]: [CANopenModule  ] Slave power state 1 turn to 0, 1, [30 is 7779, 80 is 3, 34 is 3]
20260812-194202:663775904 EtherCAT|INFO [CANopenModule_ThreadEntry,190]: [CANopenModule  ] Task state is WAITING turn to ECAT_INIT  
20260812-194202:663805376 EtherCAT|ERROR [CANopenModule_PwrOffHandle,606]: [CANopenModule  ] power status change = 1   
20260812-194202:665802184 EtherCAT|INFO [EcatDrv_CreateDrvObject,179]: [EtherCATDriver ] CoE create object successful
20260812-194202:665859848 EtherCAT|INFO [CANopenModule_ThreadEntry,248]: [CANopenModule  ] Task state is ECAT_INIT turn to INIT  
20260812-194202:667806768 EtherCAT|INFO [RTT_EcatEntry,140]: [CANopenRtTask  ] EcatRTT sem create success  
20260812-194202:667847928 EtherCAT|INFO [CANopenModule_ThreadEntry,272]: [CANopenModule  ] Task state is INIT turn to RESOURCE_CFG
20260812-194202:671830504 EtherCAT|INFO [CANopenModule_SlavePower,723]: [CANopenModule  ] Slave power state 2 turn to 1, 1, [30 is 7779, 80 is 3, 34 is 3]
20260812-194202:765785128 EtherCAT|INFO [EcatDrv_CheckEvent,1232]: coe_event is 4, pre is 0  
20260812-194202:765956336 EtherCAT|INFO [EcatDrv_Task,347]: [EtherCATDriver ] ec_init on cgem1 succeeded. 
20260812-194202:765983864 EtherCAT|INFO [EcatDrv_Task,350]: [EtherCATDriver ] Task state is INIT turn to SCAN
20260812-194202:865885592 EtherCAT|INFO [EcatDrv_Task,384]: [EtherCATDriver ] is find slave is 7   
20260812-194202:865917944 EtherCAT|INFO [EcatDrv_Task,410]: [EtherCATDriver ] 7 slaves found.  
20260812-194202:865941856 EtherCAT|INFO [EcatDrv_Task,413]: [EtherCATDriver ] Task state is SCAN turn to CONFIG
20260812-194202:977831696 EtherCAT|INFO [ecx_config_init_spec,331]: Success get slave name. 
20260812-194202:977880288 EtherCAT|INFO [ecx_config_init_spec,336]: eep_id is 50335745, eep_man 3457, eep_rev 1, name is [RB200].  
20260812-194203:005856112 EtherCAT|INFO [EcatDrv_Task,464]: [EtherCATDriver ] Slave Init is successful
20260812-194203:007834328 EtherCAT|INFO [EcatDrv_Task,485]: [EtherCATDriver ] All Slaves in PRE_OP  
20260812-194203:007859096 EtherCAT|INFO [EcatDrv_Task,502]: ec_slave[i].name is [], [VEICHI], VEICHI, VEICHI, VEICHI, VEICHI, VEICHI, [null] 
20260812-194203:007885192 EtherCAT|INFO [GetZeroErrorNumber,275]: Find ZeroErr Driver module number is 0 
20260812-194203:037830776 EtherCAT|INFO [EcatDrv_DebugInfoPrint,2186]: [EtherCATDriver ] Slave:1 
20260812-194203:037858352 EtherCAT|INFO [EcatDrv_DebugInfoPrint,2187]: [EtherCATDriver ]  Name:VEICHI 
20260812-194203:037881024 EtherCAT|INFO [EcatDrv_DebugInfoPrint,2188]: [EtherCATDriver ]  State: 1 
20260812-194203:037901744 EtherCAT|INFO [EcatDrv_DebugInfoPrint,2189]: [EtherCATDriver ]  Delay: 0[ns]
20260812-194203:037921656 EtherCAT|INFO [EcatDrv_DebugInfoPrint,2190]: [EtherCATDriver ]  Has DC: 1 
20260812-194203:037941096 EtherCAT|INFO [EcatDrv_DebugInfoPrint,2191]: [EtherCATDriver ]  Itype: 3592 
20260812-194203:037962176 EtherCAT|INFO [EcatDrv_DebugInfoPrint,2192]: [EtherCATDriver ]  Aliasaddr: 0 
20260812-194203:037982336 EtherCAT|INFO [EcatDrv_DebugInfoPrint,2193]: [EtherCATDriver ]  DCParentport:0
20260812-194203:038002472 EtherCAT|INFO [EcatDrv_DebugInfoPrint,2198]: [EtherCATDriver ]  Activeports:1.1.0.0 
20260812-194203:038023896 EtherCAT|INFO [EcatDrv_DebugInfoPrint,2200]: [EtherCATDriver ]  Configured address: 1001 
20260812-194203:038044904 EtherCAT|INFO [EcatDrv_DebugInfoPrint,2202]: [EtherCATDriver ]  Man: 00000d81 ID: 03001001 Rev: 00000001 PDI: 00000001
20260812-194203:038069424 EtherCAT|INFO [EcatDrv_DebugInfoPrint,2208]: [EtherCATDriver ]  SM0 A:1000 L: 256 F:00010026 Type:1 
20260812-194203:038092816 EtherCAT|INFO [EcatDrv_DebugInfoPrint,2208]: [EtherCATDriver ]  SM1 A:1400 L: 256 F:00010022 Type:2 
20260812-194203:038115928 EtherCAT|INFO [EcatDrv_DebugInfoPrint,2208]: [EtherCATDriver ]  SM2 A:1800 L:   0 F:00010064 Type:3
20260812-194203:038137496 EtherCAT|INFO [EcatDrv_DebugInfoPrint,2208]: [EtherCATDriver ]  SM3 A:1c00 L:   0 F:00010020 Type:4 
20260812-194203:038160032 EtherCAT|INFO [EcatDrv_DebugInfoPrint,2213]: [EtherCATDriver ]  FMMUfunc 0:1 1:2 2:3 3:0 
20260812-194203:038180664 EtherCAT|INFO [EcatDrv_DebugInfoPrint,2214]: [EtherCATDriver ]  MBX length wr: 256 rd: 256 MBX protocols : 0c
20260812-194203:038203096 EtherCAT|INFO [EcatDrv_DebugInfoPrint,2216]: [EtherCATDriver ]  CoE details: 0d FoE details: 01 EoE details: 00 SoE details: 00 
20260812-194203:038225368 EtherCAT|INFO [EcatDrv_DebugInfoPrint,2218]: [EtherCATDriver ]  Ebus current: 0[mA]  only LRD/LWR:0 
20260812-194203:038245256 EtherCAT|INFO [EcatDrv_DebugInfoPrint,2186]: [EtherCATDriver ] Slave:2
20260812-194203:038264152 EtherCAT|INFO [EcatDrv_DebugInfoPrint,2187]: [EtherCATDriver ]  Name:VEICHI 
20260812-194203:038283544 EtherCAT|INFO [EcatDrv_DebugInfoPrint,2188]: [EtherCATDriver ]  State: 1 
20260812-194203:038302368 EtherCAT|INFO [EcatDrv_DebugInfoPrint,2189]: [EtherCATDriver ]  Delay: 0[ns] 
20260812-194203:038321568 EtherCAT|INFO [EcatDrv_DebugInfoPrint,2190]: [EtherCATDriver ]  Has DC: 1
20260812-194203:038342096 EtherCAT|INFO [EcatDrv_DebugInfoPrint,2191]: [EtherCATDriver ]  Itype: 3592 
20260812-194203:038362816 EtherCAT|INFO [EcatDrv_DebugInfoPrint,2192]: [EtherCATDriver ]  Aliasaddr: 0 
20260812-194203:038381752 EtherCAT|INFO [EcatDrv_DebugInfoPrint,2193]: [EtherCATDriver ]  DCParentport:0 
20260812-194203:038400736 EtherCAT|INFO [EcatDrv_DebugInfoPrint,2198]: [EtherCATDriver ]  Activeports:1.1.0.0
20260812-194203:038421272 EtherCAT|INFO [EcatDrv_DebugInfoPrint,2200]: [EtherCATDriver ]  Configured address: 1002 
20260812-194203:038441344 EtherCAT|INFO [EcatDrv_DebugInfoPrint,2202]: [EtherCATDriver ]  Man: 00000d81 ID: 03001001 Rev: 00000001 PDI: 00000000 
20260812-194203:038463504 EtherCAT|INFO [EcatDrv_DebugInfoPrint,2208]: [EtherCATDriver ]  SM0 A:1000 L: 256 F:00010026 Type:1
20260812-194203:038486064 EtherCAT|INFO [EcatDrv_DebugInfoPrint,2208]: [EtherCATDriver ]  SM1 A:1400 L: 256 F:00010022 Type:2 
20260812-194203:038508688 EtherCAT|INFO [EcatDrv_DebugInfoPrint,2208]: [EtherCATDriver ]  SM2 A:1800 L:   0 F:00010064 Type:3 
20260812-194203:038531376 EtherCAT|INFO [EcatDrv_DebugInfoPrint,2208]: [EtherCATDriver ]  SM3 A:1c00 L:   0 F:00010020 Type:4
20260812-194203:038553424 EtherCAT|INFO [EcatDrv_DebugInfoPrint,2213]: [EtherCATDriver ]  FMMUfunc 0:1 1:2 2:3 3:0 
20260812-194203:038574488 EtherCAT|INFO [EcatDrv_DebugInfoPrint,2214]: [EtherCATDriver ]  MBX length wr: 256 rd: 256 MBX protocols : 0c 
20260812-194203:038597064 EtherCAT|INFO [EcatDrv_DebugInfoPrint,2216]: [EtherCATDriver ]  CoE details: 0d FoE details: 01 EoE details: 00 SoE details: 00
20260812-194203:038618656 EtherCAT|INFO [EcatDrv_DebugInfoPrint,2218]: [EtherCATDriver ]  Ebus current: 0[mA]  only LRD/LWR:0 
20260812-194203:038638624 EtherCAT|INFO [EcatDrv_DebugInfoPrint,2186]: [EtherCATDriver ] Slave:3 
20260812-194203:038657456 EtherCAT|INFO [EcatDrv_DebugInfoPrint,2187]: [EtherCATDriver ]  Name:VEICHI 
20260812-194203:038677768 EtherCAT|INFO [EcatDrv_DebugInfoPrint,2188]: [EtherCATDriver ]  State: 1
20260812-194203:038716312 EtherCAT|INFO [EcatDrv_DebugInfoPrint,2189]: [EtherCATDriver ]  Delay: 0[ns] 
20260812-194203:038738232 EtherCAT|INFO [EcatDrv_DebugInfoPrint,2190]: [EtherCATDriver ]  Has DC: 1 
20260812-194203:038762712 EtherCAT|INFO [EcatDrv_DebugInfoPrint,2191]: [EtherCATDriver ]  Itype: 3592 
20260812-194203:038784568 EtherCAT|INFO [EcatDrv_DebugInfoPrint,2192]: [EtherCATDriver ]  Aliasaddr: 0
20260812-194203:038804224 EtherCAT|INFO [EcatDrv_DebugInfoPrint,2193]: [EtherCATDriver ]  DCParentport:0 
20260812-194203:038823368 EtherCAT|INFO [EcatDrv_DebugInfoPrint,2198]: [EtherCATDriver ]  Activeports:1.1.0.0 
20260812-194203:038844112 EtherCAT|INFO [EcatDrv_DebugInfoPrint,2200]: [EtherCATDriver ]  Configured address: 1003
20260812-194203:038864008 EtherCAT|INFO [EcatDrv_DebugInfoPrint,2202]: [EtherCATDriver ]  Man: 00000d81 ID: 03001001 Rev: 00000001 PDI: 00000000 
20260812-194203:038887392 EtherCAT|INFO [EcatDrv_DebugInfoPrint,2208]: [EtherCATDriver ]  SM0 A:1000 L: 256 F:00010026 Type:1 
20260812-194203:038910112 EtherCAT|INFO [EcatDrv_DebugInfoPrint,2208]: [EtherCATDriver ]  SM1 A:1400 L: 256 F:00010022 Type:2
20260812-194203:038932896 EtherCAT|INFO [EcatDrv_DebugInfoPrint,2208]: [EtherCATDriver ]  SM2 A:1800 L:   0 F:00010064 Type:3 
20260812-194203:038955768 EtherCAT|INFO [EcatDrv_DebugInfoPrint,2208]: [EtherCATDriver ]  SM3 A:1c00 L:   0 F:00010020 Type:4 
20260812-194203:038977904 EtherCAT|INFO [EcatDrv_DebugInfoPrint,2213]: [EtherCATDriver ]  FMMUfunc 0:1 1:2 2:3 3:0
20260812-194203:038999112 EtherCAT|INFO [EcatDrv_DebugInfoPrint,2214]: [EtherCATDriver ]  MBX length wr: 256 rd: 256 MBX protocols : 0c 
20260812-194203:039021544 EtherCAT|INFO [EcatDrv_DebugInfoPrint,2216]: [EtherCATDriver ]  CoE details: 0d FoE details: 01 EoE details: 00 SoE details: 00 
20260812-194203:039043784 EtherCAT|INFO [EcatDrv_DebugInfoPrint,2218]: [EtherCATDriver ]  Ebus current: 0[mA]  only LRD/LWR:0
20260812-194203:039064896 EtherCAT|INFO [EcatDrv_DebugInfoPrint,2186]: [EtherCATDriver ] Slave:4 
20260812-194203:039084504 EtherCAT|INFO [EcatDrv_DebugInfoPrint,2187]: [EtherCATDriver ]  Name:VEICHI 
20260812-194203:039104312 EtherCAT|INFO [EcatDrv_DebugInfoPrint,2188]: [EtherCATDriver ]  State: 1 
20260812-194203:039124288 EtherCAT|INFO [EcatDrv_DebugInfoPrint,2189]: [EtherCATDriver ]  Delay: 0[ns]
20260812-194203:039144224 EtherCAT|INFO [EcatDrv_DebugInfoPrint,2190]: [EtherCATDriver ]  Has DC: 1 
20260812-194203:039163704 EtherCAT|INFO [EcatDrv_DebugInfoPrint,2191]: [EtherCATDriver ]  Itype: 3592 
20260812-194203:039184808 EtherCAT|INFO [EcatDrv_DebugInfoPrint,2192]: [EtherCATDriver ]  Aliasaddr: 0 
20260812-194203:039204736 EtherCAT|INFO [EcatDrv_DebugInfoPrint,2193]: [EtherCATDriver ]  DCParentport:0
20260812-194203:039224224 EtherCAT|INFO [EcatDrv_DebugInfoPrint,2198]: [EtherCATDriver ]  Activeports:1.1.0.0 
20260812-194203:039244984 EtherCAT|INFO [EcatDrv_DebugInfoPrint,2200]: [EtherCATDriver ]  Configured address: 1004 
20260812-194203:039265784 EtherCAT|INFO [EcatDrv_DebugInfoPrint,2202]: [EtherCATDriver ]  Man: 00000d81 ID: 03001001 Rev: 00000001 PDI: 00000000
20260812-194203:039288944 EtherCAT|INFO [EcatDrv_DebugInfoPrint,2208]: [EtherCATDriver ]  SM0 A:1000 L: 256 F:00010026 Type:1 
20260812-194203:039312264 EtherCAT|INFO [EcatDrv_DebugInfoPrint,2208]: [EtherCATDriver ]  SM1 A:1400 L: 256 F:00010022 Type:2 
20260812-194203:039335192 EtherCAT|INFO [EcatDrv_DebugInfoPrint,2208]: [EtherCATDriver ]  SM2 A:1800 L:   0 F:00010064 Type:3
20260812-194203:039357032 EtherCAT|INFO [EcatDrv_DebugInfoPrint,2208]: [EtherCATDriver ]  SM3 A:1c00 L:   0 F:00010020 Type:4 
20260812-194203:039379704 EtherCAT|INFO [EcatDrv_DebugInfoPrint,2213]: [EtherCATDriver ]  FMMUfunc 0:1 1:2 2:3 3:0 
20260812-194203:039400472 EtherCAT|INFO [EcatDrv_DebugInfoPrint,2214]: [EtherCATDriver ]  MBX length wr: 256 rd: 256 MBX protocols : 0c
20260812-194203:039423536 EtherCAT|INFO [EcatDrv_DebugInfoPrint,2216]: [EtherCATDriver ]  CoE details: 0d FoE details: 01 EoE details: 00 SoE details: 00 
20260812-194203:039445816 EtherCAT|INFO [EcatDrv_DebugInfoPrint,2218]: [EtherCATDriver ]  Ebus current: 0[mA]  only LRD/LWR:0 
20260812-194203:039466504 EtherCAT|INFO [EcatDrv_DebugInfoPrint,2186]: [EtherCATDriver ] Slave:5
20260812-194203:039486032 EtherCAT|INFO [EcatDrv_DebugInfoPrint,2187]: [EtherCATDriver ]  Name:VEICHI 
20260812-194203:039505544 EtherCAT|INFO [EcatDrv_DebugInfoPrint,2188]: [EtherCATDriver ]  State: 1 
20260812-194203:039524432 EtherCAT|INFO [EcatDrv_DebugInfoPrint,2189]: [EtherCATDriver ]  Delay: 0[ns] 
20260812-194203:039544752 EtherCAT|INFO [EcatDrv_DebugInfoPrint,2190]: [EtherCATDriver ]  Has DC: 1
20260812-194203:039563696 EtherCAT|INFO [EcatDrv_DebugInfoPrint,2191]: [EtherCATDriver ]  Itype: 3592 
20260812-194203:039583816 EtherCAT|INFO [EcatDrv_DebugInfoPrint,2192]: [EtherCATDriver ]  Aliasaddr: 0 
20260812-194203:039603392 EtherCAT|INFO [EcatDrv_DebugInfoPrint,2193]: [EtherCATDriver ]  DCParentport:0 
20260812-194203:039623016 EtherCAT|INFO [EcatDrv_DebugInfoPrint,2198]: [EtherCATDriver ]  Activeports:1.1.0.0
20260812-194203:039643768 EtherCAT|INFO [EcatDrv_DebugInfoPrint,2200]: [EtherCATDriver ]  Configured address: 1005 
20260812-194203:039663288 EtherCAT|INFO [EcatDrv_DebugInfoPrint,2202]: [EtherCATDriver ]  Man: 00000d81 ID: 03001001 Rev: 00000001 PDI: 00000000 
20260812-194203:039685696 EtherCAT|INFO [EcatDrv_DebugInfoPrint,2208]: [EtherCATDriver ]  SM0 A:1000 L: 256 F:00010026 Type:1
20260812-194203:039709432 EtherCAT|INFO [EcatDrv_DebugInfoPrint,2208]: [EtherCATDriver ]  SM1 A:1400 L: 256 F:00010022 Type:2 
20260812-194203:039770264 EtherCAT|INFO [EcatDrv_DebugInfoPrint,2208]: [EtherCATDriver ]  SM2 A:1800 L:   0 F:00010064 Type:3 
20260812-194203:039793856 EtherCAT|INFO [EcatDrv_DebugInfoPrint,2208]: [EtherCATDriver ]  SM3 A:1c00 L:   0 F:00010020 Type:4
20260812-194203:039816232 EtherCAT|INFO [EcatDrv_DebugInfoPrint,2213]: [EtherCATDriver ]  FMMUfunc 0:1 1:2 2:3 3:0 
20260812-194203:039837088 EtherCAT|INFO [EcatDrv_DebugInfoPrint,2214]: [EtherCATDriver ]  MBX length wr: 256 rd: 256 MBX protocols : 0c 
20260812-194203:039859264 EtherCAT|INFO [EcatDrv_DebugInfoPrint,2216]: [EtherCATDriver ]  CoE details: 0d FoE details: 01 EoE details: 00 SoE details: 00
20260812-194203:039881408 EtherCAT|INFO [EcatDrv_DebugInfoPrint,2218]: [EtherCATDriver ]  Ebus current: 0[mA]  only LRD/LWR:0 
20260812-194203:039901504 EtherCAT|INFO [EcatDrv_DebugInfoPrint,2186]: [EtherCATDriver ] Slave:6 
20260812-194203:039921728 EtherCAT|INFO [EcatDrv_DebugInfoPrint,2187]: [EtherCATDriver ]  Name:VEICHI 
20260812-194203:039941656 EtherCAT|INFO [EcatDrv_DebugInfoPrint,2188]: [EtherCATDriver ]  State: 1
20260812-194203:039961816 EtherCAT|INFO [EcatDrv_DebugInfoPrint,2189]: [EtherCATDriver ]  Delay: 0[ns] 
20260812-194203:039981256 EtherCAT|INFO [EcatDrv_DebugInfoPrint,2190]: [EtherCATDriver ]  Has DC: 1 
20260812-194203:040000312 EtherCAT|INFO [EcatDrv_DebugInfoPrint,2191]: [EtherCATDriver ]  Itype: 3592 
20260812-194203:040021544 EtherCAT|INFO [EcatDrv_DebugInfoPrint,2192]: [EtherCATDriver ]  Aliasaddr: 0
20260812-194203:040040992 EtherCAT|INFO [EcatDrv_DebugInfoPrint,2193]: [EtherCATDriver ]  DCParentport:0 
20260812-194203:040059768 EtherCAT|INFO [EcatDrv_DebugInfoPrint,2198]: [EtherCATDriver ]  Activeports:1.1.0.0 
20260812-194203:040079872 EtherCAT|INFO [EcatDrv_DebugInfoPrint,2200]: [EtherCATDriver ]  Configured address: 1006
20260812-194203:040098936 EtherCAT|INFO [EcatDrv_DebugInfoPrint,2202]: [EtherCATDriver ]  Man: 00000d81 ID: 03001001 Rev: 00000001 PDI: 00000000 
20260812-194203:040121616 EtherCAT|INFO [EcatDrv_DebugInfoPrint,2208]: [EtherCATDriver ]  SM0 A:1000 L: 256 F:00010026 Type:1 
20260812-194203:040144416 EtherCAT|INFO [EcatDrv_DebugInfoPrint,2208]: [EtherCATDriver ]  SM1 A:1400 L: 256 F:00010022 Type:2
20260812-194203:040167072 EtherCAT|INFO [EcatDrv_DebugInfoPrint,2208]: [EtherCATDriver ]  SM2 A:1800 L:   0 F:00010064 Type:3 
20260812-194203:040189144 EtherCAT|INFO [EcatDrv_DebugInfoPrint,2208]: [EtherCATDriver ]  SM3 A:1c00 L:   0 F:00010020 Type:4 
20260812-194203:040210712 EtherCAT|INFO [EcatDrv_DebugInfoPrint,2213]: [EtherCATDriver ]  FMMUfunc 0:1 1:2 2:3 3:0
20260812-194203:040231632 EtherCAT|INFO [EcatDrv_DebugInfoPrint,2214]: [EtherCATDriver ]  MBX length wr: 256 rd: 256 MBX protocols : 0c 
20260812-194203:040254216 EtherCAT|INFO [EcatDrv_DebugInfoPrint,2216]: [EtherCATDriver ]  CoE details: 0d FoE details: 01 EoE details: 00 SoE details: 00 
20260812-194203:040276144 EtherCAT|INFO [EcatDrv_DebugInfoPrint,2218]: [EtherCATDriver ]  Ebus current: 0[mA]  only LRD/LWR:0
20260812-194203:040296032 EtherCAT|INFO [EcatDrv_DebugInfoPrint,2186]: [EtherCATDriver ] Slave:7 
20260812-194203:040315304 EtherCAT|INFO [EcatDrv_DebugInfoPrint,2187]: [EtherCATDriver ]  Name:VEICHI 
20260812-194203:040334544 EtherCAT|INFO [EcatDrv_DebugInfoPrint,2188]: [EtherCATDriver ]  State: 1 
20260812-194203:040353224 EtherCAT|INFO [EcatDrv_DebugInfoPrint,2189]: [EtherCATDriver ]  Delay: 0[ns]
20260812-194203:040372224 EtherCAT|INFO [EcatDrv_DebugInfoPrint,2190]: [EtherCATDriver ]  Has DC: 1 
20260812-194203:040391936 EtherCAT|INFO [EcatDrv_DebugInfoPrint,2191]: [EtherCATDriver ]  Itype: 3592 
20260812-194203:040413216 EtherCAT|INFO [EcatDrv_DebugInfoPrint,2192]: [EtherCATDriver ]  Aliasaddr: 0 
20260812-194203:040432432 EtherCAT|INFO [EcatDrv_DebugInfoPrint,2193]: [EtherCATDriver ]  DCParentport:0
20260812-194203:040451496 EtherCAT|INFO [EcatDrv_DebugInfoPrint,2198]: [EtherCATDriver ]  Activeports:1.0.0.0 
20260812-194203:040471584 EtherCAT|INFO [EcatDrv_DebugInfoPrint,2200]: [EtherCATDriver ]  Configured address: 1007 
20260812-194203:040491696 EtherCAT|INFO [EcatDrv_DebugInfoPrint,2202]: [EtherCATDriver ]  Man: 00000d81 ID: 03001001 Rev: 00000001 PDI: 00000000
20260812-194203:040514752 EtherCAT|INFO [EcatDrv_DebugInfoPrint,2208]: [EtherCATDriver ]  SM0 A:1000 L: 256 F:00010026 Type:1 
20260812-194203:040537776 EtherCAT|INFO [EcatDrv_DebugInfoPrint,2208]: [EtherCATDriver ]  SM1 A:1400 L: 256 F:00010022 Type:2 
20260812-194203:040559968 EtherCAT|INFO [EcatDrv_DebugInfoPrint,2208]: [EtherCATDriver ]  SM2 A:1800 L:   0 F:00010064 Type:3
20260812-194203:040582992 EtherCAT|INFO [EcatDrv_DebugInfoPrint,2208]: [EtherCATDriver ]  SM3 A:1c00 L:   0 F:00010020 Type:4 
20260812-194203:040605536 EtherCAT|INFO [EcatDrv_DebugInfoPrint,2213]: [EtherCATDriver ]  FMMUfunc 0:1 1:2 2:3 3:0 
20260812-194203:040626656 EtherCAT|INFO [EcatDrv_DebugInfoPrint,2214]: [EtherCATDriver ]  MBX length wr: 256 rd: 256 MBX protocols : 0c
20260812-194203:040648808 EtherCAT|INFO [EcatDrv_DebugInfoPrint,2216]: [EtherCATDriver ]  CoE details: 0d FoE details: 01 EoE details: 00 SoE details: 00 
20260812-194203:040670536 EtherCAT|INFO [EcatDrv_DebugInfoPrint,2218]: [EtherCATDriver ]  Ebus current: 0[mA]  only LRD/LWR:0 
20260812-194203:040693352 EtherCAT|INFO [EcatDrv_Task,622]: [EtherCATDriver ] Task state is CONFIG turn to MAPPING
20260812-194203:041785536 EtherCAT|INFO [CANopenModule_ThreadEntry,286]: ec_slave name is [, VEICHI, VEICHI, VEICHI, VEICHI, VEICHI, VEICHI], ModuleName is [VEICHI] 
20260812-194203:041816032 EtherCAT_IDN|ERROR [EtherCATParamIDN_Init,317]: total node is 8, 1, 1  
20260812-194203:041907112 EC_IDN|ERROR [NrtData_IdnMappingListInit,141]: ethercat_idn_number is 161   
20260812-194203:049385544 EtherCAT|INFO [CANopenModule_ThreadEntry,312]: [CANopenModule  ] Slave manufactor is VEICHI, type is 9  
20260812-194203:049577864 EtherCAT|INFO [CANopenModule_MakeSlaveParam,662]: [CANopenModule  ] index=0x6040  subindex=0 bitlen=16 derect=2  
20260812-194203:049604024 EtherCAT|INFO [CANopenModule_MakeSlaveParam,662]: [CANopenModule  ] index=0x6071  subindex=0 bitlen=16 derect=2
20260812-194203:049627248 EtherCAT|INFO [CANopenModule_MakeSlaveParam,662]: [CANopenModule  ] index=0x607a  subindex=0 bitlen=32 derect=2  
20260812-194203:049648904 EtherCAT|INFO [CANopenModule_MakeSlaveParam,662]: [CANopenModule  ] index=0x60b2  subindex=0 bitlen=16 derect=2  
20260812-194203:049670168 EtherCAT|INFO [CANopenModule_MakeSlaveParam,662]: [CANopenModule  ] index=0x6060  subindex=0 bitlen=8 derect=2
20260812-194203:049692736 EtherCAT|INFO [CANopenModule_MakeSlaveParam,662]: [CANopenModule  ] index=0x0  subindex=0 bitlen=8 derect=2  
20260812-194203:049721616 EtherCAT|INFO [CANopenModule_MakeSlaveParam,679]: [CANopenModule  ] index=0x6041  subindex=0 bitlen=16 derect=1  
20260812-194203:049743536 EtherCAT|INFO [CANopenModule_MakeSlaveParam,679]: [CANopenModule  ] index=0x603f  subindex=0 bitlen=16 derect=1
20260812-194203:049783112 EtherCAT|INFO [CANopenModule_MakeSlaveParam,679]: [CANopenModule  ] index=0x6064  subindex=0 bitlen=32 derect=1  
20260812-194203:049805744 EtherCAT|INFO [CANopenModule_MakeSlaveParam,679]: [CANopenModule  ] index=0x6077  subindex=0 bitlen=16 derect=1  
20260812-194203:049827704 EtherCAT|INFO [CANopenModule_MakeSlaveParam,679]: [CANopenModule  ] index=0x6078  subindex=0 bitlen=16 derect=1
20260812-194203:049849232 EtherCAT|INFO [CANopenModule_MakeSlaveParam,679]: [CANopenModule  ] index=0x606c  subindex=0 bitlen=32 derect=1  
20260812-194203:049870496 EtherCAT|INFO [CANopenModule_MakeSlaveParam,679]: [CANopenModule  ] index=0x60f4  subindex=0 bitlen=32 derect=1  
20260812-194203:049922592 EtherCAT|INFO [CANopenModule_MakeSlaveParam,679]: [CANopenModule  ] index=0x6061  subindex=0 bitlen=8 derect=1
20260812-194203:049945288 EtherCAT|INFO [CANopenModule_MakeSlaveParam,679]: [CANopenModule  ] index=0x0  subindex=0 bitlen=8 derect=1  
20260812-194203:049974296 EtherCAT|INFO [EcatDrv_MakePDOMappingInfo,2246]: [EtherCATDriver ] index=0x6040  subindex=0 bitlen=16 derect=2  
20260812-194203:049997184 EtherCAT|INFO [EcatDrv_MakePDOMappingInfo,2246]: [EtherCATDriver ] index=0x6071  subindex=0 bitlen=16 derect=2
20260812-194203:050019088 EtherCAT|INFO [EcatDrv_MakePDOMappingInfo,2246]: [EtherCATDriver ] index=0x607a  subindex=0 bitlen=32 derect=2  
20260812-194203:050041312 EtherCAT|INFO [EcatDrv_MakePDOMappingInfo,2246]: [EtherCATDriver ] index=0x60b2  subindex=0 bitlen=16 derect=2  
20260812-194203:050063496 EtherCAT|INFO [EcatDrv_MakePDOMappingInfo,2246]: [EtherCATDriver ] index=0x6060  subindex=0 bitlen=8 derect=2
20260812-194203:050085336 EtherCAT|INFO [EcatDrv_MakePDOMappingInfo,2246]: [EtherCATDriver ] index=0x0  subindex=0 bitlen=8 derect=2  
20260812-194203:050106152 EtherCAT|INFO [EcatDrv_MakePDOMappingInfo,2246]: [EtherCATDriver ] index=0x6041  subindex=0 bitlen=16 derect=1  
20260812-194203:050128184 EtherCAT|INFO [EcatDrv_MakePDOMappingInfo,2246]: [EtherCATDriver ] index=0x603f  subindex=0 bitlen=16 derect=1
20260812-194203:050150216 EtherCAT|INFO [EcatDrv_MakePDOMappingInfo,2246]: [EtherCATDriver ] index=0x6064  subindex=0 bitlen=32 derect=1  
20260812-194203:050172296 EtherCAT|INFO [EcatDrv_MakePDOMappingInfo,2246]: [EtherCATDriver ] index=0x6077  subindex=0 bitlen=16 derect=1  
20260812-194203:050194056 EtherCAT|INFO [EcatDrv_MakePDOMappingInfo,2246]: [EtherCATDriver ] index=0x6078  subindex=0 bitlen=16 derect=1
20260812-194203:050215424 EtherCAT|INFO [EcatDrv_MakePDOMappingInfo,2246]: [EtherCATDriver ] index=0x606c  subindex=0 bitlen=32 derect=1  
20260812-194203:050237256 EtherCAT|INFO [EcatDrv_MakePDOMappingInfo,2246]: [EtherCATDriver ] index=0x60f4  subindex=0 bitlen=32 derect=1  
20260812-194203:050259152 EtherCAT|INFO [EcatDrv_MakePDOMappingInfo,2246]: [EtherCATDriver ] index=0x6061  subindex=0 bitlen=8 derect=1
20260812-194203:050280648 EtherCAT|INFO [EcatDrv_MakePDOMappingInfo,2246]: [EtherCATDriver ] index=0x0  subindex=0 bitlen=8 derect=1  
20260812-194203:050301472 EtherCAT|INFO [EcatDrv_MakePDOMappingInfo,2246]: [EtherCATDriver ] index=0x0  subindex=0 bitlen=0 derect=0  
20260812-194203:050322392 EtherCAT|INFO [EcatDrv_MakePDOMappingInfo,2246]: [EtherCATDriver ] index=0x0  subindex=0 bitlen=0 derect=0
20260812-194203:050343248 EtherCAT|INFO [EcatDrv_MakePDOMappingInfo,2246]: [EtherCATDriver ] index=0x0  subindex=0 bitlen=0 derect=0  
20260812-194203:050364352 EtherCAT|INFO [EcatDrv_MakePDOMappingInfo,2246]: [EtherCATDriver ] index=0x0  subindex=0 bitlen=0 derect=0  
20260812-194203:050385216 EtherCAT|INFO [EcatDrv_MakePDOMappingInfo,2246]: [EtherCATDriver ] index=0x0  subindex=0 bitlen=0 derect=0
20260812-194203:050406032 EtherCAT|INFO [EcatDrv_MakePDOMappingInfo,2246]: [EtherCATDriver ] index=0x0  subindex=0 bitlen=0 derect=0  
20260812-194203:050427104 EtherCAT|INFO [EcatDrv_MakePDOMappingInfo,2246]: [EtherCATDriver ] index=0x0  subindex=0 bitlen=0 derect=0  
20260812-194203:050447984 EtherCAT|INFO [EcatDrv_MakePDOMappingInfo,2246]: [EtherCATDriver ] index=0x0  subindex=0 bitlen=0 derect=0
20260812-194203:050469232 EtherCAT|INFO [EcatDrv_MakePDOMappingInfo,2246]: [EtherCATDriver ] index=0x0  subindex=0 bitlen=0 derect=0  
20260812-194203:050490104 EtherCAT|INFO [EcatDrv_MakePDOMappingInfo,2246]: [EtherCATDriver ] index=0x0  subindex=0 bitlen=0 derect=0  
20260812-194203:050510776 EtherCAT|INFO [EcatDrv_MakePDOMappingInfo,2246]: [EtherCATDriver ] index=0x0  subindex=0 bitlen=0 derect=0
20260812-194203:050531488 EtherCAT|INFO [EcatDrv_MakePDOMappingInfo,2246]: [EtherCATDriver ] index=0x0  subindex=0 bitlen=0 derect=0  
20260812-194203:050552152 EtherCAT|INFO [EcatDrv_MakePDOMappingInfo,2246]: [EtherCATDriver ] index=0x0  subindex=0 bitlen=0 derect=0  
20260812-194203:050572496 EtherCAT|INFO [EcatDrv_MakePDOMappingInfo,2246]: [EtherCATDriver ] index=0x0  subindex=0 bitlen=0 derect=0
20260812-194203:050593176 EtherCAT|INFO [EcatDrv_MakePDOMappingInfo,2246]: [EtherCATDriver ] index=0x0  subindex=0 bitlen=0 derect=0  
20260812-194203:050615016 EtherCAT|INFO [EcatDrv_MakePDOMappingInfo,2246]: [EtherCATDriver ] index=0x0  subindex=0 bitlen=0 derect=0  
20260812-194203:050636232 EtherCAT|INFO [EcatDrv_MakePDOMappingInfo,2246]: [EtherCATDriver ] index=0x0  subindex=0 bitlen=0 derect=0
20260812-194203:050657192 EtherCAT|INFO [EcatDrv_MakePDOMappingInfo,2246]: [EtherCATDriver ] index=0x0  subindex=0 bitlen=0 derect=0  
20260812-194203:050678304 EtherCAT|INFO [EcatDrv_MakePDOMappingInfo,2246]: [EtherCATDriver ] index=0x0  subindex=0 bitlen=0 derect=0  
20260812-194203:050699464 EtherCAT|INFO [EcatDrv_MakePDOMappingInfo,2246]: [EtherCATDriver ] index=0x0  subindex=0 bitlen=0 derect=0
20260812-194203:050720672 EtherCAT|INFO [EcatDrv_MakePDOMappingInfo,2246]: [EtherCATDriver ] index=0x0  subindex=0 bitlen=0 derect=0  
20260812-194203:050742128 EtherCAT|INFO [EcatDrv_MakePDOMappingInfo,2246]: [EtherCATDriver ] index=0x0  subindex=0 bitlen=0 derect=0  
20260812-194203:050766704 EtherCAT|INFO [EcatDrv_MakePDOMappingInfo,2246]: [EtherCATDriver ] index=0x0  subindex=0 bitlen=0 derect=0
20260812-194203:050788264 EtherCAT|INFO [EcatDrv_MakePDOMappingInfo,2246]: [EtherCATDriver ] index=0x0  subindex=0 bitlen=0 derect=0  
20260812-194203:050809208 EtherCAT|INFO [EcatDrv_MakePDOMappingInfo,2246]: [EtherCATDriver ] index=0x0  subindex=0 bitlen=0 derect=0  
20260812-194203:050830448 EtherCAT|INFO [EcatDrv_MakePDOMappingInfo,2246]: [EtherCATDriver ] index=0x0  subindex=0 bitlen=0 derect=0
20260812-194203:050852064 EtherCAT|INFO [EcatDrv_MakePDOMappingInfo,2246]: [EtherCATDriver ] index=0x0  subindex=0 bitlen=0 derect=0  
20260812-194203:050873048 EtherCAT|INFO [EcatDrv_MakePDOMappingInfo,2246]: [EtherCATDriver ] index=0x0  subindex=0 bitlen=0 derect=0  
20260812-194203:050893776 EtherCAT|INFO [EcatDrv_MakePDOMappingInfo,2246]: [EtherCATDriver ] index=0x0  subindex=0 bitlen=0 derect=0
20260812-194203:050934544 EtherCAT|INFO [EcatDrv_MakePDOMappingInfo,2246]: [EtherCATDriver ] index=0x0  subindex=0 bitlen=0 derect=0  
20260812-194203:050956504 EtherCAT|INFO [EcatDrv_MakePDOMappingInfo,2246]: [EtherCATDriver ] index=0x0  subindex=0 bitlen=0 derect=0  
20260812-194203:050977488 EtherCAT|INFO [EcatDrv_MakePDOMappingInfo,2246]: [EtherCATDriver ] index=0x0  subindex=0 bitlen=0 derect=0
20260812-194203:050999504 EtherCAT|INFO [EcatDrv_MakePDOMappingInfo,2246]: [EtherCATDriver ] index=0x0  subindex=0 bitlen=0 derect=0  
20260812-194203:051020608 EtherCAT|INFO [EcatDrv_MakePDOMappingInfo,2246]: [EtherCATDriver ] index=0x0  subindex=0 bitlen=0 derect=0  
20260812-194203:051042304 EtherCAT|INFO [EcatDrv_MakePDOMappingInfo,2246]: [EtherCATDriver ] index=0x0  subindex=0 bitlen=0 derect=0
20260812-194203:051064312 EtherCAT|INFO [EcatDrv_MakePDOMappingInfo,2246]: [EtherCATDriver ] index=0x0  subindex=0 bitlen=0 derect=0  
20260812-194203:051085072 EtherCAT|INFO [EcatDrv_MakePDOMappingInfo,2246]: [EtherCATDriver ] index=0x0  subindex=0 bitlen=0 derect=0  
20260812-194203:051106744 EtherCAT|INFO [EcatDrv_MakePDOMappingInfo,2246]: [EtherCATDriver ] index=0x0  subindex=0 bitlen=0 derect=0
20260812-194203:051128088 EtherCAT|INFO [EcatDrv_MakePDOMappingInfo,2246]: [EtherCATDriver ] index=0x0  subindex=0 bitlen=0 derect=0  
20260812-194203:051149376 EtherCAT|INFO [EcatDrv_MakePDOMappingInfo,2246]: [EtherCATDriver ] index=0x0  subindex=0 bitlen=0 derect=0  
20260812-194203:051170248 EtherCAT|INFO [EcatDrv_MakePDOMappingInfo,2246]: [EtherCATDriver ] index=0x0  subindex=0 bitlen=0 derect=0
20260812-194203:051191016 EtherCAT|INFO [EcatDrv_MakePDOMappingInfo,2246]: [EtherCATDriver ] index=0x0  subindex=0 bitlen=0 derect=0  
20260812-194203:051212208 EtherCAT|INFO [EcatDrv_MakePDOMappingInfo,2246]: [EtherCATDriver ] index=0x0  subindex=0 bitlen=0 derect=0  
20260812-194203:051233856 EtherCAT|INFO [EcatDrv_MakePDOMappingInfo,2246]: [EtherCATDriver ] index=0x0  subindex=0 bitlen=0 derect=0
20260812-194203:051254552 EtherCAT|INFO [EcatDrv_MakePDOMappingInfo,2246]: [EtherCATDriver ] index=0x0  subindex=0 bitlen=0 derect=0  
20260812-194203:051275312 EtherCAT|INFO [EcatDrv_MakePDOMappingInfo,2246]: [EtherCATDriver ] index=0x0  subindex=0 bitlen=0 derect=0  
20260812-194203:051296592 EtherCAT|INFO [EcatDrv_MakePDOMappingInfo,2246]: [EtherCATDriver ] index=0x0  subindex=0 bitlen=0 derect=0
20260812-194203:051317824 EtherCAT|INFO [EcatDrv_MakePDOMappingInfo,2246]: [EtherCATDriver ] index=0x0  subindex=0 bitlen=0 derect=0  
20260812-194203:051338672 EtherCAT|INFO [EcatDrv_MakePDOMappingInfo,2246]: [EtherCATDriver ] index=0x0  subindex=0 bitlen=0 derect=0  
20260812-194203:051359376 EtherCAT|INFO [EcatDrv_MakePDOMappingInfo,2246]: [EtherCATDriver ] index=0x0  subindex=0 bitlen=0 derect=0
20260812-194203:051380544 EtherCAT|INFO [EcatDrv_MakePDOMappingInfo,2246]: [EtherCATDriver ] index=0x0  subindex=0 bitlen=0 derect=0  
20260812-194203:051401632 EtherCAT|INFO [EcatDrv_MakePDOMappingInfo,2246]: [EtherCATDriver ] index=0x0  subindex=0 bitlen=0 derect=0  
20260812-194203:051422896 EtherCAT|INFO [EcatDrv_MakePDOMappingInfo,2246]: [EtherCATDriver ] index=0x0  subindex=0 bitlen=0 derect=0
20260812-194203:051444096 EtherCAT|INFO [EcatDrv_MakePDOMappingInfo,2246]: [EtherCATDriver ] index=0x0  subindex=0 bitlen=0 derect=0  
20260812-194203:051464976 EtherCAT|INFO [EcatDrv_MakePDOMappingInfo,2246]: [EtherCATDriver ] index=0x0  subindex=0 bitlen=0 derect=0  
20260812-194203:051486632 EtherCAT|INFO [EcatDrv_MakePDOMappingInfo,2246]: [EtherCATDriver ] index=0x0  subindex=0 bitlen=0 derect=0
20260812-194203:051507664 EtherCAT|INFO [EcatDrv_MakePDOMappingInfo,2246]: [EtherCATDriver ] index=0x0  subindex=0 bitlen=0 derect=0  
20260812-194203:051528664 EtherCAT|INFO [EcatDrv_MakePDOMappingInfo,2246]: [EtherCATDriver ] index=0x0  subindex=0 bitlen=0 derect=0  
20260812-194203:051549408 EtherCAT|INFO [EcatDrv_MakePDOMappingInfo,2246]: [EtherCATDriver ] index=0x0  subindex=0 bitlen=0 derect=0
20260812-194203:051570568 EtherCAT|INFO [EcatDrv_MakePDOMappingInfo,2246]: [EtherCATDriver ] index=0x0  subindex=0 bitlen=0 derect=0  
20260812-194203:051591488 EtherCAT|INFO [EcatDrv_MakePDOMappingInfo,2246]: [EtherCATDriver ] index=0x0  subindex=0 bitlen=0 derect=0  
20260812-194203:051612416 EtherCAT|INFO [EcatDrv_MakePDOMappingInfo,2246]: [EtherCATDriver ] index=0x0  subindex=0 bitlen=0 derect=0
20260812-194203:051633968 EtherCAT|INFO [EcatDrv_MakePDOMappingInfo,2246]: [EtherCATDriver ] index=0x0  subindex=0 bitlen=0 derect=0  
20260812-194203:051654952 EtherCAT|INFO [EcatDrv_MakePDOMappingInfo,2246]: [EtherCATDriver ] index=0x0  subindex=0 bitlen=0 derect=0  
20260812-194203:051675856 EtherCAT|INFO [EcatDrv_MakePDOMappingInfo,2246]: [EtherCATDriver ] index=0x0  subindex=0 bitlen=0 derect=0
20260812-194203:051696656 EtherCAT|INFO [EcatDrv_MakePDOMappingInfo,2246]: [EtherCATDriver ] index=0x0  subindex=0 bitlen=0 derect=0  
20260812-194203:051717232 EtherCAT|INFO [EcatDrv_MakePDOMappingInfo,2246]: [EtherCATDriver ] index=0x0  subindex=0 bitlen=0 derect=0  
20260812-194203:051738768 EtherCAT|INFO [EcatDrv_MakePDOMappingInfo,2246]: [EtherCATDriver ] index=0x0  subindex=0 bitlen=0 derect=0
20260812-194203:051767688 EtherCAT|INFO [EcatDrv_MakePDOMappingInfo,2246]: [EtherCATDriver ] index=0x0  subindex=0 bitlen=0 derect=0  
20260812-194203:051789488 EtherCAT|INFO [EcatDrv_MakePDOMappingInfo,2246]: [EtherCATDriver ] index=0x0  subindex=0 bitlen=0 derect=0  
20260812-194203:051810272 EtherCAT|INFO [EcatDrv_MakePDOMappingInfo,2246]: [EtherCATDriver ] index=0x0  subindex=0 bitlen=0 derect=0
20260812-194203:051831136 EtherCAT|INFO [EcatDrv_MakePDOMappingInfo,2246]: [EtherCATDriver ] index=0x0  subindex=0 bitlen=0 derect=0  
20260812-194203:051852696 EtherCAT|INFO [EcatDrv_MakePDOMappingInfo,2246]: [EtherCATDriver ] index=0x0  subindex=0 bitlen=0 derect=0  
20260812-194203:051873592 EtherCAT|INFO [EcatDrv_MakePDOMappingInfo,2246]: [EtherCATDriver ] index=0x0  subindex=0 bitlen=0 derect=0
20260812-194203:051894016 EtherCAT|INFO [EcatDrv_MakePDOMappingInfo,2246]: [EtherCATDriver ] index=0x0  subindex=0 bitlen=0 derect=0  
20260812-194203:051933208 EtherCAT|INFO [EcatDrv_MakePDOMappingInfo,2246]: [EtherCATDriver ] index=0x0  subindex=0 bitlen=0 derect=0  
20260812-194203:051955664 EtherCAT|INFO [EcatDrv_MakePDOMappingInfo,2246]: [EtherCATDriver ] index=0x0  subindex=0 bitlen=0 derect=0
20260812-194203:051977272 EtherCAT|INFO [EcatDrv_MakePDOMappingInfo,2246]: [EtherCATDriver ] index=0x0  subindex=0 bitlen=0 derect=0  
20260812-194203:051998064 EtherCAT|INFO [EcatDrv_MakePDOMappingInfo,2246]: [EtherCATDriver ] index=0x0  subindex=0 bitlen=0 derect=0  
20260812-194203:052018472 EtherCAT|INFO [EcatDrv_MakePDOMappingInfo,2246]: [EtherCATDriver ] index=0x0  subindex=0 bitlen=0 derect=0
20260812-194203:052039856 EtherCAT|INFO [EcatDrv_MakePDOMappingInfo,2246]: [EtherCATDriver ] index=0x0  subindex=0 bitlen=0 derect=0  
20260812-194203:052060152 EtherCAT|INFO [EcatDrv_MakePDOMappingInfo,2246]: [EtherCATDriver ] index=0x0  subindex=0 bitlen=0 derect=0  
20260812-194203:052081872 EtherCAT|INFO [EcatDrv_MakePDOMappingInfo,2246]: [EtherCATDriver ] index=0x0  subindex=0 bitlen=0 derect=0
20260812-194203:052103048 EtherCAT|INFO [EcatDrv_MakePDOMappingInfo,2246]: [EtherCATDriver ] index=0x0  subindex=0 bitlen=0 derect=0  
20260812-194203:052124152 EtherCAT|INFO [EcatDrv_MakePDOMappingInfo,2246]: [EtherCATDriver ] index=0x0  subindex=0 bitlen=0 derect=0  
20260812-194203:052145568 EtherCAT|INFO [EcatDrv_MakePDOMappingInfo,2246]: [EtherCATDriver ] index=0x0  subindex=0 bitlen=0 derect=0
20260812-194203:052166776 EtherCAT|INFO [EcatDrv_MakePDOMappingInfo,2246]: [EtherCATDriver ] index=0x0  subindex=0 bitlen=0 derect=0  
20260812-194203:052187416 EtherCAT|INFO [EcatDrv_MakePDOMappingInfo,2246]: [EtherCATDriver ] index=0x0  subindex=0 bitlen=0 derect=0  
20260812-194203:052208568 EtherCAT|INFO [EcatDrv_MakePDOMappingInfo,2246]: [EtherCATDriver ] index=0x0  subindex=0 bitlen=0 derect=0
20260812-194203:052229608 EtherCAT|INFO [EcatDrv_MakePDOMappingInfo,2246]: [EtherCATDriver ] index=0x0  subindex=0 bitlen=0 derect=0  
20260812-194203:052250752 EtherCAT|INFO [EcatDrv_MakePDOMappingInfo,2246]: [EtherCATDriver ] index=0x0  subindex=0 bitlen=0 derect=0  
20260812-194203:052271288 EtherCAT|INFO [EcatDrv_MakePDOMappingInfo,2246]: [EtherCATDriver ] index=0x0  subindex=0 bitlen=0 derect=0
20260812-194203:052292176 EtherCAT|INFO [EcatDrv_MakePDOMappingInfo,2246]: [EtherCATDriver ] index=0x0  subindex=0 bitlen=0 derect=0  
20260812-194203:052312688 EtherCAT|INFO [EcatDrv_MakePDOMappingInfo,2246]: [EtherCATDriver ] index=0x0  subindex=0 bitlen=0 derect=0  
20260812-194203:052334464 EtherCAT|INFO [EcatDrv_MakePDOMappingInfo,2246]: [EtherCATDriver ] index=0x0  subindex=0 bitlen=0 derect=0
20260812-194203:052355688 EtherCAT|INFO [EcatDrv_MakePDOMappingInfo,2246]: [EtherCATDriver ] index=0x0  subindex=0 bitlen=0 derect=0  
20260812-194203:052376936 EtherCAT|INFO [EcatDrv_MakePDOMappingInfo,2246]: [EtherCATDriver ] index=0x0  subindex=0 bitlen=0 derect=0  
20260812-194203:052397464 EtherCAT|INFO [EcatDrv_MakePDOMappingInfo,2246]: [EtherCATDriver ] index=0x0  subindex=0 bitlen=0 derect=0
20260812-194203:052418792 EtherCAT|INFO [EcatDrv_MakePDOMappingInfo,2246]: [EtherCATDriver ] index=0x0  subindex=0 bitlen=0 derect=0  
20260812-194203:052440104 EtherCAT|INFO [EcatDrv_MakePDOMappingInfo,2246]: [EtherCATDriver ] index=0x0  subindex=0 bitlen=0 derect=0  
20260812-194203:052461568 EtherCAT|INFO [EcatDrv_MakePDOMappingInfo,2246]: [EtherCATDriver ] index=0x0  subindex=0 bitlen=0 derect=0
20260812-194203:052482824 EtherCAT|INFO [EcatDrv_MakePDOMappingInfo,2246]: [EtherCATDriver ] index=0x0  subindex=0 bitlen=0 derect=0  
20260812-194203:052503832 EtherCAT|INFO [EcatDrv_MakePDOMappingInfo,2246]: [EtherCATDriver ] index=0x0  subindex=0 bitlen=0 derect=0  
20260812-194203:052525016 EtherCAT|INFO [EcatDrv_MakePDOMappingInfo,2246]: [EtherCATDriver ] index=0x0  subindex=0 bitlen=0 derect=0
20260812-194203:052546176 EtherCAT|INFO [EcatDrv_MakePDOMappingInfo,2246]: [EtherCATDriver ] index=0x0  subindex=0 bitlen=0 derect=0  
20260812-194203:052566872 EtherCAT|INFO [EcatDrv_MakePDOMappingInfo,2246]: [EtherCATDriver ] index=0x0  subindex=0 bitlen=0 derect=0  
20260812-194203:052587648 EtherCAT|INFO [EcatDrv_MakePDOMappingInfo,2246]: [EtherCATDriver ] index=0x0  subindex=0 bitlen=0 derect=0
20260812-194203:052608072 EtherCAT|INFO [EcatDrv_MakePDOMappingInfo,2246]: [EtherCATDriver ] index=0x0  subindex=0 bitlen=0 derect=0  
20260812-194203:052629744 EtherCAT|INFO [EcatDrv_MakePDOMappingInfo,2246]: [EtherCATDriver ] index=0x0  subindex=0 bitlen=0 derect=0  
20260812-194203:052650888 EtherCAT|INFO [EcatDrv_MakePDOMappingInfo,2246]: [EtherCATDriver ] index=0x0  subindex=0 bitlen=0 derect=0
20260812-194203:052671688 EtherCAT|INFO [EcatDrv_MakePDOMappingInfo,2246]: [EtherCATDriver ] index=0x0  subindex=0 bitlen=0 derect=0  
20260812-194203:052692968 EtherCAT|INFO [EcatDrv_MakePDOMappingInfo,2246]: [EtherCATDriver ] index=0x0  subindex=0 bitlen=0 derect=0  
20260812-194203:052713744 EtherCAT|INFO [EcatDrv_MakePDOMappingInfo,2246]: [EtherCATDriver ] index=0x0  subindex=0 bitlen=0 derect=0
20260812-194203:052734704 EtherCAT|INFO [EcatDrv_MakePDOMappingInfo,2246]: [EtherCATDriver ] index=0x0  subindex=0 bitlen=0 derect=0  
20260812-194203:052759248 EtherCAT|INFO [EcatDrv_MakePDOMappingInfo,2246]: [EtherCATDriver ] index=0x0  subindex=0 bitlen=0 derect=0  
20260812-194203:052780296 EtherCAT|INFO [EcatDrv_MakePDOMappingInfo,2246]: [EtherCATDriver ] index=0x0  subindex=0 bitlen=0 derect=0
20260812-194203:052801336 EtherCAT|INFO [EcatDrv_MakePDOMappingInfo,2246]: [EtherCATDriver ] index=0x0  subindex=0 bitlen=0 derect=0  
20260812-194203:052821992 EtherCAT|INFO [EcatDrv_MakePDOMappingInfo,2246]: [EtherCATDriver ] index=0x0  subindex=0 bitlen=0 derect=0  
20260812-194203:052843072 EtherCAT|INFO [EcatDrv_MakePDOMappingInfo,2246]: [EtherCATDriver ] index=0x0  subindex=0 bitlen=0 derect=0
20260812-194203:052863896 EtherCAT|INFO [EcatDrv_MakePDOMappingInfo,2246]: [EtherCATDriver ] index=0x0  subindex=0 bitlen=0 derect=0  
20260812-194203:052884368 EtherCAT|INFO [EcatDrv_MakePDOMappingInfo,2246]: [EtherCATDriver ] index=0x0  subindex=0 bitlen=0 derect=0  
20260812-194203:052905392 EtherCAT|INFO [EcatDrv_MakePDOMappingInfo,2246]: [EtherCATDriver ] index=0x0  subindex=0 bitlen=0 derect=0
20260812-194203:052943472 EtherCAT|INFO [EcatDrv_MakePDOMappingInfo,2246]: [EtherCATDriver ] index=0x0  subindex=0 bitlen=0 derect=0  
20260812-194203:052967272 EtherCAT|INFO [EcatDrv_MakePDOMappingInfo,2246]: [EtherCATDriver ] index=0x0  subindex=0 bitlen=0 derect=0  
20260812-194203:052989216 EtherCAT|INFO [EcatDrv_MakePDOMappingInfo,2246]: [EtherCATDriver ] index=0x0  subindex=0 bitlen=0 derect=0
20260812-194203:053010248 EtherCAT|INFO [EcatDrv_MakePDOMappingInfo,2246]: [EtherCATDriver ] index=0x0  subindex=0 bitlen=0 derect=0  
20260812-194203:053031608 EtherCAT|INFO [EcatDrv_MakePDOMappingInfo,2246]: [EtherCATDriver ] index=0x0  subindex=0 bitlen=0 derect=0  
20260812-194203:053052072 EtherCAT|INFO [EcatDrv_MakePDOMappingInfo,2246]: [EtherCATDriver ] index=0x0  subindex=0 bitlen=0 derect=0
20260812-194203:053073064 EtherCAT|INFO [EcatDrv_MakePDOMappingInfo,2246]: [EtherCATDriver ] index=0x0  subindex=0 bitlen=0 derect=0  
20260812-194203:053093576 EtherCAT|INFO [EcatDrv_MakePDOMappingInfo,2246]: [EtherCATDriver ] index=0x0  subindex=0 bitlen=0 derect=0  
20260812-194203:053115064 EtherCAT|INFO [EcatDrv_MakePDOMappingInfo,2246]: [EtherCATDriver ] index=0x0  subindex=0 bitlen=0 derect=0
20260812-194203:053136096 EtherCAT|INFO [EcatDrv_MakePDOMappingInfo,2246]: [EtherCATDriver ] index=0x0  subindex=0 bitlen=0 derect=0  
20260812-194203:053157216 EtherCAT|INFO [EcatDrv_MakePDOMappingInfo,2246]: [EtherCATDriver ] index=0x0  subindex=0 bitlen=0 derect=0  
20260812-194203:053178456 EtherCAT|INFO [EcatDrv_MakePDOMappingInfo,2246]: [EtherCATDriver ] index=0x0  subindex=0 bitlen=0 derect=0
20260812-194203:053198936 EtherCAT|INFO [EcatDrv_MakePDOMappingInfo,2246]: [EtherCATDriver ] index=0x0  subindex=0 bitlen=0 derect=0  
20260812-194203:053219848 EtherCAT|INFO [EcatDrv_MakePDOMappingInfo,2246]: [EtherCATDriver ] index=0x0  subindex=0 bitlen=0 derect=0  
20260812-194203:053241808 EtherCAT|INFO [EcatDrv_MakePDOMappingInfo,2246]: [EtherCATDriver ] index=0x0  subindex=0 bitlen=0 derect=0
20260812-194203:053262984 EtherCAT|INFO [EcatDrv_MakePDOMappingInfo,2246]: [EtherCATDriver ] index=0x0  subindex=0 bitlen=0 derect=0  
20260812-194203:053284128 EtherCAT|INFO [EcatDrv_MakePDOMappingInfo,2246]: [EtherCATDriver ] index=0x0  subindex=0 bitlen=0 derect=0  
20260812-194203:053305592 EtherCAT|INFO [EcatDrv_MakePDOMappingInfo,2246]: [EtherCATDriver ] index=0x0  subindex=0 bitlen=0 derect=0
20260812-194203:053326264 EtherCAT|INFO [EcatDrv_MakePDOMappingInfo,2246]: [EtherCATDriver ] index=0x0  subindex=0 bitlen=0 derect=0  
20260812-194203:053347304 EtherCAT|INFO [EcatDrv_MakePDOMappingInfo,2246]: [EtherCATDriver ] index=0x0  subindex=0 bitlen=0 derect=0  
20260812-194203:053367848 EtherCAT|INFO [EcatDrv_MakePDOMappingInfo,2246]: [EtherCATDriver ] index=0x0  subindex=0 bitlen=0 derect=0
20260812-194203:053388784 EtherCAT|INFO [EcatDrv_MakePDOMappingInfo,2246]: [EtherCATDriver ] index=0x0  subindex=0 bitlen=0 derect=0  
20260812-194203:053409008 EtherCAT|INFO [EcatDrv_MakePDOMappingInfo,2246]: [EtherCATDriver ] index=0x0  subindex=0 bitlen=0 derect=0  
20260812-194203:053430016 EtherCAT|INFO [EcatDrv_MakePDOMappingInfo,2246]: [EtherCATDriver ] index=0x0  subindex=0 bitlen=0 derect=0
20260812-194203:053450752 EtherCAT|INFO [EcatDrv_MakePDOMappingInfo,2246]: [EtherCATDriver ] index=0x0  subindex=0 bitlen=0 derect=0  
20260812-194203:053471496 EtherCAT|INFO [EcatDrv_MakePDOMappingInfo,2246]: [EtherCATDriver ] index=0x0  subindex=0 bitlen=0 derect=0  
20260812-194203:053491992 EtherCAT|INFO [EcatDrv_MakePDOMappingInfo,2246]: [EtherCATDriver ] index=0x0  subindex=0 bitlen=0 derect=0
20260812-194203:053512504 EtherCAT|INFO [EcatDrv_MakePDOMappingInfo,2246]: [EtherCATDriver ] index=0x0  subindex=0 bitlen=0 derect=0  
20260812-194203:053533504 EtherCAT|INFO [EcatDrv_MakePDOMappingInfo,2246]: [EtherCATDriver ] index=0x0  subindex=0 bitlen=0 derect=0  
20260812-194203:053554424 EtherCAT|INFO [EcatDrv_MakePDOMappingInfo,2246]: [EtherCATDriver ] index=0x0  subindex=0 bitlen=0 derect=0
20260812-194203:053575472 EtherCAT|INFO [EcatDrv_MakePDOMappingInfo,2246]: [EtherCATDriver ] index=0x0  subindex=0 bitlen=0 derect=0  
20260812-194203:053596424 EtherCAT|INFO [EcatDrv_MakePDOMappingInfo,2246]: [EtherCATDriver ] index=0x0  subindex=0 bitlen=0 derect=0  
20260812-194203:053617488 EtherCAT|INFO [EcatDrv_MakePDOMappingInfo,2246]: [EtherCATDriver ] index=0x0  subindex=0 bitlen=0 derect=0
20260812-194203:053638944 EtherCAT|INFO [EcatDrv_MakePDOMappingInfo,2246]: [EtherCATDriver ] index=0x0  subindex=0 bitlen=0 derect=0  
20260812-194203:053660472 EtherCAT|INFO [EcatDrv_MakePDOMappingInfo,2246]: [EtherCATDriver ] index=0x0  subindex=0 bitlen=0 derect=0  
20260812-194203:053681072 EtherCAT|INFO [EcatDrv_MakePDOMappingInfo,2246]: [EtherCATDriver ] index=0x0  subindex=0 bitlen=0 derect=0
20260812-194203:053702448 EtherCAT|INFO [EcatDrv_MakePDOMappingInfo,2246]: [EtherCATDriver ] index=0x0  subindex=0 bitlen=0 derect=0  
20260812-194203:053723816 EtherCAT|INFO [EcatDrv_MakePDOMappingInfo,2246]: [EtherCATDriver ] index=0x0  subindex=0 bitlen=0 derect=0  
20260812-194203:053751096 EtherCAT|INFO [EcatDrv_MakePDOMappingInfo,2246]: [EtherCATDriver ] index=0x0  subindex=0 bitlen=0 derect=0
20260812-194203:053774216 EtherCAT|INFO [EcatDrv_MakePDOMappingInfo,2246]: [EtherCATDriver ] index=0x0  subindex=0 bitlen=0 derect=0  
20260812-194203:053796024 EtherCAT|INFO [EcatDrv_MakePDOMappingInfo,2246]: [EtherCATDriver ] index=0x0  subindex=0 bitlen=0 derect=0  
20260812-194203:053817544 EtherCAT|INFO [EcatDrv_MakePDOMappingInfo,2246]: [EtherCATDriver ] index=0x0  subindex=0 bitlen=0 derect=0
20260812-194203:053838376 EtherCAT|INFO [EcatDrv_MakePDOMappingInfo,2246]: [EtherCATDriver ] index=0x0  subindex=0 bitlen=0 derect=0  
20260812-194203:053858952 EtherCAT|INFO [EcatDrv_MakePDOMappingInfo,2246]: [EtherCATDriver ] index=0x0  subindex=0 bitlen=0 derect=0  
20260812-194203:053879784 EtherCAT|INFO [EcatDrv_MakePDOMappingInfo,2246]: [EtherCATDriver ] index=0x0  subindex=0 bitlen=0 derect=0
20260812-194203:053900232 EtherCAT|INFO [EcatDrv_MakePDOMappingInfo,2246]: [EtherCATDriver ] index=0x0  subindex=0 bitlen=0 derect=0  
20260812-194203:053920928 EtherCAT|INFO [EcatDrv_MakePDOMappingInfo,2246]: [EtherCATDriver ] index=0x0  subindex=0 bitlen=0 derect=0  
20260812-194203:053959248 EtherCAT|INFO [EcatDrv_MakePDOMappingInfo,2246]: [EtherCATDriver ] index=0x0  subindex=0 bitlen=0 derect=0
20260812-194203:053981112 EtherCAT|INFO [EcatDrv_MakePDOMappingInfo,2246]: [EtherCATDriver ] index=0x0  subindex=0 bitlen=0 derect=0  
20260812-194203:054001856 EtherCAT|INFO [EcatDrv_MakePDOMappingInfo,2246]: [EtherCATDriver ] index=0x0  subindex=0 bitlen=0 derect=0  
20260812-194203:054023952 EtherCAT|INFO [EcatDrv_MakePDOMappingInfo,2246]: [EtherCATDriver ] index=0x0  subindex=0 bitlen=0 derect=0
20260812-194203:054044704 EtherCAT|INFO [EcatDrv_MakePDOMappingInfo,2246]: [EtherCATDriver ] index=0x0  subindex=0 bitlen=0 derect=0  
20260812-194203:054065056 EtherCAT|INFO [EcatDrv_MakePDOMappingInfo,2246]: [EtherCATDriver ] index=0x0  subindex=0 bitlen=0 derect=0  
20260812-194203:054086216 EtherCAT|INFO [EcatDrv_MakePDOMappingInfo,2246]: [EtherCATDriver ] index=0x0  subindex=0 bitlen=0 derect=0
20260812-194203:054107512 EtherCAT|INFO [EcatDrv_MakePDOMappingInfo,2246]: [EtherCATDriver ] index=0x0  subindex=0 bitlen=0 derect=0  
20260812-194203:054128568 EtherCAT|INFO [EcatDrv_MakePDOMappingInfo,2246]: [EtherCATDriver ] index=0x0  subindex=0 bitlen=0 derect=0  
20260812-194203:054149688 EtherCAT|INFO [EcatDrv_MakePDOMappingInfo,2246]: [EtherCATDriver ] index=0x0  subindex=0 bitlen=0 derect=0
20260812-194203:054170752 EtherCAT|INFO [EcatDrv_MakePDOMappingInfo,2246]: [EtherCATDriver ] index=0x0  subindex=0 bitlen=0 derect=0  
20260812-194203:054191496 EtherCAT|INFO [EcatDrv_MakePDOMappingInfo,2246]: [EtherCATDriver ] index=0x0  subindex=0 bitlen=0 derect=0  
20260812-194203:054211688 EtherCAT|INFO [EcatDrv_MakePDOMappingInfo,2246]: [EtherCATDriver ] index=0x0  subindex=0 bitlen=0 derect=0
20260812-194203:054232488 EtherCAT|INFO [EcatDrv_MakePDOMappingInfo,2246]: [EtherCATDriver ] index=0x0  subindex=0 bitlen=0 derect=0  
20260812-194203:054253232 EtherCAT|INFO [EcatDrv_MakePDOMappingInfo,2246]: [EtherCATDriver ] index=0x0  subindex=0 bitlen=0 derect=0  
20260812-194203:054274528 EtherCAT|INFO [EcatDrv_MakePDOMappingInfo,2246]: [EtherCATDriver ] index=0x0  subindex=0 bitlen=0 derect=0
20260812-194203:054356448 EtherCAT|INFO [CoESrv_IndexPosInit,327]: rx idn : object : 6040, robotaddr = 0, moduleaddr = 1086a814. EcatPos is 0. 0  
20260812-194203:054393776 EtherCAT|INFO [CoESrv_IndexPosInit,327]: rx idn : object : 6071, robotaddr = 0, moduleaddr = 1086a820. EcatPos is 2. 0  
20260812-194203:054438504 EtherCAT|INFO [CoESrv_IndexPosInit,327]: rx idn : object : 607a, robotaddr = 0, moduleaddr = 1086a830. EcatPos is 4. 0 
20260812-194203:054474808 EtherCAT|INFO [CoESrv_IndexPosInit,327]: rx idn : object : 60b2, robotaddr = 0, moduleaddr = 1086a826. EcatPos is 8. 0  
20260812-194203:054509408 EtherCAT|INFO [CoESrv_IndexPosInit,327]: rx idn : object : 6060, robotaddr = 0, moduleaddr = 1086a818. EcatPos is 10. 0  
20260812-194203:054535376 EtherCAT|INFO [CoESrv_IndexPosInit,327]: rx idn : object : 0, robotaddr = 0, moduleaddr = 0. EcatPos is 21. 0 
20260812-194203:054579184 EtherCAT|INFO [CoESrv_IndexPosInit,327]: rx idn : object : 6040, robotaddr = 0, moduleaddr = 1086aab0. EcatPos is 0. 1  
20260812-194203:054612848 EtherCAT|INFO [CoESrv_IndexPosInit,327]: rx idn : object : 6071, robotaddr = 0, moduleaddr = 1086aabc. EcatPos is 2. 1  
20260812-194203:054654536 EtherCAT|INFO [CoESrv_IndexPosInit,327]: rx idn : object : 607a, robotaddr = 0, moduleaddr = 1086aacc. EcatPos is 4. 1 
20260812-194203:054687664 EtherCAT|INFO [CoESrv_IndexPosInit,327]: rx idn : object : 60b2, robotaddr = 0, moduleaddr = 1086aac2. EcatPos is 8. 1  
20260812-194203:054720944 EtherCAT|INFO [CoESrv_IndexPosInit,327]: rx idn : object : 6060, robotaddr = 0, moduleaddr = 1086aab4. EcatPos is 10. 1  
20260812-194203:054750224 EtherCAT|INFO [CoESrv_IndexPosInit,327]: rx idn : object : 0, robotaddr = 0, moduleaddr = 0. EcatPos is 21. 1 
20260812-194203:054792776 EtherCAT|INFO [CoESrv_IndexPosInit,327]: rx idn : object : 6040, robotaddr = 0, moduleaddr = 1086ad4c. EcatPos is 0. 2  
20260812-194203:054828912 EtherCAT|INFO [CoESrv_IndexPosInit,327]: rx idn : object : 6071, robotaddr = 0, moduleaddr = 1086ad58. EcatPos is 2. 2  
20260812-194203:054870704 EtherCAT|INFO [CoESrv_IndexPosInit,327]: rx idn : object : 607a, robotaddr = 0, moduleaddr = 1086ad68. EcatPos is 4. 2 
20260812-194203:054905552 EtherCAT|INFO [CoESrv_IndexPosInit,327]: rx idn : object : 60b2, robotaddr = 0, moduleaddr = 1086ad5e. EcatPos is 8. 2  
20260812-194203:054940056 EtherCAT|INFO [CoESrv_IndexPosInit,327]: rx idn : object : 6060, robotaddr = 0, moduleaddr = 1086ad50. EcatPos is 10. 2  
20260812-194203:054986256 EtherCAT|INFO [CoESrv_IndexPosInit,327]: rx idn : object : 0, robotaddr = 0, moduleaddr = 0. EcatPos is 21. 2 
20260812-194203:055031176 EtherCAT|INFO [CoESrv_IndexPosInit,327]: rx idn : object : 6040, robotaddr = 0, moduleaddr = 1086afe8. EcatPos is 0. 3  
20260812-194203:055067136 EtherCAT|INFO [CoESrv_IndexPosInit,327]: rx idn : object : 6071, robotaddr = 0, moduleaddr = 1086aff4. EcatPos is 2. 3  
20260812-194203:055109424 EtherCAT|INFO [CoESrv_IndexPosInit,327]: rx idn : object : 607a, robotaddr = 0, moduleaddr = 1086b004. EcatPos is 4. 3 
20260812-194203:055143696 EtherCAT|INFO [CoESrv_IndexPosInit,327]: rx idn : object : 60b2, robotaddr = 0, moduleaddr = 1086affa. EcatPos is 8. 3  
20260812-194203:055178416 EtherCAT|INFO [CoESrv_IndexPosInit,327]: rx idn : object : 6060, robotaddr = 0, moduleaddr = 1086afec. EcatPos is 10. 3  
20260812-194203:055204072 EtherCAT|INFO [CoESrv_IndexPosInit,327]: rx idn : object : 0, robotaddr = 0, moduleaddr = 0. EcatPos is 21. 3 
20260812-194203:055246136 EtherCAT|INFO [CoESrv_IndexPosInit,327]: rx idn : object : 6040, robotaddr = 0, moduleaddr = 1086b284. EcatPos is 0. 4  
20260812-194203:055279912 EtherCAT|INFO [CoESrv_IndexPosInit,327]: rx idn : object : 6071, robotaddr = 0, moduleaddr = 1086b290. EcatPos is 2. 4  
20260812-194203:055322728 EtherCAT|INFO [CoESrv_IndexPosInit,327]: rx idn : object : 607a, robotaddr = 0, moduleaddr = 1086b2a0. EcatPos is 4. 4 
20260812-194203:055358056 EtherCAT|INFO [CoESrv_IndexPosInit,327]: rx idn : object : 60b2, robotaddr = 0, moduleaddr = 1086b296. EcatPos is 8. 4  
20260812-194203:055392096 EtherCAT|INFO [CoESrv_IndexPosInit,327]: rx idn : object : 6060, robotaddr = 0, moduleaddr = 1086b288. EcatPos is 10. 4  
20260812-194203:055416976 EtherCAT|INFO [CoESrv_IndexPosInit,327]: rx idn : object : 0, robotaddr = 0, moduleaddr = 0. EcatPos is 21. 4 
20260812-194203:055458744 EtherCAT|INFO [CoESrv_IndexPosInit,327]: rx idn : object : 6040, robotaddr = 0, moduleaddr = 1086b520. EcatPos is 0. 5  
20260812-194203:055493184 EtherCAT|INFO [CoESrv_IndexPosInit,327]: rx idn : object : 6071, robotaddr = 0, moduleaddr = 1086b52c. EcatPos is 2. 5  
20260812-194203:055536464 EtherCAT|INFO [CoESrv_IndexPosInit,327]: rx idn : object : 607a, robotaddr = 0, moduleaddr = 1086b53c. EcatPos is 4. 5 
20260812-194203:055570112 EtherCAT|INFO [CoESrv_IndexPosInit,327]: rx idn : object : 60b2, robotaddr = 0, moduleaddr = 1086b532. EcatPos is 8. 5  
20260812-194203:055602904 EtherCAT|INFO [CoESrv_IndexPosInit,327]: rx idn : object : 6060, robotaddr = 0, moduleaddr = 1086b524. EcatPos is 10. 5  
20260812-194203:055628328 EtherCAT|INFO [CoESrv_IndexPosInit,327]: rx idn : object : 0, robotaddr = 0, moduleaddr = 0. EcatPos is 21. 5 
20260812-194203:055670752 EtherCAT|INFO [CoESrv_IndexPosInit,327]: rx idn : object : 6040, robotaddr = 0, moduleaddr = 1086b7bc. EcatPos is 0. 6  
20260812-194203:055705216 EtherCAT|INFO [CoESrv_IndexPosInit,327]: rx idn : object : 6071, robotaddr = 0, moduleaddr = 1086b7c8. EcatPos is 2. 6  
20260812-194203:055755696 EtherCAT|INFO [CoESrv_IndexPosInit,327]: rx idn : object : 607a, robotaddr = 0, moduleaddr = 1086b7d8. EcatPos is 4. 6 
20260812-194203:055791704 EtherCAT|INFO [CoESrv_IndexPosInit,327]: rx idn : object : 60b2, robotaddr = 0, moduleaddr = 1086b7ce. EcatPos is 8. 6  
20260812-194203:055825928 EtherCAT|INFO [CoESrv_IndexPosInit,327]: rx idn : object : 6060, robotaddr = 0, moduleaddr = 1086b7c0. EcatPos is 10. 6  
20260812-194203:055851272 EtherCAT|INFO [CoESrv_IndexPosInit,327]: rx idn : object : 0, robotaddr = 0, moduleaddr = 0. EcatPos is 21. 6 
20260812-194203:055895384 EtherCAT|INFO [CoESrv_IndexPosInit,375]: tx idn : object : 6041, robotaddr = 0, moduleaddr = 1086a816. EcatPos is 0. 0 
20260812-194203:055929624 EtherCAT|INFO [CoESrv_IndexPosInit,375]: tx idn : object : 603f, robotaddr = 0, moduleaddr = 1086a81a. EcatPos is 2. 0 
20260812-194203:055991408 EtherCAT|INFO [CoESrv_IndexPosInit,375]: tx idn : object : 6064, robotaddr = 0, moduleaddr = 1086a834. EcatPos is 4. 0
20260812-194203:056028112 EtherCAT|INFO [CoESrv_IndexPosInit,375]: tx idn : object : 6077, robotaddr = 0, moduleaddr = 1086a822. EcatPos is 8. 0 
20260812-194203:056063152 EtherCAT|INFO [CoESrv_IndexPosInit,375]: tx idn : object : 6078, robotaddr = 0, moduleaddr = 1086a824. EcatPos is 10. 0 
20260812-194203:056098672 EtherCAT|INFO [CoESrv_IndexPosInit,375]: tx idn : object : 606c, robotaddr = 0, moduleaddr = 1086a82c. EcatPos is 12. 0
20260812-194203:056133568 EtherCAT|INFO [CoESrv_IndexPosInit,375]: tx idn : object : 60f4, robotaddr = 0, moduleaddr = 1086a838. EcatPos is 16. 0 
20260812-194203:056168376 EtherCAT|INFO [CoESrv_IndexPosInit,375]: tx idn : object : 6061, robotaddr = 0, moduleaddr = 1086a819. EcatPos is 20. 0 
20260812-194203:056193248 EtherCAT|INFO [CoESrv_IndexPosInit,375]: tx idn : object : 0, robotaddr = 0, moduleaddr = 0. EcatPos is 21. 0
20260812-194203:056235008 EtherCAT|INFO [CoESrv_IndexPosInit,375]: tx idn : object : 6041, robotaddr = 0, moduleaddr = 1086aab2. EcatPos is 0. 1 
20260812-194203:056267944 EtherCAT|INFO [CoESrv_IndexPosInit,375]: tx idn : object : 603f, robotaddr = 0, moduleaddr = 1086aab6. EcatPos is 2. 1 
20260812-194203:056309464 EtherCAT|INFO [CoESrv_IndexPosInit,375]: tx idn : object : 6064, robotaddr = 0, moduleaddr = 1086aad0. EcatPos is 4. 1
20260812-194203:056343648 EtherCAT|INFO [CoESrv_IndexPosInit,375]: tx idn : object : 6077, robotaddr = 0, moduleaddr = 1086aabe. EcatPos is 8. 1 
20260812-194203:056378712 EtherCAT|INFO [CoESrv_IndexPosInit,375]: tx idn : object : 6078, robotaddr = 0, moduleaddr = 1086aac0. EcatPos is 10. 1 
20260812-194203:056412952 EtherCAT|INFO [CoESrv_IndexPosInit,375]: tx idn : object : 606c, robotaddr = 0, moduleaddr = 1086aac8. EcatPos is 12. 1
20260812-194203:056446976 EtherCAT|INFO [CoESrv_IndexPosInit,375]: tx idn : object : 60f4, robotaddr = 0, moduleaddr = 1086aad4. EcatPos is 16. 1 
20260812-194203:056480384 EtherCAT|INFO [CoESrv_IndexPosInit,375]: tx idn : object : 6061, robotaddr = 0, moduleaddr = 1086aab5. EcatPos is 20. 1 
20260812-194203:056504984 EtherCAT|INFO [CoESrv_IndexPosInit,375]: tx idn : object : 0, robotaddr = 0, moduleaddr = 0. EcatPos is 21. 1
20260812-194203:056546512 EtherCAT|INFO [CoESrv_IndexPosInit,375]: tx idn : object : 6041, robotaddr = 0, moduleaddr = 1086ad4e. EcatPos is 0. 2 
20260812-194203:056580728 EtherCAT|INFO [CoESrv_IndexPosInit,375]: tx idn : object : 603f, robotaddr = 0, moduleaddr = 1086ad52. EcatPos is 2. 2 
20260812-194203:056622304 EtherCAT|INFO [CoESrv_IndexPosInit,375]: tx idn : object : 6064, robotaddr = 0, moduleaddr = 1086ad6c. EcatPos is 4. 2
20260812-194203:056656536 EtherCAT|INFO [CoESrv_IndexPosInit,375]: tx idn : object : 6077, robotaddr = 0, moduleaddr = 1086ad5a. EcatPos is 8. 2 
20260812-194203:056689488 EtherCAT|INFO [CoESrv_IndexPosInit,375]: tx idn : object : 6078, robotaddr = 0, moduleaddr = 1086ad5c. EcatPos is 10. 2 
20260812-194203:056723488 EtherCAT|INFO [CoESrv_IndexPosInit,375]: tx idn : object : 606c, robotaddr = 0, moduleaddr = 1086ad64. EcatPos is 12. 2
20260812-194203:056760984 EtherCAT|INFO [CoESrv_IndexPosInit,375]: tx idn : object : 60f4, robotaddr = 0, moduleaddr = 1086ad70. EcatPos is 16. 2 
20260812-194203:056796272 EtherCAT|INFO [CoESrv_IndexPosInit,375]: tx idn : object : 6061, robotaddr = 0, moduleaddr = 1086ad51. EcatPos is 20. 2 
20260812-194203:056820656 EtherCAT|INFO [CoESrv_IndexPosInit,375]: tx idn : object : 0, robotaddr = 0, moduleaddr = 0. EcatPos is 21. 2
20260812-194203:056862312 EtherCAT|INFO [CoESrv_IndexPosInit,375]: tx idn : object : 6041, robotaddr = 0, moduleaddr = 1086afea. EcatPos is 0. 3 
20260812-194203:056896264 EtherCAT|INFO [CoESrv_IndexPosInit,375]: tx idn : object : 603f, robotaddr = 0, moduleaddr = 1086afee. EcatPos is 2. 3 
20260812-194203:056937608 EtherCAT|INFO [CoESrv_IndexPosInit,375]: tx idn : object : 6064, robotaddr = 0, moduleaddr = 1086b008. EcatPos is 4. 3
20260812-194203:056971568 EtherCAT|INFO [CoESrv_IndexPosInit,375]: tx idn : object : 6077, robotaddr = 0, moduleaddr = 1086aff6. EcatPos is 8. 3 
20260812-194203:057027024 EtherCAT|INFO [CoESrv_IndexPosInit,375]: tx idn : object : 6078, robotaddr = 0, moduleaddr = 1086aff8. EcatPos is 10. 3 
20260812-194203:057062632 EtherCAT|INFO [CoESrv_IndexPosInit,375]: tx idn : object : 606c, robotaddr = 0, moduleaddr = 1086b000. EcatPos is 12. 3
20260812-194203:057097792 EtherCAT|INFO [CoESrv_IndexPosInit,375]: tx idn : object : 60f4, robotaddr = 0, moduleaddr = 1086b00c. EcatPos is 16. 3 
20260812-194203:057132584 EtherCAT|INFO [CoESrv_IndexPosInit,375]: tx idn : object : 6061, robotaddr = 0, moduleaddr = 1086afed. EcatPos is 20. 3 
20260812-194203:057157184 EtherCAT|INFO [CoESrv_IndexPosInit,375]: tx idn : object : 0, robotaddr = 0, moduleaddr = 0. EcatPos is 21. 3
20260812-194203:057199128 EtherCAT|INFO [CoESrv_IndexPosInit,375]: tx idn : object : 6041, robotaddr = 0, moduleaddr = 1086b286. EcatPos is 0. 4 
20260812-194203:057233568 EtherCAT|INFO [CoESrv_IndexPosInit,375]: tx idn : object : 603f, robotaddr = 0, moduleaddr = 1086b28a. EcatPos is 2. 4 
20260812-194203:057275248 EtherCAT|INFO [CoESrv_IndexPosInit,375]: tx idn : object : 6064, robotaddr = 0, moduleaddr = 1086b2a4. EcatPos is 4. 4
20260812-194203:057309648 EtherCAT|INFO [CoESrv_IndexPosInit,375]: tx idn : object : 6077, robotaddr = 0, moduleaddr = 1086b292. EcatPos is 8. 4 
20260812-194203:057343592 EtherCAT|INFO [CoESrv_IndexPosInit,375]: tx idn : object : 6078, robotaddr = 0, moduleaddr = 1086b294. EcatPos is 10. 4 
20260812-194203:057378304 EtherCAT|INFO [CoESrv_IndexPosInit,375]: tx idn : object : 606c, robotaddr = 0, moduleaddr = 1086b29c. EcatPos is 12. 4
20260812-194203:057412912 EtherCAT|INFO [CoESrv_IndexPosInit,375]: tx idn : object : 60f4, robotaddr = 0, moduleaddr = 1086b2a8. EcatPos is 16. 4 
20260812-194203:057446568 EtherCAT|INFO [CoESrv_IndexPosInit,375]: tx idn : object : 6061, robotaddr = 0, moduleaddr = 1086b289. EcatPos is 20. 4 
20260812-194203:057470744 EtherCAT|INFO [CoESrv_IndexPosInit,375]: tx idn : object : 0, robotaddr = 0, moduleaddr = 0. EcatPos is 21. 4
20260812-194203:057511712 EtherCAT|INFO [CoESrv_IndexPosInit,375]: tx idn : object : 6041, robotaddr = 0, moduleaddr = 1086b522. EcatPos is 0. 5 
20260812-194203:057546112 EtherCAT|INFO [CoESrv_IndexPosInit,375]: tx idn : object : 603f, robotaddr = 0, moduleaddr = 1086b526. EcatPos is 2. 5 
20260812-194203:057588184 EtherCAT|INFO [CoESrv_IndexPosInit,375]: tx idn : object : 6064, robotaddr = 0, moduleaddr = 1086b540. EcatPos is 4. 5
20260812-194203:057623304 EtherCAT|INFO [CoESrv_IndexPosInit,375]: tx idn : object : 6077, robotaddr = 0, moduleaddr = 1086b52e. EcatPos is 8. 5 
20260812-194203:057657632 EtherCAT|INFO [CoESrv_IndexPosInit,375]: tx idn : object : 6078, robotaddr = 0, moduleaddr = 1086b530. EcatPos is 10. 5 
20260812-194203:057691752 EtherCAT|INFO [CoESrv_IndexPosInit,375]: tx idn : object : 606c, robotaddr = 0, moduleaddr = 1086b538. EcatPos is 12. 5
20260812-194203:057726224 EtherCAT|INFO [CoESrv_IndexPosInit,375]: tx idn : object : 60f4, robotaddr = 0, moduleaddr = 1086b544. EcatPos is 16. 5 
20260812-194203:057769184 EtherCAT|INFO [CoESrv_IndexPosInit,375]: tx idn : object : 6061, robotaddr = 0, moduleaddr = 1086b525. EcatPos is 20. 5 
20260812-194203:057795104 EtherCAT|INFO [CoESrv_IndexPosInit,375]: tx idn : object : 0, robotaddr = 0, moduleaddr = 0. EcatPos is 21. 5
20260812-194203:057837544 EtherCAT|INFO [CoESrv_IndexPosInit,375]: tx idn : object : 6041, robotaddr = 0, moduleaddr = 1086b7be. EcatPos is 0. 6 
20260812-194203:057871104 EtherCAT|INFO [CoESrv_IndexPosInit,375]: tx idn : object : 603f, robotaddr = 0, moduleaddr = 1086b7c2. EcatPos is 2. 6 
20260812-194203:057913216 EtherCAT|INFO [CoESrv_IndexPosInit,375]: tx idn : object : 6064, robotaddr = 0, moduleaddr = 1086b7dc. EcatPos is 4. 6
20260812-194203:057946928 EtherCAT|INFO [CoESrv_IndexPosInit,375]: tx idn : object : 6077, robotaddr = 0, moduleaddr = 1086b7ca. EcatPos is 8. 6 
20260812-194203:057980408 EtherCAT|INFO [CoESrv_IndexPosInit,375]: tx idn : object : 6078, robotaddr = 0, moduleaddr = 1086b7cc. EcatPos is 10. 6 
20260812-194203:058035152 EtherCAT|INFO [CoESrv_IndexPosInit,375]: tx idn : object : 606c, robotaddr = 0, moduleaddr = 1086b7d4. EcatPos is 12. 6
20260812-194203:058070464 EtherCAT|INFO [CoESrv_IndexPosInit,375]: tx idn : object : 60f4, robotaddr = 0, moduleaddr = 1086b7e0. EcatPos is 16. 6 
20260812-194203:058104824 EtherCAT|INFO [CoESrv_IndexPosInit,375]: tx idn : object : 6061, robotaddr = 0, moduleaddr = 1086b7c1. EcatPos is 20. 6 
20260812-194203:058130216 EtherCAT|INFO [CoESrv_IndexPosInit,375]: tx idn : object : 0, robotaddr = 0, moduleaddr = 0. EcatPos is 21. 6
20260812-194203:058153304 EtherCAT|INFO [CoESrv_IndexPosInit,384]: TxPDONum is 9, RxPDONum is 6.  
20260812-194203:058174176 EtherCAT|INFO [EcatStack_SetSlaveCfgValid,141]: [EtherCATModule ] Ecat slave config command : 1  
20260812-194203:058198016 EtherCAT|INFO [CANopenModule_ThreadEntry,319]: [CANopenModule  ] Matched slave config param has found : VEICHI
20260812-194203:058218688 EtherCAT|INFO [CANopenModule_ThreadEntry,320]: [CANopenModule  ] Task state is SLAVECFG turn to RESOURCE_CHK  
20260812-194203:058262768 EtherCAT|INFO [EcatDrv_CheckEvent,1232]: coe_event is 1, pre is 4  
20260812-194203:059570832 EtherCAT|INFO [EcatDrv_Task,714]: [EtherCATDriver ] slave : 1 pdo re-map is needed  
20260812-194203:059730928 EtherCAT|INFO [EcatDrv_Task,714]: [EtherCATDriver ] slave : 2 pdo re-map is needed
20260812-194203:059907224 EtherCAT|INFO [EcatDrv_Task,714]: [EtherCATDriver ] slave : 3 pdo re-map is needed  
20260812-194203:060083696 EtherCAT|INFO [EcatDrv_Task,714]: [EtherCATDriver ] slave : 4 pdo re-map is needed  
20260812-194203:060241848 EtherCAT|INFO [EcatDrv_Task,714]: [EtherCATDriver ] slave : 5 pdo re-map is needed  
20260812-194203:060398352 EtherCAT|INFO [EcatDrv_Task,714]: [EtherCATDriver ] slave : 6 pdo re-map is needed
20260812-194203:060554448 EtherCAT|INFO [EcatDrv_Task,714]: [EtherCATDriver ] slave : 7 pdo re-map is needed  
20260812-194203:070854112 EtherCAT|INFO [EcatDrv_PO2SOconfig,1514]: [EtherCATDriver ] slave : 1 txpdo : 0x60400010 map to 0x1600:1 ret:3  
20260812-194203:071862216 EtherCAT|INFO [EcatDrv_PO2SOconfig,1514]: [EtherCATDriver ] slave : 1 txpdo : 0x60710010 map to 0x1600:2 ret:4
20260812-194203:072852704 EtherCAT|INFO [EcatDrv_PO2SOconfig,1514]: [EtherCATDriver ] slave : 1 txpdo : 0x607a0020 map to 0x1600:3 ret:5  
20260812-194203:073862896 EtherCAT|INFO [EcatDrv_PO2SOconfig,1514]: [EtherCATDriver ] slave : 1 txpdo : 0x60b20010 map to 0x1600:4 ret:6  
20260812-194203:074849968 EtherCAT|INFO [EcatDrv_PO2SOconfig,1514]: [EtherCATDriver ] slave : 1 txpdo : 0x60600008 map to 0x1600:5 ret:7
20260812-194203:075870184 EtherCAT|INFO [EcatDrv_PO2SOconfig,1514]: [EtherCATDriver ] slave : 1 txpdo : 0x8 map to 0x1600:6 ret:8  
20260812-194203:076851464 EtherCAT|INFO [EcatDrv_PO2SOconfig,1522]: [EtherCATDriver ] slave : 1 rxpdo : 0x60410010 map to 0x1a00:1 ret:9  
20260812-194203:077866616 EtherCAT|INFO [EcatDrv_PO2SOconfig,1522]: [EtherCATDriver ] slave : 1 rxpdo : 0x603f0010 map to 0x1a00:2 ret:10
20260812-194203:078849232 EtherCAT|INFO [EcatDrv_PO2SOconfig,1522]: [EtherCATDriver ] slave : 1 rxpdo : 0x60640020 map to 0x1a00:3 ret:11  
20260812-194203:079862088 EtherCAT|INFO [EcatDrv_PO2SOconfig,1522]: [EtherCATDriver ] slave : 1 rxpdo : 0x60770010 map to 0x1a00:4 ret:12  
20260812-194203:080849872 EtherCAT|INFO [EcatDrv_PO2SOconfig,1522]: [EtherCATDriver ] slave : 1 rxpdo : 0x60780010 map to 0x1a00:5 ret:13
20260812-194203:081862024 EtherCAT|INFO [EcatDrv_PO2SOconfig,1522]: [EtherCATDriver ] slave : 1 rxpdo : 0x606c0020 map to 0x1a00:6 ret:14  
20260812-194203:082851424 EtherCAT|INFO [EcatDrv_PO2SOconfig,1522]: [EtherCATDriver ] slave : 1 rxpdo : 0x60f40020 map to 0x1a00:7 ret:15  
20260812-194203:083862912 EtherCAT|INFO [EcatDrv_PO2SOconfig,1522]: [EtherCATDriver ] slave : 1 rxpdo : 0x60610008 map to 0x1a00:8 ret:16
20260812-194203:084848576 EtherCAT|INFO [EcatDrv_PO2SOconfig,1522]: [EtherCATDriver ] slave : 1 rxpdo : 0x8 map to 0x1a00:9 ret:17  
20260812-194203:085870184 EtherCAT|INFO [EcatDrv_PO2SOconfig,1532]: [EtherCATDriver ] slave : 1 write 6 to 0xlx:0 ret:5632  
20260812-194203:086885056 EtherCAT|INFO [EcatDrv_PO2SOconfig,1536]: [EtherCATDriver ] slave : 1 write 9 to 0x1a00:0 ret:19
20260812-194203:087893344 EtherCAT|INFO [EcatDrv_PO2SOconfig,1539]: [EtherCATDriver ] slave : 1 write 1600 to 0x1C12:1 ret:20  
20260812-194203:088849704 EtherCAT|INFO [EcatDrv_PO2SOconfig,1542]: [EtherCATDriver ] slave : 1 write 1 to 0x1C12:0 ret:21  
20260812-194203:089863928 EtherCAT|INFO [EcatDrv_PO2SOconfig,1545]: [EtherCATDriver ] slave : 1 write 1a00 to 0x1C13:1 ret:22
20260812-194203:090863592 EtherCAT|INFO [EcatDrv_PO2SOconfig,1548]: [EtherCATDriver ] slave : 1 write 1 to 0x1C13:0 ret:23  
20260812-194203:128851984 EtherCAT|INFO [EcatDrv_PO2SOconfig,1514]: [EtherCATDriver ] slave : 2 txpdo : 0x60400010 map to 0x1600:1 ret:3  
20260812-194203:129862208 EtherCAT|INFO [EcatDrv_PO2SOconfig,1514]: [EtherCATDriver ] slave : 2 txpdo : 0x60710010 map to 0x1600:2 ret:4
20260812-194203:130849552 EtherCAT|INFO [EcatDrv_PO2SOconfig,1514]: [EtherCATDriver ] slave : 2 txpdo : 0x607a0020 map to 0x1600:3 ret:5  
20260812-194203:131058336 EtherCAT|INFO [EcatDrv_PO2SOconfig,1514]: [EtherCATDriver ] slave : 2 txpdo : 0x60b20010 map to 0x1600:4 ret:6  
20260812-194203:131863496 EtherCAT|INFO [EcatDrv_PO2SOconfig,1514]: [EtherCATDriver ] slave : 2 txpdo : 0x60600008 map to 0x1600:5 ret:7
20260812-194203:132851264 EtherCAT|INFO [EcatDrv_PO2SOconfig,1514]: [EtherCATDriver ] slave : 2 txpdo : 0x8 map to 0x1600:6 ret:8  
20260812-194203:133060296 EtherCAT|INFO [EcatDrv_PO2SOconfig,1522]: [EtherCATDriver ] slave : 2 rxpdo : 0x60410010 map to 0x1a00:1 ret:9  
20260812-194203:133868768 EtherCAT|INFO [EcatDrv_PO2SOconfig,1522]: [EtherCATDriver ] slave : 2 rxpdo : 0x603f0010 map to 0x1a00:2 ret:10
20260812-194203:134850224 EtherCAT|INFO [EcatDrv_PO2SOconfig,1522]: [EtherCATDriver ] slave : 2 rxpdo : 0x60640020 map to 0x1a00:3 ret:11  
20260812-194203:135863344 EtherCAT|INFO [EcatDrv_PO2SOconfig,1522]: [EtherCATDriver ] slave : 2 rxpdo : 0x60770010 map to 0x1a00:4 ret:12  
20260812-194203:136849352 EtherCAT|INFO [EcatDrv_PO2SOconfig,1522]: [EtherCATDriver ] slave : 2 rxpdo : 0x60780010 map to 0x1a00:5 ret:13
20260812-194203:137059336 EtherCAT|INFO [EcatDrv_PO2SOconfig,1522]: [EtherCATDriver ] slave : 2 rxpdo : 0x606c0020 map to 0x1a00:6 ret:14  
20260812-194203:137863936 EtherCAT|INFO [EcatDrv_PO2SOconfig,1522]: [EtherCATDriver ] slave : 2 rxpdo : 0x60f40020 map to 0x1a00:7 ret:15  
20260812-194203:138848872 EtherCAT|INFO [EcatDrv_PO2SOconfig,1522]: [EtherCATDriver ] slave : 2 rxpdo : 0x60610008 map to 0x1a00:8 ret:16
20260812-194203:139057168 EtherCAT|INFO [EcatDrv_PO2SOconfig,1522]: [EtherCATDriver ] slave : 2 rxpdo : 0x8 map to 0x1a00:9 ret:17  
20260812-194203:139863232 EtherCAT|INFO [EcatDrv_PO2SOconfig,1532]: [EtherCATDriver ] slave : 2 write 6 to 0xlx:0 ret:5632  
20260812-194203:140848512 EtherCAT|INFO [EcatDrv_PO2SOconfig,1536]: [EtherCATDriver ] slave : 2 write 9 to 0x1a00:0 ret:19
20260812-194203:141057224 EtherCAT|INFO [EcatDrv_PO2SOconfig,1539]: [EtherCATDriver ] slave : 2 write 1600 to 0x1C12:1 ret:20  
20260812-194203:141863208 EtherCAT|INFO [EcatDrv_PO2SOconfig,1542]: [EtherCATDriver ] slave : 2 write 1 to 0x1C12:0 ret:21  
20260812-194203:142859632 EtherCAT|INFO [EcatDrv_PO2SOconfig,1545]: [EtherCATDriver ] slave : 2 write 1a00 to 0x1C13:1 ret:22
20260812-194203:143871016 EtherCAT|INFO [EcatDrv_PO2SOconfig,1548]: [EtherCATDriver ] slave : 2 write 1 to 0x1C13:0 ret:23  
20260812-194203:184850168 EtherCAT|INFO [EcatDrv_PO2SOconfig,1514]: [EtherCATDriver ] slave : 3 txpdo : 0x60400010 map to 0x1600:1 ret:3  
20260812-194203:185861736 EtherCAT|INFO [EcatDrv_PO2SOconfig,1514]: [EtherCATDriver ] slave : 3 txpdo : 0x60710010 map to 0x1600:2 ret:4
20260812-194203:186849496 EtherCAT|INFO [EcatDrv_PO2SOconfig,1514]: [EtherCATDriver ] slave : 3 txpdo : 0x607a0020 map to 0x1600:3 ret:5  
20260812-194203:187865952 EtherCAT|INFO [EcatDrv_PO2SOconfig,1514]: [EtherCATDriver ] slave : 3 txpdo : 0x60b20010 map to 0x1600:4 ret:6  
20260812-194203:188849328 EtherCAT|INFO [EcatDrv_PO2SOconfig,1514]: [EtherCATDriver ] slave : 3 txpdo : 0x60600008 map to 0x1600:5 ret:7
20260812-194203:189868928 EtherCAT|INFO [EcatDrv_PO2SOconfig,1514]: [EtherCATDriver ] slave : 3 txpdo : 0x8 map to 0x1600:6 ret:8  
20260812-194203:190849592 EtherCAT|INFO [EcatDrv_PO2SOconfig,1522]: [EtherCATDriver ] slave : 3 rxpdo : 0x60410010 map to 0x1a00:1 ret:9  
20260812-194203:191865064 EtherCAT|INFO [EcatDrv_PO2SOconfig,1522]: [EtherCATDriver ] slave : 3 rxpdo : 0x603f0010 map to 0x1a00:2 ret:10
20260812-194203:192851408 EtherCAT|INFO [EcatDrv_PO2SOconfig,1522]: [EtherCATDriver ] slave : 3 rxpdo : 0x60640020 map to 0x1a00:3 ret:11  
20260812-194203:193861488 EtherCAT|INFO [EcatDrv_PO2SOconfig,1522]: [EtherCATDriver ] slave : 3 rxpdo : 0x60770010 map to 0x1a00:4 ret:12  
20260812-194203:194849112 EtherCAT|INFO [EcatDrv_PO2SOconfig,1522]: [EtherCATDriver ] slave : 3 rxpdo : 0x60780010 map to 0x1a00:5 ret:13
20260812-194203:195861768 EtherCAT|INFO [EcatDrv_PO2SOconfig,1522]: [EtherCATDriver ] slave : 3 rxpdo : 0x606c0020 map to 0x1a00:6 ret:14  
20260812-194203:196849048 EtherCAT|INFO [EcatDrv_PO2SOconfig,1522]: [EtherCATDriver ] slave : 3 rxpdo : 0x60f40020 map to 0x1a00:7 ret:15  
20260812-194203:197864416 EtherCAT|INFO [EcatDrv_PO2SOconfig,1522]: [EtherCATDriver ] slave : 3 rxpdo : 0x60610008 map to 0x1a00:8 ret:16
20260812-194203:198848784 EtherCAT|INFO [EcatDrv_PO2SOconfig,1522]: [EtherCATDriver ] slave : 3 rxpdo : 0x8 map to 0x1a00:9 ret:17  
20260812-194203:199866592 EtherCAT|INFO [EcatDrv_PO2SOconfig,1532]: [EtherCATDriver ] slave : 3 write 6 to 0xlx:0 ret:5632  
20260812-194203:200849944 EtherCAT|INFO [EcatDrv_PO2SOconfig,1536]: [EtherCATDriver ] slave : 3 write 9 to 0x1a00:0 ret:19
20260812-194203:201862952 EtherCAT|INFO [EcatDrv_PO2SOconfig,1539]: [EtherCATDriver ] slave : 3 write 1600 to 0x1C12:1 ret:20  
20260812-194203:202852896 EtherCAT|INFO [EcatDrv_PO2SOconfig,1542]: [EtherCATDriver ] slave : 3 write 1 to 0x1C12:0 ret:21  
20260812-194203:203862304 EtherCAT|INFO [EcatDrv_PO2SOconfig,1545]: [EtherCATDriver ] slave : 3 write 1a00 to 0x1C13:1 ret:22
20260812-194203:204849536 EtherCAT|INFO [EcatDrv_PO2SOconfig,1548]: [EtherCATDriver ] slave : 3 write 1 to 0x1C13:0 ret:23  
20260812-194203:244850896 EtherCAT|INFO [EcatDrv_PO2SOconfig,1514]: [EtherCATDriver ] slave : 4 txpdo : 0x60400010 map to 0x1600:1 ret:3  
20260812-194203:245861816 EtherCAT|INFO [EcatDrv_PO2SOconfig,1514]: [EtherCATDriver ] slave : 4 txpdo : 0x60710010 map to 0x1600:2 ret:4
20260812-194203:246848176 EtherCAT|INFO [EcatDrv_PO2SOconfig,1514]: [EtherCATDriver ] slave : 4 txpdo : 0x607a0020 map to 0x1600:3 ret:5  
20260812-194203:247865592 EtherCAT|INFO [EcatDrv_PO2SOconfig,1514]: [EtherCATDriver ] slave : 4 txpdo : 0x60b20010 map to 0x1600:4 ret:6  
20260812-194203:248848672 EtherCAT|INFO [EcatDrv_PO2SOconfig,1514]: [EtherCATDriver ] slave : 4 txpdo : 0x60600008 map to 0x1600:5 ret:7
20260812-194203:249866384 EtherCAT|INFO [EcatDrv_PO2SOconfig,1514]: [EtherCATDriver ] slave : 4 txpdo : 0x8 map to 0x1600:6 ret:8  
20260812-194203:250850128 EtherCAT|INFO [EcatDrv_PO2SOconfig,1522]: [EtherCATDriver ] slave : 4 rxpdo : 0x60410010 map to 0x1a00:1 ret:9  
20260812-194203:251872112 EtherCAT|INFO [EcatDrv_PO2SOconfig,1522]: [EtherCATDriver ] slave : 4 rxpdo : 0x603f0010 map to 0x1a00:2 ret:10
20260812-194203:252854576 EtherCAT|INFO [EcatDrv_PO2SOconfig,1522]: [EtherCATDriver ] slave : 4 rxpdo : 0x60640020 map to 0x1a00:3 ret:11  
20260812-194203:253864456 EtherCAT|INFO [EcatDrv_PO2SOconfig,1522]: [EtherCATDriver ] slave : 4 rxpdo : 0x60770010 map to 0x1a00:4 ret:12  
20260812-194203:254850016 EtherCAT|INFO [EcatDrv_PO2SOconfig,1522]: [EtherCATDriver ] slave : 4 rxpdo : 0x60780010 map to 0x1a00:5 ret:13
20260812-194203:255863224 EtherCAT|INFO [EcatDrv_PO2SOconfig,1522]: [EtherCATDriver ] slave : 4 rxpdo : 0x606c0020 map to 0x1a00:6 ret:14  
20260812-194203:256848936 EtherCAT|INFO [EcatDrv_PO2SOconfig,1522]: [EtherCATDriver ] slave : 4 rxpdo : 0x60f40020 map to 0x1a00:7 ret:15  
20260812-194203:257864928 EtherCAT|INFO [EcatDrv_PO2SOconfig,1522]: [EtherCATDriver ] slave : 4 rxpdo : 0x60610008 map to 0x1a00:8 ret:16
20260812-194203:258849208 EtherCAT|INFO [EcatDrv_PO2SOconfig,1522]: [EtherCATDriver ] slave : 4 rxpdo : 0x8 map to 0x1a00:9 ret:17  
20260812-194203:259870112 EtherCAT|INFO [EcatDrv_PO2SOconfig,1532]: [EtherCATDriver ] slave : 4 write 6 to 0xlx:0 ret:5632  
20260812-194203:260851456 EtherCAT|INFO [EcatDrv_PO2SOconfig,1536]: [EtherCATDriver ] slave : 4 write 9 to 0x1a00:0 ret:19
20260812-194203:261863488 EtherCAT|INFO [EcatDrv_PO2SOconfig,1539]: [EtherCATDriver ] slave : 4 write 1600 to 0x1C12:1 ret:20  
20260812-194203:262851472 EtherCAT|INFO [EcatDrv_PO2SOconfig,1542]: [EtherCATDriver ] slave : 4 write 1 to 0x1C12:0 ret:21  
20260812-194203:263862544 EtherCAT|INFO [EcatDrv_PO2SOconfig,1545]: [EtherCATDriver ] slave : 4 write 1a00 to 0x1C13:1 ret:22
20260812-194203:264850384 EtherCAT|INFO [EcatDrv_PO2SOconfig,1548]: [EtherCATDriver ] slave : 4 write 1 to 0x1C13:0 ret:23  
20260812-194203:303861176 EtherCAT|INFO [EcatDrv_PO2SOconfig,1514]: [EtherCATDriver ] slave : 5 txpdo : 0x60400010 map to 0x1600:1 ret:3  
20260812-194203:304866952 EtherCAT|INFO [EcatDrv_PO2SOconfig,1514]: [EtherCATDriver ] slave : 5 txpdo : 0x60710010 map to 0x1600:2 ret:4
20260812-194203:305879496 EtherCAT|INFO [EcatDrv_PO2SOconfig,1514]: [EtherCATDriver ] slave : 5 txpdo : 0x607a0020 map to 0x1600:3 ret:5  
20260812-194203:306849552 EtherCAT|INFO [EcatDrv_PO2SOconfig,1514]: [EtherCATDriver ] slave : 5 txpdo : 0x60b20010 map to 0x1600:4 ret:6  
20260812-194203:307864416 EtherCAT|INFO [EcatDrv_PO2SOconfig,1514]: [EtherCATDriver ] slave : 5 txpdo : 0x60600008 map to 0x1600:5 ret:7
20260812-194203:308854464 EtherCAT|INFO [EcatDrv_PO2SOconfig,1514]: [EtherCATDriver ] slave : 5 txpdo : 0x8 map to 0x1600:6 ret:8  
20260812-194203:309863368 EtherCAT|INFO [EcatDrv_PO2SOconfig,1522]: [EtherCATDriver ] slave : 5 rxpdo : 0x60410010 map to 0x1a00:1 ret:9  
20260812-194203:310849744 EtherCAT|INFO [EcatDrv_PO2SOconfig,1522]: [EtherCATDriver ] slave : 5 rxpdo : 0x603f0010 map to 0x1a00:2 ret:10
20260812-194203:311861944 EtherCAT|INFO [EcatDrv_PO2SOconfig,1522]: [EtherCATDriver ] slave : 5 rxpdo : 0x60640020 map to 0x1a00:3 ret:11  
20260812-194203:312850184 EtherCAT|INFO [EcatDrv_PO2SOconfig,1522]: [EtherCATDriver ] slave : 5 rxpdo : 0x60770010 map to 0x1a00:4 ret:12  
20260812-194203:313862448 EtherCAT|INFO [EcatDrv_PO2SOconfig,1522]: [EtherCATDriver ] slave : 5 rxpdo : 0x60780010 map to 0x1a00:5 ret:13
20260812-194203:314848864 EtherCAT|INFO [EcatDrv_PO2SOconfig,1522]: [EtherCATDriver ] slave : 5 rxpdo : 0x606c0020 map to 0x1a00:6 ret:14  
20260812-194203:315860472 EtherCAT|INFO [EcatDrv_PO2SOconfig,1522]: [EtherCATDriver ] slave : 5 rxpdo : 0x60f40020 map to 0x1a00:7 ret:15  
20260812-194203:316847816 EtherCAT|INFO [EcatDrv_PO2SOconfig,1522]: [EtherCATDriver ] slave : 5 rxpdo : 0x60610008 map to 0x1a00:8 ret:16
20260812-194203:317864736 EtherCAT|INFO [EcatDrv_PO2SOconfig,1522]: [EtherCATDriver ] slave : 5 rxpdo : 0x8 map to 0x1a00:9 ret:17  
20260812-194203:318855504 EtherCAT|INFO [EcatDrv_PO2SOconfig,1532]: [EtherCATDriver ] slave : 5 write 6 to 0xlx:0 ret:5632  
20260812-194203:319862224 EtherCAT|INFO [EcatDrv_PO2SOconfig,1536]: [EtherCATDriver ] slave : 5 write 9 to 0x1a00:0 ret:19
20260812-194203:320849832 EtherCAT|INFO [EcatDrv_PO2SOconfig,1539]: [EtherCATDriver ] slave : 5 write 1600 to 0x1C12:1 ret:20  
20260812-194203:321861096 EtherCAT|INFO [EcatDrv_PO2SOconfig,1542]: [EtherCATDriver ] slave : 5 write 1 to 0x1C12:0 ret:21  
20260812-194203:322853104 EtherCAT|INFO [EcatDrv_PO2SOconfig,1545]: [EtherCATDriver ] slave : 5 write 1a00 to 0x1C13:1 ret:22
20260812-194203:323861664 EtherCAT|INFO [EcatDrv_PO2SOconfig,1548]: [EtherCATDriver ] slave : 5 write 1 to 0x1C13:0 ret:23  
20260812-194203:362852168 EtherCAT|INFO [EcatDrv_PO2SOconfig,1514]: [EtherCATDriver ] slave : 6 txpdo : 0x60400010 map to 0x1600:1 ret:3  
20260812-194203:363861288 EtherCAT|INFO [EcatDrv_PO2SOconfig,1514]: [EtherCATDriver ] slave : 6 txpdo : 0x60710010 map to 0x1600:2 ret:4
20260812-194203:364848968 EtherCAT|INFO [EcatDrv_PO2SOconfig,1514]: [EtherCATDriver ] slave : 6 txpdo : 0x607a0020 map to 0x1600:3 ret:5  
20260812-194203:365864576 EtherCAT|INFO [EcatDrv_PO2SOconfig,1514]: [EtherCATDriver ] slave : 6 txpdo : 0x60b20010 map to 0x1600:4 ret:6  
20260812-194203:366849328 EtherCAT|INFO [EcatDrv_PO2SOconfig,1514]: [EtherCATDriver ] slave : 6 txpdo : 0x60600008 map to 0x1600:5 ret:7
20260812-194203:367870408 EtherCAT|INFO [EcatDrv_PO2SOconfig,1514]: [EtherCATDriver ] slave : 6 txpdo : 0x8 map to 0x1600:6 ret:8  
20260812-194203:368862504 EtherCAT|INFO [EcatDrv_PO2SOconfig,1522]: [EtherCATDriver ] slave : 6 rxpdo : 0x60410010 map to 0x1a00:1 ret:9  
20260812-194203:369884224 EtherCAT|INFO [EcatDrv_PO2SOconfig,1522]: [EtherCATDriver ] slave : 6 rxpdo : 0x603f0010 map to 0x1a00:2 ret:10
20260812-194203:370867232 EtherCAT|INFO [EcatDrv_PO2SOconfig,1522]: [EtherCATDriver ] slave : 6 rxpdo : 0x60640020 map to 0x1a00:3 ret:11  
20260812-194203:371882368 EtherCAT|INFO [EcatDrv_PO2SOconfig,1522]: [EtherCATDriver ] slave : 6 rxpdo : 0x60770010 map to 0x1a00:4 ret:12  
20260812-194203:372851928 EtherCAT|INFO [EcatDrv_PO2SOconfig,1522]: [EtherCATDriver ] slave : 6 rxpdo : 0x60780010 map to 0x1a00:5 ret:13
20260812-194203:373862352 EtherCAT|INFO [EcatDrv_PO2SOconfig,1522]: [EtherCATDriver ] slave : 6 rxpdo : 0x606c0020 map to 0x1a00:6 ret:14  
20260812-194203:374867008 EtherCAT|INFO [EcatDrv_PO2SOconfig,1522]: [EtherCATDriver ] slave : 6 rxpdo : 0x60f40020 map to 0x1a00:7 ret:15  
20260812-194203:375879568 EtherCAT|INFO [EcatDrv_PO2SOconfig,1522]: [EtherCATDriver ] slave : 6 rxpdo : 0x60610008 map to 0x1a00:8 ret:16
20260812-194203:376847936 EtherCAT|INFO [EcatDrv_PO2SOconfig,1522]: [EtherCATDriver ] slave : 6 rxpdo : 0x8 map to 0x1a00:9 ret:17  
20260812-194203:377871144 EtherCAT|INFO [EcatDrv_PO2SOconfig,1532]: [EtherCATDriver ] slave : 6 write 6 to 0xlx:0 ret:5632  
20260812-194203:378851472 EtherCAT|INFO [EcatDrv_PO2SOconfig,1536]: [EtherCATDriver ] slave : 6 write 9 to 0x1a00:0 ret:19
20260812-194203:379863056 EtherCAT|INFO [EcatDrv_PO2SOconfig,1539]: [EtherCATDriver ] slave : 6 write 1600 to 0x1C12:1 ret:20  
20260812-194203:380848368 EtherCAT|INFO [EcatDrv_PO2SOconfig,1542]: [EtherCATDriver ] slave : 6 write 1 to 0x1C12:0 ret:21  
20260812-194203:381860752 EtherCAT|INFO [EcatDrv_PO2SOconfig,1545]: [EtherCATDriver ] slave : 6 write 1a00 to 0x1C13:1 ret:22
20260812-194203:382850904 EtherCAT|INFO [EcatDrv_PO2SOconfig,1548]: [EtherCATDriver ] slave : 6 write 1 to 0x1C13:0 ret:23  
20260812-194203:422853104 EtherCAT|INFO [EcatDrv_PO2SOconfig,1514]: [EtherCATDriver ] slave : 7 txpdo : 0x60400010 map to 0x1600:1 ret:3  
20260812-194203:423861696 EtherCAT|INFO [EcatDrv_PO2SOconfig,1514]: [EtherCATDriver ] slave : 7 txpdo : 0x60710010 map to 0x1600:2 ret:4
20260812-194203:424848544 EtherCAT|INFO [EcatDrv_PO2SOconfig,1514]: [EtherCATDriver ] slave : 7 txpdo : 0x607a0020 map to 0x1600:3 ret:5  
20260812-194203:425863752 EtherCAT|INFO [EcatDrv_PO2SOconfig,1514]: [EtherCATDriver ] slave : 7 txpdo : 0x60b20010 map to 0x1600:4 ret:6  
20260812-194203:426848568 EtherCAT|INFO [EcatDrv_PO2SOconfig,1514]: [EtherCATDriver ] slave : 7 txpdo : 0x60600008 map to 0x1600:5 ret:7
20260812-194203:427869584 EtherCAT|INFO [EcatDrv_PO2SOconfig,1514]: [EtherCATDriver ] slave : 7 txpdo : 0x8 map to 0x1600:6 ret:8  
20260812-194203:428849864 EtherCAT|INFO [EcatDrv_PO2SOconfig,1522]: [EtherCATDriver ] slave : 7 rxpdo : 0x60410010 map to 0x1a00:1 ret:9  
20260812-194203:429866032 EtherCAT|INFO [EcatDrv_PO2SOconfig,1522]: [EtherCATDriver ] slave : 7 rxpdo : 0x603f0010 map to 0x1a00:2 ret:10
20260812-194203:430850384 EtherCAT|INFO [EcatDrv_PO2SOconfig,1522]: [EtherCATDriver ] slave : 7 rxpdo : 0x60640020 map to 0x1a00:3 ret:11  
20260812-194203:431863008 EtherCAT|INFO [EcatDrv_PO2SOconfig,1522]: [EtherCATDriver ] slave : 7 rxpdo : 0x60770010 map to 0x1a00:4 ret:12  
20260812-194203:432853912 EtherCAT|INFO [EcatDrv_PO2SOconfig,1522]: [EtherCATDriver ] slave : 7 rxpdo : 0x60780010 map to 0x1a00:5 ret:13
20260812-194203:433861264 EtherCAT|INFO [EcatDrv_PO2SOconfig,1522]: [EtherCATDriver ] slave : 7 rxpdo : 0x606c0020 map to 0x1a00:6 ret:14  
20260812-194203:434849432 EtherCAT|INFO [EcatDrv_PO2SOconfig,1522]: [EtherCATDriver ] slave : 7 rxpdo : 0x60f40020 map to 0x1a00:7 ret:15  
20260812-194203:435861664 EtherCAT|INFO [EcatDrv_PO2SOconfig,1522]: [EtherCATDriver ] slave : 7 rxpdo : 0x60610008 map to 0x1a00:8 ret:16
20260812-194203:436848208 EtherCAT|INFO [EcatDrv_PO2SOconfig,1522]: [EtherCATDriver ] slave : 7 rxpdo : 0x8 map to 0x1a00:9 ret:17  
20260812-194203:437870824 EtherCAT|INFO [EcatDrv_PO2SOconfig,1532]: [EtherCATDriver ] slave : 7 write 6 to 0xlx:0 ret:5632  
20260812-194203:438857072 EtherCAT|INFO [EcatDrv_PO2SOconfig,1536]: [EtherCATDriver ] slave : 7 write 9 to 0x1a00:0 ret:19
20260812-194203:439881056 EtherCAT|INFO [EcatDrv_PO2SOconfig,1539]: [EtherCATDriver ] slave : 7 write 1600 to 0x1C12:1 ret:20  
20260812-194203:440866688 EtherCAT|INFO [EcatDrv_PO2SOconfig,1542]: [EtherCATDriver ] slave : 7 write 1 to 0x1C12:0 ret:21  
20260812-194203:441880792 EtherCAT|INFO [EcatDrv_PO2SOconfig,1545]: [EtherCATDriver ] slave : 7 write 1a00 to 0x1C13:1 ret:22
20260812-194203:442853672 EtherCAT|INFO [EcatDrv_PO2SOconfig,1548]: [EtherCATDriver ] slave : 7 write 1 to 0x1C13:0 ret:23  
20260812-194203:569603648 EtherCAT|INFO [ecx_config_map_group,1298]: Output slave is 1, BitPos is 0, diff is 12, segmentsize is 0   
20260812-194203:576893512 EtherCAT|INFO [ecx_config_map_group,1298]: Output slave is 2, BitPos is 0, diff is 12, segmentsize is 12  
20260812-194203:584184688 EtherCAT|INFO [ecx_config_map_group,1298]: Output slave is 3, BitPos is 0, diff is 12, segmentsize is 24   
20260812-194203:591475752 EtherCAT|INFO [ecx_config_map_group,1298]: Output slave is 4, BitPos is 0, diff is 12, segmentsize is 36   
20260812-194203:598766816 EtherCAT|INFO [ecx_config_map_group,1298]: Output slave is 5, BitPos is 0, diff is 12, segmentsize is 48  
20260812-194203:606058008 EtherCAT|INFO [ecx_config_map_group,1298]: Output slave is 6, BitPos is 0, diff is 12, segmentsize is 60   
20260812-194203:613349088 EtherCAT|INFO [ecx_config_map_group,1298]: Output slave is 7, BitPos is 0, diff is 12, segmentsize is 72   
20260812-194203:613376632 EtherCAT|INFO [ecx_config_map_group,1354]: output context->slavelist[0].inputs is 0, Ibytes is 0, Obytes is 84 
20260812-194203:613401376 EtherCAT|INFO [ecx_config_map_group,1365]: output segmentsize is 84, currentsegment is 0, LogAddr is 84.  
20260812-194203:620553872 EtherCAT|INFO [ecx_config_map_group,1382]: Input slave is 1, BitPos is 0, diff is 22, segmentsize is 84   
20260812-194203:620582224 EtherCAT|INFO [ecx_config_map_group,1397]: Input slave is 1, BitPos is 0, diff is 22, segmentsize is 106  
20260812-194203:627763024 EtherCAT|INFO [ecx_config_map_group,1382]: Input slave is 2, BitPos is 0, diff is 22, segmentsize is 106   
20260812-194203:627791576 EtherCAT|INFO [ecx_config_map_group,1397]: Input slave is 2, BitPos is 0, diff is 22, segmentsize is 128   
20260812-194203:634962584 EtherCAT|INFO [ecx_config_map_group,1382]: Input slave is 3, BitPos is 0, diff is 22, segmentsize is 128  
20260812-194203:634990048 EtherCAT|INFO [ecx_config_map_group,1397]: Input slave is 3, BitPos is 0, diff is 22, segmentsize is 150   
20260812-194203:642167032 EtherCAT|INFO [ecx_config_map_group,1382]: Input slave is 4, BitPos is 0, diff is 22, segmentsize is 150   
20260812-194203:642210712 EtherCAT|INFO [ecx_config_map_group,1397]: Input slave is 4, BitPos is 0, diff is 22, segmentsize is 172  
20260812-194203:649371488 EtherCAT|INFO [ecx_config_map_group,1382]: Input slave is 5, BitPos is 0, diff is 22, segmentsize is 172   
20260812-194203:649398864 EtherCAT|INFO [ecx_config_map_group,1397]: Input slave is 5, BitPos is 0, diff is 22, segmentsize is 194   
20260812-194203:656575808 EtherCAT|INFO [ecx_config_map_group,1382]: Input slave is 6, BitPos is 0, diff is 22, segmentsize is 194  
20260812-194203:656603976 EtherCAT|INFO [ecx_config_map_group,1397]: Input slave is 6, BitPos is 0, diff is 22, segmentsize is 216   
20260812-194203:663780304 EtherCAT|INFO [ecx_config_map_group,1382]: Input slave is 7, BitPos is 0, diff is 22, segmentsize is 216   
20260812-194203:663807744 EtherCAT|INFO [ecx_config_map_group,1397]: Input slave is 7, BitPos is 0, diff is 22, segmentsize is 238  
20260812-194203:663880328 EtherCAT|INFO [ecx_config_map_group,1448]: context->slavelist[0].inputs is 275993248, 154, 84  
20260812-194203:665081752 EtherCAT|INFO [ecx_config_map_group,1462]: input segmentsize is 238, currentsegment is 0, LogAddr is 154  
20260812-194203:665135744 EtherCAT|INFO [EcatDrv_Task,756]: [EtherCATDriver ] All slaves reach in SAFE-OP  
20260812-194203:665159352 EtherCAT|INFO [EcatDrv_Task,779]: [EtherCATDriver ] Slave:1
20260812-194203:665181304 EtherCAT|INFO [si_map_sdo,1898]: [EtherCATDriver ] PDO mapping according to CoE : 
20260812-194203:666344752 EtherCAT|INFO [si_map_sdo,1948]: [EtherCATDriver ]   SM2 outputs 
20260812-194203:666372784 EtherCAT|INFO [si_map_sdo,1949]: [EtherCATDriver ]      addr b   index: sub bitl data_type    name
20260812-194203:670854096 EtherCAT|INFO [si_PDOassign,2044]: [EtherCATDriver ]   [0x0000.0] 0x6040:0x00 0x10 UNSIGNED16   Control Word 
20260812-194203:672856376 EtherCAT|INFO [si_PDOassign,2044]: [EtherCATDriver ]   [0x0002.0] 0x6071:0x00 0x10 INTEGER16    Targe Torque 
20260812-194203:674857992 EtherCAT|INFO [si_PDOassign,2044]: [EtherCATDriver ]   [0x0004.0] 0x607A:0x00 0x20 INTEGER32    Target position
20260812-194203:676853008 EtherCAT|INFO [si_PDOassign,2044]: [EtherCATDriver ]   [0x0008.0] 0x60B2:0x00 0x10 INTEGER16    Torque Offset 
20260812-194203:678851184 EtherCAT|INFO [si_PDOassign,2044]: [EtherCATDriver ]   [0x000A.0] 0x6060:0x00 0x08 INTEGER8     Modes of Operation 
20260812-194203:679863984 EtherCAT|INFO [si_PDOassign,2044]: [EtherCATDriver ]   [0x000B.0] 0x0000:0x00 0x08 INTEGER8     Modes of Operation
20260812-194203:679894864 EtherCAT|INFO [si_PDOassign,2050]:  
20260812-194203:679917968 EtherCAT|INFO [si_map_sdo,1959]: [EtherCATDriver ]   SM3 inputs 
20260812-194203:679939864 EtherCAT|INFO [si_map_sdo,1960]: [EtherCATDriver ]      addr b   index: sub bitl data_type    name 
20260812-194203:684861704 EtherCAT|INFO [si_PDOassign,2044]: [EtherCATDriver ]   [0x0054.0] 0x6041:0x00 0x10 UNSIGNED16   Status Word
20260812-194203:686851376 EtherCAT|INFO [si_PDOassign,2044]: [EtherCATDriver ]   [0x0056.0] 0x603F:0x00 0x10 UNSIGNED16   Error Code 
20260812-194203:688866208 EtherCAT|INFO [si_PDOassign,2044]: [EtherCATDriver ]   [0x0058.0] 0x6064:0x00 0x20 INTEGER32    Position Actual Value 
20260812-194203:690850488 EtherCAT|INFO [si_PDOassign,2044]: [EtherCATDriver ]   [0x005C.0] 0x6077:0x00 0x10 INTEGER16    Torque actual value
20260812-194203:692853072 EtherCAT|INFO [si_PDOassign,2044]: [EtherCATDriver ]   [0x005E.0] 0x6078:0x00 0x10 INTEGER16    Current actual value 
20260812-194203:694855104 EtherCAT|INFO [si_PDOassign,2044]: [EtherCATDriver ]   [0x0060.0] 0x606C:0x00 0x20 INTEGER32    Velocity Actual Value 
20260812-194203:696852032 EtherCAT|INFO [si_PDOassign,2044]: [EtherCATDriver ]   [0x0064.0] 0x60F4:0x00 0x20 INTEGER32    Following Error Actual Value
20260812-194203:698849656 EtherCAT|INFO [si_PDOassign,2044]: [EtherCATDriver ]   [0x0068.0] 0x6061:0x00 0x08 INTEGER8     Modes of Operation Display 
20260812-194203:699862528 EtherCAT|INFO [si_PDOassign,2044]: [EtherCATDriver ]   [0x0069.0] 0x0000:0x00 0x08 INTEGER8     Modes of Operation Display 
20260812-194203:699893696 EtherCAT|INFO [si_PDOassign,2050]:  
20260812-194203:699916688 EtherCAT|INFO [EcatDrv_Task,779]: [EtherCATDriver ] Slave:2
20260812-194203:699938608 EtherCAT|INFO [si_map_sdo,1898]: [EtherCATDriver ] PDO mapping according to CoE : 
20260812-194203:701861568 EtherCAT|INFO [si_map_sdo,1948]: [EtherCATDriver ]   SM2 outputs 
20260812-194203:701888488 EtherCAT|INFO [si_map_sdo,1949]: [EtherCATDriver ]      addr b   index: sub bitl data_type    name
20260812-194203:706853904 EtherCAT|INFO [si_PDOassign,2044]: [EtherCATDriver ]   [0x000C.0] 0x6040:0x00 0x10 UNSIGNED16   Control Word 
20260812-194203:708851224 EtherCAT|INFO [si_PDOassign,2044]: [EtherCATDriver ]   [0x000E.0] 0x6071:0x00 0x10 INTEGER16    Targe Torque 
20260812-194203:710849408 EtherCAT|INFO [si_PDOassign,2044]: [EtherCATDriver ]   [0x0010.0] 0x607A:0x00 0x20 INTEGER32    Target position
20260812-194203:712854344 EtherCAT|INFO [si_PDOassign,2044]: [EtherCATDriver ]   [0x0014.0] 0x60B2:0x00 0x10 INTEGER16    Torque Offset 
20260812-194203:714855696 EtherCAT|INFO [si_PDOassign,2044]: [EtherCATDriver ]   [0x0016.0] 0x6060:0x00 0x08 INTEGER8     Modes of Operation 
20260812-194203:715863824 EtherCAT|INFO [si_PDOassign,2044]: [EtherCATDriver ]   [0x0017.0] 0x0000:0x00 0x08 INTEGER8     Modes of Operation
20260812-194203:715896056 EtherCAT|INFO [si_PDOassign,2050]:  
20260812-194203:715919128 EtherCAT|INFO [si_map_sdo,1959]: [EtherCATDriver ]   SM3 inputs 
20260812-194203:715941648 EtherCAT|INFO [si_map_sdo,1960]: [EtherCATDriver ]      addr b   index: sub bitl data_type    name 
20260812-194203:720853312 EtherCAT|INFO [si_PDOassign,2044]: [EtherCATDriver ]   [0x006A.0] 0x6041:0x00 0x10 UNSIGNED16   Status Word
20260812-194203:722852704 EtherCAT|INFO [si_PDOassign,2044]: [EtherCATDriver ]   [0x006C.0] 0x603F:0x00 0x10 UNSIGNED16   Error Code 
20260812-194203:724857952 EtherCAT|INFO [si_PDOassign,2044]: [EtherCATDriver ]   [0x006E.0] 0x6064:0x00 0x20 INTEGER32    Position Actual Value 
20260812-194203:726851272 EtherCAT|INFO [si_PDOassign,2044]: [EtherCATDriver ]   [0x0072.0] 0x6077:0x00 0x10 INTEGER16    Torque actual value
20260812-194203:728850992 EtherCAT|INFO [si_PDOassign,2044]: [EtherCATDriver ]   [0x0074.0] 0x6078:0x00 0x10 INTEGER16    Current actual value 
20260812-194203:730850312 EtherCAT|INFO [si_PDOassign,2044]: [EtherCATDriver ]   [0x0076.0] 0x606C:0x00 0x20 INTEGER32    Velocity Actual Value 
20260812-194203:732854208 EtherCAT|INFO [si_PDOassign,2044]: [EtherCATDriver ]   [0x007A.0] 0x60F4:0x00 0x20 INTEGER32    Following Error Actual Value
20260812-194203:734856728 EtherCAT|INFO [si_PDOassign,2044]: [EtherCATDriver ]   [0x007E.0] 0x6061:0x00 0x08 INTEGER8     Modes of Operation Display 
20260812-194203:735863816 EtherCAT|INFO [si_PDOassign,2044]: [EtherCATDriver ]   [0x007F.0] 0x0000:0x00 0x08 INTEGER8     Modes of Operation Display 
20260812-194203:735895352 EtherCAT|INFO [si_PDOassign,2050]:  
20260812-194203:735917992 EtherCAT|INFO [EcatDrv_Task,779]: [EtherCATDriver ] Slave:3
20260812-194203:735941488 EtherCAT|INFO [si_map_sdo,1898]: [EtherCATDriver ] PDO mapping according to CoE : 
20260812-194203:737864456 EtherCAT|INFO [si_map_sdo,1948]: [EtherCATDriver ]   SM2 outputs 
20260812-194203:737890928 EtherCAT|INFO [si_map_sdo,1949]: [EtherCATDriver ]      addr b   index: sub bitl data_type    name
20260812-194203:742854752 EtherCAT|INFO [si_PDOassign,2044]: [EtherCATDriver ]   [0x0018.0] 0x6040:0x00 0x10 UNSIGNED16   Control Word 
20260812-194203:744858248 EtherCAT|INFO [si_PDOassign,2044]: [EtherCATDriver ]   [0x001A.0] 0x6071:0x00 0x10 INTEGER16    Targe Torque 
20260812-194203:746850432 EtherCAT|INFO [si_PDOassign,2044]: [EtherCATDriver ]   [0x001C.0] 0x607A:0x00 0x20 INTEGER32    Target position
20260812-194203:748851968 EtherCAT|INFO [si_PDOassign,2044]: [EtherCATDriver ]   [0x0020.0] 0x60B2:0x00 0x10 INTEGER16    Torque Offset 
20260812-194203:750854896 EtherCAT|INFO [si_PDOassign,2044]: [EtherCATDriver ]   [0x0022.0] 0x6060:0x00 0x08 INTEGER8     Modes of Operation 
20260812-194203:751880352 EtherCAT|INFO [si_PDOassign,2044]: [EtherCATDriver ]   [0x0023.0] 0x0000:0x00 0x08 INTEGER8     Modes of Operation
20260812-194203:751911368 EtherCAT|INFO [si_PDOassign,2050]:  
20260812-194203:751934456 EtherCAT|INFO [si_map_sdo,1959]: [EtherCATDriver ]   SM3 inputs 
20260812-194203:751956904 EtherCAT|INFO [si_map_sdo,1960]: [EtherCATDriver ]      addr b   index: sub bitl data_type    name 
20260812-194203:756869168 EtherCAT|INFO [si_PDOassign,2044]: [EtherCATDriver ]   [0x0080.0] 0x6041:0x00 0x10 UNSIGNED16   Status Word
20260812-194203:758850416 EtherCAT|INFO [si_PDOassign,2044]: [EtherCATDriver ]   [0x0082.0] 0x603F:0x00 0x10 UNSIGNED16   Error Code 
20260812-194203:760850208 EtherCAT|INFO [si_PDOassign,2044]: [EtherCATDriver ]   [0x0084.0] 0x6064:0x00 0x20 INTEGER32    Position Actual Value 
20260812-194203:762851704 EtherCAT|INFO [si_PDOassign,2044]: [EtherCATDriver ]   [0x0088.0] 0x6077:0x00 0x10 INTEGER16    Torque actual value
20260812-194203:764857376 EtherCAT|INFO [si_PDOassign,2044]: [EtherCATDriver ]   [0x008A.0] 0x6078:0x00 0x10 INTEGER16    Current actual value 
20260812-194203:766850696 EtherCAT|INFO [si_PDOassign,2044]: [EtherCATDriver ]   [0x008C.0] 0x606C:0x00 0x20 INTEGER32    Velocity Actual Value 
20260812-194203:768853464 EtherCAT|INFO [si_PDOassign,2044]: [EtherCATDriver ]   [0x0090.0] 0x60F4:0x00 0x20 INTEGER32    Following Error Actual Value
20260812-194203:770851368 EtherCAT|INFO [si_PDOassign,2044]: [EtherCATDriver ]   [0x0094.0] 0x6061:0x00 0x08 INTEGER8     Modes of Operation Display 
20260812-194203:771863736 EtherCAT|INFO [si_PDOassign,2044]: [EtherCATDriver ]   [0x0095.0] 0x0000:0x00 0x08 INTEGER8     Modes of Operation Display 
20260812-194203:771893696 EtherCAT|INFO [si_PDOassign,2050]:  
20260812-194203:771917472 EtherCAT|INFO [EcatDrv_Task,779]: [EtherCATDriver ] Slave:4
20260812-194203:771939824 EtherCAT|INFO [si_map_sdo,1898]: [EtherCATDriver ] PDO mapping according to CoE : 
20260812-194203:773861776 EtherCAT|INFO [si_map_sdo,1948]: [EtherCATDriver ]   SM2 outputs 
20260812-194203:773888112 EtherCAT|INFO [si_map_sdo,1949]: [EtherCATDriver ]      addr b   index: sub bitl data_type    name
20260812-194203:778851024 EtherCAT|INFO [si_PDOassign,2044]: [EtherCATDriver ]   [0x0024.0] 0x6040:0x00 0x10 UNSIGNED16   Control Word 
20260812-194203:780851768 EtherCAT|INFO [si_PDOassign,2044]: [EtherCATDriver ]   [0x0026.0] 0x6071:0x00 0x10 INTEGER16    Targe Torque 
20260812-194203:782852288 EtherCAT|INFO [si_PDOassign,2044]: [EtherCATDriver ]   [0x0028.0] 0x607A:0x00 0x20 INTEGER32    Target position
20260812-194203:784857088 EtherCAT|INFO [si_PDOassign,2044]: [EtherCATDriver ]   [0x002C.0] 0x60B2:0x00 0x10 INTEGER16    Torque Offset 
20260812-194203:786850336 EtherCAT|INFO [si_PDOassign,2044]: [EtherCATDriver ]   [0x002E.0] 0x6060:0x00 0x08 INTEGER8     Modes of Operation 
20260812-194203:787865552 EtherCAT|INFO [si_PDOassign,2044]: [EtherCATDriver ]   [0x002F.0] 0x0000:0x00 0x08 INTEGER8     Modes of Operation
20260812-194203:787896808 EtherCAT|INFO [si_PDOassign,2050]:  
20260812-194203:787919592 EtherCAT|INFO [si_map_sdo,1959]: [EtherCATDriver ]   SM3 inputs 
20260812-194203:787941856 EtherCAT|INFO [si_map_sdo,1960]: [EtherCATDriver ]      addr b   index: sub bitl data_type    name 
20260812-194203:792853264 EtherCAT|INFO [si_PDOassign,2044]: [EtherCATDriver ]   [0x0096.0] 0x6041:0x00 0x10 UNSIGNED16   Status Word
20260812-194203:794856016 EtherCAT|INFO [si_PDOassign,2044]: [EtherCATDriver ]   [0x0098.0] 0x603F:0x00 0x10 UNSIGNED16   Error Code 
20260812-194203:796852184 EtherCAT|INFO [si_PDOassign,2044]: [EtherCATDriver ]   [0x009A.0] 0x6064:0x00 0x20 INTEGER32    Position Actual Value 
20260812-194203:798849616 EtherCAT|INFO [si_PDOassign,2044]: [EtherCATDriver ]   [0x009E.0] 0x6077:0x00 0x10 INTEGER16    Torque actual value
20260812-194203:800850624 EtherCAT|INFO [si_PDOassign,2044]: [EtherCATDriver ]   [0x00A0.0] 0x6078:0x00 0x10 INTEGER16    Current actual value 
20260812-194203:802857144 EtherCAT|INFO [si_PDOassign,2044]: [EtherCATDriver ]   [0x00A2.0] 0x606C:0x00 0x20 INTEGER32    Velocity Actual Value 
20260812-194203:804857504 EtherCAT|INFO [si_PDOassign,2044]: [EtherCATDriver ]   [0x00A6.0] 0x60F4:0x00 0x20 INTEGER32    Following Error Actual Value
20260812-194203:806849984 EtherCAT|INFO [si_PDOassign,2044]: [EtherCATDriver ]   [0x00AA.0] 0x6061:0x00 0x08 INTEGER8     Modes of Operation Display 
20260812-194203:807864624 EtherCAT|INFO [si_PDOassign,2044]: [EtherCATDriver ]   [0x00AB.0] 0x0000:0x00 0x08 INTEGER8     Modes of Operation Display 
20260812-194203:807895504 EtherCAT|INFO [si_PDOassign,2050]:  
20260812-194203:807919176 EtherCAT|INFO [EcatDrv_Task,779]: [EtherCATDriver ] Slave:5
20260812-194203:807941232 EtherCAT|INFO [si_map_sdo,1898]: [EtherCATDriver ] PDO mapping according to CoE : 
20260812-194203:809861784 EtherCAT|INFO [si_map_sdo,1948]: [EtherCATDriver ]   SM2 outputs 
20260812-194203:809888752 EtherCAT|INFO [si_map_sdo,1949]: [EtherCATDriver ]      addr b   index: sub bitl data_type    name
20260812-194203:814855144 EtherCAT|INFO [si_PDOassign,2044]: [EtherCATDriver ]   [0x0030.0] 0x6040:0x00 0x10 UNSIGNED16   Control Word 
20260812-194203:816852296 EtherCAT|INFO [si_PDOassign,2044]: [EtherCATDriver ]   [0x0032.0] 0x6071:0x00 0x10 INTEGER16    Targe Torque 
20260812-194203:818852808 EtherCAT|INFO [si_PDOassign,2044]: [EtherCATDriver ]   [0x0034.0] 0x607A:0x00 0x20 INTEGER32    Target position
20260812-194203:820862904 EtherCAT|INFO [si_PDOassign,2044]: [EtherCATDriver ]   [0x0038.0] 0x60B2:0x00 0x10 INTEGER16    Torque Offset 
20260812-194203:822851912 EtherCAT|INFO [si_PDOassign,2044]: [EtherCATDriver ]   [0x003A.0] 0x6060:0x00 0x08 INTEGER8     Modes of Operation 
20260812-194203:823863464 EtherCAT|INFO [si_PDOassign,2044]: [EtherCATDriver ]   [0x003B.0] 0x0000:0x00 0x08 INTEGER8     Modes of Operation
20260812-194203:823893456 EtherCAT|INFO [si_PDOassign,2050]:  
20260812-194203:823915944 EtherCAT|INFO [si_map_sdo,1959]: [EtherCATDriver ]   SM3 inputs 
20260812-194203:823937648 EtherCAT|INFO [si_map_sdo,1960]: [EtherCATDriver ]      addr b   index: sub bitl data_type    name 
20260812-194203:828851192 EtherCAT|INFO [si_PDOassign,2044]: [EtherCATDriver ]   [0x00AC.0] 0x6041:0x00 0x10 UNSIGNED16   Status Word
20260812-194203:830850152 EtherCAT|INFO [si_PDOassign,2044]: [EtherCATDriver ]   [0x00AE.0] 0x603F:0x00 0x10 UNSIGNED16   Error Code 
20260812-194203:832852736 EtherCAT|INFO [si_PDOassign,2044]: [EtherCATDriver ]   [0x00B0.0] 0x6064:0x00 0x20 INTEGER32    Position Actual Value 
20260812-194203:834863968 EtherCAT|INFO [si_PDOassign,2044]: [EtherCATDriver ]   [0x00B4.0] 0x6077:0x00 0x10 INTEGER16    Torque actual value
20260812-194203:836852184 EtherCAT|INFO [si_PDOassign,2044]: [EtherCATDriver ]   [0x00B6.0] 0x6078:0x00 0x10 INTEGER16    Current actual value 
20260812-194203:838850424 EtherCAT|INFO [si_PDOassign,2044]: [EtherCATDriver ]   [0x00B8.0] 0x606C:0x00 0x20 INTEGER32    Velocity Actual Value 
20260812-194203:840850848 EtherCAT|INFO [si_PDOassign,2044]: [EtherCATDriver ]   [0x00BC.0] 0x60F4:0x00 0x20 INTEGER32    Following Error Actual Value
20260812-194203:842853472 EtherCAT|INFO [si_PDOassign,2044]: [EtherCATDriver ]   [0x00C0.0] 0x6061:0x00 0x08 INTEGER8     Modes of Operation Display 
20260812-194203:843864392 EtherCAT|INFO [si_PDOassign,2044]: [EtherCATDriver ]   [0x00C1.0] 0x0000:0x00 0x08 INTEGER8     Modes of Operation Display 
20260812-194203:843896096 EtherCAT|INFO [si_PDOassign,2050]:  
20260812-194203:843919856 EtherCAT|INFO [EcatDrv_Task,779]: [EtherCATDriver ] Slave:6
20260812-194203:843942536 EtherCAT|INFO [si_map_sdo,1898]: [EtherCATDriver ] PDO mapping according to CoE : 
20260812-194203:845863712 EtherCAT|INFO [si_map_sdo,1948]: [EtherCATDriver ]   SM2 outputs 
20260812-194203:845890768 EtherCAT|INFO [si_map_sdo,1949]: [EtherCATDriver ]      addr b   index: sub bitl data_type    name
20260812-194203:850851456 EtherCAT|INFO [si_PDOassign,2044]: [EtherCATDriver ]   [0x003C.0] 0x6040:0x00 0x10 UNSIGNED16   Control Word 
20260812-194203:852854128 EtherCAT|INFO [si_PDOassign,2044]: [EtherCATDriver ]   [0x003E.0] 0x6071:0x00 0x10 INTEGER16    Targe Torque 
20260812-194203:854855992 EtherCAT|INFO [si_PDOassign,2044]: [EtherCATDriver ]   [0x0040.0] 0x607A:0x00 0x20 INTEGER32    Target position
20260812-194203:856850912 EtherCAT|INFO [si_PDOassign,2044]: [EtherCATDriver ]   [0x0044.0] 0x60B2:0x00 0x10 INTEGER16    Torque Offset 
20260812-194203:858850104 EtherCAT|INFO [si_PDOassign,2044]: [EtherCATDriver ]   [0x0046.0] 0x6060:0x00 0x08 INTEGER8     Modes of Operation 
20260812-194203:859864112 EtherCAT|INFO [si_PDOassign,2044]: [EtherCATDriver ]   [0x0047.0] 0x0000:0x00 0x08 INTEGER8     Modes of Operation
20260812-194203:859895232 EtherCAT|INFO [si_PDOassign,2050]:  
20260812-194203:859916632 EtherCAT|INFO [si_map_sdo,1959]: [EtherCATDriver ]   SM3 inputs 
20260812-194203:859938256 EtherCAT|INFO [si_map_sdo,1960]: [EtherCATDriver ]      addr b   index: sub bitl data_type    name 
20260812-194203:864856112 EtherCAT|INFO [si_PDOassign,2044]: [EtherCATDriver ]   [0x00C2.0] 0x6041:0x00 0x10 UNSIGNED16   Status Word
20260812-194203:866850552 EtherCAT|INFO [si_PDOassign,2044]: [EtherCATDriver ]   [0x00C4.0] 0x603F:0x00 0x10 UNSIGNED16   Error Code 
20260812-194203:868851752 EtherCAT|INFO [si_PDOassign,2044]: [EtherCATDriver ]   [0x00C6.0] 0x6064:0x00 0x20 INTEGER32    Position Actual Value 
20260812-194203:870856768 EtherCAT|INFO [si_PDOassign,2044]: [EtherCATDriver ]   [0x00CA.0] 0x6077:0x00 0x10 INTEGER16    Torque actual value
20260812-194203:872853992 EtherCAT|INFO [si_PDOassign,2044]: [EtherCATDriver ]   [0x00CC.0] 0x6078:0x00 0x10 INTEGER16    Current actual value 
20260812-194203:874856552 EtherCAT|INFO [si_PDOassign,2044]: [EtherCATDriver ]   [0x00CE.0] 0x606C:0x00 0x20 INTEGER32    Velocity Actual Value 
20260812-194203:876852328 EtherCAT|INFO [si_PDOassign,2044]: [EtherCATDriver ]   [0x00D2.0] 0x60F4:0x00 0x20 INTEGER32    Following Error Actual Value
20260812-194203:878850624 EtherCAT|INFO [si_PDOassign,2044]: [EtherCATDriver ]   [0x00D6.0] 0x6061:0x00 0x08 INTEGER8     Modes of Operation Display 
20260812-194203:879866104 EtherCAT|INFO [si_PDOassign,2044]: [EtherCATDriver ]   [0x00D7.0] 0x0000:0x00 0x08 INTEGER8     Modes of Operation Display 
20260812-194203:879897016 EtherCAT|INFO [si_PDOassign,2050]:  
20260812-194203:879920408 EtherCAT|INFO [EcatDrv_Task,779]: [EtherCATDriver ] Slave:7
20260812-194203:879943168 EtherCAT|INFO [si_map_sdo,1898]: [EtherCATDriver ] PDO mapping according to CoE : 
20260812-194203:881861144 EtherCAT|INFO [si_map_sdo,1948]: [EtherCATDriver ]   SM2 outputs 
20260812-194203:881887952 EtherCAT|INFO [si_map_sdo,1949]: [EtherCATDriver ]      addr b   index: sub bitl data_type    name
20260812-194203:886857784 EtherCAT|INFO [si_PDOassign,2044]: [EtherCATDriver ]   [0x0048.0] 0x6040:0x00 0x10 UNSIGNED16   Control Word 
20260812-194203:888864104 EtherCAT|INFO [si_PDOassign,2044]: [EtherCATDriver ]   [0x004A.0] 0x6071:0x00 0x10 INTEGER16    Targe Torque 
20260812-194203:890850576 EtherCAT|INFO [si_PDOassign,2044]: [EtherCATDriver ]   [0x004C.0] 0x607A:0x00 0x20 INTEGER32    Target position
20260812-194203:892869296 EtherCAT|INFO [si_PDOassign,2044]: [EtherCATDriver ]   [0x0050.0] 0x60B2:0x00 0x10 INTEGER16    Torque Offset 
20260812-194203:894855584 EtherCAT|INFO [si_PDOassign,2044]: [EtherCATDriver ]   [0x0052.0] 0x6060:0x00 0x08 INTEGER8     Modes of Operation 
20260812-194203:895863952 EtherCAT|INFO [si_PDOassign,2044]: [EtherCATDriver ]   [0x0053.0] 0x0000:0x00 0x08 INTEGER8     Modes of Operation
20260812-194203:895914904 EtherCAT|INFO [si_PDOassign,2050]:  
20260812-194203:895937096 EtherCAT|INFO [si_map_sdo,1959]: [EtherCATDriver ]   SM3 inputs 
20260812-194203:895960184 EtherCAT|INFO [si_map_sdo,1960]: [EtherCATDriver ]      addr b   index: sub bitl data_type    name 
20260812-194203:900850536 EtherCAT|INFO [si_PDOassign,2044]: [EtherCATDriver ]   [0x00D8.0] 0x6041:0x00 0x10 UNSIGNED16   Status Word
20260812-194203:902852344 EtherCAT|INFO [si_PDOassign,2044]: [EtherCATDriver ]   [0x00DA.0] 0x603F:0x00 0x10 UNSIGNED16   Error Code 
20260812-194203:904857128 EtherCAT|INFO [si_PDOassign,2044]: [EtherCATDriver ]   [0x00DC.0] 0x6064:0x00 0x20 INTEGER32    Position Actual Value 
20260812-194203:906851432 EtherCAT|INFO [si_PDOassign,2044]: [EtherCATDriver ]   [0x00E0.0] 0x6077:0x00 0x10 INTEGER16    Torque actual value
20260812-194203:908852072 EtherCAT|INFO [si_PDOassign,2044]: [EtherCATDriver ]   [0x00E2.0] 0x6078:0x00 0x10 INTEGER16    Current actual value 
20260812-194203:910851552 EtherCAT|INFO [si_PDOassign,2044]: [EtherCATDriver ]   [0x00E4.0] 0x606C:0x00 0x20 INTEGER32    Velocity Actual Value 
20260812-194203:912853632 EtherCAT|INFO [si_PDOassign,2044]: [EtherCATDriver ]   [0x00E8.0] 0x60F4:0x00 0x20 INTEGER32    Following Error Actual Value
20260812-194203:914858368 EtherCAT|INFO [si_PDOassign,2044]: [EtherCATDriver ]   [0x00EC.0] 0x6061:0x00 0x08 INTEGER8     Modes of Operation Display 
20260812-194203:915864888 EtherCAT|INFO [si_PDOassign,2044]: [EtherCATDriver ]   [0x00ED.0] 0x0000:0x00 0x08 INTEGER8     Modes of Operation Display 
20260812-194203:915896584 EtherCAT|INFO [si_PDOassign,2050]: 
20260812-194203:915944928 EtherCAT|INFO [EcatDrv_Task,822]: [EtherCATDriver ] Set running flag  
20260812-194203:916182816 EtherCAT|ERROR [EcatStack_PDOReceive,334]: CommInterruptTimes is 1, print count is 0. 
20260812-194204:119869024 EtherCAT|INFO [EcatDrv_Task,829]: [EtherCATDriver ] All slaves reach in OP status successful!  
20260812-194204:119896904 EtherCAT|INFO [EcatDrv_Task,835]: [EtherCATDriver ] Task state is CONFIG turn to NORMAL
20260812-194204:119922488 EtherCAT|INFO [EcatDrv_CheckEvent,1232]: coe_event is 4, pre is 1  
20260812-194204:119944568 EtherCAT|INFO [EcatDrv_Task,943]: [EtherCATDriver ] Task state is NORMAL turn to IDLE  
20260812-194204:122900816 EtherCAT|INFO [NrtData_ReadSwVersion_VEICHI,569]: slave : 1 Sw-Vesrion : VEICHI1-SW_V13458_01213. 
20260812-194204:122930072 EtherCAT|INFO [CANopenModule_GetVersion,848]: [CANopenModule  ] slave : 0 Sw-Vesrion : VEICHI1-SW_V13458_01213  
20260812-194204:125006224 EtherCAT|INFO [NrtData_ReadSwVersion_VEICHI,569]: slave : 2 Sw-Vesrion : VEICHI2-SW_V13458_01714.  
20260812-194204:125033448 EtherCAT|INFO [CANopenModule_GetVersion,848]: [CANopenModule  ] slave : 1 Sw-Vesrion : VEICHI2-SW_V13458_01714
20260812-194204:127007208 EtherCAT|INFO [NrtData_ReadSwVersion_VEICHI,569]: slave : 3 Sw-Vesrion : VEICHI3-SW_V13458_01213.  
20260812-194204:127034848 EtherCAT|INFO [CANopenModule_GetVersion,848]: [CANopenModule  ] slave : 2 Sw-Vesrion : VEICHI3-SW_V13458_01213  
20260812-194204:129002584 EtherCAT|INFO [NrtData_ReadSwVersion_VEICHI,569]: slave : 4 Sw-Vesrion : VEICHI4-SW_V13458_01213. 
20260812-194204:129030576 EtherCAT|INFO [CANopenModule_GetVersion,848]: [CANopenModule  ] slave : 3 Sw-Vesrion : VEICHI4-SW_V13458_01213  
20260812-194204:131007368 EtherCAT|INFO [NrtData_ReadSwVersion_VEICHI,569]: slave : 5 Sw-Vesrion : VEICHI5-SW_V13458_01213.  
20260812-194204:131034792 EtherCAT|INFO [CANopenModule_GetVersion,848]: [CANopenModule  ] slave : 4 Sw-Vesrion : VEICHI5-SW_V13458_01213
20260812-194204:133902264 EtherCAT|INFO [NrtData_ReadSwVersion_VEICHI,569]: slave : 6 Sw-Vesrion : VEICHI6-SW_V13458_01714.  
20260812-194204:133929256 EtherCAT|INFO [CANopenModule_GetVersion,848]: [CANopenModule  ] slave : 5 Sw-Vesrion : VEICHI6-SW_V13458_01714  
20260812-194204:136010264 EtherCAT|INFO [NrtData_ReadSwVersion_VEICHI,569]: slave : 7 Sw-Vesrion : VEICHI7-SW_V13458_01213. 
20260812-194204:136037704 EtherCAT|INFO [CANopenModule_GetVersion,848]: [CANopenModule  ] slave : 6 Sw-Vesrion : VEICHI7-SW_V13458_01213  
20260812-194204:138007072 EtherCAT|INFO [NrtData_ReadHwVersion_VEICHI,528]: slave : 1 Hw-Vesrion : VEICHI1-HW_VA1.2  
20260812-194204:138034176 EtherCAT|INFO [CANopenModule_GetVersion,853]: [CANopenModule  ] slave : 0 Hw-Vesrion : VEICHI1-HW_VA1.2
20260812-194204:140006504 EtherCAT|INFO [NrtData_ReadHwVersion_VEICHI,528]: slave : 2 Hw-Vesrion : VEICHI2-HW_VA1.0  
20260812-194204:140033296 EtherCAT|INFO [CANopenModule_GetVersion,853]: [CANopenModule  ] slave : 1 Hw-Vesrion : VEICHI2-HW_VA1.0  
20260812-194204:142002752 EtherCAT|INFO [NrtData_ReadHwVersion_VEICHI,528]: slave : 3 Hw-Vesrion : VEICHI3-HW_VA1.2
20260812-194204:142029328 EtherCAT|INFO [CANopenModule_GetVersion,853]: [CANopenModule  ] slave : 2 Hw-Vesrion : VEICHI3-HW_VA1.2  
20260812-194204:144002448 EtherCAT|INFO [NrtData_ReadHwVersion_VEICHI,528]: slave : 4 Hw-Vesrion : VEICHI4-HW_VA1.2  
20260812-194204:144029368 EtherCAT|INFO [CANopenModule_GetVersion,853]: [CANopenModule  ] slave : 3 Hw-Vesrion : VEICHI4-HW_VA1.2
20260812-194204:146908696 EtherCAT|INFO [NrtData_ReadHwVersion_VEICHI,528]: slave : 5 Hw-Vesrion : VEICHI5-HW_VA1.2  
20260812-194204:146937032 EtherCAT|INFO [CANopenModule_GetVersion,853]: [CANopenModule  ] slave : 4 Hw-Vesrion : VEICHI5-HW_VA1.2  
20260812-194204:149904008 EtherCAT|INFO [NrtData_ReadHwVersion_VEICHI,528]: slave : 6 Hw-Vesrion : VEICHI6-HW_VA1.0
20260812-194204:149931456 EtherCAT|INFO [CANopenModule_GetVersion,853]: [CANopenModule  ] slave : 5 Hw-Vesrion : VEICHI6-HW_VA1.0  
20260812-194204:152008944 EtherCAT|INFO [NrtData_ReadHwVersion_VEICHI,528]: slave : 7 Hw-Vesrion : VEICHI7-HW_VA1.2  
20260812-194204:152036736 EtherCAT|INFO [CANopenModule_GetVersion,853]: [CANopenModule  ] slave : 6 Hw-Vesrion : VEICHI7-HW_VA1.2
20260812-194204:153775048 MCLink|INFO [mclink_set_system_status,171]: ----------------------system enter status 5 ------------------------ 
20260812-194204:154349552 EtherCAT|INFO [CANopenModule_ThreadEntry,422]: [CANopenModule  ] Get slave Version is done  
20260812-194204:154375472 EtherCAT|INFO [CANopenModule_ThreadEntry,423]: [CANopenModule  ] Task state is RESOURCE_CHK turn to RUN
20260812-194204:158220336 Macro|INFO [ReadRatedCurAll,300]: rated_current axis 1 = 8900   
20260812-194204:161191112 Macro|INFO [ReadRatedCurAll,300]: rated_current axis 2 = 10000   
20260812-194204:164197768 Macro|INFO [ReadRatedCurAll,300]: rated_current axis 3 = 3500   
20260812-194204:167189312 Macro|INFO [ReadRatedCurAll,300]: rated_current axis 4 = 3500 
20260812-194204:170202744 Macro|INFO [ReadRatedCurAll,300]: rated_current axis 5 = 3500   
20260812-194204:173186608 Macro|INFO [ReadRatedCurAll,300]: rated_current axis 6 = 3000   
20260812-194204:176314376 Macro|INFO [ReadRatedCurAll,300]: rated_current axis 7 = 3500   
20260812-194204:179428512 CP-IP|INFO [IPCommission_FunctionInit,1144]: Comm-E is init finish. 
20260812-194204:179459688 CP-IP|INFO [IPCommission_FunctionInit,1162]: wait linux netcard，no timeout, use time = 0.000000 sec  
20260812-194204:185233312 Macro|INFO [ReadPIDAll,365]: pos_kp axis 1 = 80   
20260812-194204:185263552 Macro|INFO [ReadPIDAll,366]: vel_kp axis 1 = 400   
20260812-194204:185287088 Macro|INFO [ReadPIDAll,367]: vel_ki axis 1 = 500   
20260812-194204:194194704 Macro|INFO [ReadPIDAll,365]: pos_kp axis 2 = 80 
20260812-194204:194223952 Macro|INFO [ReadPIDAll,366]: vel_kp axis 2 = 400   
20260812-194204:194247104 Macro|INFO [ReadPIDAll,367]: vel_ki axis 2 = 500   
20260812-194204:203191208 Macro|INFO [ReadPIDAll,365]: pos_kp axis 3 = 80   
20260812-194204:203220712 Macro|INFO [ReadPIDAll,366]: vel_kp axis 3 = 400   
20260812-194204:203244256 Macro|INFO [ReadPIDAll,367]: vel_ki axis 3 = 500 
20260812-194204:212206376 Macro|INFO [ReadPIDAll,365]: pos_kp axis 4 = 80   
20260812-194204:212236544 Macro|INFO [ReadPIDAll,366]: vel_kp axis 4 = 400   
20260812-194204:212259888 Macro|INFO [ReadPIDAll,367]: vel_ki axis 4 = 500   
20260812-194204:220197144 Macro|INFO [ReadPIDAll,365]: pos_kp axis 5 = 80   
20260812-194204:220226312 Macro|INFO [ReadPIDAll,366]: vel_kp axis 5 = 400 
20260812-194204:220249424 Macro|INFO [ReadPIDAll,367]: vel_ki axis 5 = 500   
20260812-194204:229183192 Macro|INFO [ReadPIDAll,365]: pos_kp axis 6 = 80   
20260812-194204:229212032 Macro|INFO [ReadPIDAll,366]: vel_kp axis 6 = 400   
20260812-194204:229236048 Macro|INFO [ReadPIDAll,367]: vel_ki axis 6 = 500   
20260812-194204:238205544 Macro|INFO [ReadPIDAll,365]: pos_kp axis 7 = 80 
20260812-194204:238234872 Macro|INFO [ReadPIDAll,366]: vel_kp axis 7 = 400   
20260812-194204:238259344 Macro|INFO [ReadPIDAll,367]: vel_ki axis 7 = 500   
20260812-194204:240207952 Macro|INFO [ReadPosTrackingErrAll,615]: pos_tracking_err axis 1 = 50000.  
20260812-194204:243189336 Macro|INFO [ReadPosTrackingErrAll,615]: pos_tracking_err axis 2 = 50000. 
20260812-194204:246202976 Macro|INFO [ReadPosTrackingErrAll,615]: pos_tracking_err axis 3 = 50000.  
20260812-194204:249187856 Macro|INFO [ReadPosTrackingErrAll,615]: pos_tracking_err axis 4 = 50000.  
20260812-194204:252213184 Macro|INFO [ReadPosTrackingErrAll,615]: pos_tracking_err axis 5 = 50000.  
20260812-194204:255232584 Macro|INFO [ReadPosTrackingErrAll,615]: pos_tracking_err axis 6 = 50000. 
20260812-194204:258236136 Macro|INFO [ReadPosTrackingErrAll,615]: pos_tracking_err axis 7 = 50000.  
20260812-194204:260253824 EC_IDN|ERROR [NrtData_IdnRead,479]: The IDN data only support ZERO ERROR module!  
20260812-194204:260284368 Macro|INFO [ReadCanAll,420]: read velocity integral limit error -1502, will set default value is 80000.  
20260812-194204:273277544 EC_IDN|INFO [NrtData_IdnCallback_VEICHI,256]: 0x2002: 65h is 10000, 1 
20260812-194204:273491024 EC_IDN|INFO [NrtData_IdnCallback_VEICHI,267]: 0x2002: 66h is 0, 1  
20260812-194204:281192952 Macro|INFO [ReadCanAll,557]: hard pos_tracking_err axis 1 = 50000   
20260812-194204:281224896 Macro|INFO [ReadCanAll,558]: hard spd_tracking_err axis 1 = 10   
20260812-194204:281248256 Macro|INFO [ReadCanAll,559]: vel_integal_lim axis 1 = 80000 
20260812-194204:281273176 Macro|INFO [ReadCanAll,560]: stall current axis 1 = 1100   
20260812-194204:281295872 Macro|INFO [ReadCanAll,561]: stall speed axis 1 = 10   
20260812-194204:281316256 Macro|INFO [ReadCanAll,562]: stall time axis 1 = 500   
20260812-194204:281337384 Macro|INFO [ReadCanAll,564]: soft pos_tracking_err axis 1 = 5242944   
20260812-194204:281363416 Macro|INFO [ReadCanAll,565]: soft spd_tracking_err axis 1 = 10 
20260812-194204:281384072 Macro|INFO [ReadCanAll,566]: soft stall current axis 1 = 900   
20260812-194204:281405576 Macro|INFO [ReadCanAll,567]: soft stall speed axis 1 = 50   
20260812-194204:281426352 Macro|INFO [ReadCanAll,568]: soft stall time axis 1 = 250   
20260812-194204:285257288 EC_IDN|ERROR [NrtData_IdnRead,479]: The IDN data only support ZERO ERROR module! 
20260812-194204:285286984 Macro|INFO [ReadCanAll,420]: read velocity integral limit error -1502, will set default value is 80000.  
20260812-194204:298287544 EC_IDN|INFO [NrtData_IdnCallback_VEICHI,256]: 0x2002: 65h is 10000, 1  
20260812-194204:298502688 EC_IDN|INFO [NrtData_IdnCallback_VEICHI,267]: 0x2002: 66h is 0, 1  
20260812-194204:307191192 Macro|INFO [ReadCanAll,557]: hard pos_tracking_err axis 2 = 50000 
20260812-194204:307222744 Macro|INFO [ReadCanAll,558]: hard spd_tracking_err axis 2 = 10   
20260812-194204:307246592 Macro|INFO [ReadCanAll,559]: vel_integal_lim axis 2 = 80000   
20260812-194204:307271984 Macro|INFO [ReadCanAll,560]: stall current axis 2 = 1100   
20260812-194204:307294232 Macro|INFO [ReadCanAll,561]: stall speed axis 2 = 10   
20260812-194204:307313816 Macro|INFO [ReadCanAll,562]: stall time axis 2 = 500 
20260812-194204:307334944 Macro|INFO [ReadCanAll,564]: soft pos_tracking_err axis 2 = 5242944   
20260812-194204:307359552 Macro|INFO [ReadCanAll,565]: soft spd_tracking_err axis 2 = 10   
20260812-194204:307379712 Macro|INFO [ReadCanAll,566]: soft stall current axis 2 = 900   
20260812-194204:307402384 Macro|INFO [ReadCanAll,567]: soft stall speed axis 2 = 50   
20260812-194204:307423072 Macro|INFO [ReadCanAll,568]: soft stall time axis 2 = 250 
20260812-194204:311212048 EC_IDN|ERROR [NrtData_IdnRead,479]: The IDN data only support ZERO ERROR module!  
20260812-194204:311242904 Macro|INFO [ReadCanAll,420]: read velocity integral limit error -1502, will set default value is 80000.  
20260812-194204:324278472 EC_IDN|INFO [NrtData_IdnCallback_VEICHI,256]: 0x2002: 65h is 10000, 1  
20260812-194204:325371464 EC_IDN|INFO [NrtData_IdnCallback_VEICHI,267]: 0x2002: 66h is 0, 1 
20260812-194204:333189432 Macro|INFO [ReadCanAll,557]: hard pos_tracking_err axis 3 = 50000   
20260812-194204:333221656 Macro|INFO [ReadCanAll,558]: hard spd_tracking_err axis 3 = 10   
20260812-194204:333245032 Macro|INFO [ReadCanAll,559]: vel_integal_lim axis 3 = 80000   
20260812-194204:333269064 Macro|INFO [ReadCanAll,560]: stall current axis 3 = 1100   
20260812-194204:333291928 Macro|INFO [ReadCanAll,561]: stall speed axis 3 = 10 
20260812-194204:333312848 Macro|INFO [ReadCanAll,562]: stall time axis 3 = 500   
20260812-194204:333334336 Macro|INFO [ReadCanAll,564]: soft pos_tracking_err axis 3 = 5242944   
20260812-194204:333359056 Macro|INFO [ReadCanAll,565]: soft spd_tracking_err axis 3 = 10   
20260812-194204:333380216 Macro|INFO [ReadCanAll,566]: soft stall current axis 3 = 900   
20260812-194204:333401328 Macro|INFO [ReadCanAll,567]: soft stall speed axis 3 = 50 
20260812-194204:333421576 Macro|INFO [ReadCanAll,568]: soft stall time axis 3 = 250   
20260812-194204:337220816 EC_IDN|ERROR [NrtData_IdnRead,479]: The IDN data only support ZERO ERROR module!  
20260812-194204:337251744 Macro|INFO [ReadCanAll,420]: read velocity integral limit error -1502, will set default value is 80000.  
20260812-194204:350282328 EC_IDN|INFO [NrtData_IdnCallback_VEICHI,256]: 0x2002: 65h is 10000, 1 
20260812-194204:350496368 EC_IDN|INFO [NrtData_IdnCallback_VEICHI,267]: 0x2002: 66h is 0, 1  
20260812-194204:359188896 Macro|INFO [ReadCanAll,557]: hard pos_tracking_err axis 4 = 50000   
20260812-194204:359221832 Macro|INFO [ReadCanAll,558]: hard spd_tracking_err axis 4 = 10   
20260812-194204:359245112 Macro|INFO [ReadCanAll,559]: vel_integal_lim axis 4 = 80000 
20260812-194204:359268736 Macro|INFO [ReadCanAll,560]: stall current axis 4 = 1100   
20260812-194204:359290536 Macro|INFO [ReadCanAll,561]: stall speed axis 4 = 10   
20260812-194204:359312472 Macro|INFO [ReadCanAll,562]: stall time axis 4 = 500   
20260812-194204:359333688 Macro|INFO [ReadCanAll,564]: soft pos_tracking_err axis 4 = 5242944   
20260812-194204:359359288 Macro|INFO [ReadCanAll,565]: soft spd_tracking_err axis 4 = 10 
20260812-194204:359380152 Macro|INFO [ReadCanAll,566]: soft stall current axis 4 = 900   
20260812-194204:359401856 Macro|INFO [ReadCanAll,567]: soft stall speed axis 4 = 50   
20260812-194204:359422472 Macro|INFO [ReadCanAll,568]: soft stall time axis 4 = 250   
20260812-194204:363224488 EC_IDN|ERROR [NrtData_IdnRead,479]: The IDN data only support ZERO ERROR module! 
20260812-194204:363254384 Macro|INFO [ReadCanAll,420]: read velocity integral limit error -1502, will set default value is 80000.  
20260812-194204:376284568 EC_IDN|INFO [NrtData_IdnCallback_VEICHI,256]: 0x2002: 65h is 10000, 1  
20260812-194204:376499024 EC_IDN|INFO [NrtData_IdnCallback_VEICHI,267]: 0x2002: 66h is 0, 1  
20260812-194204:385220808 Macro|INFO [ReadCanAll,557]: hard pos_tracking_err axis 5 = 50000 
20260812-194204:385252888 Macro|INFO [ReadCanAll,558]: hard spd_tracking_err axis 5 = 10   
20260812-194204:385276272 Macro|INFO [ReadCanAll,559]: vel_integal_lim axis 5 = 80000   
20260812-194204:385300056 Macro|INFO [ReadCanAll,560]: stall current axis 5 = 1100   
20260812-194204:385322208 Macro|INFO [ReadCanAll,561]: stall speed axis 5 = 10   
20260812-194204:385342528 Macro|INFO [ReadCanAll,562]: stall time axis 5 = 500 
20260812-194204:385365136 Macro|INFO [ReadCanAll,564]: soft pos_tracking_err axis 5 = 5242944   
20260812-194204:385390016 Macro|INFO [ReadCanAll,565]: soft spd_tracking_err axis 5 = 10   
20260812-194204:385410824 Macro|INFO [ReadCanAll,566]: soft stall current axis 5 = 900   
20260812-194204:385431752 Macro|INFO [ReadCanAll,567]: soft stall speed axis 5 = 50   
20260812-194204:385452576 Macro|INFO [ReadCanAll,568]: soft stall time axis 5 = 250 
20260812-194204:389258464 EC_IDN|ERROR [NrtData_IdnRead,479]: The IDN data only support ZERO ERROR module!  
20260812-194204:389290544 Macro|INFO [ReadCanAll,420]: read velocity integral limit error -1502, will set default value is 80000.  
20260812-194204:402277112 EC_IDN|INFO [NrtData_IdnCallback_VEICHI,256]: 0x2002: 65h is 10000, 1  
20260812-194204:403275072 EC_IDN|INFO [NrtData_IdnCallback_VEICHI,267]: 0x2002: 66h is 0, 1 
20260812-194204:412197728 Macro|INFO [ReadCanAll,557]: hard pos_tracking_err axis 6 = 50000   
20260812-194204:412230184 Macro|INFO [ReadCanAll,558]: hard spd_tracking_err axis 6 = 10   
20260812-194204:412254512 Macro|INFO [ReadCanAll,559]: vel_integal_lim axis 6 = 80000   
20260812-194204:412278608 Macro|INFO [ReadCanAll,560]: stall current axis 6 = 1100   
20260812-194204:412300832 Macro|INFO [ReadCanAll,561]: stall speed axis 6 = 10 
20260812-194204:412320912 Macro|INFO [ReadCanAll,562]: stall time axis 6 = 500   
20260812-194204:412342704 Macro|INFO [ReadCanAll,564]: soft pos_tracking_err axis 6 = 5242944   
20260812-194204:412367144 Macro|INFO [ReadCanAll,565]: soft spd_tracking_err axis 6 = 10   
20260812-194204:412387912 Macro|INFO [ReadCanAll,566]: soft stall current axis 6 = 900   
20260812-194204:412409664 Macro|INFO [ReadCanAll,567]: soft stall speed axis 6 = 50 
20260812-194204:412430424 Macro|INFO [ReadCanAll,568]: soft stall time axis 6 = 250   
20260812-194204:416236224 EC_IDN|ERROR [NrtData_IdnRead,479]: The IDN data only support ZERO ERROR module!  
20260812-194204:416266496 Macro|INFO [ReadCanAll,420]: read velocity integral limit error -1502, will set default value is 80000.  
20260812-194204:428284352 EC_IDN|INFO [NrtData_IdnCallback_VEICHI,256]: 0x2002: 65h is 10000, 1 
20260812-194204:428498344 EC_IDN|INFO [NrtData_IdnCallback_VEICHI,267]: 0x2002: 66h is 0, 1  
20260812-194204:437188512 Macro|INFO [ReadCanAll,557]: hard pos_tracking_err axis 7 = 50000   
20260812-194204:437221064 Macro|INFO [ReadCanAll,558]: hard spd_tracking_err axis 7 = 10   
20260812-194204:437244568 Macro|INFO [ReadCanAll,559]: vel_integal_lim axis 7 = 80000 
20260812-194204:437268136 Macro|INFO [ReadCanAll,560]: stall current axis 7 = 1100   
20260812-194204:437289728 Macro|INFO [ReadCanAll,561]: stall speed axis 7 = 10   
20260812-194204:437309952 Macro|INFO [ReadCanAll,562]: stall time axis 7 = 500   
20260812-194204:437331128 Macro|INFO [ReadCanAll,564]: soft pos_tracking_err axis 7 = 5242944   
20260812-194204:437355904 Macro|INFO [ReadCanAll,565]: soft spd_tracking_err axis 7 = 10 
20260812-194204:437377104 Macro|INFO [ReadCanAll,566]: soft stall current axis 7 = 900   
20260812-194204:437398952 Macro|INFO [ReadCanAll,567]: soft stall speed axis 7 = 50   
20260812-194204:437419224 Macro|INFO [ReadCanAll,568]: soft stall time axis 7 = 250   
20260812-194204:957243392 CP-IP|INFO [IPCommission_LoadEthernetInfo,1105]: Load nvram net mapping table successful. crc = 0xa37c 
20260812-194204:957292536 CP-IP|INFO [IPCommission_UpdateSysConfig,1317]: Node 0 load IP from nvram， port0 ip:192.168.10.120, port1 ip: 192.168.10.100  
20260812-194204:957328168 CP-IP|INFO [IPCommission_SetRobotName,1453]: Write nvram's robot name to IDN: Robot1  
20260812-194205:065363656 CP-IP|INFO [IPCommission_SetEthernetInfo,826]: use nvram value to re-update RTEMS(port1) gateway = 192.168.10.254 
20260812-194205:065395848 LogicAddr|INFO [LgAddr_GetHardwareType,1173]: hardware type is Comm-E  
20260812-194205:065450472 CP-IP|INFO [IPCommission_SetIP,377]: use nvram value to re-update Linux(port0) gateway = 192.168.10.254  
20260812-194205:276265472 CP-IP|INFO [IPCommission_SetIP,386]: use nvram value to set remote linux ip successful, node = 1 IP0 = 192.168.10.120 
20260812-194205:276313976 LogicAddr|INFO [LgAddr_GetHardwareType,1173]: hardware type is Comm-E  
20260812-194205:287207016 ctrlinfo|INFO [ctrlinfo_idn_handler,151]: Comm System version QRTOS_V2.4.697141004; FPGA_V1.10.9; COMM_CFG_V2.5.0.0 
20260812-194205:311570368 LogicAddr|INFO [LgAddr_Config,333]: LgAddr Update port 1 bd addr 192.168.10.255  
20260812-194205:311617536 LogicAddr|INFO [LgAddr_GetHardwareType,1173]: hardware type is Comm-E 
20260812-194205:311649768 CP-IP|INFO [IPCommission_SetIP,390]: use nvram value to set local rtems ip, node = 1, IP1 = 192.168.10.100  
20260812-194205:346259112 LogicAddr|INFO [LgAddr_GetHardwareType,1173]: hardware type is Comm-E  
20260812-194205:346305528 LogicAddr|INFO [LgAddr_GetHardwareType,1173]: hardware type is Comm-E 
20260812-194205:346334272 CP-IP|INFO [IPCommission_SetIP,397]: use nvram value to set local rtems ip successful,node = 1, and change broadcast addr to 192.168.10.255  
20260812-194205:346368736 LogicAddr|INFO [LgAddr_GetHardwareType,1173]: hardware type is Comm-E  
20260812-194205:433249656 LogicAddr|INFO [LgAddr_GetHardwareType,1173]: hardware type is Comm-E 
20260812-194205:433294248 LogicAddr|INFO [LgAddr_GetHardwareType,1173]: hardware type is Comm-E  
20260812-194205:454519392 LogicAddr|INFO [LgAddr_GetLinuxIp,1242]: Get Linux IP success = 192.168.10.120, 0x780aa8c0  
20260812-194205:454574488 LogicAddr|INFO [LgAddr_GetHardwareType,1173]: hardware type is Comm-E  
20260812-194205:454614648 LogicAddr|INFO [LgAddr_GetHardwareType,1173]: hardware type is Comm-E 
20260812-194205:463729184 Upgrade|INFO [SystemUpgrade_flag_control,1389]: magic 5343 boot 0 start_up 0 upgrade 0 auto_update_flag 0 
20260812-194205:575473112 CP-IP|INFO [IPCommission_SetIP,401]: use nvram value to set local rtems gateway successful, node = 1 gateway = 192.168.10.254  
20260812-194205:575506712 CP-IP|INFO [IPCommission_SetIPResult,514]: Set node1 IP result=2 
20260812-194205:575531376 CP-IP|INFO [IPCommission_SaveCommandDistribute,568]: Start to save local network mapping table  
20260812-194205:610628496 LogicAddr|INFO [LgAddr_GetHardwareType,1173]: hardware type is Comm-E  
20260812-194205:610677336 LogicAddr|INFO [LgAddr_GetHardwareType,1173]: hardware type is Comm-E  
20260812-194205:690494064 LogicAddr|INFO [LgAddr_GetLinuxIp,1242]: Get Linux IP success = 192.168.10.120, 0x780aa8c0
20260812-194205:690556264 LogicAddr|INFO [LgAddr_GetHardwareType,1173]: hardware type is Comm-E  
20260812-194205:690597248 LogicAddr|INFO [LgAddr_GetHardwareType,1173]: hardware type is Comm-E  
20260812-194205:690640488 CP-IP|INFO [IPCommission_SaveEthernetInfo,980]:  mac0 = B4:A2:EB:00:A3:90, mac1 = B4:A2:EB:00:A3:91  
20260812-194206:569342648 CP-IP|INFO [IPCommission_SaveEthernetInfo,1039]:  Save Ethernet info success write crc=0xa37c
20260812-194206:569380856 CP-IP|INFO [IPCommission_SetIPResult,538]: save all node network mapping table successful  
20260812-194206:569407704 CP-IP|INFO [IPCommission_UpdateSysConfig,1367]: Re-config mac ip result = 0x2  
20260812-194206:569434912 CP-IP|INFO [IPCommission_FunctionInit,1168]:  Load & distribute net mapping table success.  
20260812-194206:569458224 LogicAddr|INFO [LgAddr_GetHardwareType,1173]: hardware type is Comm-E 
20260812-194206:569494768 LogicAddr|INFO [LgAddr_GetHardwareType,1173]: hardware type is Comm-E  
20260812-194206:649241544 LogicAddr|INFO [LgAddr_GetLinuxIp,1242]: Get Linux IP success = 192.168.10.120, 0x780aa8c0  
20260812-194206:649302248 LogicAddr|INFO [LgAddr_GetHardwareType,1173]: hardware type is Comm-E  
20260812-194206:649344304 LogicAddr|INFO [LgAddr_GetHardwareType,1173]: hardware type is Comm-E 
20260812-194206:649381032 MCLink|INFO [mclink_set_system_status,171]: ----------------------system enter status 4 ------------------------ 
20260812-194206:684347712 APPMAIN|INFO [app_main,262]: Robot calibration is [0, 0, 0, 0, 0, 0] 
20260812-194206:895273144 MCLink|INFO [mclink_set_system_status,171]: ----------------------system enter status 5 ------------------------
20260812-194206:930424352 PMAIN|INFO [rest_task_entry,179]: HalGetkeyState is 1   
20260812-194206:930461992 ConfigFile|WARN [ConfigFile_CompareFilename,5098]: illegal Controller file name:Controller  
20260812-194206:930487096 ConfigFile|FATAL [ConfigFile_CheckNodeConsistency,5205]: On node1 config files name conflict: Controller , Robot1 file, Calibration, Commission 
20260812-194206:930517832 CTL_RES|INFO [controller_resource_efuse_prepare,201]: efuse enable=0 silicon ver=3 
20260812-194206:967267256 LogicAddr|INFO [LgAddr_GetHardwareType,1173]: hardware type is Comm-E  
20260812-194206:967311136 LogicAddr|INFO [LgAddr_GetHardwareType,1173]: hardware type is Comm-E  
20260812-194206:977096976 LogicAddr|INFO [LgAddr_GetLinuxIp,1242]: Get Linux IP success = 192.168.10.120, 0x780aa8c0
20260812-194206:977153144 LogicAddr|INFO [LgAddr_GetHardwareType,1173]: hardware type is Comm-E  
20260812-194206:977194064 LogicAddr|INFO [LgAddr_GetHardwareType,1173]: hardware type is Comm-E  
20260812-194207:711346088 PMAIN|INFO [rest_task_entry,195]: rtems system initial ready  
20260812-194207:712144576 RobotVDStateMag|INFO [RobotVDStateManagerhandler,79]:  finish Subroutine init 
20260812-194207:712172256 RobotVDStateMag|INFO [RobotVDStateManagerhandler,81]:  Subroutine InitFinish event  
20260812-194207:712202872 RobotVDSM|INFO [ST_RobotVDInitializedState,1419]: robot vd: initialized state  
20260812-194207:712382824 RobotExcepMonitor|ERROR [KeyStateDistribute,1010]: switch from auto to auto   
20260812-194207:714117504 RobotVDStateMag|INFO [RobotVDStateManagerhandler,112]:  finish VD initialization 
20260812-194207:714147512 RobotVDStateMag|INFO [RobotVDStateManagerhandler,114]:  robotVD Init Finished event  
20260812-194207:714177496 RobotVDSM|INFO [ST_RobotVDPowerOffState,1441]: robot vd: power off state  
20260812-194208:907606424 ConfigFile|WARN [ConfigFile_ParseIDNArraySize,5466]: Shell IDN module 242.50 array_module 242.0 read error = -1502
20260812-194208:907667976 ConfigFile|WARN [ConfigFile_ParseIDNArraySize,5466]: Shell IDN module 242.51 array_module 242.0 read error = -1502  
20260812-194208:974430032 ConfigFile|WARN [ConfigFile_ParseIDNArraySize,5466]: Shell IDN module 242.52 array_module 242.0 read error = -1502  
20260812-194208:974500744 ConfigFile|WARN [ConfigFile_ParseIDNArraySize,5466]: Shell IDN module 242.53 array_module 242.0 read error = -1502
20260812-194208:974551744 ConfigFile|WARN [ConfigFile_ParseIDNArraySize,5466]: Shell IDN module 242.54 array_module 242.0 read error = -1502  
20260812-194208:974598712 ConfigFile|WARN [ConfigFile_ParseIDNArraySize,5466]: Shell IDN module 242.55 array_module 242.0 read error = -1502  
20260812-194208:974643848 ConfigFile|WARN [ConfigFile_ParseIDNArraySize,5466]: Shell IDN module 242.56 array_module 242.0 read error = -1502
20260812-194208:974688376 ConfigFile|WARN [ConfigFile_ParseIDNArraySize,5466]: Shell IDN module 242.57 array_module 242.0 read error = -1502  
20260812-194209:045341824 ConfigFile|WARN [ConfigFile_ParseIDNArraySize,5466]: Shell IDN module 242.58 array_module 242.0 read error = -1502  
20260812-194209:045392928 ConfigFile|WARN [ConfigFile_ParseIDNArraySize,5466]: Shell IDN module 242.59 array_module 242.0 read error = -1502
20260812-194209:045441152 ConfigFile|WARN [ConfigFile_ParseIDNArraySize,5466]: Shell IDN module 242.60 array_module 242.0 read error = -1502  
20260812-194209:045486056 ConfigFile|WARN [ConfigFile_ParseIDNArraySize,5466]: Shell IDN module 242.61 array_module 242.0 read error = -1502  
20260812-194209:045529832 ConfigFile|WARN [ConfigFile_ParseIDNArraySize,5466]: Shell IDN module 242.62 array_module 242.0 read error = -1502
20260812-194209:080690736 ConfigFile|WARN [ConfigFile_ParseIDNArraySize,5466]: Shell IDN module 242.63 array_module 242.0 read error = -1502  
20260812-194209:153593088 ctrlinfo|INFO [ctrlinfo_idn_handler,179]: node_num 0 gCtlSys.NodesOfController 9 
20260812-194209:747270904 ConfigFile|INFO [ConfigFile_CheckAndReportModelInfoInvalid,5301]: g_model_errcode 0 
20260812-194210:775129712 MCLink|INFO [block_task_bind,123]: bind robot0 to bind_chl0
20260812-194210:906363896 MacroSys|INFO [system_abort,109]: RTEMS-------------system_abort--------------------- 
20260812-194210:906398096 MacroSys|INFO [system_abort,138]: send motion abort cmd event 
20260812-194210:906461328 MacroSys|INFO [system_abort,246]: Macro system abort exit. 
20260812-194210:907051488 BackToPath|INFO [BackToPathRecordCMDPose,394]: need_back_to_path_flag is 0, current joint cmd is [0.000000, 0.000000, 0.000000, 0.000000, 0.000000, 0.000000]  
20260812-194210:907090744 RapidStop|INFO [CfgRobotRapidStop,674]: rapid stop joint  
20260812-194210:908424984 MCLink|INFO [block_task_unbind,170]: unbind robot0 from bind_chl0
20260812-194210:908488128 RCTASKS|INFO [RobotWaitRapidStopFinishTask,405]: get rapid stop finished semaphore  
20260812-194211:106648016 MCLink|INFO [block_task_bind,123]: bind robot0 to bind_chl0  
20260812-194211:201158176 MacroRobot|INFO [robot_setframe,847]: RTEMS-----robot_setframe start---------- 
20260812-194211:201194336 MacroRobot|INFO [robot_setframe,891]: repeat set frame 
20260812-194211:201218416 MacroRobot|INFO [robot_setframe,900]: RTEMS----------robot_setframe end------------ 
20260812-194211:257258752 MacroSys|INFO [system_abort,109]: RTEMS-------------system_abort--------------------- 
20260812-194211:258618312 MCLink|INFO [block_task_unbind,170]: unbind robot0 from bind_chl0  
20260812-194211:516568264 MacroRobot|INFO [robot_axisnum,587]: RTEMS------------------------robot_axisnum---------------------
20260812-194211:516602288 MacroRobot|INFO [robot_axisnum,598]: ROBOT AXIS NUM: robot = 0,axisnum =7  
20260812-194211:701175792 MCLink|INFO [block_task_bind,123]: bind robot0 to bind_chl0  
20260812-194211:897322024 MacroRobot|INFO [robot_setframe,847]: RTEMS-----robot_setframe start---------- 
20260812-194211:897358344 MacroRobot|INFO [robot_setframe,891]: repeat set frame 
20260812-194211:897380928 MacroRobot|INFO [robot_setframe,900]: RTEMS----------robot_setframe end------------ 
20260812-194212:966106864 MacroJog|INFO [robot_jog_modeset,215]: RTEMS----------robot_jog_mode set start------------ 
20260812-194212:976074392 MacroJog|ERROR [robot_jog_modeset,252]: Switch jog mode failed!  
20260812-194212:978419776 MacroSys|INFO [system_stop,265]: RTEMS------------system_stop---------------------
20260812-194212:978453296 MacroSys|INFO [system_stop,347]: Recive stop status is 3   
20260812-194213:022465896 MacroSys|INFO [system_abort,109]: RTEMS-------------system_abort--------------------- 
20260812-194213:024172888 MCLink|INFO [block_task_unbind,170]: unbind robot0 from bind_chl0  
20260812-194213:206413008 MCLink|INFO [block_task_bind,123]: bind robot0 to bind_chl0
20260812-194213:378161336 MacroRobot|INFO [robot_spd_set,617]: RTEMS------------------------robot_speed_set --------------------- 
20260812-194213:378194344 MacroRobot|INFO [robot_spd_set,640]: robot 0 speed_set end,speed=100.000000  
20260812-194213:909291184 MacroRobot|INFO [robot_spd_set,617]: RTEMS------------------------robot_speed_set ---------------------
20260812-194213:909325368 MacroRobot|INFO [robot_spd_set,640]: robot 0 speed_set end,speed=100.000000  
20260812-194214:009208456 LogicAddr|INFO [LgAddr_GetHardwareType,1173]: hardware type is Comm-E  
20260812-194214:009251696 LogicAddr|INFO [LgAddr_GetHardwareType,1173]: hardware type is Comm-E  
20260812-194214:025410488 LogicAddr|INFO [LgAddr_GetLinuxIp,1242]: Get Linux IP success = 192.168.10.120, 0x780aa8c0
20260812-194214:025463968 LogicAddr|INFO [LgAddr_GetHardwareType,1173]: hardware type is Comm-E  
20260812-194214:025502232 LogicAddr|INFO [LgAddr_GetHardwareType,1173]: hardware type is Comm-E 
20260814-085639:004666112 SYSINI|INFO [ShowSystemVersionAndLogo,44]: *******************************************************  
20260814-085639:004699632 SYSINI|INFO [ShowSystemVersionAndLogo,45]:  
20260814-085639:005265376 SYSINI|INFO [ShowSystemVersionAndLogo,46]: ╔══════════╗  ╔═╗   ╔═╗   ╔════╗       ╔════╗
20260814-085639:007348776 SYSINI|INFO [ShowSystemVersionAndLogo,47]: ║  ╔════╗  ║  ║   ║  ║    ║  ║ ║       ║ ║  ║ 
20260814-085639:009432168 SYSINI|INFO [ShowSystemVersionAndLogo,48]: ║  ║    ║  ║  ║  ║   ║    ║  ║  ║     ║  ║  ║ 
20260814-085639:011515136 SYSINI|INFO [ShowSystemVersionAndLogo,49]: ║  ║    ║  ║  ║ ║    ║    ║  ║   ║   ║   ║  ║
20260814-085639:013598280 SYSINI|INFO [ShowSystemVersionAndLogo,50]: ║  ║    ║  ║  ║╚═╝   ║    ║  ║    ║ ║    ║  ║ 
20260814-085639:015681448 SYSINI|INFO [ShowSystemVersionAndLogo,51]: ║  ║    ║  ║  ║  ║   ╚═╗  ║  ║     ║     ║  ║ 
20260814-085639:017764856 SYSINI|INFO [ShowSystemVersionAndLogo,52]: ║  ╚══     ╝  ║   ║    ║  ║  ║   ║   ║   ║  ║
20260814-085639:019847856 SYSINI|INFO [ShowSystemVersionAndLogo,53]: ║        ╚╗   ║    ║  ╔╝  ║  ║           ║  ║ 
20260814-085639:021931056 SYSINI|INFO [ShowSystemVersionAndLogo,54]: ╚═══════╝ ╚   ╚═╝   ╚═╝   ╚═══           ═══╝ 
20260814-085639:024014200 SYSINI|INFO [ShowSystemVersionAndLogo,55]: 
20260814-085639:026097472 SYSINI|INFO [ShowSystemVersionAndLogo,57]: Booting RTEMS on physical CPU 0x0 
20260814-085639:028180568 SYSINI|INFO [ShowSystemVersionAndLogo,59]: RTEMS version: rtems-5.3.0 (ARM/ARMv4/xilinx_zynq_zedboard) 
20260814-085639:030263920 SYSINI|INFO [ShowSystemVersionAndLogo,62]: Comm RTEMS Build Information : V_2_4_697141004 2026-07-08 16:30:00 
20260814-085639:032347072 SYSINI|INFO [ShowSystemVersionAndLogo,63]:  
20260814-085639:034430360 SYSINI|INFO [ShowSystemVersionAndLogo,64]: *******************************************************  
20260814-085639:036513640 SYSINI|INFO [ShowSystemVersionAndLogo,65]:  
20260814-085639:038596880 Platform|INFO [InitPlatform,60]: CPU0 and CPU1 L2 cache lockdown configure to 3:5
20260814-085639:040682128 HAL_ZYNQ|INFO [HalInitFpga,425]: FPGA work well!  
20260814-085639:042763656 Platform|INFO [InitPlatform,166]: Zynq platform initial successful!  
20260814-085639:044847160 RTEMS_SHELL|INFO [InitRtemsShell,91]: ==================== 
20260814-085639:046929672 RTEMS_SHELL|INFO [InitRtemsShell,92]: Starting RTEMS shell 
20260814-085639:049012832 RTEMS_SHELL|INFO [InitRtemsShell,93]: ==================== 
20260814-085639:049888112 SYSINI|INFO [InitSystemLog,79]: system log initial successful!  
20260814-085639:049915832 SyslogConsole|INFO [syslog_console_backend_init,54]: slog console backend registered 
20260814-085639:309503376 MCLink|INFO [show_mclink_infomation,40]: *******************************************************  
20260814-085639:309527592 MCLink|INFO [show_mclink_infomation,41]:                                                          
20260814-085639:309549088 MCLink|INFO [show_mclink_infomation,42]:               |     |  |\   |  | /                    
20260814-085639:309569560 MCLink|INFO [show_mclink_infomation,43]:               |     |  | \  |  |/                       
20260814-085639:309588896 MCLink|INFO [show_mclink_infomation,44]:               |     |  |  \ |  |\                      
20260814-085639:309607848 MCLink|INFO [show_mclink_infomation,45]:               |___  |  |   \|  | \                   
20260814-085639:309627288 MCLink|INFO [show_mclink_infomation,46]:                                                          
20260814-085639:309648608 MCLink|INFO [show_mclink_infomation,55]: MCLink Information : V_2_2_5  
20260814-085639:309669880 MCLink|INFO [show_mclink_infomation,57]:                                                        
20260814-085639:309689408 MCLink|INFO [show_mclink_infomation,58]: *******************************************************  
20260814-085639:309967568 MCLink|INFO [mclink_init,250]: RTEMS MCLink intialized, start daemon tasks  
20260814-085639:310012736 MCLink|INFO [mclink_set_system_status,171]: ----------------------system enter status 0 ------------------------
20260814-085639:310036816 MCLink|WARN [mclink_ready_notify,164]: mclink rpmsg channel not ready  
20260814-085639:310085112 PMAIN|INFO [Init,320]: rest task initial successful  
20260814-085639:329833168 MCLink|INFO [mclink_task_entry,121]: Successfully created rpmsg endpoint.  
20260814-085639:329860312 MCLink|INFO [mclink_task_entry,122]: Init remoteproc resource done, Waiting for Linux events...
20260814-085639:329893408 MCLink|INFO [data_receive_task_entry,28]: data_receive_task_entry   
20260814-085639:329919952 MCLink|INFO [heartbeat_task_entry,219]: heartbeat task entry 
20260814-085639:329952408 MCLink|INFO [console_task_entry,25]: console task entry   
20260814-085639:329975592 MCLink|INFO [event_task_entry,24]: event task entry   
20260814-085639:330001088 MCLink|INFO [nonblock_task_entry,28]: nonblock task entry 
20260814-085639:330024688 MCLink|INFO [fs_task_entry,189]: fs task entry   
20260814-085639:330113848 SYSLOG|INFO [syslog_isr_task_entry,755]: log isr task entry 
20260814-085639:492566296 MCLink|ERROR [mclink_get_file,629]: remote file:try to open /tmp/config_path failed  
20260814-085639:501167312 MCLink|INFO [on_private_sync_time_func_callback,311]: UUID: -55d7-4e8c-a5bb-f94c4bbad9f4
20260814-085639:501195616 MCLink|WARN [on_private_sync_time_func_callback,316]: sync time failed:Invalid argument 
20260814-085639:501237856 MCLink|INFO [on_private_sync_time_func_callback,319]: sync time to: Fri Jan  1 00:00:03 1988 
20260814-085639:592337360 MCLink|ERROR [mclink_get_file,629]: remote file:try to open /tmp/config_path failed 
20260814-085639:694372936 MCLink|INFO [InitConfigFile_path,248]: finally:get config path is /media/flash/Syscfg/  
20260814-085639:713376808 MCLink|INFO [mclink_get_config,304]: get config file: /media/flash/Syscfg/Controller.qxml successful  
20260814-085639:749873192 MCLink|INFO [mclink_get_config,304]: get config file: /media/flash/Syscfg/Robot1.qxml successful 
20260814-085639:750734400 MCLink|ERROR [mclink_get_file,629]: remote file:try to open /media/flash/Syscfg/Robot2.qxml failed  
20260814-085639:750760328 MCLink|ERROR [mclink_get_config,300]: get config file: /media/flash/Syscfg/Robot2.qxml failed  
20260814-085639:753572936 MCLink|INFO [mclink_get_config,304]: get config file: /media/flash/Syscfg/Commission.qxml successful 
20260814-085639:757190288 MCLink|INFO [mclink_get_config,304]: get config file: /media/flash/Syscfg/Calibration1.qxml successful  
20260814-085639:758012792 MCLink|ERROR [mclink_get_file,629]: remote file:try to open /media/flash/Syscfg/Calibration2.qxml failed  
20260814-085639:758037736 MCLink|ERROR [mclink_get_config,300]: get config file: /media/flash/Syscfg/Calibration2.qxml failed 
20260814-085639:761844936 MCLink|INFO [mclink_get_config,304]: get config file: /media/flash/Syscfg/Model1.qxml successful  
20260814-085639:762675056 MCLink|ERROR [mclink_get_file,629]: remote file:try to open /media/flash/Syscfg/Model2.qxml failed  
20260814-085639:762698752 MCLink|ERROR [mclink_get_config,300]: get config file: /media/flash/Syscfg/Model2.qxml failed 
20260814-085639:763518528 MCLink|ERROR [mclink_get_file,629]: remote file:try to open /media/flash/Syscfg/Robot_signature.qxml failed  
20260814-085639:763542640 MCLink|ERROR [mclink_get_config,300]: get config file: /media/flash/Syscfg/Robot_signature.qxml failed  
20260814-085640:004474328 MCLink|INFO [mclink_get_config,319]: get other file: /media/flash/Description/SysLabel_EN.qxml successful 
20260814-085640:222633216 MCLink|INFO [mclink_get_config,319]: get other file: /media/flash/Description/SysLabel_CN.qxml successful  
20260814-085640:416199640 CTL_DISP|WARN [controller_dispatcher,1877]: IDN configuration file did not load 
20260814-085640:999422456 MCLink|INFO [create_binding_task,181]: create block chl task, binding to robot0  
20260814-085640:999489552 MCLink|INFO [create_binding_task,181]: create block chl task, binding to robot1
20260814-085640:999544696 MCLink|INFO [create_binding_task,181]: create block chl task, binding to robot2  
20260814-085640:999598152 MCLink|INFO [create_binding_task,181]: create block chl task, binding to robot3  
20260814-085640:999655688 MCLink|INFO [mclink_set_system_status,171]: ----------------------system enter status 1 ------------------------
20260814-085641:000679848 Async|INFO [AsyncProtoMd_ThreadInit,1153]: Async md thread 1296323160 has create  
20260814-085641:000719592 Async|INFO [AsyncProtoMd_StartupThread,1174]: Async md thread 1296323160 has start, ret=0  
20260814-085641:000779256 Async|INFO [AsyncProtoMd_ThreadInit,1153]: Async md thread 1179208773 has create  
20260814-085641:000807720 Async|INFO [AsyncProtoMd_StartupThread,1174]: Async md thread 1179208773 has start, ret=0 
20260814-085641:000861088 Async|INFO [AsyncProtoMd_ThreadInit,1153]: Async md thread 1179866200 has create  
20260814-085641:000888432 Async|INFO [AsyncProtoMd_StartupThread,1174]: Async md thread 1179866200 has start, ret=0  
20260814-085641:000923680 SYSINI|INFO [InitQnetAsync,135]: QNET Async protocol module create successful  
20260814-085641:000944488 SyslogRemoteFlash|INFO [syslog_flash_backend_init,61]: slog remote flash backend registered 
20260814-085641:424853792 CTL_DISP|WARN [controller_dispatcher,1877]: IDN configuration file did not load 
20260814-085641:444730992 ConfigFile|INFO [ConfigFile_GetRequesetModelTimeout,4904]: Has found request model timeout tmp:2000 value: 2000  
20260814-085641:449575736 ConfigFile|INFO [ConfigFile_GetModel,433]: Model HE3-0900-3657-00GY subModel 1 g_mode_invalid 0
20260814-085641:449618632 LogicAddr|INFO [LgAddr_GetHardwareType,1173]: hardware type is Comm-E  
20260814-085641:449723368 ConfigFile|INFO [ConfigFile_GetRobotType,4597]: Find robot type is 19  
20260814-085641:449818896 LogicAddr|INFO [LgAddr_Init,146]: finally，total_node = 9  
20260814-085641:449841720 LogicAddr|INFO [LgAddr_Init,147]: finally，local_node_id = 1 
20260814-085641:449862136 LogicAddr|INFO [LgAddr_Init,148]: finally，controller_node_id = 1  
20260814-085641:449881792 LogicAddr|INFO [LgAddr_Init,150]: finally，robot_id = 1  
20260814-085641:449901088 LogicAddr|INFO [LgAddr_Init,151]: finally，robot type = 19  
20260814-085641:449920992 LogicAddr|INFO [LgAddr_Init,152]: finally，axis number = 7  
20260814-085641:449940656 LogicAddr|INFO [LgAddr_Init,154]: finally，conveyor number = 4 
20260814-085641:449959912 LogicAddr|INFO [LgAddr_Init,155]: finally，conveyor tracking number = 4  
20260814-085641:449979800 SYSINI|INFO [InitLogicAddrManager,258]: Logic addr manager init successful  
20260814-085641:452095712 hash_idn|INFO [init_hash_table_module,56]: hash table module 1 init  
20260814-085641:463407536 profile|INFO [profile_idn_init,477]: profile idn init
20260814-085641:465641512 SYSLOG|INFO [syslog_idn_init,461]: syslog idn init 
20260814-085641:507136440 IDN_ROBOT|INFO [InitRobotIDN,335]: Init robot idn successful  
20260814-085641:507452800 IDN_ROBOT|INFO [InitRobotIDN,344]: register servo module successful  
20260814-085641:507477448 SysConfig|ERROR [InitIDN,107]: Init robot idn successful 
20260814-085641:508622240 LogicAddr|INFO [LgAddr_GetHardwareType,1173]: hardware type is Comm-E 
20260814-085641:508683256 IDN_NETWORK|WARN [NetworkIDN_Callback,764]: IDN set IP fail due to libbsd not start  
20260814-085641:595563536 EMINoBuffer|INFO [ClearEMINoBuffer,113]: Call ClearEMINoBuffer! 
20260814-085641:595602760 EMI|INFO [EMISetParameter,565]: Set EMI parameter scenes is 0, period_time is 0.008000, open_check_timeout_flag is 0, repeat_count is 0. 
20260814-085641:595642560 EMI|INFO [EMISetParameter,668]: period time is 0.008000, period count = 8.  
20260814-085641:595951216 EMI|INFO [EMISetParameter,565]: Set EMI parameter scenes is 0, period_time is 0.016000, open_check_timeout_flag is 0, repeat_count is 0.  
20260814-085641:595983968 EMI|INFO [EMISetParameter,668]: period time is 0.016000, period count = 16. 
20260814-085641:660539936 Dyna|ERROR [DynamicBaseIDNHandler,1567]: [DynamicBaseIDNHandler:1567] Dynamic base idn handler write failed 79.  
20260814-085641:725344688 FCTL|INFO [DynamicForceControlIDNWriteHandler,1687]: Force sensor set 0x00, force sensor ready.  
20260814-085641:780360352 nodeinfo|INFO [nodeinfo_idn_handler,99]: ignore hardware type is false, Node type reconfigure to 0x89
20260814-085641:780558688 nodeinfo|INFO [nodeinfo_idn_handler,115]: Node type configure to 0x89 
20260814-085641:784083640 CTL_DISP|ERROR [single_instance_dispatch,1157]: param mainindex:1 exceed total_mainins:0 
20260814-085641:797032976 LogicAddr|INFO [LgAddr_GetHardwareType,1173]: hardware type is Comm-E  
20260814-085641:797116616 LogicAddr|INFO [LgAddr_GetHardwareType,1173]: hardware type is Comm-E 
20260814-085641:797146968 IDN_NETWORK|WARN [NetworkIDN_Callback,783]: IDN set mask fail due to libbsd not start 
20260814-085641:797213152 LogicAddr|INFO [LgAddr_GetHardwareType,1173]: hardware type is Comm-E  
20260814-085641:797242192 IDN_NETWORK|WARN [NetworkIDN_Callback,802]: IDN set gateway fail due to libbsd not start  
20260814-085641:797428776 LogicAddr|INFO [LgAddr_GetHardwareType,1173]: hardware type is Comm-E 
20260814-085641:802791432 NETWORK_IDN|WARN [NetworkIdn_Handler,123]: [NetworkIdn_Handler:123] Not match the project : USE_ETHERCAT_NETWORK = 1, module = 521  
20260814-085641:802836912 LogicAddr|INFO [LgAddr_GetHardwareType,1173]: hardware type is Comm-E  
20260814-085641:802881696 LogicAddr|INFO [LgAddr_GetHardwareType,1173]: hardware type is Comm-E  
20260814-085641:807007040 LogicAddr|INFO [LgAddr_GetHardwareType,1173]: hardware type is Comm-E 
20260814-085641:807060432 LogicAddr|INFO [LgAddr_GetHardwareType,1173]: hardware type is Comm-E  
20260814-085641:811069048 LogicAddr|INFO [LgAddr_GetHardwareType,1173]: hardware type is Comm-E  
20260814-085641:811120888 LogicAddr|INFO [LgAddr_GetHardwareType,1173]: hardware type is Comm-E  
20260814-085641:815251776 LogicAddr|INFO [LgAddr_GetHardwareType,1173]: hardware type is Comm-E 
20260814-085641:815303592 LogicAddr|INFO [LgAddr_GetHardwareType,1173]: hardware type is Comm-E  
20260814-085641:819436776 LogicAddr|INFO [LgAddr_GetHardwareType,1173]: hardware type is Comm-E  
20260814-085641:819489072 LogicAddr|INFO [LgAddr_GetHardwareType,1173]: hardware type is Comm-E  
20260814-085641:819699216 LogicAddr|INFO [LgAddr_GetHardwareType,1173]: hardware type is Comm-E 
20260814-085641:819744440 LogicAddr|INFO [LgAddr_GetHardwareType,1173]: hardware type is Comm-E  
20260814-085641:819910528 LogicAddr|INFO [LgAddr_GetHardwareType,1173]: hardware type is Comm-E  
20260814-085641:819951928 LogicAddr|INFO [LgAddr_GetHardwareType,1173]: hardware type is Comm-E  
20260814-085641:820000456 LogicAddr|INFO [LgAddr_GetHardwareType,1173]: hardware type is Comm-E 
20260814-085641:820181568 LogicAddr|INFO [LgAddr_GetHardwareType,1173]: hardware type is Comm-E  
20260814-085641:820219472 ConfigFile|INFO [InitLoadConfigFile,276]: Load all configure file successful  
20260814-085641:820305272 MCLink|INFO [mclink_set_system_status,171]: ----------------------system enter status 2 ------------------------ 
20260814-085641:824450968 LogicAddr|INFO [LgAddr_GetHardwareType,1173]: hardware type is Comm-E 
20260814-085641:824486832 SysConfig|INFO [NetworkConfig,143]: Update mac1 from flash successful 0x90a300eba2b4, 0x91a300eba2b4  
20260814-085641:824521760 LogicAddr|INFO [LgAddr_GetHardwareType,1173]: hardware type is Comm-E  
20260814-085642:429040880 LogicAddr|INFO [LgAddr_GetHardwareType,1173]: hardware type is Comm-E  
20260814-085642:429253272 LogicAddr|INFO [LgAddr_GetHardwareType,1173]: hardware type is Comm-E 
20260814-085642:430965776 LogicAddr|INFO [LgAddr_GetHardwareType,1173]: hardware type is Comm-E 
20260814-085642:993122440 SysConfig|INFO [NetworkConfig,164]: Now libbsd started， ready to config IP in IDN 
20260814-085642:993227032 LogicAddr|INFO [LgAddr_GetHardwareType,1173]: hardware type is Comm-E 
20260814-085643:011424680 LogicAddr|INFO [LgAddr_Config,333]: LgAddr Update port 1 bd addr 192.168.10.255
20260814-085643:011506792 LogicAddr|INFO [LgAddr_GetHardwareType,1173]: hardware type is Comm-E  
20260814-085643:011547272 LogicAddr|INFO [LgAddr_GetHardwareType,1173]: hardware type is Comm-E 
20260814-085643:037233008 SysConfig|INFO [NetworkConfig,180]: port1 ip 192.168.10.101, port1 mask 255.255.255.0
20260814-085643:037332792 EtherCAT|INFO [IO_PwrEnOutput,498]: [CoE_IoTask     ] pwr_en : [1, 80 is 3, 5c is 4]  
20260814-085643:037359936 EtherCAT|INFO [IO_PwrEnOutput,503]: [CoE_IoTask     ] pwr_en : [1, 80 is 3, 5c is 4] 
20260814-085643:068436328 ServoPosition|INFO [ClearServoPosition,827]: EMI ServoPosition:Clear servo position! 
20260814-085643:076481216 FCTL|INFO [InitForceCtl,126]: Init force control success! 
20260814-085643:084489112 Jog|INFO [InitRobotJog,82]: [JOG_DIAG] init robot=0 Td=0.100000 t_seg=100 Speed=0.000000 limit_per=10.000000 cart_trans_spd_limit=250.000000 cart_rot_spd_limit=0.000000
20260814-085643:084571232 Jog|INFO [InitRobotJog,92]: [JOG_DIAG] init_profile robot=0 prf.acc=50.000000 prf.dec=50.000000 prf.accramp=0.100000 prf.decramp=0.100000 acc_delta_per=10.000000 anticipation_enable=1 anticipation_dis=0.500000
20260814-085643:100950920 RobotExcepMsgCapture|INFO [CreateRobotExceptionQueue,429]: create robot exception msg queue successful!  
20260814-085643:101003432 RobotExcepMsgCapture|INFO [CreateAndRunRobotExceptionCaptureTask,454]: create robot exception capture task successful! 
20260814-085643:121531480 RobotExcepMsgCapture|INFO [CreateAndRunRobotExceptionCaptureTask,468]: start robot exception capture task successful!  
20260814-085643:121583048 RobotExcepMonitor|INFO [CreateAndRunRobotExceptionMonitorTask,2514]: create robot exception monitor task successful!  
20260814-085643:121615208 RobotExcepMonitor|INFO [CreateAndRunRobotExceptionMonitorTask,2526]: start robot exception monitor task successful! 
20260814-085643:121704240 RobotExcepAction|INFO [CreateAndRunRobotExceptionCheckStateTask,1091]: create robot exception check state task successful!  
20260814-085643:145781128 RobotExcepAction|INFO [CreateAndRunRobotExceptionCheckStateTask,1103]: start robot exception check state task successful!  
20260814-085643:145878432 PWR_SEQ|INFO [CreatePwrSeqQueue,2192]: create pwr seq power on msg queue successful ! 
20260814-085643:145905648 PWR_SEQ|INFO [CreatePwrSeqQueue,2209]: create pwr seq power off msg queue successful !  
20260814-085643:183533480 PWR_SEQ|INFO [CreateAndRunPwrSeqTask,2148]: create pwr seq task successful!  
20260814-085643:183570472 PWR_SEQ|INFO [CreateAndRunPwrSeqTask,2160]: start pwr seq task successful! 
20260814-085643:183620288 RobotVDStateMag|INFO [CreateAndRunRobotVDStateManagerTask,1000]: create robot vd state manager task successful!  
20260814-085643:183669592 RobotVDSM|INFO [ST_RobotVDInitializeInProgressState,1396]: robot vd: initialize in progress state  
20260814-085643:219528696 RobotVDStateMag|INFO [CreateAndRunRobotVDStateManagerTask,1012]: start robot vd state manager task successful! 
20260814-085643:303685952 pre_read|INFO [CreateRobotMotionStateQueue,62]: create robot motion state msg queue successful! 
20260814-085643:309403600 watchdog|INFO [InitWatchDog,31]: watch_dog_enable = 1 watch_dog_period=20 
20260814-085648:317750632 APPMAIN|ERROR [app_main,128]: slave is 1 
20260814-085648:317816216 APPMAIN|ERROR [app_main,128]: slave is 2  
20260814-085648:317841232 robot_app|ERROR [GetRealSlaveIndex,353]: Invalid robot id 1, robot number is 1! 
20260814-085648:317864616 APPMAIN|ERROR [app_main,128]: slave is 0  
20260814-085648:317885608 robot_app|ERROR [GetRealSlaveIndex,353]: Invalid robot id 1, robot number is 1! 
20260814-085648:317906400 APPMAIN|ERROR [app_main,128]: slave is 0 
20260814-085648:317927376 APPMAIN|ERROR [app_main,135]: slve is 1, id is 0, joint index is 0  
20260814-085648:317948272 APPMAIN|ERROR [app_main,135]: slve is 2, id is 0, joint index is 1  
20260814-085648:317969032 APPMAIN|ERROR [app_main,135]: slve is 3, id is 0, joint index is 2  
20260814-085648:318413208 APPMAIN|ERROR [app_main,135]: slve is 4, id is 0, joint index is 3 
20260814-085648:388493008 timer trigger|INFO [timer_trigger_task_init,210]: create timer tigger task successful! 
20260814-085648:388597256 timer trigger|INFO [timer_trigger_task,149]: create timer trigger queue successful! 
20260814-085648:388625712 timer trigger|INFO [timer_trigger_task_init,221]: start timer tigger task successful!  
20260814-085648:397946072 CAN|INFO [CanStackModule_Init,82]: [CANStack      ] CAN 1 init
20260814-085648:430798656 CAN|INFO [CanProtoZe_CreateTask,196]: [CANStack       ] Create can ZE task success
20260814-085648:430876160 CAN|INFO [CanServ_SetProtocolHook,87]: [CANStack       ] Can protocol hook set success  
20260814-085648:430981048 CP-IP|INFO [IPCommission_FunctionInit,1137]: Wait Comm-E is init finish. 
20260814-085648:560699472 EtherCAT|INFO [CANopenModule_SlavePower,714]: [CANopenModule  ] Slave power state 1 turn to 0, 1, [30 is 7779, 80 is 3, 34 is 3]
20260814-085648:562664712 EtherCAT|INFO [CANopenModule_ThreadEntry,190]: [CANopenModule  ] Task state is WAITING turn to ECAT_INIT  
20260814-085648:562694672 EtherCAT|ERROR [CANopenModule_PwrOffHandle,606]: [CANopenModule  ] power status change = 1   
20260814-085648:564690232 EtherCAT|INFO [EcatDrv_CreateDrvObject,179]: [EtherCATDriver ] CoE create object successful
20260814-085648:564747328 EtherCAT|INFO [CANopenModule_ThreadEntry,248]: [CANopenModule  ] Task state is ECAT_INIT turn to INIT  
20260814-085648:566694240 EtherCAT|INFO [RTT_EcatEntry,140]: [CANopenRtTask  ] EcatRTT sem create success  
20260814-085648:566735840 EtherCAT|INFO [CANopenModule_ThreadEntry,272]: [CANopenModule  ] Task state is INIT turn to RESOURCE_CFG
20260814-085648:570714272 EtherCAT|INFO [CANopenModule_SlavePower,723]: [CANopenModule  ] Slave power state 2 turn to 1, 1, [30 is 7779, 80 is 3, 34 is 3]
20260814-085648:664673272 EtherCAT|INFO [EcatDrv_CheckEvent,1232]: coe_event is 4, pre is 0  
20260814-085648:664843568 EtherCAT|INFO [EcatDrv_Task,347]: [EtherCATDriver ] ec_init on cgem1 succeeded. 
20260814-085648:664870720 EtherCAT|INFO [EcatDrv_Task,350]: [EtherCATDriver ] Task state is INIT turn to SCAN
20260814-085648:764774352 EtherCAT|INFO [EcatDrv_Task,384]: [EtherCATDriver ] is find slave is 7   
20260814-085648:764806728 EtherCAT|INFO [EcatDrv_Task,410]: [EtherCATDriver ] 7 slaves found.  
20260814-085648:764830920 EtherCAT|INFO [EcatDrv_Task,413]: [EtherCATDriver ] Task state is SCAN turn to CONFIG
20260814-085648:876718928 EtherCAT|INFO [ecx_config_init_spec,331]: Success get slave name. 
20260814-085648:876749488 EtherCAT|INFO [ecx_config_init_spec,336]: eep_id is 50335745, eep_man 3457, eep_rev 1, name is [RB200].  
20260814-085648:904741296 EtherCAT|INFO [EcatDrv_Task,464]: [EtherCATDriver ] Slave Init is successful
20260814-085648:906722176 EtherCAT|INFO [EcatDrv_Task,485]: [EtherCATDriver ] All Slaves in PRE_OP  
20260814-085648:906749000 EtherCAT|INFO [EcatDrv_Task,502]: ec_slave[i].name is [], [VEICHI], VEICHI, VEICHI, VEICHI, VEICHI, VEICHI, [null] 
20260814-085648:906777368 EtherCAT|INFO [GetZeroErrorNumber,275]: Find ZeroErr Driver module number is 0 
20260814-085648:936718048 EtherCAT|INFO [EcatDrv_DebugInfoPrint,2186]: [EtherCATDriver ] Slave:1 
20260814-085648:936747672 EtherCAT|INFO [EcatDrv_DebugInfoPrint,2187]: [EtherCATDriver ]  Name:VEICHI 
20260814-085648:936772488 EtherCAT|INFO [EcatDrv_DebugInfoPrint,2188]: [EtherCATDriver ]  State: 1 
20260814-085648:936795656 EtherCAT|INFO [EcatDrv_DebugInfoPrint,2189]: [EtherCATDriver ]  Delay: 0[ns]
20260814-085648:936817128 EtherCAT|INFO [EcatDrv_DebugInfoPrint,2190]: [EtherCATDriver ]  Has DC: 1 
20260814-085648:936838656 EtherCAT|INFO [EcatDrv_DebugInfoPrint,2191]: [EtherCATDriver ]  Itype: 3592 
20260814-085648:936861928 EtherCAT|INFO [EcatDrv_DebugInfoPrint,2192]: [EtherCATDriver ]  Aliasaddr: 0 
20260814-085648:936882376 EtherCAT|INFO [EcatDrv_DebugInfoPrint,2193]: [EtherCATDriver ]  DCParentport:0
20260814-085648:936903008 EtherCAT|INFO [EcatDrv_DebugInfoPrint,2198]: [EtherCATDriver ]  Activeports:1.1.0.0 
20260814-085648:936927232 EtherCAT|INFO [EcatDrv_DebugInfoPrint,2200]: [EtherCATDriver ]  Configured address: 1001 
20260814-085648:936949536 EtherCAT|INFO [EcatDrv_DebugInfoPrint,2202]: [EtherCATDriver ]  Man: 00000d81 ID: 03001001 Rev: 00000001 PDI: 00000001
20260814-085648:936974280 EtherCAT|INFO [EcatDrv_DebugInfoPrint,2208]: [EtherCATDriver ]  SM0 A:1000 L: 256 F:00010026 Type:1 
20260814-085648:936999752 EtherCAT|INFO [EcatDrv_DebugInfoPrint,2208]: [EtherCATDriver ]  SM1 A:1400 L: 256 F:00010022 Type:2 
20260814-085648:937025136 EtherCAT|INFO [EcatDrv_DebugInfoPrint,2208]: [EtherCATDriver ]  SM2 A:1800 L:   0 F:00010064 Type:3
20260814-085648:937048920 EtherCAT|INFO [EcatDrv_DebugInfoPrint,2208]: [EtherCATDriver ]  SM3 A:1c00 L:   0 F:00010020 Type:4 
20260814-085648:937072736 EtherCAT|INFO [EcatDrv_DebugInfoPrint,2213]: [EtherCATDriver ]  FMMUfunc 0:1 1:2 2:3 3:0 
20260814-085648:937095096 EtherCAT|INFO [EcatDrv_DebugInfoPrint,2214]: [EtherCATDriver ]  MBX length wr: 256 rd: 256 MBX protocols : 0c
20260814-085648:937120848 EtherCAT|INFO [EcatDrv_DebugInfoPrint,2216]: [EtherCATDriver ]  CoE details: 0d FoE details: 01 EoE details: 00 SoE details: 00 
20260814-085648:937145592 EtherCAT|INFO [EcatDrv_DebugInfoPrint,2218]: [EtherCATDriver ]  Ebus current: 0[mA]  only LRD/LWR:0 
20260814-085648:937168440 EtherCAT|INFO [EcatDrv_DebugInfoPrint,2186]: [EtherCATDriver ] Slave:2
20260814-085648:937189176 EtherCAT|INFO [EcatDrv_DebugInfoPrint,2187]: [EtherCATDriver ]  Name:VEICHI 
20260814-085648:937209888 EtherCAT|INFO [EcatDrv_DebugInfoPrint,2188]: [EtherCATDriver ]  State: 1 
20260814-085648:937230536 EtherCAT|INFO [EcatDrv_DebugInfoPrint,2189]: [EtherCATDriver ]  Delay: 0[ns] 
20260814-085648:937250848 EtherCAT|INFO [EcatDrv_DebugInfoPrint,2190]: [EtherCATDriver ]  Has DC: 1
20260814-085648:937271368 EtherCAT|INFO [EcatDrv_DebugInfoPrint,2191]: [EtherCATDriver ]  Itype: 3592 
20260814-085648:937293600 EtherCAT|INFO [EcatDrv_DebugInfoPrint,2192]: [EtherCATDriver ]  Aliasaddr: 0 
20260814-085648:937314496 EtherCAT|INFO [EcatDrv_DebugInfoPrint,2193]: [EtherCATDriver ]  DCParentport:0 
20260814-085648:937335000 EtherCAT|INFO [EcatDrv_DebugInfoPrint,2198]: [EtherCATDriver ]  Activeports:1.1.0.0
20260814-085648:937356112 EtherCAT|INFO [EcatDrv_DebugInfoPrint,2200]: [EtherCATDriver ]  Configured address: 1002 
20260814-085648:937377888 EtherCAT|INFO [EcatDrv_DebugInfoPrint,2202]: [EtherCATDriver ]  Man: 00000d81 ID: 03001001 Rev: 00000001 PDI: 00000000 
20260814-085648:937401336 EtherCAT|INFO [EcatDrv_DebugInfoPrint,2208]: [EtherCATDriver ]  SM0 A:1000 L: 256 F:00010026 Type:1
20260814-085648:937425336 EtherCAT|INFO [EcatDrv_DebugInfoPrint,2208]: [EtherCATDriver ]  SM1 A:1400 L: 256 F:00010022 Type:2 
20260814-085648:937448840 EtherCAT|INFO [EcatDrv_DebugInfoPrint,2208]: [EtherCATDriver ]  SM2 A:1800 L:   0 F:00010064 Type:3 
20260814-085648:937471256 EtherCAT|INFO [EcatDrv_DebugInfoPrint,2208]: [EtherCATDriver ]  SM3 A:1c00 L:   0 F:00010020 Type:4
20260814-085648:937495816 EtherCAT|INFO [EcatDrv_DebugInfoPrint,2213]: [EtherCATDriver ]  FMMUfunc 0:1 1:2 2:3 3:0 
20260814-085648:937518440 EtherCAT|INFO [EcatDrv_DebugInfoPrint,2214]: [EtherCATDriver ]  MBX length wr: 256 rd: 256 MBX protocols : 0c 
20260814-085648:937541808 EtherCAT|INFO [EcatDrv_DebugInfoPrint,2216]: [EtherCATDriver ]  CoE details: 0d FoE details: 01 EoE details: 00 SoE details: 00
20260814-085648:937565152 EtherCAT|INFO [EcatDrv_DebugInfoPrint,2218]: [EtherCATDriver ]  Ebus current: 0[mA]  only LRD/LWR:0 
20260814-085648:937606832 EtherCAT|INFO [EcatDrv_DebugInfoPrint,2186]: [EtherCATDriver ] Slave:3 
20260814-085648:937630632 EtherCAT|INFO [EcatDrv_DebugInfoPrint,2187]: [EtherCATDriver ]  Name:VEICHI 
20260814-085648:937663176 EtherCAT|INFO [EcatDrv_DebugInfoPrint,2188]: [EtherCATDriver ]  State: 1
20260814-085648:937684920 EtherCAT|INFO [EcatDrv_DebugInfoPrint,2189]: [EtherCATDriver ]  Delay: 0[ns] 
20260814-085648:937705888 EtherCAT|INFO [EcatDrv_DebugInfoPrint,2190]: [EtherCATDriver ]  Has DC: 1 
20260814-085648:937726992 EtherCAT|INFO [EcatDrv_DebugInfoPrint,2191]: [EtherCATDriver ]  Itype: 3592 
20260814-085648:937749576 EtherCAT|INFO [EcatDrv_DebugInfoPrint,2192]: [EtherCATDriver ]  Aliasaddr: 0
20260814-085648:937770616 EtherCAT|INFO [EcatDrv_DebugInfoPrint,2193]: [EtherCATDriver ]  DCParentport:0 
20260814-085648:937791072 EtherCAT|INFO [EcatDrv_DebugInfoPrint,2198]: [EtherCATDriver ]  Activeports:1.1.0.0 
20260814-085648:937812848 EtherCAT|INFO [EcatDrv_DebugInfoPrint,2200]: [EtherCATDriver ]  Configured address: 1003
20260814-085648:937833928 EtherCAT|INFO [EcatDrv_DebugInfoPrint,2202]: [EtherCATDriver ]  Man: 00000d81 ID: 03001001 Rev: 00000001 PDI: 00000000 
20260814-085648:937857680 EtherCAT|INFO [EcatDrv_DebugInfoPrint,2208]: [EtherCATDriver ]  SM0 A:1000 L: 256 F:00010026 Type:1 
20260814-085648:937882720 EtherCAT|INFO [EcatDrv_DebugInfoPrint,2208]: [EtherCATDriver ]  SM1 A:1400 L: 256 F:00010022 Type:2
20260814-085648:937906408 EtherCAT|INFO [EcatDrv_DebugInfoPrint,2208]: [EtherCATDriver ]  SM2 A:1800 L:   0 F:00010064 Type:3 
20260814-085648:937929128 EtherCAT|INFO [EcatDrv_DebugInfoPrint,2208]: [EtherCATDriver ]  SM3 A:1c00 L:   0 F:00010020 Type:4 
20260814-085648:937953296 EtherCAT|INFO [EcatDrv_DebugInfoPrint,2213]: [EtherCATDriver ]  FMMUfunc 0:1 1:2 2:3 3:0
20260814-085648:937975920 EtherCAT|INFO [EcatDrv_DebugInfoPrint,2214]: [EtherCATDriver ]  MBX length wr: 256 rd: 256 MBX protocols : 0c 
20260814-085648:938001112 EtherCAT|INFO [EcatDrv_DebugInfoPrint,2216]: [EtherCATDriver ]  CoE details: 0d FoE details: 01 EoE details: 00 SoE details: 00 
20260814-085648:938025160 EtherCAT|INFO [EcatDrv_DebugInfoPrint,2218]: [EtherCATDriver ]  Ebus current: 0[mA]  only LRD/LWR:0
20260814-085648:938046400 EtherCAT|INFO [EcatDrv_DebugInfoPrint,2186]: [EtherCATDriver ] Slave:4 
20260814-085648:938066856 EtherCAT|INFO [EcatDrv_DebugInfoPrint,2187]: [EtherCATDriver ]  Name:VEICHI 
20260814-085648:938087792 EtherCAT|INFO [EcatDrv_DebugInfoPrint,2188]: [EtherCATDriver ]  State: 1 
20260814-085648:938108520 EtherCAT|INFO [EcatDrv_DebugInfoPrint,2189]: [EtherCATDriver ]  Delay: 0[ns]
20260814-085648:938128968 EtherCAT|INFO [EcatDrv_DebugInfoPrint,2190]: [EtherCATDriver ]  Has DC: 1 
20260814-085648:938149096 EtherCAT|INFO [EcatDrv_DebugInfoPrint,2191]: [EtherCATDriver ]  Itype: 3592 
20260814-085648:938172000 EtherCAT|INFO [EcatDrv_DebugInfoPrint,2192]: [EtherCATDriver ]  Aliasaddr: 0 
20260814-085648:938192696 EtherCAT|INFO [EcatDrv_DebugInfoPrint,2193]: [EtherCATDriver ]  DCParentport:0
20260814-085648:938213056 EtherCAT|INFO [EcatDrv_DebugInfoPrint,2198]: [EtherCATDriver ]  Activeports:1.1.0.0 
20260814-085648:938235440 EtherCAT|INFO [EcatDrv_DebugInfoPrint,2200]: [EtherCATDriver ]  Configured address: 1004 
20260814-085648:938256640 EtherCAT|INFO [EcatDrv_DebugInfoPrint,2202]: [EtherCATDriver ]  Man: 00000d81 ID: 03001001 Rev: 00000001 PDI: 00000000
20260814-085648:938280136 EtherCAT|INFO [EcatDrv_DebugInfoPrint,2208]: [EtherCATDriver ]  SM0 A:1000 L: 256 F:00010026 Type:1 
20260814-085648:938304648 EtherCAT|INFO [EcatDrv_DebugInfoPrint,2208]: [EtherCATDriver ]  SM1 A:1400 L: 256 F:00010022 Type:2 
20260814-085648:938327936 EtherCAT|INFO [EcatDrv_DebugInfoPrint,2208]: [EtherCATDriver ]  SM2 A:1800 L:   0 F:00010064 Type:3
20260814-085648:938350640 EtherCAT|INFO [EcatDrv_DebugInfoPrint,2208]: [EtherCATDriver ]  SM3 A:1c00 L:   0 F:00010020 Type:4 
20260814-085648:938374472 EtherCAT|INFO [EcatDrv_DebugInfoPrint,2213]: [EtherCATDriver ]  FMMUfunc 0:1 1:2 2:3 3:0 
20260814-085648:938396856 EtherCAT|INFO [EcatDrv_DebugInfoPrint,2214]: [EtherCATDriver ]  MBX length wr: 256 rd: 256 MBX protocols : 0c
20260814-085648:938420608 EtherCAT|INFO [EcatDrv_DebugInfoPrint,2216]: [EtherCATDriver ]  CoE details: 0d FoE details: 01 EoE details: 00 SoE details: 00 
20260814-085648:938443688 EtherCAT|INFO [EcatDrv_DebugInfoPrint,2218]: [EtherCATDriver ]  Ebus current: 0[mA]  only LRD/LWR:0 
20260814-085648:938464880 EtherCAT|INFO [EcatDrv_DebugInfoPrint,2186]: [EtherCATDriver ] Slave:5
20260814-085648:938485296 EtherCAT|INFO [EcatDrv_DebugInfoPrint,2187]: [EtherCATDriver ]  Name:VEICHI 
20260814-085648:938506912 EtherCAT|INFO [EcatDrv_DebugInfoPrint,2188]: [EtherCATDriver ]  State: 1 
20260814-085648:938528008 EtherCAT|INFO [EcatDrv_DebugInfoPrint,2189]: [EtherCATDriver ]  Delay: 0[ns] 
20260814-085648:938548328 EtherCAT|INFO [EcatDrv_DebugInfoPrint,2190]: [EtherCATDriver ]  Has DC: 1
20260814-085648:938568832 EtherCAT|INFO [EcatDrv_DebugInfoPrint,2191]: [EtherCATDriver ]  Itype: 3592 
20260814-085648:938591472 EtherCAT|INFO [EcatDrv_DebugInfoPrint,2192]: [EtherCATDriver ]  Aliasaddr: 0 
20260814-085648:938630960 EtherCAT|INFO [EcatDrv_DebugInfoPrint,2193]: [EtherCATDriver ]  DCParentport:0 
20260814-085648:938665216 EtherCAT|INFO [EcatDrv_DebugInfoPrint,2198]: [EtherCATDriver ]  Activeports:1.1.0.0
20260814-085648:938686368 EtherCAT|INFO [EcatDrv_DebugInfoPrint,2200]: [EtherCATDriver ]  Configured address: 1005 
20260814-085648:938707880 EtherCAT|INFO [EcatDrv_DebugInfoPrint,2202]: [EtherCATDriver ]  Man: 00000d81 ID: 03001001 Rev: 00000001 PDI: 00000000 
20260814-085648:938731696 EtherCAT|INFO [EcatDrv_DebugInfoPrint,2208]: [EtherCATDriver ]  SM0 A:1000 L: 256 F:00010026 Type:1
20260814-085648:938756120 EtherCAT|INFO [EcatDrv_DebugInfoPrint,2208]: [EtherCATDriver ]  SM1 A:1400 L: 256 F:00010022 Type:2 
20260814-085648:938780072 EtherCAT|INFO [EcatDrv_DebugInfoPrint,2208]: [EtherCATDriver ]  SM2 A:1800 L:   0 F:00010064 Type:3 
20260814-085648:938802760 EtherCAT|INFO [EcatDrv_DebugInfoPrint,2208]: [EtherCATDriver ]  SM3 A:1c00 L:   0 F:00010020 Type:4
20260814-085648:938825936 EtherCAT|INFO [EcatDrv_DebugInfoPrint,2213]: [EtherCATDriver ]  FMMUfunc 0:1 1:2 2:3 3:0 
20260814-085648:938847968 EtherCAT|INFO [EcatDrv_DebugInfoPrint,2214]: [EtherCATDriver ]  MBX length wr: 256 rd: 256 MBX protocols : 0c 
20260814-085648:938872656 EtherCAT|INFO [EcatDrv_DebugInfoPrint,2216]: [EtherCATDriver ]  CoE details: 0d FoE details: 01 EoE details: 00 SoE details: 00
20260814-085648:938896232 EtherCAT|INFO [EcatDrv_DebugInfoPrint,2218]: [EtherCATDriver ]  Ebus current: 0[mA]  only LRD/LWR:0 
20260814-085648:938917920 EtherCAT|INFO [EcatDrv_DebugInfoPrint,2186]: [EtherCATDriver ] Slave:6 
20260814-085648:938938352 EtherCAT|INFO [EcatDrv_DebugInfoPrint,2187]: [EtherCATDriver ]  Name:VEICHI 
20260814-085648:938958776 EtherCAT|INFO [EcatDrv_DebugInfoPrint,2188]: [EtherCATDriver ]  State: 1
20260814-085648:938979960 EtherCAT|INFO [EcatDrv_DebugInfoPrint,2189]: [EtherCATDriver ]  Delay: 0[ns] 
20260814-085648:939000552 EtherCAT|INFO [EcatDrv_DebugInfoPrint,2190]: [EtherCATDriver ]  Has DC: 1 
20260814-085648:939021272 EtherCAT|INFO [EcatDrv_DebugInfoPrint,2191]: [EtherCATDriver ]  Itype: 3592 
20260814-085648:939043088 EtherCAT|INFO [EcatDrv_DebugInfoPrint,2192]: [EtherCATDriver ]  Aliasaddr: 0
20260814-085648:939063208 EtherCAT|INFO [EcatDrv_DebugInfoPrint,2193]: [EtherCATDriver ]  DCParentport:0 
20260814-085648:939085000 EtherCAT|INFO [EcatDrv_DebugInfoPrint,2198]: [EtherCATDriver ]  Activeports:1.1.0.0 
20260814-085648:939107072 EtherCAT|INFO [EcatDrv_DebugInfoPrint,2200]: [EtherCATDriver ]  Configured address: 1006
20260814-085648:939127888 EtherCAT|INFO [EcatDrv_DebugInfoPrint,2202]: [EtherCATDriver ]  Man: 00000d81 ID: 03001001 Rev: 00000001 PDI: 00000000 
20260814-085648:939152496 EtherCAT|INFO [EcatDrv_DebugInfoPrint,2208]: [EtherCATDriver ]  SM0 A:1000 L: 256 F:00010026 Type:1 
20260814-085648:939177136 EtherCAT|INFO [EcatDrv_DebugInfoPrint,2208]: [EtherCATDriver ]  SM1 A:1400 L: 256 F:00010022 Type:2
20260814-085648:939202080 EtherCAT|INFO [EcatDrv_DebugInfoPrint,2208]: [EtherCATDriver ]  SM2 A:1800 L:   0 F:00010064 Type:3 
20260814-085648:939225808 EtherCAT|INFO [EcatDrv_DebugInfoPrint,2208]: [EtherCATDriver ]  SM3 A:1c00 L:   0 F:00010020 Type:4 
20260814-085648:939248760 EtherCAT|INFO [EcatDrv_DebugInfoPrint,2213]: [EtherCATDriver ]  FMMUfunc 0:1 1:2 2:3 3:0
20260814-085648:939270912 EtherCAT|INFO [EcatDrv_DebugInfoPrint,2214]: [EtherCATDriver ]  MBX length wr: 256 rd: 256 MBX protocols : 0c 
20260814-085648:939294928 EtherCAT|INFO [EcatDrv_DebugInfoPrint,2216]: [EtherCATDriver ]  CoE details: 0d FoE details: 01 EoE details: 00 SoE details: 00 
20260814-085648:939318192 EtherCAT|INFO [EcatDrv_DebugInfoPrint,2218]: [EtherCATDriver ]  Ebus current: 0[mA]  only LRD/LWR:0
20260814-085648:939340192 EtherCAT|INFO [EcatDrv_DebugInfoPrint,2186]: [EtherCATDriver ] Slave:7 
20260814-085648:939360816 EtherCAT|INFO [EcatDrv_DebugInfoPrint,2187]: [EtherCATDriver ]  Name:VEICHI 
20260814-085648:939381768 EtherCAT|INFO [EcatDrv_DebugInfoPrint,2188]: [EtherCATDriver ]  State: 1 
20260814-085648:939401816 EtherCAT|INFO [EcatDrv_DebugInfoPrint,2189]: [EtherCATDriver ]  Delay: 0[ns]
20260814-085648:939422440 EtherCAT|INFO [EcatDrv_DebugInfoPrint,2190]: [EtherCATDriver ]  Has DC: 1 
20260814-085648:939442992 EtherCAT|INFO [EcatDrv_DebugInfoPrint,2191]: [EtherCATDriver ]  Itype: 3592 
20260814-085648:939466256 EtherCAT|INFO [EcatDrv_DebugInfoPrint,2192]: [EtherCATDriver ]  Aliasaddr: 0 
20260814-085648:939486632 EtherCAT|INFO [EcatDrv_DebugInfoPrint,2193]: [EtherCATDriver ]  DCParentport:0
20260814-085648:939508056 EtherCAT|INFO [EcatDrv_DebugInfoPrint,2198]: [EtherCATDriver ]  Activeports:1.0.0.0 
20260814-085648:939529352 EtherCAT|INFO [EcatDrv_DebugInfoPrint,2200]: [EtherCATDriver ]  Configured address: 1007 
20260814-085648:939551288 EtherCAT|INFO [EcatDrv_DebugInfoPrint,2202]: [EtherCATDriver ]  Man: 00000d81 ID: 03001001 Rev: 00000001 PDI: 00000000
20260814-085648:939574952 EtherCAT|INFO [EcatDrv_DebugInfoPrint,2208]: [EtherCATDriver ]  SM0 A:1000 L: 256 F:00010026 Type:1 
20260814-085648:939598792 EtherCAT|INFO [EcatDrv_DebugInfoPrint,2208]: [EtherCATDriver ]  SM1 A:1400 L: 256 F:00010022 Type:2 
20260814-085648:939651592 EtherCAT|INFO [EcatDrv_DebugInfoPrint,2208]: [EtherCATDriver ]  SM2 A:1800 L:   0 F:00010064 Type:3
20260814-085648:939676536 EtherCAT|INFO [EcatDrv_DebugInfoPrint,2208]: [EtherCATDriver ]  SM3 A:1c00 L:   0 F:00010020 Type:4 
20260814-085648:939700096 EtherCAT|INFO [EcatDrv_DebugInfoPrint,2213]: [EtherCATDriver ]  FMMUfunc 0:1 1:2 2:3 3:0 
20260814-085648:939722992 EtherCAT|INFO [EcatDrv_DebugInfoPrint,2214]: [EtherCATDriver ]  MBX length wr: 256 rd: 256 MBX protocols : 0c
20260814-085648:939746832 EtherCAT|INFO [EcatDrv_DebugInfoPrint,2216]: [EtherCATDriver ]  CoE details: 0d FoE details: 01 EoE details: 00 SoE details: 00 
20260814-085648:939770800 EtherCAT|INFO [EcatDrv_DebugInfoPrint,2218]: [EtherCATDriver ]  Ebus current: 0[mA]  only LRD/LWR:0 
20260814-085648:939794400 EtherCAT|INFO [EcatDrv_Task,622]: [EtherCATDriver ] Task state is CONFIG turn to MAPPING
20260814-085648:940673192 EtherCAT|INFO [CANopenModule_ThreadEntry,286]: ec_slave name is [, VEICHI, VEICHI, VEICHI, VEICHI, VEICHI, VEICHI], ModuleName is [VEICHI] 
20260814-085648:940704576 EtherCAT_IDN|ERROR [EtherCATParamIDN_Init,317]: total node is 8, 1, 1  
20260814-085648:940795840 EC_IDN|ERROR [NrtData_IdnMappingListInit,141]: ethercat_idn_number is 161   
20260814-085648:948205432 EtherCAT|INFO [CANopenModule_ThreadEntry,312]: [CANopenModule  ] Slave manufactor is VEICHI, type is 9  
20260814-085648:948399560 EtherCAT|INFO [CANopenModule_MakeSlaveParam,662]: [CANopenModule  ] index=0x6040  subindex=0 bitlen=16 derect=2  
20260814-085648:948426496 EtherCAT|INFO [CANopenModule_MakeSlaveParam,662]: [CANopenModule  ] index=0x6071  subindex=0 bitlen=16 derect=2
20260814-085648:948452472 EtherCAT|INFO [CANopenModule_MakeSlaveParam,662]: [CANopenModule  ] index=0x607a  subindex=0 bitlen=32 derect=2  
20260814-085648:948476712 EtherCAT|INFO [CANopenModule_MakeSlaveParam,662]: [CANopenModule  ] index=0x60b2  subindex=0 bitlen=16 derect=2  
20260814-085648:948500376 EtherCAT|INFO [CANopenModule_MakeSlaveParam,662]: [CANopenModule  ] index=0x6060  subindex=0 bitlen=8 derect=2
20260814-085648:948524568 EtherCAT|INFO [CANopenModule_MakeSlaveParam,662]: [CANopenModule  ] index=0x0  subindex=0 bitlen=8 derect=2  
20260814-085648:948554112 EtherCAT|INFO [CANopenModule_MakeSlaveParam,679]: [CANopenModule  ] index=0x6041  subindex=0 bitlen=16 derect=1  
20260814-085648:948579008 EtherCAT|INFO [CANopenModule_MakeSlaveParam,679]: [CANopenModule  ] index=0x603f  subindex=0 bitlen=16 derect=1
20260814-085648:948602336 EtherCAT|INFO [CANopenModule_MakeSlaveParam,679]: [CANopenModule  ] index=0x6064  subindex=0 bitlen=32 derect=1  
20260814-085648:948626352 EtherCAT|INFO [CANopenModule_MakeSlaveParam,679]: [CANopenModule  ] index=0x6077  subindex=0 bitlen=16 derect=1  
20260814-085648:948656376 EtherCAT|INFO [CANopenModule_MakeSlaveParam,679]: [CANopenModule  ] index=0x6078  subindex=0 bitlen=16 derect=1
20260814-085648:948679112 EtherCAT|INFO [CANopenModule_MakeSlaveParam,679]: [CANopenModule  ] index=0x606c  subindex=0 bitlen=32 derect=1  
20260814-085648:948702176 EtherCAT|INFO [CANopenModule_MakeSlaveParam,679]: [CANopenModule  ] index=0x60f4  subindex=0 bitlen=32 derect=1  
20260814-085648:948725160 EtherCAT|INFO [CANopenModule_MakeSlaveParam,679]: [CANopenModule  ] index=0x6061  subindex=0 bitlen=8 derect=1
20260814-085648:948747296 EtherCAT|INFO [CANopenModule_MakeSlaveParam,679]: [CANopenModule  ] index=0x0  subindex=0 bitlen=8 derect=1  
20260814-085648:948809816 EtherCAT|INFO [EcatDrv_MakePDOMappingInfo,2246]: [EtherCATDriver ] index=0x6040  subindex=0 bitlen=16 derect=2  
20260814-085648:948836496 EtherCAT|INFO [EcatDrv_MakePDOMappingInfo,2246]: [EtherCATDriver ] index=0x6071  subindex=0 bitlen=16 derect=2
20260814-085648:948861288 EtherCAT|INFO [EcatDrv_MakePDOMappingInfo,2246]: [EtherCATDriver ] index=0x607a  subindex=0 bitlen=32 derect=2  
20260814-085648:948884432 EtherCAT|INFO [EcatDrv_MakePDOMappingInfo,2246]: [EtherCATDriver ] index=0x60b2  subindex=0 bitlen=16 derect=2  
20260814-085648:948907472 EtherCAT|INFO [EcatDrv_MakePDOMappingInfo,2246]: [EtherCATDriver ] index=0x6060  subindex=0 bitlen=8 derect=2
20260814-085648:948929688 EtherCAT|INFO [EcatDrv_MakePDOMappingInfo,2246]: [EtherCATDriver ] index=0x0  subindex=0 bitlen=8 derect=2  
20260814-085648:948952960 EtherCAT|INFO [EcatDrv_MakePDOMappingInfo,2246]: [EtherCATDriver ] index=0x6041  subindex=0 bitlen=16 derect=1  
20260814-085648:948976392 EtherCAT|INFO [EcatDrv_MakePDOMappingInfo,2246]: [EtherCATDriver ] index=0x603f  subindex=0 bitlen=16 derect=1
20260814-085648:949000792 EtherCAT|INFO [EcatDrv_MakePDOMappingInfo,2246]: [EtherCATDriver ] index=0x6064  subindex=0 bitlen=32 derect=1  
20260814-085648:949024008 EtherCAT|INFO [EcatDrv_MakePDOMappingInfo,2246]: [EtherCATDriver ] index=0x6077  subindex=0 bitlen=16 derect=1  
20260814-085648:949046640 EtherCAT|INFO [EcatDrv_MakePDOMappingInfo,2246]: [EtherCATDriver ] index=0x6078  subindex=0 bitlen=16 derect=1
20260814-085648:949068960 EtherCAT|INFO [EcatDrv_MakePDOMappingInfo,2246]: [EtherCATDriver ] index=0x606c  subindex=0 bitlen=32 derect=1  
20260814-085648:949091560 EtherCAT|INFO [EcatDrv_MakePDOMappingInfo,2246]: [EtherCATDriver ] index=0x60f4  subindex=0 bitlen=32 derect=1  
20260814-085648:949115088 EtherCAT|INFO [EcatDrv_MakePDOMappingInfo,2246]: [EtherCATDriver ] index=0x6061  subindex=0 bitlen=8 derect=1
20260814-085648:949138280 EtherCAT|INFO [EcatDrv_MakePDOMappingInfo,2246]: [EtherCATDriver ] index=0x0  subindex=0 bitlen=8 derect=1  
20260814-085648:949160968 EtherCAT|INFO [EcatDrv_MakePDOMappingInfo,2246]: [EtherCATDriver ] index=0x0  subindex=0 bitlen=0 derect=0  
20260814-085648:949183232 EtherCAT|INFO [EcatDrv_MakePDOMappingInfo,2246]: [EtherCATDriver ] index=0x0  subindex=0 bitlen=0 derect=0
20260814-085648:949205896 EtherCAT|INFO [EcatDrv_MakePDOMappingInfo,2246]: [EtherCATDriver ] index=0x0  subindex=0 bitlen=0 derect=0  
20260814-085648:949228536 EtherCAT|INFO [EcatDrv_MakePDOMappingInfo,2246]: [EtherCATDriver ] index=0x0  subindex=0 bitlen=0 derect=0  
20260814-085648:949251536 EtherCAT|INFO [EcatDrv_MakePDOMappingInfo,2246]: [EtherCATDriver ] index=0x0  subindex=0 bitlen=0 derect=0
20260814-085648:949273592 EtherCAT|INFO [EcatDrv_MakePDOMappingInfo,2246]: [EtherCATDriver ] index=0x0  subindex=0 bitlen=0 derect=0  
20260814-085648:949295192 EtherCAT|INFO [EcatDrv_MakePDOMappingInfo,2246]: [EtherCATDriver ] index=0x0  subindex=0 bitlen=0 derect=0  
20260814-085648:949317120 EtherCAT|INFO [EcatDrv_MakePDOMappingInfo,2246]: [EtherCATDriver ] index=0x0  subindex=0 bitlen=0 derect=0
20260814-085648:949339992 EtherCAT|INFO [EcatDrv_MakePDOMappingInfo,2246]: [EtherCATDriver ] index=0x0  subindex=0 bitlen=0 derect=0  
20260814-085648:949362440 EtherCAT|INFO [EcatDrv_MakePDOMappingInfo,2246]: [EtherCATDriver ] index=0x0  subindex=0 bitlen=0 derect=0  
20260814-085648:949384192 EtherCAT|INFO [EcatDrv_MakePDOMappingInfo,2246]: [EtherCATDriver ] index=0x0  subindex=0 bitlen=0 derect=0
20260814-085648:949406880 EtherCAT|INFO [EcatDrv_MakePDOMappingInfo,2246]: [EtherCATDriver ] index=0x0  subindex=0 bitlen=0 derect=0  
20260814-085648:949429768 EtherCAT|INFO [EcatDrv_MakePDOMappingInfo,2246]: [EtherCATDriver ] index=0x0  subindex=0 bitlen=0 derect=0  
20260814-085648:949451576 EtherCAT|INFO [EcatDrv_MakePDOMappingInfo,2246]: [EtherCATDriver ] index=0x0  subindex=0 bitlen=0 derect=0
20260814-085648:949473576 EtherCAT|INFO [EcatDrv_MakePDOMappingInfo,2246]: [EtherCATDriver ] index=0x0  subindex=0 bitlen=0 derect=0  
20260814-085648:949495768 EtherCAT|INFO [EcatDrv_MakePDOMappingInfo,2246]: [EtherCATDriver ] index=0x0  subindex=0 bitlen=0 derect=0  
20260814-085648:949519096 EtherCAT|INFO [EcatDrv_MakePDOMappingInfo,2246]: [EtherCATDriver ] index=0x0  subindex=0 bitlen=0 derect=0
20260814-085648:949541976 EtherCAT|INFO [EcatDrv_MakePDOMappingInfo,2246]: [EtherCATDriver ] index=0x0  subindex=0 bitlen=0 derect=0  
20260814-085648:949563872 EtherCAT|INFO [EcatDrv_MakePDOMappingInfo,2246]: [EtherCATDriver ] index=0x0  subindex=0 bitlen=0 derect=0  
20260814-085648:949585760 EtherCAT|INFO [EcatDrv_MakePDOMappingInfo,2246]: [EtherCATDriver ] index=0x0  subindex=0 bitlen=0 derect=0
20260814-085648:949608656 EtherCAT|INFO [EcatDrv_MakePDOMappingInfo,2246]: [EtherCATDriver ] index=0x0  subindex=0 bitlen=0 derect=0  
20260814-085648:949630576 EtherCAT|INFO [EcatDrv_MakePDOMappingInfo,2246]: [EtherCATDriver ] index=0x0  subindex=0 bitlen=0 derect=0  
20260814-085648:949664328 EtherCAT|INFO [EcatDrv_MakePDOMappingInfo,2246]: [EtherCATDriver ] index=0x0  subindex=0 bitlen=0 derect=0
20260814-085648:949687336 EtherCAT|INFO [EcatDrv_MakePDOMappingInfo,2246]: [EtherCATDriver ] index=0x0  subindex=0 bitlen=0 derect=0  
20260814-085648:949710360 EtherCAT|INFO [EcatDrv_MakePDOMappingInfo,2246]: [EtherCATDriver ] index=0x0  subindex=0 bitlen=0 derect=0  
20260814-085648:949733048 EtherCAT|INFO [EcatDrv_MakePDOMappingInfo,2246]: [EtherCATDriver ] index=0x0  subindex=0 bitlen=0 derect=0
20260814-085648:949756152 EtherCAT|INFO [EcatDrv_MakePDOMappingInfo,2246]: [EtherCATDriver ] index=0x0  subindex=0 bitlen=0 derect=0  
20260814-085648:949778552 EtherCAT|INFO [EcatDrv_MakePDOMappingInfo,2246]: [EtherCATDriver ] index=0x0  subindex=0 bitlen=0 derect=0  
20260814-085648:949822088 EtherCAT|INFO [EcatDrv_MakePDOMappingInfo,2246]: [EtherCATDriver ] index=0x0  subindex=0 bitlen=0 derect=0
20260814-085648:949846040 EtherCAT|INFO [EcatDrv_MakePDOMappingInfo,2246]: [EtherCATDriver ] index=0x0  subindex=0 bitlen=0 derect=0  
20260814-085648:949868672 EtherCAT|INFO [EcatDrv_MakePDOMappingInfo,2246]: [EtherCATDriver ] index=0x0  subindex=0 bitlen=0 derect=0  
20260814-085648:949891008 EtherCAT|INFO [EcatDrv_MakePDOMappingInfo,2246]: [EtherCATDriver ] index=0x0  subindex=0 bitlen=0 derect=0
20260814-085648:949913576 EtherCAT|INFO [EcatDrv_MakePDOMappingInfo,2246]: [EtherCATDriver ] index=0x0  subindex=0 bitlen=0 derect=0  
20260814-085648:949935856 EtherCAT|INFO [EcatDrv_MakePDOMappingInfo,2246]: [EtherCATDriver ] index=0x0  subindex=0 bitlen=0 derect=0  
20260814-085648:949959552 EtherCAT|INFO [EcatDrv_MakePDOMappingInfo,2246]: [EtherCATDriver ] index=0x0  subindex=0 bitlen=0 derect=0
20260814-085648:949981568 EtherCAT|INFO [EcatDrv_MakePDOMappingInfo,2246]: [EtherCATDriver ] index=0x0  subindex=0 bitlen=0 derect=0  
20260814-085648:950003912 EtherCAT|INFO [EcatDrv_MakePDOMappingInfo,2246]: [EtherCATDriver ] index=0x0  subindex=0 bitlen=0 derect=0  
20260814-085648:950026272 EtherCAT|INFO [EcatDrv_MakePDOMappingInfo,2246]: [EtherCATDriver ] index=0x0  subindex=0 bitlen=0 derect=0
20260814-085648:950048808 EtherCAT|INFO [EcatDrv_MakePDOMappingInfo,2246]: [EtherCATDriver ] index=0x0  subindex=0 bitlen=0 derect=0  
20260814-085648:950071240 EtherCAT|INFO [EcatDrv_MakePDOMappingInfo,2246]: [EtherCATDriver ] index=0x0  subindex=0 bitlen=0 derect=0  
20260814-085648:950093488 EtherCAT|INFO [EcatDrv_MakePDOMappingInfo,2246]: [EtherCATDriver ] index=0x0  subindex=0 bitlen=0 derect=0
20260814-085648:950115432 EtherCAT|INFO [EcatDrv_MakePDOMappingInfo,2246]: [EtherCATDriver ] index=0x0  subindex=0 bitlen=0 derect=0  
20260814-085648:950137272 EtherCAT|INFO [EcatDrv_MakePDOMappingInfo,2246]: [EtherCATDriver ] index=0x0  subindex=0 bitlen=0 derect=0  
20260814-085648:950158512 EtherCAT|INFO [EcatDrv_MakePDOMappingInfo,2246]: [EtherCATDriver ] index=0x0  subindex=0 bitlen=0 derect=0
20260814-085648:950181952 EtherCAT|INFO [EcatDrv_MakePDOMappingInfo,2246]: [EtherCATDriver ] index=0x0  subindex=0 bitlen=0 derect=0  
20260814-085648:950204552 EtherCAT|INFO [EcatDrv_MakePDOMappingInfo,2246]: [EtherCATDriver ] index=0x0  subindex=0 bitlen=0 derect=0  
20260814-085648:950227848 EtherCAT|INFO [EcatDrv_MakePDOMappingInfo,2246]: [EtherCATDriver ] index=0x0  subindex=0 bitlen=0 derect=0
20260814-085648:950250016 EtherCAT|INFO [EcatDrv_MakePDOMappingInfo,2246]: [EtherCATDriver ] index=0x0  subindex=0 bitlen=0 derect=0  
20260814-085648:950273400 EtherCAT|INFO [EcatDrv_MakePDOMappingInfo,2246]: [EtherCATDriver ] index=0x0  subindex=0 bitlen=0 derect=0  
20260814-085648:950295880 EtherCAT|INFO [EcatDrv_MakePDOMappingInfo,2246]: [EtherCATDriver ] index=0x0  subindex=0 bitlen=0 derect=0
20260814-085648:950319048 EtherCAT|INFO [EcatDrv_MakePDOMappingInfo,2246]: [EtherCATDriver ] index=0x0  subindex=0 bitlen=0 derect=0  
20260814-085648:950341120 EtherCAT|INFO [EcatDrv_MakePDOMappingInfo,2246]: [EtherCATDriver ] index=0x0  subindex=0 bitlen=0 derect=0  
20260814-085648:950363352 EtherCAT|INFO [EcatDrv_MakePDOMappingInfo,2246]: [EtherCATDriver ] index=0x0  subindex=0 bitlen=0 derect=0
20260814-085648:950386008 EtherCAT|INFO [EcatDrv_MakePDOMappingInfo,2246]: [EtherCATDriver ] index=0x0  subindex=0 bitlen=0 derect=0  
20260814-085648:950407776 EtherCAT|INFO [EcatDrv_MakePDOMappingInfo,2246]: [EtherCATDriver ] index=0x0  subindex=0 bitlen=0 derect=0  
20260814-085648:950430040 EtherCAT|INFO [EcatDrv_MakePDOMappingInfo,2246]: [EtherCATDriver ] index=0x0  subindex=0 bitlen=0 derect=0
20260814-085648:950452920 EtherCAT|INFO [EcatDrv_MakePDOMappingInfo,2246]: [EtherCATDriver ] index=0x0  subindex=0 bitlen=0 derect=0  
20260814-085648:950474776 EtherCAT|INFO [EcatDrv_MakePDOMappingInfo,2246]: [EtherCATDriver ] index=0x0  subindex=0 bitlen=0 derect=0  
20260814-085648:950496080 EtherCAT|INFO [EcatDrv_MakePDOMappingInfo,2246]: [EtherCATDriver ] index=0x0  subindex=0 bitlen=0 derect=0
20260814-085648:950519016 EtherCAT|INFO [EcatDrv_MakePDOMappingInfo,2246]: [EtherCATDriver ] index=0x0  subindex=0 bitlen=0 derect=0  
20260814-085648:950541048 EtherCAT|INFO [EcatDrv_MakePDOMappingInfo,2246]: [EtherCATDriver ] index=0x0  subindex=0 bitlen=0 derect=0  
20260814-085648:950563560 EtherCAT|INFO [EcatDrv_MakePDOMappingInfo,2246]: [EtherCATDriver ] index=0x0  subindex=0 bitlen=0 derect=0
20260814-085648:950585736 EtherCAT|INFO [EcatDrv_MakePDOMappingInfo,2246]: [EtherCATDriver ] index=0x0  subindex=0 bitlen=0 derect=0  
20260814-085648:950608576 EtherCAT|INFO [EcatDrv_MakePDOMappingInfo,2246]: [EtherCATDriver ] index=0x0  subindex=0 bitlen=0 derect=0  
20260814-085648:950630856 EtherCAT|INFO [EcatDrv_MakePDOMappingInfo,2246]: [EtherCATDriver ] index=0x0  subindex=0 bitlen=0 derect=0
20260814-085648:950656696 EtherCAT|INFO [EcatDrv_MakePDOMappingInfo,2246]: [EtherCATDriver ] index=0x0  subindex=0 bitlen=0 derect=0  
20260814-085648:950678728 EtherCAT|INFO [EcatDrv_MakePDOMappingInfo,2246]: [EtherCATDriver ] index=0x0  subindex=0 bitlen=0 derect=0  
20260814-085648:950701600 EtherCAT|INFO [EcatDrv_MakePDOMappingInfo,2246]: [EtherCATDriver ] index=0x0  subindex=0 bitlen=0 derect=0
20260814-085648:950723840 EtherCAT|INFO [EcatDrv_MakePDOMappingInfo,2246]: [EtherCATDriver ] index=0x0  subindex=0 bitlen=0 derect=0  
20260814-085648:950746016 EtherCAT|INFO [EcatDrv_MakePDOMappingInfo,2246]: [EtherCATDriver ] index=0x0  subindex=0 bitlen=0 derect=0  
20260814-085648:950767848 EtherCAT|INFO [EcatDrv_MakePDOMappingInfo,2246]: [EtherCATDriver ] index=0x0  subindex=0 bitlen=0 derect=0
20260814-085648:950790952 EtherCAT|INFO [EcatDrv_MakePDOMappingInfo,2246]: [EtherCATDriver ] index=0x0  subindex=0 bitlen=0 derect=0  
20260814-085648:950831608 EtherCAT|INFO [EcatDrv_MakePDOMappingInfo,2246]: [EtherCATDriver ] index=0x0  subindex=0 bitlen=0 derect=0  
20260814-085648:950855080 EtherCAT|INFO [EcatDrv_MakePDOMappingInfo,2246]: [EtherCATDriver ] index=0x0  subindex=0 bitlen=0 derect=0
20260814-085648:950877360 EtherCAT|INFO [EcatDrv_MakePDOMappingInfo,2246]: [EtherCATDriver ] index=0x0  subindex=0 bitlen=0 derect=0  
20260814-085648:950899192 EtherCAT|INFO [EcatDrv_MakePDOMappingInfo,2246]: [EtherCATDriver ] index=0x0  subindex=0 bitlen=0 derect=0  
20260814-085648:950921168 EtherCAT|INFO [EcatDrv_MakePDOMappingInfo,2246]: [EtherCATDriver ] index=0x0  subindex=0 bitlen=0 derect=0
20260814-085648:950942920 EtherCAT|INFO [EcatDrv_MakePDOMappingInfo,2246]: [EtherCATDriver ] index=0x0  subindex=0 bitlen=0 derect=0  
20260814-085648:950964200 EtherCAT|INFO [EcatDrv_MakePDOMappingInfo,2246]: [EtherCATDriver ] index=0x0  subindex=0 bitlen=0 derect=0  
20260814-085648:950985816 EtherCAT|INFO [EcatDrv_MakePDOMappingInfo,2246]: [EtherCATDriver ] index=0x0  subindex=0 bitlen=0 derect=0
20260814-085648:951007416 EtherCAT|INFO [EcatDrv_MakePDOMappingInfo,2246]: [EtherCATDriver ] index=0x0  subindex=0 bitlen=0 derect=0  
20260814-085648:951031016 EtherCAT|INFO [EcatDrv_MakePDOMappingInfo,2246]: [EtherCATDriver ] index=0x0  subindex=0 bitlen=0 derect=0  
20260814-085648:951053296 EtherCAT|INFO [EcatDrv_MakePDOMappingInfo,2246]: [EtherCATDriver ] index=0x0  subindex=0 bitlen=0 derect=0
20260814-085648:951074976 EtherCAT|INFO [EcatDrv_MakePDOMappingInfo,2246]: [EtherCATDriver ] index=0x0  subindex=0 bitlen=0 derect=0  
20260814-085648:951098216 EtherCAT|INFO [EcatDrv_MakePDOMappingInfo,2246]: [EtherCATDriver ] index=0x0  subindex=0 bitlen=0 derect=0  
20260814-085648:951120968 EtherCAT|INFO [EcatDrv_MakePDOMappingInfo,2246]: [EtherCATDriver ] index=0x0  subindex=0 bitlen=0 derect=0
20260814-085648:951143280 EtherCAT|INFO [EcatDrv_MakePDOMappingInfo,2246]: [EtherCATDriver ] index=0x0  subindex=0 bitlen=0 derect=0  
20260814-085648:951165688 EtherCAT|INFO [EcatDrv_MakePDOMappingInfo,2246]: [EtherCATDriver ] index=0x0  subindex=0 bitlen=0 derect=0  
20260814-085648:951186880 EtherCAT|INFO [EcatDrv_MakePDOMappingInfo,2246]: [EtherCATDriver ] index=0x0  subindex=0 bitlen=0 derect=0
20260814-085648:951210192 EtherCAT|INFO [EcatDrv_MakePDOMappingInfo,2246]: [EtherCATDriver ] index=0x0  subindex=0 bitlen=0 derect=0  
20260814-085648:951232768 EtherCAT|INFO [EcatDrv_MakePDOMappingInfo,2246]: [EtherCATDriver ] index=0x0  subindex=0 bitlen=0 derect=0  
20260814-085648:951254880 EtherCAT|INFO [EcatDrv_MakePDOMappingInfo,2246]: [EtherCATDriver ] index=0x0  subindex=0 bitlen=0 derect=0
20260814-085648:951277480 EtherCAT|INFO [EcatDrv_MakePDOMappingInfo,2246]: [EtherCATDriver ] index=0x0  subindex=0 bitlen=0 derect=0  
20260814-085648:951299736 EtherCAT|INFO [EcatDrv_MakePDOMappingInfo,2246]: [EtherCATDriver ] index=0x0  subindex=0 bitlen=0 derect=0  
20260814-085648:951321320 EtherCAT|INFO [EcatDrv_MakePDOMappingInfo,2246]: [EtherCATDriver ] index=0x0  subindex=0 bitlen=0 derect=0
20260814-085648:951343176 EtherCAT|INFO [EcatDrv_MakePDOMappingInfo,2246]: [EtherCATDriver ] index=0x0  subindex=0 bitlen=0 derect=0  
20260814-085648:951364880 EtherCAT|INFO [EcatDrv_MakePDOMappingInfo,2246]: [EtherCATDriver ] index=0x0  subindex=0 bitlen=0 derect=0  
20260814-085648:951386208 EtherCAT|INFO [EcatDrv_MakePDOMappingInfo,2246]: [EtherCATDriver ] index=0x0  subindex=0 bitlen=0 derect=0
20260814-085648:951407736 EtherCAT|INFO [EcatDrv_MakePDOMappingInfo,2246]: [EtherCATDriver ] index=0x0  subindex=0 bitlen=0 derect=0  
20260814-085648:951430480 EtherCAT|INFO [EcatDrv_MakePDOMappingInfo,2246]: [EtherCATDriver ] index=0x0  subindex=0 bitlen=0 derect=0  
20260814-085648:951452472 EtherCAT|INFO [EcatDrv_MakePDOMappingInfo,2246]: [EtherCATDriver ] index=0x0  subindex=0 bitlen=0 derect=0
20260814-085648:951474720 EtherCAT|INFO [EcatDrv_MakePDOMappingInfo,2246]: [EtherCATDriver ] index=0x0  subindex=0 bitlen=0 derect=0  
20260814-085648:951496256 EtherCAT|INFO [EcatDrv_MakePDOMappingInfo,2246]: [EtherCATDriver ] index=0x0  subindex=0 bitlen=0 derect=0  
20260814-085648:951517648 EtherCAT|INFO [EcatDrv_MakePDOMappingInfo,2246]: [EtherCATDriver ] index=0x0  subindex=0 bitlen=0 derect=0
20260814-085648:951540856 EtherCAT|INFO [EcatDrv_MakePDOMappingInfo,2246]: [EtherCATDriver ] index=0x0  subindex=0 bitlen=0 derect=0  
20260814-085648:951562960 EtherCAT|INFO [EcatDrv_MakePDOMappingInfo,2246]: [EtherCATDriver ] index=0x0  subindex=0 bitlen=0 derect=0  
20260814-085648:951584592 EtherCAT|INFO [EcatDrv_MakePDOMappingInfo,2246]: [EtherCATDriver ] index=0x0  subindex=0 bitlen=0 derect=0
20260814-085648:951606216 EtherCAT|INFO [EcatDrv_MakePDOMappingInfo,2246]: [EtherCATDriver ] index=0x0  subindex=0 bitlen=0 derect=0  
20260814-085648:951627928 EtherCAT|INFO [EcatDrv_MakePDOMappingInfo,2246]: [EtherCATDriver ] index=0x0  subindex=0 bitlen=0 derect=0  
20260814-085648:951658360 EtherCAT|INFO [EcatDrv_MakePDOMappingInfo,2246]: [EtherCATDriver ] index=0x0  subindex=0 bitlen=0 derect=0
20260814-085648:951680712 EtherCAT|INFO [EcatDrv_MakePDOMappingInfo,2246]: [EtherCATDriver ] index=0x0  subindex=0 bitlen=0 derect=0  
20260814-085648:951703736 EtherCAT|INFO [EcatDrv_MakePDOMappingInfo,2246]: [EtherCATDriver ] index=0x0  subindex=0 bitlen=0 derect=0  
20260814-085648:951726072 EtherCAT|INFO [EcatDrv_MakePDOMappingInfo,2246]: [EtherCATDriver ] index=0x0  subindex=0 bitlen=0 derect=0
20260814-085648:951749528 EtherCAT|INFO [EcatDrv_MakePDOMappingInfo,2246]: [EtherCATDriver ] index=0x0  subindex=0 bitlen=0 derect=0  
20260814-085648:951771480 EtherCAT|INFO [EcatDrv_MakePDOMappingInfo,2246]: [EtherCATDriver ] index=0x0  subindex=0 bitlen=0 derect=0  
20260814-085648:951793568 EtherCAT|INFO [EcatDrv_MakePDOMappingInfo,2246]: [EtherCATDriver ] index=0x0  subindex=0 bitlen=0 derect=0
20260814-085648:951833552 EtherCAT|INFO [EcatDrv_MakePDOMappingInfo,2246]: [EtherCATDriver ] index=0x0  subindex=0 bitlen=0 derect=0  
20260814-085648:951857192 EtherCAT|INFO [EcatDrv_MakePDOMappingInfo,2246]: [EtherCATDriver ] index=0x0  subindex=0 bitlen=0 derect=0  
20260814-085648:951879336 EtherCAT|INFO [EcatDrv_MakePDOMappingInfo,2246]: [EtherCATDriver ] index=0x0  subindex=0 bitlen=0 derect=0
20260814-085648:951901480 EtherCAT|INFO [EcatDrv_MakePDOMappingInfo,2246]: [EtherCATDriver ] index=0x0  subindex=0 bitlen=0 derect=0  
20260814-085648:951923952 EtherCAT|INFO [EcatDrv_MakePDOMappingInfo,2246]: [EtherCATDriver ] index=0x0  subindex=0 bitlen=0 derect=0  
20260814-085648:951947056 EtherCAT|INFO [EcatDrv_MakePDOMappingInfo,2246]: [EtherCATDriver ] index=0x0  subindex=0 bitlen=0 derect=0
20260814-085648:951969760 EtherCAT|INFO [EcatDrv_MakePDOMappingInfo,2246]: [EtherCATDriver ] index=0x0  subindex=0 bitlen=0 derect=0  
20260814-085648:951991600 EtherCAT|INFO [EcatDrv_MakePDOMappingInfo,2246]: [EtherCATDriver ] index=0x0  subindex=0 bitlen=0 derect=0  
20260814-085648:952014072 EtherCAT|INFO [EcatDrv_MakePDOMappingInfo,2246]: [EtherCATDriver ] index=0x0  subindex=0 bitlen=0 derect=0
20260814-085648:952036688 EtherCAT|INFO [EcatDrv_MakePDOMappingInfo,2246]: [EtherCATDriver ] index=0x0  subindex=0 bitlen=0 derect=0  
20260814-085648:952058752 EtherCAT|INFO [EcatDrv_MakePDOMappingInfo,2246]: [EtherCATDriver ] index=0x0  subindex=0 bitlen=0 derect=0  
20260814-085648:952080472 EtherCAT|INFO [EcatDrv_MakePDOMappingInfo,2246]: [EtherCATDriver ] index=0x0  subindex=0 bitlen=0 derect=0
20260814-085648:952102248 EtherCAT|INFO [EcatDrv_MakePDOMappingInfo,2246]: [EtherCATDriver ] index=0x0  subindex=0 bitlen=0 derect=0  
20260814-085648:952124496 EtherCAT|INFO [EcatDrv_MakePDOMappingInfo,2246]: [EtherCATDriver ] index=0x0  subindex=0 bitlen=0 derect=0  
20260814-085648:952146160 EtherCAT|INFO [EcatDrv_MakePDOMappingInfo,2246]: [EtherCATDriver ] index=0x0  subindex=0 bitlen=0 derect=0
20260814-085648:952167728 EtherCAT|INFO [EcatDrv_MakePDOMappingInfo,2246]: [EtherCATDriver ] index=0x0  subindex=0 bitlen=0 derect=0  
20260814-085648:952189280 EtherCAT|INFO [EcatDrv_MakePDOMappingInfo,2246]: [EtherCATDriver ] index=0x0  subindex=0 bitlen=0 derect=0  
20260814-085648:952212952 EtherCAT|INFO [EcatDrv_MakePDOMappingInfo,2246]: [EtherCATDriver ] index=0x0  subindex=0 bitlen=0 derect=0
20260814-085648:952235568 EtherCAT|INFO [EcatDrv_MakePDOMappingInfo,2246]: [EtherCATDriver ] index=0x0  subindex=0 bitlen=0 derect=0  
20260814-085648:952257616 EtherCAT|INFO [EcatDrv_MakePDOMappingInfo,2246]: [EtherCATDriver ] index=0x0  subindex=0 bitlen=0 derect=0  
20260814-085648:952279592 EtherCAT|INFO [EcatDrv_MakePDOMappingInfo,2246]: [EtherCATDriver ] index=0x0  subindex=0 bitlen=0 derect=0
20260814-085648:952301856 EtherCAT|INFO [EcatDrv_MakePDOMappingInfo,2246]: [EtherCATDriver ] index=0x0  subindex=0 bitlen=0 derect=0  
20260814-085648:952324160 EtherCAT|INFO [EcatDrv_MakePDOMappingInfo,2246]: [EtherCATDriver ] index=0x0  subindex=0 bitlen=0 derect=0  
20260814-085648:952346336 EtherCAT|INFO [EcatDrv_MakePDOMappingInfo,2246]: [EtherCATDriver ] index=0x0  subindex=0 bitlen=0 derect=0
20260814-085648:952367736 EtherCAT|INFO [EcatDrv_MakePDOMappingInfo,2246]: [EtherCATDriver ] index=0x0  subindex=0 bitlen=0 derect=0  
20260814-085648:952390592 EtherCAT|INFO [EcatDrv_MakePDOMappingInfo,2246]: [EtherCATDriver ] index=0x0  subindex=0 bitlen=0 derect=0  
20260814-085648:952412136 EtherCAT|INFO [EcatDrv_MakePDOMappingInfo,2246]: [EtherCATDriver ] index=0x0  subindex=0 bitlen=0 derect=0
20260814-085648:952433648 EtherCAT|INFO [EcatDrv_MakePDOMappingInfo,2246]: [EtherCATDriver ] index=0x0  subindex=0 bitlen=0 derect=0  
20260814-085648:952455192 EtherCAT|INFO [EcatDrv_MakePDOMappingInfo,2246]: [EtherCATDriver ] index=0x0  subindex=0 bitlen=0 derect=0  
20260814-085648:952477888 EtherCAT|INFO [EcatDrv_MakePDOMappingInfo,2246]: [EtherCATDriver ] index=0x0  subindex=0 bitlen=0 derect=0
20260814-085648:952499576 EtherCAT|INFO [EcatDrv_MakePDOMappingInfo,2246]: [EtherCATDriver ] index=0x0  subindex=0 bitlen=0 derect=0  
20260814-085648:952521368 EtherCAT|INFO [EcatDrv_MakePDOMappingInfo,2246]: [EtherCATDriver ] index=0x0  subindex=0 bitlen=0 derect=0  
20260814-085648:952543776 EtherCAT|INFO [EcatDrv_MakePDOMappingInfo,2246]: [EtherCATDriver ] index=0x0  subindex=0 bitlen=0 derect=0
20260814-085648:952566536 EtherCAT|INFO [EcatDrv_MakePDOMappingInfo,2246]: [EtherCATDriver ] index=0x0  subindex=0 bitlen=0 derect=0  
20260814-085648:952589048 EtherCAT|INFO [EcatDrv_MakePDOMappingInfo,2246]: [EtherCATDriver ] index=0x0  subindex=0 bitlen=0 derect=0  
20260814-085648:952610680 EtherCAT|INFO [EcatDrv_MakePDOMappingInfo,2246]: [EtherCATDriver ] index=0x0  subindex=0 bitlen=0 derect=0
20260814-085648:952633240 EtherCAT|INFO [EcatDrv_MakePDOMappingInfo,2246]: [EtherCATDriver ] index=0x0  subindex=0 bitlen=0 derect=0  
20260814-085648:952657808 EtherCAT|INFO [EcatDrv_MakePDOMappingInfo,2246]: [EtherCATDriver ] index=0x0  subindex=0 bitlen=0 derect=0  
20260814-085648:952679952 EtherCAT|INFO [EcatDrv_MakePDOMappingInfo,2246]: [EtherCATDriver ] index=0x0  subindex=0 bitlen=0 derect=0
20260814-085648:952702840 EtherCAT|INFO [EcatDrv_MakePDOMappingInfo,2246]: [EtherCATDriver ] index=0x0  subindex=0 bitlen=0 derect=0  
20260814-085648:952725160 EtherCAT|INFO [EcatDrv_MakePDOMappingInfo,2246]: [EtherCATDriver ] index=0x0  subindex=0 bitlen=0 derect=0  
20260814-085648:952748120 EtherCAT|INFO [EcatDrv_MakePDOMappingInfo,2246]: [EtherCATDriver ] index=0x0  subindex=0 bitlen=0 derect=0
20260814-085648:952769640 EtherCAT|INFO [EcatDrv_MakePDOMappingInfo,2246]: [EtherCATDriver ] index=0x0  subindex=0 bitlen=0 derect=0  
20260814-085648:952792000 EtherCAT|INFO [EcatDrv_MakePDOMappingInfo,2246]: [EtherCATDriver ] index=0x0  subindex=0 bitlen=0 derect=0  
20260814-085648:952813528 EtherCAT|INFO [EcatDrv_MakePDOMappingInfo,2246]: [EtherCATDriver ] index=0x0  subindex=0 bitlen=0 derect=0
20260814-085648:952853968 EtherCAT|INFO [EcatDrv_MakePDOMappingInfo,2246]: [EtherCATDriver ] index=0x0  subindex=0 bitlen=0 derect=0  
20260814-085648:952877616 EtherCAT|INFO [EcatDrv_MakePDOMappingInfo,2246]: [EtherCATDriver ] index=0x0  subindex=0 bitlen=0 derect=0  
20260814-085648:952899560 EtherCAT|INFO [EcatDrv_MakePDOMappingInfo,2246]: [EtherCATDriver ] index=0x0  subindex=0 bitlen=0 derect=0
20260814-085648:952921728 EtherCAT|INFO [EcatDrv_MakePDOMappingInfo,2246]: [EtherCATDriver ] index=0x0  subindex=0 bitlen=0 derect=0  
20260814-085648:952943616 EtherCAT|INFO [EcatDrv_MakePDOMappingInfo,2246]: [EtherCATDriver ] index=0x0  subindex=0 bitlen=0 derect=0  
20260814-085648:952965320 EtherCAT|INFO [EcatDrv_MakePDOMappingInfo,2246]: [EtherCATDriver ] index=0x0  subindex=0 bitlen=0 derect=0
20260814-085648:952987568 EtherCAT|INFO [EcatDrv_MakePDOMappingInfo,2246]: [EtherCATDriver ] index=0x0  subindex=0 bitlen=0 derect=0  
20260814-085648:953008880 EtherCAT|INFO [EcatDrv_MakePDOMappingInfo,2246]: [EtherCATDriver ] index=0x0  subindex=0 bitlen=0 derect=0  
20260814-085648:953031312 EtherCAT|INFO [EcatDrv_MakePDOMappingInfo,2246]: [EtherCATDriver ] index=0x0  subindex=0 bitlen=0 derect=0
20260814-085648:953053000 EtherCAT|INFO [EcatDrv_MakePDOMappingInfo,2246]: [EtherCATDriver ] index=0x0  subindex=0 bitlen=0 derect=0  
20260814-085648:953075896 EtherCAT|INFO [EcatDrv_MakePDOMappingInfo,2246]: [EtherCATDriver ] index=0x0  subindex=0 bitlen=0 derect=0  
20260814-085648:953097608 EtherCAT|INFO [EcatDrv_MakePDOMappingInfo,2246]: [EtherCATDriver ] index=0x0  subindex=0 bitlen=0 derect=0
20260814-085648:953119808 EtherCAT|INFO [EcatDrv_MakePDOMappingInfo,2246]: [EtherCATDriver ] index=0x0  subindex=0 bitlen=0 derect=0  
20260814-085648:953141400 EtherCAT|INFO [EcatDrv_MakePDOMappingInfo,2246]: [EtherCATDriver ] index=0x0  subindex=0 bitlen=0 derect=0  
20260814-085648:953164200 EtherCAT|INFO [EcatDrv_MakePDOMappingInfo,2246]: [EtherCATDriver ] index=0x0  subindex=0 bitlen=0 derect=0
20260814-085648:953186328 EtherCAT|INFO [EcatDrv_MakePDOMappingInfo,2246]: [EtherCATDriver ] index=0x0  subindex=0 bitlen=0 derect=0  
20260814-085648:953208352 EtherCAT|INFO [EcatDrv_MakePDOMappingInfo,2246]: [EtherCATDriver ] index=0x0  subindex=0 bitlen=0 derect=0  
20260814-085648:953230840 EtherCAT|INFO [EcatDrv_MakePDOMappingInfo,2246]: [EtherCATDriver ] index=0x0  subindex=0 bitlen=0 derect=0
20260814-085648:953253048 EtherCAT|INFO [EcatDrv_MakePDOMappingInfo,2246]: [EtherCATDriver ] index=0x0  subindex=0 bitlen=0 derect=0  
20260814-085648:953275488 EtherCAT|INFO [EcatDrv_MakePDOMappingInfo,2246]: [EtherCATDriver ] index=0x0  subindex=0 bitlen=0 derect=0  
20260814-085648:953296680 EtherCAT|INFO [EcatDrv_MakePDOMappingInfo,2246]: [EtherCATDriver ] index=0x0  subindex=0 bitlen=0 derect=0
20260814-085648:953318728 EtherCAT|INFO [EcatDrv_MakePDOMappingInfo,2246]: [EtherCATDriver ] index=0x0  subindex=0 bitlen=0 derect=0  
20260814-085648:953341552 EtherCAT|INFO [EcatDrv_MakePDOMappingInfo,2246]: [EtherCATDriver ] index=0x0  subindex=0 bitlen=0 derect=0  
20260814-085648:953363392 EtherCAT|INFO [EcatDrv_MakePDOMappingInfo,2246]: [EtherCATDriver ] index=0x0  subindex=0 bitlen=0 derect=0
20260814-085648:953445088 EtherCAT|INFO [CoESrv_IndexPosInit,327]: rx idn : object : 6040, robotaddr = 0, moduleaddr = 1086a814. EcatPos is 0. 0  
20260814-085648:953486608 EtherCAT|INFO [CoESrv_IndexPosInit,327]: rx idn : object : 6071, robotaddr = 0, moduleaddr = 1086a820. EcatPos is 2. 0  
20260814-085648:953531080 EtherCAT|INFO [CoESrv_IndexPosInit,327]: rx idn : object : 607a, robotaddr = 0, moduleaddr = 1086a830. EcatPos is 4. 0 
20260814-085648:953568936 EtherCAT|INFO [CoESrv_IndexPosInit,327]: rx idn : object : 60b2, robotaddr = 0, moduleaddr = 1086a826. EcatPos is 8. 0  
20260814-085648:953605240 EtherCAT|INFO [CoESrv_IndexPosInit,327]: rx idn : object : 6060, robotaddr = 0, moduleaddr = 1086a818. EcatPos is 10. 0  
20260814-085648:953632112 EtherCAT|INFO [CoESrv_IndexPosInit,327]: rx idn : object : 0, robotaddr = 0, moduleaddr = 0. EcatPos is 21. 0 
20260814-085648:953686200 EtherCAT|INFO [CoESrv_IndexPosInit,327]: rx idn : object : 6040, robotaddr = 0, moduleaddr = 1086aab0. EcatPos is 0. 1  
20260814-085648:953722832 EtherCAT|INFO [CoESrv_IndexPosInit,327]: rx idn : object : 6071, robotaddr = 0, moduleaddr = 1086aabc. EcatPos is 2. 1  
20260814-085648:953766800 EtherCAT|INFO [CoESrv_IndexPosInit,327]: rx idn : object : 607a, robotaddr = 0, moduleaddr = 1086aacc. EcatPos is 4. 1 
20260814-085648:953802840 EtherCAT|INFO [CoESrv_IndexPosInit,327]: rx idn : object : 60b2, robotaddr = 0, moduleaddr = 1086aac2. EcatPos is 8. 1  
20260814-085648:953857736 EtherCAT|INFO [CoESrv_IndexPosInit,327]: rx idn : object : 6060, robotaddr = 0, moduleaddr = 1086aab4. EcatPos is 10. 1  
20260814-085648:953886016 EtherCAT|INFO [CoESrv_IndexPosInit,327]: rx idn : object : 0, robotaddr = 0, moduleaddr = 0. EcatPos is 21. 1 
20260814-085648:953930456 EtherCAT|INFO [CoESrv_IndexPosInit,327]: rx idn : object : 6040, robotaddr = 0, moduleaddr = 1086ad4c. EcatPos is 0. 2  
20260814-085648:953966928 EtherCAT|INFO [CoESrv_IndexPosInit,327]: rx idn : object : 6071, robotaddr = 0, moduleaddr = 1086ad58. EcatPos is 2. 2  
20260814-085648:954011208 EtherCAT|INFO [CoESrv_IndexPosInit,327]: rx idn : object : 607a, robotaddr = 0, moduleaddr = 1086ad68. EcatPos is 4. 2 
20260814-085648:954047848 EtherCAT|INFO [CoESrv_IndexPosInit,327]: rx idn : object : 60b2, robotaddr = 0, moduleaddr = 1086ad5e. EcatPos is 8. 2  
20260814-085648:954082448 EtherCAT|INFO [CoESrv_IndexPosInit,327]: rx idn : object : 6060, robotaddr = 0, moduleaddr = 1086ad50. EcatPos is 10. 2  
20260814-085648:954109480 EtherCAT|INFO [CoESrv_IndexPosInit,327]: rx idn : object : 0, robotaddr = 0, moduleaddr = 0. EcatPos is 21. 2 
20260814-085648:954153576 EtherCAT|INFO [CoESrv_IndexPosInit,327]: rx idn : object : 6040, robotaddr = 0, moduleaddr = 1086afe8. EcatPos is 0. 3  
20260814-085648:954189480 EtherCAT|INFO [CoESrv_IndexPosInit,327]: rx idn : object : 6071, robotaddr = 0, moduleaddr = 1086aff4. EcatPos is 2. 3  
20260814-085648:954232192 EtherCAT|INFO [CoESrv_IndexPosInit,327]: rx idn : object : 607a, robotaddr = 0, moduleaddr = 1086b004. EcatPos is 4. 3 
20260814-085648:954267648 EtherCAT|INFO [CoESrv_IndexPosInit,327]: rx idn : object : 60b2, robotaddr = 0, moduleaddr = 1086affa. EcatPos is 8. 3  
20260814-085648:954303016 EtherCAT|INFO [CoESrv_IndexPosInit,327]: rx idn : object : 6060, robotaddr = 0, moduleaddr = 1086afec. EcatPos is 10. 3  
20260814-085648:954328808 EtherCAT|INFO [CoESrv_IndexPosInit,327]: rx idn : object : 0, robotaddr = 0, moduleaddr = 0. EcatPos is 21. 3 
20260814-085648:954371040 EtherCAT|INFO [CoESrv_IndexPosInit,327]: rx idn : object : 6040, robotaddr = 0, moduleaddr = 1086b284. EcatPos is 0. 4  
20260814-085648:954406432 EtherCAT|INFO [CoESrv_IndexPosInit,327]: rx idn : object : 6071, robotaddr = 0, moduleaddr = 1086b290. EcatPos is 2. 4  
20260814-085648:954449448 EtherCAT|INFO [CoESrv_IndexPosInit,327]: rx idn : object : 607a, robotaddr = 0, moduleaddr = 1086b2a0. EcatPos is 4. 4 
20260814-085648:954484856 EtherCAT|INFO [CoESrv_IndexPosInit,327]: rx idn : object : 60b2, robotaddr = 0, moduleaddr = 1086b296. EcatPos is 8. 4  
20260814-085648:954519256 EtherCAT|INFO [CoESrv_IndexPosInit,327]: rx idn : object : 6060, robotaddr = 0, moduleaddr = 1086b288. EcatPos is 10. 4  
20260814-085648:954545240 EtherCAT|INFO [CoESrv_IndexPosInit,327]: rx idn : object : 0, robotaddr = 0, moduleaddr = 0. EcatPos is 21. 4 
20260814-085648:954587888 EtherCAT|INFO [CoESrv_IndexPosInit,327]: rx idn : object : 6040, robotaddr = 0, moduleaddr = 1086b520. EcatPos is 0. 5  
20260814-085648:954623128 EtherCAT|INFO [CoESrv_IndexPosInit,327]: rx idn : object : 6071, robotaddr = 0, moduleaddr = 1086b52c. EcatPos is 2. 5  
20260814-085648:954669736 EtherCAT|INFO [CoESrv_IndexPosInit,327]: rx idn : object : 607a, robotaddr = 0, moduleaddr = 1086b53c. EcatPos is 4. 5 
20260814-085648:954705360 EtherCAT|INFO [CoESrv_IndexPosInit,327]: rx idn : object : 60b2, robotaddr = 0, moduleaddr = 1086b532. EcatPos is 8. 5  
20260814-085648:954739680 EtherCAT|INFO [CoESrv_IndexPosInit,327]: rx idn : object : 6060, robotaddr = 0, moduleaddr = 1086b524. EcatPos is 10. 5  
20260814-085648:954766208 EtherCAT|INFO [CoESrv_IndexPosInit,327]: rx idn : object : 0, robotaddr = 0, moduleaddr = 0. EcatPos is 21. 5 
20260814-085648:954808320 EtherCAT|INFO [CoESrv_IndexPosInit,327]: rx idn : object : 6040, robotaddr = 0, moduleaddr = 1086b7bc. EcatPos is 0. 6  
20260814-085648:954843440 EtherCAT|INFO [CoESrv_IndexPosInit,327]: rx idn : object : 6071, robotaddr = 0, moduleaddr = 1086b7c8. EcatPos is 2. 6  
20260814-085648:954908736 EtherCAT|INFO [CoESrv_IndexPosInit,327]: rx idn : object : 607a, robotaddr = 0, moduleaddr = 1086b7d8. EcatPos is 4. 6 
20260814-085648:954945840 EtherCAT|INFO [CoESrv_IndexPosInit,327]: rx idn : object : 60b2, robotaddr = 0, moduleaddr = 1086b7ce. EcatPos is 8. 6  
20260814-085648:954981912 EtherCAT|INFO [CoESrv_IndexPosInit,327]: rx idn : object : 6060, robotaddr = 0, moduleaddr = 1086b7c0. EcatPos is 10. 6  
20260814-085648:955008008 EtherCAT|INFO [CoESrv_IndexPosInit,327]: rx idn : object : 0, robotaddr = 0, moduleaddr = 0. EcatPos is 21. 6 
20260814-085648:955054016 EtherCAT|INFO [CoESrv_IndexPosInit,375]: tx idn : object : 6041, robotaddr = 0, moduleaddr = 1086a816. EcatPos is 0. 0 
20260814-085648:955089680 EtherCAT|INFO [CoESrv_IndexPosInit,375]: tx idn : object : 603f, robotaddr = 0, moduleaddr = 1086a81a. EcatPos is 2. 0 
20260814-085648:955133448 EtherCAT|INFO [CoESrv_IndexPosInit,375]: tx idn : object : 6064, robotaddr = 0, moduleaddr = 1086a834. EcatPos is 4. 0
20260814-085648:955168216 EtherCAT|INFO [CoESrv_IndexPosInit,375]: tx idn : object : 6077, robotaddr = 0, moduleaddr = 1086a822. EcatPos is 8. 0 
20260814-085648:955203416 EtherCAT|INFO [CoESrv_IndexPosInit,375]: tx idn : object : 6078, robotaddr = 0, moduleaddr = 1086a824. EcatPos is 10. 0 
20260814-085648:955240008 EtherCAT|INFO [CoESrv_IndexPosInit,375]: tx idn : object : 606c, robotaddr = 0, moduleaddr = 1086a82c. EcatPos is 12. 0
20260814-085648:955275408 EtherCAT|INFO [CoESrv_IndexPosInit,375]: tx idn : object : 60f4, robotaddr = 0, moduleaddr = 1086a838. EcatPos is 16. 0 
20260814-085648:955310976 EtherCAT|INFO [CoESrv_IndexPosInit,375]: tx idn : object : 6061, robotaddr = 0, moduleaddr = 1086a819. EcatPos is 20. 0 
20260814-085648:955336656 EtherCAT|INFO [CoESrv_IndexPosInit,375]: tx idn : object : 0, robotaddr = 0, moduleaddr = 0. EcatPos is 21. 0
20260814-085648:955380312 EtherCAT|INFO [CoESrv_IndexPosInit,375]: tx idn : object : 6041, robotaddr = 0, moduleaddr = 1086aab2. EcatPos is 0. 1 
20260814-085648:955414280 EtherCAT|INFO [CoESrv_IndexPosInit,375]: tx idn : object : 603f, robotaddr = 0, moduleaddr = 1086aab6. EcatPos is 2. 1 
20260814-085648:955456832 EtherCAT|INFO [CoESrv_IndexPosInit,375]: tx idn : object : 6064, robotaddr = 0, moduleaddr = 1086aad0. EcatPos is 4. 1
20260814-085648:955492088 EtherCAT|INFO [CoESrv_IndexPosInit,375]: tx idn : object : 6077, robotaddr = 0, moduleaddr = 1086aabe. EcatPos is 8. 1 
20260814-085648:955526728 EtherCAT|INFO [CoESrv_IndexPosInit,375]: tx idn : object : 6078, robotaddr = 0, moduleaddr = 1086aac0. EcatPos is 10. 1 
20260814-085648:955562896 EtherCAT|INFO [CoESrv_IndexPosInit,375]: tx idn : object : 606c, robotaddr = 0, moduleaddr = 1086aac8. EcatPos is 12. 1
20260814-085648:955598320 EtherCAT|INFO [CoESrv_IndexPosInit,375]: tx idn : object : 60f4, robotaddr = 0, moduleaddr = 1086aad4. EcatPos is 16. 1 
20260814-085648:955634272 EtherCAT|INFO [CoESrv_IndexPosInit,375]: tx idn : object : 6061, robotaddr = 0, moduleaddr = 1086aab5. EcatPos is 20. 1 
20260814-085648:955669992 EtherCAT|INFO [CoESrv_IndexPosInit,375]: tx idn : object : 0, robotaddr = 0, moduleaddr = 0. EcatPos is 21. 1
20260814-085648:955714152 EtherCAT|INFO [CoESrv_IndexPosInit,375]: tx idn : object : 6041, robotaddr = 0, moduleaddr = 1086ad4e. EcatPos is 0. 2 
20260814-085648:955749000 EtherCAT|INFO [CoESrv_IndexPosInit,375]: tx idn : object : 603f, robotaddr = 0, moduleaddr = 1086ad52. EcatPos is 2. 2 
20260814-085648:955792688 EtherCAT|INFO [CoESrv_IndexPosInit,375]: tx idn : object : 6064, robotaddr = 0, moduleaddr = 1086ad6c. EcatPos is 4. 2
20260814-085648:955827848 EtherCAT|INFO [CoESrv_IndexPosInit,375]: tx idn : object : 6077, robotaddr = 0, moduleaddr = 1086ad5a. EcatPos is 8. 2 
20260814-085648:955863712 EtherCAT|INFO [CoESrv_IndexPosInit,375]: tx idn : object : 6078, robotaddr = 0, moduleaddr = 1086ad5c. EcatPos is 10. 2 
20260814-085648:955921472 EtherCAT|INFO [CoESrv_IndexPosInit,375]: tx idn : object : 606c, robotaddr = 0, moduleaddr = 1086ad64. EcatPos is 12. 2
20260814-085648:955957192 EtherCAT|INFO [CoESrv_IndexPosInit,375]: tx idn : object : 60f4, robotaddr = 0, moduleaddr = 1086ad70. EcatPos is 16. 2 
20260814-085648:955991568 EtherCAT|INFO [CoESrv_IndexPosInit,375]: tx idn : object : 6061, robotaddr = 0, moduleaddr = 1086ad51. EcatPos is 20. 2 
20260814-085648:956017776 EtherCAT|INFO [CoESrv_IndexPosInit,375]: tx idn : object : 0, robotaddr = 0, moduleaddr = 0. EcatPos is 21. 2
20260814-085648:956060296 EtherCAT|INFO [CoESrv_IndexPosInit,375]: tx idn : object : 6041, robotaddr = 0, moduleaddr = 1086afea. EcatPos is 0. 3 
20260814-085648:956094576 EtherCAT|INFO [CoESrv_IndexPosInit,375]: tx idn : object : 603f, robotaddr = 0, moduleaddr = 1086afee. EcatPos is 2. 3 
20260814-085648:956136440 EtherCAT|INFO [CoESrv_IndexPosInit,375]: tx idn : object : 6064, robotaddr = 0, moduleaddr = 1086b008. EcatPos is 4. 3
20260814-085648:956170216 EtherCAT|INFO [CoESrv_IndexPosInit,375]: tx idn : object : 6077, robotaddr = 0, moduleaddr = 1086aff6. EcatPos is 8. 3 
20260814-085648:956204728 EtherCAT|INFO [CoESrv_IndexPosInit,375]: tx idn : object : 6078, robotaddr = 0, moduleaddr = 1086aff8. EcatPos is 10. 3 
20260814-085648:956239680 EtherCAT|INFO [CoESrv_IndexPosInit,375]: tx idn : object : 606c, robotaddr = 0, moduleaddr = 1086b000. EcatPos is 12. 3
20260814-085648:956274008 EtherCAT|INFO [CoESrv_IndexPosInit,375]: tx idn : object : 60f4, robotaddr = 0, moduleaddr = 1086b00c. EcatPos is 16. 3 
20260814-085648:956308320 EtherCAT|INFO [CoESrv_IndexPosInit,375]: tx idn : object : 6061, robotaddr = 0, moduleaddr = 1086afed. EcatPos is 20. 3 
20260814-085648:956334320 EtherCAT|INFO [CoESrv_IndexPosInit,375]: tx idn : object : 0, robotaddr = 0, moduleaddr = 0. EcatPos is 21. 3
20260814-085648:956377240 EtherCAT|INFO [CoESrv_IndexPosInit,375]: tx idn : object : 6041, robotaddr = 0, moduleaddr = 1086b286. EcatPos is 0. 4 
20260814-085648:956411168 EtherCAT|INFO [CoESrv_IndexPosInit,375]: tx idn : object : 603f, robotaddr = 0, moduleaddr = 1086b28a. EcatPos is 2. 4 
20260814-085648:956454352 EtherCAT|INFO [CoESrv_IndexPosInit,375]: tx idn : object : 6064, robotaddr = 0, moduleaddr = 1086b2a4. EcatPos is 4. 4
20260814-085648:956490528 EtherCAT|INFO [CoESrv_IndexPosInit,375]: tx idn : object : 6077, robotaddr = 0, moduleaddr = 1086b292. EcatPos is 8. 4 
20260814-085648:956525792 EtherCAT|INFO [CoESrv_IndexPosInit,375]: tx idn : object : 6078, robotaddr = 0, moduleaddr = 1086b294. EcatPos is 10. 4 
20260814-085648:956561792 EtherCAT|INFO [CoESrv_IndexPosInit,375]: tx idn : object : 606c, robotaddr = 0, moduleaddr = 1086b29c. EcatPos is 12. 4
20260814-085648:956598456 EtherCAT|INFO [CoESrv_IndexPosInit,375]: tx idn : object : 60f4, robotaddr = 0, moduleaddr = 1086b2a8. EcatPos is 16. 4 
20260814-085648:956633696 EtherCAT|INFO [CoESrv_IndexPosInit,375]: tx idn : object : 6061, robotaddr = 0, moduleaddr = 1086b289. EcatPos is 20. 4 
20260814-085648:956664000 EtherCAT|INFO [CoESrv_IndexPosInit,375]: tx idn : object : 0, robotaddr = 0, moduleaddr = 0. EcatPos is 21. 4
20260814-085648:956708056 EtherCAT|INFO [CoESrv_IndexPosInit,375]: tx idn : object : 6041, robotaddr = 0, moduleaddr = 1086b522. EcatPos is 0. 5 
20260814-085648:956743760 EtherCAT|INFO [CoESrv_IndexPosInit,375]: tx idn : object : 603f, robotaddr = 0, moduleaddr = 1086b526. EcatPos is 2. 5 
20260814-085648:956787136 EtherCAT|INFO [CoESrv_IndexPosInit,375]: tx idn : object : 6064, robotaddr = 0, moduleaddr = 1086b540. EcatPos is 4. 5
20260814-085648:956822280 EtherCAT|INFO [CoESrv_IndexPosInit,375]: tx idn : object : 6077, robotaddr = 0, moduleaddr = 1086b52e. EcatPos is 8. 5 
20260814-085648:956857168 EtherCAT|INFO [CoESrv_IndexPosInit,375]: tx idn : object : 6078, robotaddr = 0, moduleaddr = 1086b530. EcatPos is 10. 5 
20260814-085648:956914048 EtherCAT|INFO [CoESrv_IndexPosInit,375]: tx idn : object : 606c, robotaddr = 0, moduleaddr = 1086b538. EcatPos is 12. 5
20260814-085648:956951912 EtherCAT|INFO [CoESrv_IndexPosInit,375]: tx idn : object : 60f4, robotaddr = 0, moduleaddr = 1086b544. EcatPos is 16. 5 
20260814-085648:956987816 EtherCAT|INFO [CoESrv_IndexPosInit,375]: tx idn : object : 6061, robotaddr = 0, moduleaddr = 1086b525. EcatPos is 20. 5 
20260814-085648:957013968 EtherCAT|INFO [CoESrv_IndexPosInit,375]: tx idn : object : 0, robotaddr = 0, moduleaddr = 0. EcatPos is 21. 5
20260814-085648:957058368 EtherCAT|INFO [CoESrv_IndexPosInit,375]: tx idn : object : 6041, robotaddr = 0, moduleaddr = 1086b7be. EcatPos is 0. 6 
20260814-085648:957093856 EtherCAT|INFO [CoESrv_IndexPosInit,375]: tx idn : object : 603f, robotaddr = 0, moduleaddr = 1086b7c2. EcatPos is 2. 6 
20260814-085648:957137128 EtherCAT|INFO [CoESrv_IndexPosInit,375]: tx idn : object : 6064, robotaddr = 0, moduleaddr = 1086b7dc. EcatPos is 4. 6
20260814-085648:957172176 EtherCAT|INFO [CoESrv_IndexPosInit,375]: tx idn : object : 6077, robotaddr = 0, moduleaddr = 1086b7ca. EcatPos is 8. 6 
20260814-085648:957207600 EtherCAT|INFO [CoESrv_IndexPosInit,375]: tx idn : object : 6078, robotaddr = 0, moduleaddr = 1086b7cc. EcatPos is 10. 6 
20260814-085648:957243832 EtherCAT|INFO [CoESrv_IndexPosInit,375]: tx idn : object : 606c, robotaddr = 0, moduleaddr = 1086b7d4. EcatPos is 12. 6
20260814-085648:957280432 EtherCAT|INFO [CoESrv_IndexPosInit,375]: tx idn : object : 60f4, robotaddr = 0, moduleaddr = 1086b7e0. EcatPos is 16. 6 
20260814-085648:957315776 EtherCAT|INFO [CoESrv_IndexPosInit,375]: tx idn : object : 6061, robotaddr = 0, moduleaddr = 1086b7c1. EcatPos is 20. 6 
20260814-085648:957342312 EtherCAT|INFO [CoESrv_IndexPosInit,375]: tx idn : object : 0, robotaddr = 0, moduleaddr = 0. EcatPos is 21. 6
20260814-085648:957366040 EtherCAT|INFO [CoESrv_IndexPosInit,384]: TxPDONum is 9, RxPDONum is 6.  
20260814-085648:957388272 EtherCAT|INFO [EcatStack_SetSlaveCfgValid,141]: [EtherCATModule ] Ecat slave config command : 1  
20260814-085648:957412600 EtherCAT|INFO [CANopenModule_ThreadEntry,319]: [CANopenModule  ] Matched slave config param has found : VEICHI
20260814-085648:957433776 EtherCAT|INFO [CANopenModule_ThreadEntry,320]: [CANopenModule  ] Task state is SLAVECFG turn to RESOURCE_CHK  
20260814-085648:957477536 EtherCAT|INFO [EcatDrv_CheckEvent,1232]: coe_event is 1, pre is 4  
20260814-085648:958795656 EtherCAT|INFO [EcatDrv_Task,714]: [EtherCATDriver ] slave : 1 pdo re-map is needed  
20260814-085648:958975568 EtherCAT|INFO [EcatDrv_Task,714]: [EtherCATDriver ] slave : 2 pdo re-map is needed
20260814-085648:959136240 EtherCAT|INFO [EcatDrv_Task,714]: [EtherCATDriver ] slave : 3 pdo re-map is needed  
20260814-085648:959294320 EtherCAT|INFO [EcatDrv_Task,714]: [EtherCATDriver ] slave : 4 pdo re-map is needed  
20260814-085648:959450920 EtherCAT|INFO [EcatDrv_Task,714]: [EtherCATDriver ] slave : 5 pdo re-map is needed  
20260814-085648:959608888 EtherCAT|INFO [EcatDrv_Task,714]: [EtherCATDriver ] slave : 6 pdo re-map is needed
20260814-085648:959766808 EtherCAT|INFO [EcatDrv_Task,714]: [EtherCATDriver ] slave : 7 pdo re-map is needed  
20260814-085648:968756168 EtherCAT|INFO [EcatDrv_PO2SOconfig,1514]: [EtherCATDriver ] slave : 1 txpdo : 0x60400010 map to 0x1600:1 ret:3  
20260814-085648:969745480 EtherCAT|INFO [EcatDrv_PO2SOconfig,1514]: [EtherCATDriver ] slave : 1 txpdo : 0x60710010 map to 0x1600:2 ret:4
20260814-085648:970752912 EtherCAT|INFO [EcatDrv_PO2SOconfig,1514]: [EtherCATDriver ] slave : 1 txpdo : 0x607a0020 map to 0x1600:3 ret:5  
20260814-085648:971748208 EtherCAT|INFO [EcatDrv_PO2SOconfig,1514]: [EtherCATDriver ] slave : 1 txpdo : 0x60b20010 map to 0x1600:4 ret:6  
20260814-085648:972753680 EtherCAT|INFO [EcatDrv_PO2SOconfig,1514]: [EtherCATDriver ] slave : 1 txpdo : 0x60600008 map to 0x1600:5 ret:7
20260814-085648:973745472 EtherCAT|INFO [EcatDrv_PO2SOconfig,1514]: [EtherCATDriver ] slave : 1 txpdo : 0x8 map to 0x1600:6 ret:8  
20260814-085648:974762096 EtherCAT|INFO [EcatDrv_PO2SOconfig,1522]: [EtherCATDriver ] slave : 1 rxpdo : 0x60410010 map to 0x1a00:1 ret:9  
20260814-085648:975745512 EtherCAT|INFO [EcatDrv_PO2SOconfig,1522]: [EtherCATDriver ] slave : 1 rxpdo : 0x603f0010 map to 0x1a00:2 ret:10
20260814-085648:976756280 EtherCAT|INFO [EcatDrv_PO2SOconfig,1522]: [EtherCATDriver ] slave : 1 rxpdo : 0x60640020 map to 0x1a00:3 ret:11  
20260814-085648:977744152 EtherCAT|INFO [EcatDrv_PO2SOconfig,1522]: [EtherCATDriver ] slave : 1 rxpdo : 0x60770010 map to 0x1a00:4 ret:12  
20260814-085648:978751616 EtherCAT|INFO [EcatDrv_PO2SOconfig,1522]: [EtherCATDriver ] slave : 1 rxpdo : 0x60780010 map to 0x1a00:5 ret:13
20260814-085648:979744720 EtherCAT|INFO [EcatDrv_PO2SOconfig,1522]: [EtherCATDriver ] slave : 1 rxpdo : 0x606c0020 map to 0x1a00:6 ret:14  
20260814-085648:980752432 EtherCAT|INFO [EcatDrv_PO2SOconfig,1522]: [EtherCATDriver ] slave : 1 rxpdo : 0x60f40020 map to 0x1a00:7 ret:15  
20260814-085648:981745328 EtherCAT|INFO [EcatDrv_PO2SOconfig,1522]: [EtherCATDriver ] slave : 1 rxpdo : 0x60610008 map to 0x1a00:8 ret:16
20260814-085648:982752688 EtherCAT|INFO [EcatDrv_PO2SOconfig,1522]: [EtherCATDriver ] slave : 1 rxpdo : 0x8 map to 0x1a00:9 ret:17  
20260814-085648:983744248 EtherCAT|INFO [EcatDrv_PO2SOconfig,1532]: [EtherCATDriver ] slave : 1 write 6 to 0xlx:0 ret:5632  
20260814-085648:984758576 EtherCAT|INFO [EcatDrv_PO2SOconfig,1536]: [EtherCATDriver ] slave : 1 write 9 to 0x1a00:0 ret:19
20260814-085648:985780160 EtherCAT|INFO [EcatDrv_PO2SOconfig,1539]: [EtherCATDriver ] slave : 1 write 1600 to 0x1C12:1 ret:20  
20260814-085648:986765752 EtherCAT|INFO [EcatDrv_PO2SOconfig,1542]: [EtherCATDriver ] slave : 1 write 1 to 0x1C12:0 ret:21  
20260814-085648:987744272 EtherCAT|INFO [EcatDrv_PO2SOconfig,1545]: [EtherCATDriver ] slave : 1 write 1a00 to 0x1C13:1 ret:22
20260814-085648:988754120 EtherCAT|INFO [EcatDrv_PO2SOconfig,1548]: [EtherCATDriver ] slave : 1 write 1 to 0x1C13:0 ret:23  
20260814-085649:027746928 EtherCAT|INFO [EcatDrv_PO2SOconfig,1514]: [EtherCATDriver ] slave : 2 txpdo : 0x60400010 map to 0x1600:1 ret:3  
20260814-085649:028750272 EtherCAT|INFO [EcatDrv_PO2SOconfig,1514]: [EtherCATDriver ] slave : 2 txpdo : 0x60710010 map to 0x1600:2 ret:4
20260814-085649:029744680 EtherCAT|INFO [EcatDrv_PO2SOconfig,1514]: [EtherCATDriver ] slave : 2 txpdo : 0x607a0020 map to 0x1600:3 ret:5  
20260814-085649:030752280 EtherCAT|INFO [EcatDrv_PO2SOconfig,1514]: [EtherCATDriver ] slave : 2 txpdo : 0x60b20010 map to 0x1600:4 ret:6  
20260814-085649:031745672 EtherCAT|INFO [EcatDrv_PO2SOconfig,1514]: [EtherCATDriver ] slave : 2 txpdo : 0x60600008 map to 0x1600:5 ret:7
20260814-085649:032758592 EtherCAT|INFO [EcatDrv_PO2SOconfig,1514]: [EtherCATDriver ] slave : 2 txpdo : 0x8 map to 0x1600:6 ret:8  
20260814-085649:033744128 EtherCAT|INFO [EcatDrv_PO2SOconfig,1522]: [EtherCATDriver ] slave : 2 rxpdo : 0x60410010 map to 0x1a00:1 ret:9  
20260814-085649:034754200 EtherCAT|INFO [EcatDrv_PO2SOconfig,1522]: [EtherCATDriver ] slave : 2 rxpdo : 0x603f0010 map to 0x1a00:2 ret:10
20260814-085649:035743736 EtherCAT|INFO [EcatDrv_PO2SOconfig,1522]: [EtherCATDriver ] slave : 2 rxpdo : 0x60640020 map to 0x1a00:3 ret:11  
20260814-085649:036752376 EtherCAT|INFO [EcatDrv_PO2SOconfig,1522]: [EtherCATDriver ] slave : 2 rxpdo : 0x60770010 map to 0x1a00:4 ret:12  
20260814-085649:037743632 EtherCAT|INFO [EcatDrv_PO2SOconfig,1522]: [EtherCATDriver ] slave : 2 rxpdo : 0x60780010 map to 0x1a00:5 ret:13
20260814-085649:038750952 EtherCAT|INFO [EcatDrv_PO2SOconfig,1522]: [EtherCATDriver ] slave : 2 rxpdo : 0x606c0020 map to 0x1a00:6 ret:14  
20260814-085649:039744112 EtherCAT|INFO [EcatDrv_PO2SOconfig,1522]: [EtherCATDriver ] slave : 2 rxpdo : 0x60f40020 map to 0x1a00:7 ret:15  
20260814-085649:040750312 EtherCAT|INFO [EcatDrv_PO2SOconfig,1522]: [EtherCATDriver ] slave : 2 rxpdo : 0x60610008 map to 0x1a00:8 ret:16
20260814-085649:041751696 EtherCAT|INFO [EcatDrv_PO2SOconfig,1522]: [EtherCATDriver ] slave : 2 rxpdo : 0x8 map to 0x1a00:9 ret:17  
20260814-085649:041972712 EtherCAT|INFO [EcatDrv_PO2SOconfig,1532]: [EtherCATDriver ] slave : 2 write 6 to 0xlx:0 ret:5632  
20260814-085649:042763912 EtherCAT|INFO [EcatDrv_PO2SOconfig,1536]: [EtherCATDriver ] slave : 2 write 9 to 0x1a00:0 ret:19
20260814-085649:042973312 EtherCAT|INFO [EcatDrv_PO2SOconfig,1539]: [EtherCATDriver ] slave : 2 write 1600 to 0x1C12:1 ret:20  
20260814-085649:043746280 EtherCAT|INFO [EcatDrv_PO2SOconfig,1542]: [EtherCATDriver ] slave : 2 write 1 to 0x1C12:0 ret:21  
20260814-085649:044754080 EtherCAT|INFO [EcatDrv_PO2SOconfig,1545]: [EtherCATDriver ] slave : 2 write 1a00 to 0x1C13:1 ret:22
20260814-085649:045744176 EtherCAT|INFO [EcatDrv_PO2SOconfig,1548]: [EtherCATDriver ] slave : 2 write 1 to 0x1C13:0 ret:23  
20260814-085649:083744752 EtherCAT|INFO [EcatDrv_PO2SOconfig,1514]: [EtherCATDriver ] slave : 3 txpdo : 0x60400010 map to 0x1600:1 ret:3  
20260814-085649:084752880 EtherCAT|INFO [EcatDrv_PO2SOconfig,1514]: [EtherCATDriver ] slave : 3 txpdo : 0x60710010 map to 0x1600:2 ret:4
20260814-085649:085743288 EtherCAT|INFO [EcatDrv_PO2SOconfig,1514]: [EtherCATDriver ] slave : 3 txpdo : 0x607a0020 map to 0x1600:3 ret:5  
20260814-085649:086755032 EtherCAT|INFO [EcatDrv_PO2SOconfig,1514]: [EtherCATDriver ] slave : 3 txpdo : 0x60b20010 map to 0x1600:4 ret:6  
20260814-085649:087743936 EtherCAT|INFO [EcatDrv_PO2SOconfig,1514]: [EtherCATDriver ] slave : 3 txpdo : 0x60600008 map to 0x1600:5 ret:7
20260814-085649:088751536 EtherCAT|INFO [EcatDrv_PO2SOconfig,1514]: [EtherCATDriver ] slave : 3 txpdo : 0x8 map to 0x1600:6 ret:8  
20260814-085649:089751288 EtherCAT|INFO [EcatDrv_PO2SOconfig,1522]: [EtherCATDriver ] slave : 3 rxpdo : 0x60410010 map to 0x1a00:1 ret:9  
20260814-085649:090755112 EtherCAT|INFO [EcatDrv_PO2SOconfig,1522]: [EtherCATDriver ] slave : 3 rxpdo : 0x603f0010 map to 0x1a00:2 ret:10
20260814-085649:091748040 EtherCAT|INFO [EcatDrv_PO2SOconfig,1522]: [EtherCATDriver ] slave : 3 rxpdo : 0x60640020 map to 0x1a00:3 ret:11  
20260814-085649:092753440 EtherCAT|INFO [EcatDrv_PO2SOconfig,1522]: [EtherCATDriver ] slave : 3 rxpdo : 0x60770010 map to 0x1a00:4 ret:12  
20260814-085649:093742592 EtherCAT|INFO [EcatDrv_PO2SOconfig,1522]: [EtherCATDriver ] slave : 3 rxpdo : 0x60780010 map to 0x1a00:5 ret:13
20260814-085649:094751712 EtherCAT|INFO [EcatDrv_PO2SOconfig,1522]: [EtherCATDriver ] slave : 3 rxpdo : 0x606c0020 map to 0x1a00:6 ret:14  
20260814-085649:095744656 EtherCAT|INFO [EcatDrv_PO2SOconfig,1522]: [EtherCATDriver ] slave : 3 rxpdo : 0x60f40020 map to 0x1a00:7 ret:15  
20260814-085649:096753352 EtherCAT|INFO [EcatDrv_PO2SOconfig,1522]: [EtherCATDriver ] slave : 3 rxpdo : 0x60610008 map to 0x1a00:8 ret:16
20260814-085649:097743568 EtherCAT|INFO [EcatDrv_PO2SOconfig,1522]: [EtherCATDriver ] slave : 3 rxpdo : 0x8 map to 0x1a00:9 ret:17  
20260814-085649:098751376 EtherCAT|INFO [EcatDrv_PO2SOconfig,1532]: [EtherCATDriver ] slave : 3 write 6 to 0xlx:0 ret:5632  
20260814-085649:099749800 EtherCAT|INFO [EcatDrv_PO2SOconfig,1536]: [EtherCATDriver ] slave : 3 write 9 to 0x1a00:0 ret:19
20260814-085649:100754048 EtherCAT|INFO [EcatDrv_PO2SOconfig,1539]: [EtherCATDriver ] slave : 3 write 1600 to 0x1C12:1 ret:20  
20260814-085649:101746680 EtherCAT|INFO [EcatDrv_PO2SOconfig,1542]: [EtherCATDriver ] slave : 3 write 1 to 0x1C12:0 ret:21  
20260814-085649:102750392 EtherCAT|INFO [EcatDrv_PO2SOconfig,1545]: [EtherCATDriver ] slave : 3 write 1a00 to 0x1C13:1 ret:22
20260814-085649:103743928 EtherCAT|INFO [EcatDrv_PO2SOconfig,1548]: [EtherCATDriver ] slave : 3 write 1 to 0x1C13:0 ret:23  
20260814-085649:142751128 EtherCAT|INFO [EcatDrv_PO2SOconfig,1514]: [EtherCATDriver ] slave : 4 txpdo : 0x60400010 map to 0x1600:1 ret:3  
20260814-085649:143743216 EtherCAT|INFO [EcatDrv_PO2SOconfig,1514]: [EtherCATDriver ] slave : 4 txpdo : 0x60710010 map to 0x1600:2 ret:4
20260814-085649:144751080 EtherCAT|INFO [EcatDrv_PO2SOconfig,1514]: [EtherCATDriver ] slave : 4 txpdo : 0x607a0020 map to 0x1600:3 ret:5  
20260814-085649:145741928 EtherCAT|INFO [EcatDrv_PO2SOconfig,1514]: [EtherCATDriver ] slave : 4 txpdo : 0x60b20010 map to 0x1600:4 ret:6  
20260814-085649:146754656 EtherCAT|INFO [EcatDrv_PO2SOconfig,1514]: [EtherCATDriver ] slave : 4 txpdo : 0x60600008 map to 0x1600:5 ret:7
20260814-085649:147743696 EtherCAT|INFO [EcatDrv_PO2SOconfig,1514]: [EtherCATDriver ] slave : 4 txpdo : 0x8 map to 0x1600:6 ret:8  
20260814-085649:148756680 EtherCAT|INFO [EcatDrv_PO2SOconfig,1522]: [EtherCATDriver ] slave : 4 rxpdo : 0x60410010 map to 0x1a00:1 ret:9  
20260814-085649:149744840 EtherCAT|INFO [EcatDrv_PO2SOconfig,1522]: [EtherCATDriver ] slave : 4 rxpdo : 0x603f0010 map to 0x1a00:2 ret:10
20260814-085649:150753048 EtherCAT|INFO [EcatDrv_PO2SOconfig,1522]: [EtherCATDriver ] slave : 4 rxpdo : 0x60640020 map to 0x1a00:3 ret:11  
20260814-085649:151753672 EtherCAT|INFO [EcatDrv_PO2SOconfig,1522]: [EtherCATDriver ] slave : 4 rxpdo : 0x60770010 map to 0x1a00:4 ret:12  
20260814-085649:152753736 EtherCAT|INFO [EcatDrv_PO2SOconfig,1522]: [EtherCATDriver ] slave : 4 rxpdo : 0x60780010 map to 0x1a00:5 ret:13
20260814-085649:153744936 EtherCAT|INFO [EcatDrv_PO2SOconfig,1522]: [EtherCATDriver ] slave : 4 rxpdo : 0x606c0020 map to 0x1a00:6 ret:14  
20260814-085649:154753120 EtherCAT|INFO [EcatDrv_PO2SOconfig,1522]: [EtherCATDriver ] slave : 4 rxpdo : 0x60f40020 map to 0x1a00:7 ret:15  
20260814-085649:155743680 EtherCAT|INFO [EcatDrv_PO2SOconfig,1522]: [EtherCATDriver ] slave : 4 rxpdo : 0x60610008 map to 0x1a00:8 ret:16
20260814-085649:156754120 EtherCAT|INFO [EcatDrv_PO2SOconfig,1522]: [EtherCATDriver ] slave : 4 rxpdo : 0x8 map to 0x1a00:9 ret:17  
20260814-085649:157743200 EtherCAT|INFO [EcatDrv_PO2SOconfig,1532]: [EtherCATDriver ] slave : 4 write 6 to 0xlx:0 ret:5632  
20260814-085649:158759032 EtherCAT|INFO [EcatDrv_PO2SOconfig,1536]: [EtherCATDriver ] slave : 4 write 9 to 0x1a00:0 ret:19
20260814-085649:159745416 EtherCAT|INFO [EcatDrv_PO2SOconfig,1539]: [EtherCATDriver ] slave : 4 write 1600 to 0x1C12:1 ret:20  
20260814-085649:160752712 EtherCAT|INFO [EcatDrv_PO2SOconfig,1542]: [EtherCATDriver ] slave : 4 write 1 to 0x1C12:0 ret:21  
20260814-085649:161745752 EtherCAT|INFO [EcatDrv_PO2SOconfig,1545]: [EtherCATDriver ] slave : 4 write 1a00 to 0x1C13:1 ret:22
20260814-085649:162751888 EtherCAT|INFO [EcatDrv_PO2SOconfig,1548]: [EtherCATDriver ] slave : 4 write 1 to 0x1C13:0 ret:23  
20260814-085649:203758336 EtherCAT|INFO [EcatDrv_PO2SOconfig,1514]: [EtherCATDriver ] slave : 5 txpdo : 0x60400010 map to 0x1600:1 ret:3  
20260814-085649:204768728 EtherCAT|INFO [EcatDrv_PO2SOconfig,1514]: [EtherCATDriver ] slave : 5 txpdo : 0x60710010 map to 0x1600:2 ret:4
20260814-085649:205743888 EtherCAT|INFO [EcatDrv_PO2SOconfig,1514]: [EtherCATDriver ] slave : 5 txpdo : 0x607a0020 map to 0x1600:3 ret:5  
20260814-085649:206753560 EtherCAT|INFO [EcatDrv_PO2SOconfig,1514]: [EtherCATDriver ] slave : 5 txpdo : 0x60b20010 map to 0x1600:4 ret:6  
20260814-085649:207749216 EtherCAT|INFO [EcatDrv_PO2SOconfig,1514]: [EtherCATDriver ] slave : 5 txpdo : 0x60600008 map to 0x1600:5 ret:7
20260814-085649:208752456 EtherCAT|INFO [EcatDrv_PO2SOconfig,1514]: [EtherCATDriver ] slave : 5 txpdo : 0x8 map to 0x1600:6 ret:8  
20260814-085649:209744912 EtherCAT|INFO [EcatDrv_PO2SOconfig,1522]: [EtherCATDriver ] slave : 5 rxpdo : 0x60410010 map to 0x1a00:1 ret:9  
20260814-085649:210750816 EtherCAT|INFO [EcatDrv_PO2SOconfig,1522]: [EtherCATDriver ] slave : 5 rxpdo : 0x603f0010 map to 0x1a00:2 ret:10
20260814-085649:211745672 EtherCAT|INFO [EcatDrv_PO2SOconfig,1522]: [EtherCATDriver ] slave : 5 rxpdo : 0x60640020 map to 0x1a00:3 ret:11  
20260814-085649:212751696 EtherCAT|INFO [EcatDrv_PO2SOconfig,1522]: [EtherCATDriver ] slave : 5 rxpdo : 0x60770010 map to 0x1a00:4 ret:12  
20260814-085649:213743240 EtherCAT|INFO [EcatDrv_PO2SOconfig,1522]: [EtherCATDriver ] slave : 5 rxpdo : 0x60780010 map to 0x1a00:5 ret:13
20260814-085649:214749456 EtherCAT|INFO [EcatDrv_PO2SOconfig,1522]: [EtherCATDriver ] slave : 5 rxpdo : 0x606c0020 map to 0x1a00:6 ret:14  
20260814-085649:215743152 EtherCAT|INFO [EcatDrv_PO2SOconfig,1522]: [EtherCATDriver ] slave : 5 rxpdo : 0x60f40020 map to 0x1a00:7 ret:15  
20260814-085649:216754616 EtherCAT|INFO [EcatDrv_PO2SOconfig,1522]: [EtherCATDriver ] slave : 5 rxpdo : 0x60610008 map to 0x1a00:8 ret:16
20260814-085649:217749176 EtherCAT|INFO [EcatDrv_PO2SOconfig,1522]: [EtherCATDriver ] slave : 5 rxpdo : 0x8 map to 0x1a00:9 ret:17  
20260814-085649:218752208 EtherCAT|INFO [EcatDrv_PO2SOconfig,1532]: [EtherCATDriver ] slave : 5 write 6 to 0xlx:0 ret:5632  
20260814-085649:219744272 EtherCAT|INFO [EcatDrv_PO2SOconfig,1536]: [EtherCATDriver ] slave : 5 write 9 to 0x1a00:0 ret:19
20260814-085649:220751792 EtherCAT|INFO [EcatDrv_PO2SOconfig,1539]: [EtherCATDriver ] slave : 5 write 1600 to 0x1C12:1 ret:20  
20260814-085649:221746752 EtherCAT|INFO [EcatDrv_PO2SOconfig,1542]: [EtherCATDriver ] slave : 5 write 1 to 0x1C12:0 ret:21  
20260814-085649:222752080 EtherCAT|INFO [EcatDrv_PO2SOconfig,1545]: [EtherCATDriver ] slave : 5 write 1a00 to 0x1C13:1 ret:22
20260814-085649:223742648 EtherCAT|INFO [EcatDrv_PO2SOconfig,1548]: [EtherCATDriver ] slave : 5 write 1 to 0x1C13:0 ret:23  
20260814-085649:262750576 EtherCAT|INFO [EcatDrv_PO2SOconfig,1514]: [EtherCATDriver ] slave : 6 txpdo : 0x60400010 map to 0x1600:1 ret:3  
20260814-085649:263743016 EtherCAT|INFO [EcatDrv_PO2SOconfig,1514]: [EtherCATDriver ] slave : 6 txpdo : 0x60710010 map to 0x1600:2 ret:4
20260814-085649:264753448 EtherCAT|INFO [EcatDrv_PO2SOconfig,1514]: [EtherCATDriver ] slave : 6 txpdo : 0x607a0020 map to 0x1600:3 ret:5  
20260814-085649:265743032 EtherCAT|INFO [EcatDrv_PO2SOconfig,1514]: [EtherCATDriver ] slave : 6 txpdo : 0x60b20010 map to 0x1600:4 ret:6  
20260814-085649:266758000 EtherCAT|INFO [EcatDrv_PO2SOconfig,1514]: [EtherCATDriver ] slave : 6 txpdo : 0x60600008 map to 0x1600:5 ret:7
20260814-085649:267757200 EtherCAT|INFO [EcatDrv_PO2SOconfig,1514]: [EtherCATDriver ] slave : 6 txpdo : 0x8 map to 0x1600:6 ret:8  
20260814-085649:268774776 EtherCAT|INFO [EcatDrv_PO2SOconfig,1522]: [EtherCATDriver ] slave : 6 rxpdo : 0x60410010 map to 0x1a00:1 ret:9  
20260814-085649:269757776 EtherCAT|INFO [EcatDrv_PO2SOconfig,1522]: [EtherCATDriver ] slave : 6 rxpdo : 0x603f0010 map to 0x1a00:2 ret:10
20260814-085649:270769880 EtherCAT|INFO [EcatDrv_PO2SOconfig,1522]: [EtherCATDriver ] slave : 6 rxpdo : 0x60640020 map to 0x1a00:3 ret:11  
20260814-085649:271747120 EtherCAT|INFO [EcatDrv_PO2SOconfig,1522]: [EtherCATDriver ] slave : 6 rxpdo : 0x60770010 map to 0x1a00:4 ret:12  
20260814-085649:272752136 EtherCAT|INFO [EcatDrv_PO2SOconfig,1522]: [EtherCATDriver ] slave : 6 rxpdo : 0x60780010 map to 0x1a00:5 ret:13
20260814-085649:273760800 EtherCAT|INFO [EcatDrv_PO2SOconfig,1522]: [EtherCATDriver ] slave : 6 rxpdo : 0x606c0020 map to 0x1a00:6 ret:14  
20260814-085649:274769376 EtherCAT|INFO [EcatDrv_PO2SOconfig,1522]: [EtherCATDriver ] slave : 6 rxpdo : 0x60f40020 map to 0x1a00:7 ret:15  
20260814-085649:275742368 EtherCAT|INFO [EcatDrv_PO2SOconfig,1522]: [EtherCATDriver ] slave : 6 rxpdo : 0x60610008 map to 0x1a00:8 ret:16
20260814-085649:276758168 EtherCAT|INFO [EcatDrv_PO2SOconfig,1522]: [EtherCATDriver ] slave : 6 rxpdo : 0x8 map to 0x1a00:9 ret:17  
20260814-085649:277753400 EtherCAT|INFO [EcatDrv_PO2SOconfig,1532]: [EtherCATDriver ] slave : 6 write 6 to 0xlx:0 ret:5632  
20260814-085649:278751368 EtherCAT|INFO [EcatDrv_PO2SOconfig,1536]: [EtherCATDriver ] slave : 6 write 9 to 0x1a00:0 ret:19
20260814-085649:279742936 EtherCAT|INFO [EcatDrv_PO2SOconfig,1539]: [EtherCATDriver ] slave : 6 write 1600 to 0x1C12:1 ret:20  
20260814-085649:280752352 EtherCAT|INFO [EcatDrv_PO2SOconfig,1542]: [EtherCATDriver ] slave : 6 write 1 to 0x1C12:0 ret:21  
20260814-085649:281746496 EtherCAT|INFO [EcatDrv_PO2SOconfig,1545]: [EtherCATDriver ] slave : 6 write 1a00 to 0x1C13:1 ret:22
20260814-085649:282749960 EtherCAT|INFO [EcatDrv_PO2SOconfig,1548]: [EtherCATDriver ] slave : 6 write 1 to 0x1C13:0 ret:23  
20260814-085649:321748712 EtherCAT|INFO [EcatDrv_PO2SOconfig,1514]: [EtherCATDriver ] slave : 7 txpdo : 0x60400010 map to 0x1600:1 ret:3  
20260814-085649:322751616 EtherCAT|INFO [EcatDrv_PO2SOconfig,1514]: [EtherCATDriver ] slave : 7 txpdo : 0x60710010 map to 0x1600:2 ret:4
20260814-085649:323742832 EtherCAT|INFO [EcatDrv_PO2SOconfig,1514]: [EtherCATDriver ] slave : 7 txpdo : 0x607a0020 map to 0x1600:3 ret:5  
20260814-085649:324750808 EtherCAT|INFO [EcatDrv_PO2SOconfig,1514]: [EtherCATDriver ] slave : 7 txpdo : 0x60b20010 map to 0x1600:4 ret:6  
20260814-085649:325744368 EtherCAT|INFO [EcatDrv_PO2SOconfig,1514]: [EtherCATDriver ] slave : 7 txpdo : 0x60600008 map to 0x1600:5 ret:7
20260814-085649:326752312 EtherCAT|INFO [EcatDrv_PO2SOconfig,1514]: [EtherCATDriver ] slave : 7 txpdo : 0x8 map to 0x1600:6 ret:8  
20260814-085649:327748888 EtherCAT|INFO [EcatDrv_PO2SOconfig,1522]: [EtherCATDriver ] slave : 7 rxpdo : 0x60410010 map to 0x1a00:1 ret:9  
20260814-085649:328752760 EtherCAT|INFO [EcatDrv_PO2SOconfig,1522]: [EtherCATDriver ] slave : 7 rxpdo : 0x603f0010 map to 0x1a00:2 ret:10
20260814-085649:329744608 EtherCAT|INFO [EcatDrv_PO2SOconfig,1522]: [EtherCATDriver ] slave : 7 rxpdo : 0x60640020 map to 0x1a00:3 ret:11  
20260814-085649:330752336 EtherCAT|INFO [EcatDrv_PO2SOconfig,1522]: [EtherCATDriver ] slave : 7 rxpdo : 0x60770010 map to 0x1a00:4 ret:12  
20260814-085649:331747088 EtherCAT|INFO [EcatDrv_PO2SOconfig,1522]: [EtherCATDriver ] slave : 7 rxpdo : 0x60780010 map to 0x1a00:5 ret:13
20260814-085649:332754496 EtherCAT|INFO [EcatDrv_PO2SOconfig,1522]: [EtherCATDriver ] slave : 7 rxpdo : 0x606c0020 map to 0x1a00:6 ret:14  
20260814-085649:333745688 EtherCAT|INFO [EcatDrv_PO2SOconfig,1522]: [EtherCATDriver ] slave : 7 rxpdo : 0x60f40020 map to 0x1a00:7 ret:15  
20260814-085649:334750920 EtherCAT|INFO [EcatDrv_PO2SOconfig,1522]: [EtherCATDriver ] slave : 7 rxpdo : 0x60610008 map to 0x1a00:8 ret:16
20260814-085649:335744000 EtherCAT|INFO [EcatDrv_PO2SOconfig,1522]: [EtherCATDriver ] slave : 7 rxpdo : 0x8 map to 0x1a00:9 ret:17  
20260814-085649:336753896 EtherCAT|INFO [EcatDrv_PO2SOconfig,1532]: [EtherCATDriver ] slave : 7 write 6 to 0xlx:0 ret:5632  
20260814-085649:337751928 EtherCAT|INFO [EcatDrv_PO2SOconfig,1536]: [EtherCATDriver ] slave : 7 write 9 to 0x1a00:0 ret:19
20260814-085649:338772032 EtherCAT|INFO [EcatDrv_PO2SOconfig,1539]: [EtherCATDriver ] slave : 7 write 1600 to 0x1C12:1 ret:20  
20260814-085649:339762720 EtherCAT|INFO [EcatDrv_PO2SOconfig,1542]: [EtherCATDriver ] slave : 7 write 1 to 0x1C12:0 ret:21  
20260814-085649:340773080 EtherCAT|INFO [EcatDrv_PO2SOconfig,1545]: [EtherCATDriver ] slave : 7 write 1a00 to 0x1C13:1 ret:22
20260814-085649:341747208 EtherCAT|INFO [EcatDrv_PO2SOconfig,1548]: [EtherCATDriver ] slave : 7 write 1 to 0x1C13:0 ret:23  
20260814-085649:468811416 EtherCAT|INFO [ecx_config_map_group,1298]: Output slave is 1, BitPos is 0, diff is 12, segmentsize is 0   
20260814-085649:476101160 EtherCAT|INFO [ecx_config_map_group,1298]: Output slave is 2, BitPos is 0, diff is 12, segmentsize is 12  
20260814-085649:483391912 EtherCAT|INFO [ecx_config_map_group,1298]: Output slave is 3, BitPos is 0, diff is 12, segmentsize is 24   
20260814-085649:490683128 EtherCAT|INFO [ecx_config_map_group,1298]: Output slave is 4, BitPos is 0, diff is 12, segmentsize is 36   
20260814-085649:497974432 EtherCAT|INFO [ecx_config_map_group,1298]: Output slave is 5, BitPos is 0, diff is 12, segmentsize is 48  
20260814-085649:505265496 EtherCAT|INFO [ecx_config_map_group,1298]: Output slave is 6, BitPos is 0, diff is 12, segmentsize is 60   
20260814-085649:512556520 EtherCAT|INFO [ecx_config_map_group,1298]: Output slave is 7, BitPos is 0, diff is 12, segmentsize is 72   
20260814-085649:512585280 EtherCAT|INFO [ecx_config_map_group,1354]: output context->slavelist[0].inputs is 0, Ibytes is 0, Obytes is 84 
20260814-085649:512609432 EtherCAT|INFO [ecx_config_map_group,1365]: output segmentsize is 84, currentsegment is 0, LogAddr is 84.  
20260814-085649:519761232 EtherCAT|INFO [ecx_config_map_group,1382]: Input slave is 1, BitPos is 0, diff is 22, segmentsize is 84   
20260814-085649:519789408 EtherCAT|INFO [ecx_config_map_group,1397]: Input slave is 1, BitPos is 0, diff is 22, segmentsize is 106  
20260814-085649:526965528 EtherCAT|INFO [ecx_config_map_group,1382]: Input slave is 2, BitPos is 0, diff is 22, segmentsize is 106   
20260814-085649:526993536 EtherCAT|INFO [ecx_config_map_group,1397]: Input slave is 2, BitPos is 0, diff is 22, segmentsize is 128   
20260814-085649:534169856 EtherCAT|INFO [ecx_config_map_group,1382]: Input slave is 3, BitPos is 0, diff is 22, segmentsize is 128  
20260814-085649:534197480 EtherCAT|INFO [ecx_config_map_group,1397]: Input slave is 3, BitPos is 0, diff is 22, segmentsize is 150   
20260814-085649:541374136 EtherCAT|INFO [ecx_config_map_group,1382]: Input slave is 4, BitPos is 0, diff is 22, segmentsize is 150   
20260814-085649:541401592 EtherCAT|INFO [ecx_config_map_group,1397]: Input slave is 4, BitPos is 0, diff is 22, segmentsize is 172  
20260814-085649:548578848 EtherCAT|INFO [ecx_config_map_group,1382]: Input slave is 5, BitPos is 0, diff is 22, segmentsize is 172   
20260814-085649:548606552 EtherCAT|INFO [ecx_config_map_group,1397]: Input slave is 5, BitPos is 0, diff is 22, segmentsize is 194   
20260814-085649:555783272 EtherCAT|INFO [ecx_config_map_group,1382]: Input slave is 6, BitPos is 0, diff is 22, segmentsize is 194  
20260814-085649:555811696 EtherCAT|INFO [ecx_config_map_group,1397]: Input slave is 6, BitPos is 0, diff is 22, segmentsize is 216   
20260814-085649:562987616 EtherCAT|INFO [ecx_config_map_group,1382]: Input slave is 7, BitPos is 0, diff is 22, segmentsize is 216   
20260814-085649:563015168 EtherCAT|INFO [ecx_config_map_group,1397]: Input slave is 7, BitPos is 0, diff is 22, segmentsize is 238  
20260814-085649:563089096 EtherCAT|INFO [ecx_config_map_group,1448]: context->slavelist[0].inputs is 275993248, 154, 84  
20260814-085649:564289232 EtherCAT|INFO [ecx_config_map_group,1462]: input segmentsize is 238, currentsegment is 0, LogAddr is 154  
20260814-085649:564342280 EtherCAT|INFO [EcatDrv_Task,756]: [EtherCATDriver ] All slaves reach in SAFE-OP  
20260814-085649:564381280 EtherCAT|INFO [EcatDrv_Task,779]: [EtherCATDriver ] Slave:1
20260814-085649:564404720 EtherCAT|INFO [si_map_sdo,1898]: [EtherCATDriver ] PDO mapping according to CoE : 
20260814-085649:566764200 EtherCAT|INFO [si_map_sdo,1948]: [EtherCATDriver ]   SM2 outputs 
20260814-085649:566793240 EtherCAT|INFO [si_map_sdo,1949]: [EtherCATDriver ]      addr b   index: sub bitl data_type    name
20260814-085649:571751296 EtherCAT|INFO [si_PDOassign,2044]: [EtherCATDriver ]   [0x0000.0] 0x6040:0x00 0x10 UNSIGNED16   Control Word 
20260814-085649:573750056 EtherCAT|INFO [si_PDOassign,2044]: [EtherCATDriver ]   [0x0002.0] 0x6071:0x00 0x10 INTEGER16    Targe Torque 
20260814-085649:575749720 EtherCAT|INFO [si_PDOassign,2044]: [EtherCATDriver ]   [0x0004.0] 0x607A:0x00 0x20 INTEGER32    Target position
20260814-085649:577744440 EtherCAT|INFO [si_PDOassign,2044]: [EtherCATDriver ]   [0x0008.0] 0x60B2:0x00 0x10 INTEGER16    Torque Offset 
20260814-085649:579746120 EtherCAT|INFO [si_PDOassign,2044]: [EtherCATDriver ]   [0x000A.0] 0x6060:0x00 0x08 INTEGER8     Modes of Operation 
20260814-085649:580752776 EtherCAT|INFO [si_PDOassign,2044]: [EtherCATDriver ]   [0x000B.0] 0x0000:0x00 0x08 INTEGER8     Modes of Operation
20260814-085649:580783640 EtherCAT|INFO [si_PDOassign,2050]:  
20260814-085649:580805496 EtherCAT|INFO [si_map_sdo,1959]: [EtherCATDriver ]   SM3 inputs 
20260814-085649:580828960 EtherCAT|INFO [si_map_sdo,1960]: [EtherCATDriver ]      addr b   index: sub bitl data_type    name 
20260814-085649:585746128 EtherCAT|INFO [si_PDOassign,2044]: [EtherCATDriver ]   [0x0054.0] 0x6041:0x00 0x10 UNSIGNED16   Status Word
20260814-085649:587754480 EtherCAT|INFO [si_PDOassign,2044]: [EtherCATDriver ]   [0x0056.0] 0x603F:0x00 0x10 UNSIGNED16   Error Code 
20260814-085649:589744480 EtherCAT|INFO [si_PDOassign,2044]: [EtherCATDriver ]   [0x0058.0] 0x6064:0x00 0x20 INTEGER32    Position Actual Value 
20260814-085649:591746528 EtherCAT|INFO [si_PDOassign,2044]: [EtherCATDriver ]   [0x005C.0] 0x6077:0x00 0x10 INTEGER16    Torque actual value
20260814-085649:593748120 EtherCAT|INFO [si_PDOassign,2044]: [EtherCATDriver ]   [0x005E.0] 0x6078:0x00 0x10 INTEGER16    Current actual value 
20260814-085649:595746576 EtherCAT|INFO [si_PDOassign,2044]: [EtherCATDriver ]   [0x0060.0] 0x606C:0x00 0x20 INTEGER32    Velocity Actual Value 
20260814-085649:597745600 EtherCAT|INFO [si_PDOassign,2044]: [EtherCATDriver ]   [0x0064.0] 0x60F4:0x00 0x20 INTEGER32    Following Error Actual Value
20260814-085649:599745672 EtherCAT|INFO [si_PDOassign,2044]: [EtherCATDriver ]   [0x0068.0] 0x6061:0x00 0x08 INTEGER8     Modes of Operation Display 
20260814-085649:600752216 EtherCAT|INFO [si_PDOassign,2044]: [EtherCATDriver ]   [0x0069.0] 0x0000:0x00 0x08 INTEGER8     Modes of Operation Display 
20260814-085649:600783248 EtherCAT|INFO [si_PDOassign,2050]:  
20260814-085649:600806936 EtherCAT|INFO [EcatDrv_Task,779]: [EtherCATDriver ] Slave:2
20260814-085649:600829800 EtherCAT|INFO [si_map_sdo,1898]: [EtherCATDriver ] PDO mapping according to CoE : 
20260814-085649:602758136 EtherCAT|INFO [si_map_sdo,1948]: [EtherCATDriver ]   SM2 outputs 
20260814-085649:602786312 EtherCAT|INFO [si_map_sdo,1949]: [EtherCATDriver ]      addr b   index: sub bitl data_type    name
20260814-085649:607747312 EtherCAT|INFO [si_PDOassign,2044]: [EtherCATDriver ]   [0x000C.0] 0x6040:0x00 0x10 UNSIGNED16   Control Word 
20260814-085649:609745872 EtherCAT|INFO [si_PDOassign,2044]: [EtherCATDriver ]   [0x000E.0] 0x6071:0x00 0x10 INTEGER16    Targe Torque 
20260814-085649:611748056 EtherCAT|INFO [si_PDOassign,2044]: [EtherCATDriver ]   [0x0010.0] 0x607A:0x00 0x20 INTEGER32    Target position
20260814-085649:613747896 EtherCAT|INFO [si_PDOassign,2044]: [EtherCATDriver ]   [0x0014.0] 0x60B2:0x00 0x10 INTEGER16    Torque Offset 
20260814-085649:615746968 EtherCAT|INFO [si_PDOassign,2044]: [EtherCATDriver ]   [0x0016.0] 0x6060:0x00 0x08 INTEGER8     Modes of Operation 
20260814-085649:616756240 EtherCAT|INFO [si_PDOassign,2044]: [EtherCATDriver ]   [0x0017.0] 0x0000:0x00 0x08 INTEGER8     Modes of Operation
20260814-085649:616788040 EtherCAT|INFO [si_PDOassign,2050]:  
20260814-085649:616810680 EtherCAT|INFO [si_map_sdo,1959]: [EtherCATDriver ]   SM3 inputs 
20260814-085649:616832312 EtherCAT|INFO [si_map_sdo,1960]: [EtherCATDriver ]      addr b   index: sub bitl data_type    name 
20260814-085649:621747448 EtherCAT|INFO [si_PDOassign,2044]: [EtherCATDriver ]   [0x006A.0] 0x6041:0x00 0x10 UNSIGNED16   Status Word
20260814-085649:623748416 EtherCAT|INFO [si_PDOassign,2044]: [EtherCATDriver ]   [0x006C.0] 0x603F:0x00 0x10 UNSIGNED16   Error Code 
20260814-085649:625745360 EtherCAT|INFO [si_PDOassign,2044]: [EtherCATDriver ]   [0x006E.0] 0x6064:0x00 0x20 INTEGER32    Position Actual Value 
20260814-085649:627746648 EtherCAT|INFO [si_PDOassign,2044]: [EtherCATDriver ]   [0x0072.0] 0x6077:0x00 0x10 INTEGER16    Torque actual value
20260814-085649:629744792 EtherCAT|INFO [si_PDOassign,2044]: [EtherCATDriver ]   [0x0074.0] 0x6078:0x00 0x10 INTEGER16    Current actual value 
20260814-085649:631748128 EtherCAT|INFO [si_PDOassign,2044]: [EtherCATDriver ]   [0x0076.0] 0x606C:0x00 0x20 INTEGER32    Velocity Actual Value 
20260814-085649:633748536 EtherCAT|INFO [si_PDOassign,2044]: [EtherCATDriver ]   [0x007A.0] 0x60F4:0x00 0x20 INTEGER32    Following Error Actual Value
20260814-085649:635747320 EtherCAT|INFO [si_PDOassign,2044]: [EtherCATDriver ]   [0x007E.0] 0x6061:0x00 0x08 INTEGER8     Modes of Operation Display 
20260814-085649:636755928 EtherCAT|INFO [si_PDOassign,2044]: [EtherCATDriver ]   [0x007F.0] 0x0000:0x00 0x08 INTEGER8     Modes of Operation Display 
20260814-085649:636787000 EtherCAT|INFO [si_PDOassign,2050]:  
20260814-085649:636810792 EtherCAT|INFO [EcatDrv_Task,779]: [EtherCATDriver ] Slave:3
20260814-085649:636832976 EtherCAT|INFO [si_map_sdo,1898]: [EtherCATDriver ] PDO mapping according to CoE : 
20260814-085649:638753800 EtherCAT|INFO [si_map_sdo,1948]: [EtherCATDriver ]   SM2 outputs 
20260814-085649:638781120 EtherCAT|INFO [si_map_sdo,1949]: [EtherCATDriver ]      addr b   index: sub bitl data_type    name
20260814-085649:643751288 EtherCAT|INFO [si_PDOassign,2044]: [EtherCATDriver ]   [0x0018.0] 0x6040:0x00 0x10 UNSIGNED16   Control Word 
20260814-085649:645746576 EtherCAT|INFO [si_PDOassign,2044]: [EtherCATDriver ]   [0x001A.0] 0x6071:0x00 0x10 INTEGER16    Targe Torque 
20260814-085649:647746912 EtherCAT|INFO [si_PDOassign,2044]: [EtherCATDriver ]   [0x001C.0] 0x607A:0x00 0x20 INTEGER32    Target position
20260814-085649:649745792 EtherCAT|INFO [si_PDOassign,2044]: [EtherCATDriver ]   [0x0020.0] 0x60B2:0x00 0x10 INTEGER16    Torque Offset 
20260814-085649:651752512 EtherCAT|INFO [si_PDOassign,2044]: [EtherCATDriver ]   [0x0022.0] 0x6060:0x00 0x08 INTEGER8     Modes of Operation 
20260814-085649:652765872 EtherCAT|INFO [si_PDOassign,2044]: [EtherCATDriver ]   [0x0023.0] 0x0000:0x00 0x08 INTEGER8     Modes of Operation
20260814-085649:652796552 EtherCAT|INFO [si_PDOassign,2050]:  
20260814-085649:652818728 EtherCAT|INFO [si_map_sdo,1959]: [EtherCATDriver ]   SM3 inputs 
20260814-085649:652841840 EtherCAT|INFO [si_map_sdo,1960]: [EtherCATDriver ]      addr b   index: sub bitl data_type    name 
20260814-085649:657745376 EtherCAT|INFO [si_PDOassign,2044]: [EtherCATDriver ]   [0x0080.0] 0x6041:0x00 0x10 UNSIGNED16   Status Word
20260814-085649:659745160 EtherCAT|INFO [si_PDOassign,2044]: [EtherCATDriver ]   [0x0082.0] 0x603F:0x00 0x10 UNSIGNED16   Error Code 
20260814-085649:661747008 EtherCAT|INFO [si_PDOassign,2044]: [EtherCATDriver ]   [0x0084.0] 0x6064:0x00 0x20 INTEGER32    Position Actual Value 
20260814-085649:663748720 EtherCAT|INFO [si_PDOassign,2044]: [EtherCATDriver ]   [0x0088.0] 0x6077:0x00 0x10 INTEGER16    Torque actual value
20260814-085649:665745256 EtherCAT|INFO [si_PDOassign,2044]: [EtherCATDriver ]   [0x008A.0] 0x6078:0x00 0x10 INTEGER16    Current actual value 
20260814-085649:667748192 EtherCAT|INFO [si_PDOassign,2044]: [EtherCATDriver ]   [0x008C.0] 0x606C:0x00 0x20 INTEGER32    Velocity Actual Value 
20260814-085649:669744856 EtherCAT|INFO [si_PDOassign,2044]: [EtherCATDriver ]   [0x0090.0] 0x60F4:0x00 0x20 INTEGER32    Following Error Actual Value
20260814-085649:671748168 EtherCAT|INFO [si_PDOassign,2044]: [EtherCATDriver ]   [0x0094.0] 0x6061:0x00 0x08 INTEGER8     Modes of Operation Display 
20260814-085649:672753168 EtherCAT|INFO [si_PDOassign,2044]: [EtherCATDriver ]   [0x0095.0] 0x0000:0x00 0x08 INTEGER8     Modes of Operation Display 
20260814-085649:672783512 EtherCAT|INFO [si_PDOassign,2050]:  
20260814-085649:672806128 EtherCAT|INFO [EcatDrv_Task,779]: [EtherCATDriver ] Slave:4
20260814-085649:672828696 EtherCAT|INFO [si_map_sdo,1898]: [EtherCATDriver ] PDO mapping according to CoE : 
20260814-085649:674761016 EtherCAT|INFO [si_map_sdo,1948]: [EtherCATDriver ]   SM2 outputs 
20260814-085649:674787712 EtherCAT|INFO [si_map_sdo,1949]: [EtherCATDriver ]      addr b   index: sub bitl data_type    name
20260814-085649:679746848 EtherCAT|INFO [si_PDOassign,2044]: [EtherCATDriver ]   [0x0024.0] 0x6040:0x00 0x10 UNSIGNED16   Control Word 
20260814-085649:681747416 EtherCAT|INFO [si_PDOassign,2044]: [EtherCATDriver ]   [0x0026.0] 0x6071:0x00 0x10 INTEGER16    Targe Torque 
20260814-085649:683749656 EtherCAT|INFO [si_PDOassign,2044]: [EtherCATDriver ]   [0x0028.0] 0x607A:0x00 0x20 INTEGER32    Target position
20260814-085649:685744736 EtherCAT|INFO [si_PDOassign,2044]: [EtherCATDriver ]   [0x002C.0] 0x60B2:0x00 0x10 INTEGER16    Torque Offset 
20260814-085649:687745608 EtherCAT|INFO [si_PDOassign,2044]: [EtherCATDriver ]   [0x002E.0] 0x6060:0x00 0x08 INTEGER8     Modes of Operation 
20260814-085649:688752872 EtherCAT|INFO [si_PDOassign,2044]: [EtherCATDriver ]   [0x002F.0] 0x0000:0x00 0x08 INTEGER8     Modes of Operation
20260814-085649:688783680 EtherCAT|INFO [si_PDOassign,2050]:  
20260814-085649:688807328 EtherCAT|INFO [si_map_sdo,1959]: [EtherCATDriver ]   SM3 inputs 
20260814-085649:688829288 EtherCAT|INFO [si_map_sdo,1960]: [EtherCATDriver ]      addr b   index: sub bitl data_type    name 
20260814-085649:693749720 EtherCAT|INFO [si_PDOassign,2044]: [EtherCATDriver ]   [0x0096.0] 0x6041:0x00 0x10 UNSIGNED16   Status Word
20260814-085649:695746912 EtherCAT|INFO [si_PDOassign,2044]: [EtherCATDriver ]   [0x0098.0] 0x603F:0x00 0x10 UNSIGNED16   Error Code 
20260814-085649:697744192 EtherCAT|INFO [si_PDOassign,2044]: [EtherCATDriver ]   [0x009A.0] 0x6064:0x00 0x20 INTEGER32    Position Actual Value 
20260814-085649:699745608 EtherCAT|INFO [si_PDOassign,2044]: [EtherCATDriver ]   [0x009E.0] 0x6077:0x00 0x10 INTEGER16    Torque actual value
20260814-085649:701755088 EtherCAT|INFO [si_PDOassign,2044]: [EtherCATDriver ]   [0x00A0.0] 0x6078:0x00 0x10 INTEGER16    Current actual value 
20260814-085649:703751912 EtherCAT|INFO [si_PDOassign,2044]: [EtherCATDriver ]   [0x00A2.0] 0x606C:0x00 0x20 INTEGER32    Velocity Actual Value 
20260814-085649:705745840 EtherCAT|INFO [si_PDOassign,2044]: [EtherCATDriver ]   [0x00A6.0] 0x60F4:0x00 0x20 INTEGER32    Following Error Actual Value
20260814-085649:707744848 EtherCAT|INFO [si_PDOassign,2044]: [EtherCATDriver ]   [0x00AA.0] 0x6061:0x00 0x08 INTEGER8     Modes of Operation Display 
20260814-085649:708753416 EtherCAT|INFO [si_PDOassign,2044]: [EtherCATDriver ]   [0x00AB.0] 0x0000:0x00 0x08 INTEGER8     Modes of Operation Display 
20260814-085649:708784712 EtherCAT|INFO [si_PDOassign,2050]:  
20260814-085649:708808568 EtherCAT|INFO [EcatDrv_Task,779]: [EtherCATDriver ] Slave:5
20260814-085649:708831352 EtherCAT|INFO [si_map_sdo,1898]: [EtherCATDriver ] PDO mapping according to CoE : 
20260814-085649:710751656 EtherCAT|INFO [si_map_sdo,1948]: [EtherCATDriver ]   SM2 outputs 
20260814-085649:710778792 EtherCAT|INFO [si_map_sdo,1949]: [EtherCATDriver ]      addr b   index: sub bitl data_type    name
20260814-085649:715747368 EtherCAT|INFO [si_PDOassign,2044]: [EtherCATDriver ]   [0x0030.0] 0x6040:0x00 0x10 UNSIGNED16   Control Word 
20260814-085649:717752336 EtherCAT|INFO [si_PDOassign,2044]: [EtherCATDriver ]   [0x0032.0] 0x6071:0x00 0x10 INTEGER16    Targe Torque 
20260814-085649:719755640 EtherCAT|INFO [si_PDOassign,2044]: [EtherCATDriver ]   [0x0034.0] 0x607A:0x00 0x20 INTEGER32    Target position
20260814-085649:721747368 EtherCAT|INFO [si_PDOassign,2044]: [EtherCATDriver ]   [0x0038.0] 0x60B2:0x00 0x10 INTEGER16    Torque Offset 
20260814-085649:723761816 EtherCAT|INFO [si_PDOassign,2044]: [EtherCATDriver ]   [0x003A.0] 0x6060:0x00 0x08 INTEGER8     Modes of Operation 
20260814-085649:724777600 EtherCAT|INFO [si_PDOassign,2044]: [EtherCATDriver ]   [0x003B.0] 0x0000:0x00 0x08 INTEGER8     Modes of Operation
20260814-085649:724808472 EtherCAT|INFO [si_PDOassign,2050]:  
20260814-085649:724831312 EtherCAT|INFO [si_map_sdo,1959]: [EtherCATDriver ]   SM3 inputs 
20260814-085649:724853688 EtherCAT|INFO [si_map_sdo,1960]: [EtherCATDriver ]      addr b   index: sub bitl data_type    name 
20260814-085649:729743720 EtherCAT|INFO [si_PDOassign,2044]: [EtherCATDriver ]   [0x00AC.0] 0x6041:0x00 0x10 UNSIGNED16   Status Word
20260814-085649:731747400 EtherCAT|INFO [si_PDOassign,2044]: [EtherCATDriver ]   [0x00AE.0] 0x603F:0x00 0x10 UNSIGNED16   Error Code 
20260814-085649:733756088 EtherCAT|INFO [si_PDOassign,2044]: [EtherCATDriver ]   [0x00B0.0] 0x6064:0x00 0x20 INTEGER32    Position Actual Value 
20260814-085649:735747400 EtherCAT|INFO [si_PDOassign,2044]: [EtherCATDriver ]   [0x00B4.0] 0x6077:0x00 0x10 INTEGER16    Torque actual value
20260814-085649:737744600 EtherCAT|INFO [si_PDOassign,2044]: [EtherCATDriver ]   [0x00B6.0] 0x6078:0x00 0x10 INTEGER16    Current actual value 
20260814-085649:739744720 EtherCAT|INFO [si_PDOassign,2044]: [EtherCATDriver ]   [0x00B8.0] 0x606C:0x00 0x20 INTEGER32    Velocity Actual Value 
20260814-085649:741748672 EtherCAT|INFO [si_PDOassign,2044]: [EtherCATDriver ]   [0x00BC.0] 0x60F4:0x00 0x20 INTEGER32    Following Error Actual Value
20260814-085649:743747912 EtherCAT|INFO [si_PDOassign,2044]: [EtherCATDriver ]   [0x00C0.0] 0x6061:0x00 0x08 INTEGER8     Modes of Operation Display 
20260814-085649:744758280 EtherCAT|INFO [si_PDOassign,2044]: [EtherCATDriver ]   [0x00C1.0] 0x0000:0x00 0x08 INTEGER8     Modes of Operation Display 
20260814-085649:744789520 EtherCAT|INFO [si_PDOassign,2050]:  
20260814-085649:744813032 EtherCAT|INFO [EcatDrv_Task,779]: [EtherCATDriver ] Slave:6
20260814-085649:744835768 EtherCAT|INFO [si_map_sdo,1898]: [EtherCATDriver ] PDO mapping according to CoE : 
20260814-085649:746754080 EtherCAT|INFO [si_map_sdo,1948]: [EtherCATDriver ]   SM2 outputs 
20260814-085649:746781168 EtherCAT|INFO [si_map_sdo,1949]: [EtherCATDriver ]      addr b   index: sub bitl data_type    name
20260814-085649:751748728 EtherCAT|INFO [si_PDOassign,2044]: [EtherCATDriver ]   [0x003C.0] 0x6040:0x00 0x10 UNSIGNED16   Control Word 
20260814-085649:753749936 EtherCAT|INFO [si_PDOassign,2044]: [EtherCATDriver ]   [0x003E.0] 0x6071:0x00 0x10 INTEGER16    Targe Torque 
20260814-085649:755745936 EtherCAT|INFO [si_PDOassign,2044]: [EtherCATDriver ]   [0x0040.0] 0x607A:0x00 0x20 INTEGER32    Target position
20260814-085649:757746120 EtherCAT|INFO [si_PDOassign,2044]: [EtherCATDriver ]   [0x0044.0] 0x60B2:0x00 0x10 INTEGER16    Torque Offset 
20260814-085649:759745200 EtherCAT|INFO [si_PDOassign,2044]: [EtherCATDriver ]   [0x0046.0] 0x6060:0x00 0x08 INTEGER8     Modes of Operation 
20260814-085649:760752016 EtherCAT|INFO [si_PDOassign,2044]: [EtherCATDriver ]   [0x0047.0] 0x0000:0x00 0x08 INTEGER8     Modes of Operation
20260814-085649:760782592 EtherCAT|INFO [si_PDOassign,2050]:  
20260814-085649:760805400 EtherCAT|INFO [si_map_sdo,1959]: [EtherCATDriver ]   SM3 inputs 
20260814-085649:760828872 EtherCAT|INFO [si_map_sdo,1960]: [EtherCATDriver ]      addr b   index: sub bitl data_type    name 
20260814-085649:765746776 EtherCAT|INFO [si_PDOassign,2044]: [EtherCATDriver ]   [0x00C2.0] 0x6041:0x00 0x10 UNSIGNED16   Status Word
20260814-085649:767746640 EtherCAT|INFO [si_PDOassign,2044]: [EtherCATDriver ]   [0x00C4.0] 0x603F:0x00 0x10 UNSIGNED16   Error Code 
20260814-085649:769750888 EtherCAT|INFO [si_PDOassign,2044]: [EtherCATDriver ]   [0x00C6.0] 0x6064:0x00 0x20 INTEGER32    Position Actual Value 
20260814-085649:771750432 EtherCAT|INFO [si_PDOassign,2044]: [EtherCATDriver ]   [0x00CA.0] 0x6077:0x00 0x10 INTEGER16    Torque actual value
20260814-085649:773748088 EtherCAT|INFO [si_PDOassign,2044]: [EtherCATDriver ]   [0x00CC.0] 0x6078:0x00 0x10 INTEGER16    Current actual value 
20260814-085649:775745336 EtherCAT|INFO [si_PDOassign,2044]: [EtherCATDriver ]   [0x00CE.0] 0x606C:0x00 0x20 INTEGER32    Velocity Actual Value 
20260814-085649:777745760 EtherCAT|INFO [si_PDOassign,2044]: [EtherCATDriver ]   [0x00D2.0] 0x60F4:0x00 0x20 INTEGER32    Following Error Actual Value
20260814-085649:779745600 EtherCAT|INFO [si_PDOassign,2044]: [EtherCATDriver ]   [0x00D6.0] 0x6061:0x00 0x08 INTEGER8     Modes of Operation Display 
20260814-085649:780752352 EtherCAT|INFO [si_PDOassign,2044]: [EtherCATDriver ]   [0x00D7.0] 0x0000:0x00 0x08 INTEGER8     Modes of Operation Display 
20260814-085649:780782760 EtherCAT|INFO [si_PDOassign,2050]:  
20260814-085649:780806008 EtherCAT|INFO [EcatDrv_Task,779]: [EtherCATDriver ] Slave:7
20260814-085649:780828520 EtherCAT|INFO [si_map_sdo,1898]: [EtherCATDriver ] PDO mapping according to CoE : 
20260814-085649:781746952 EtherCAT|INFO [si_map_sdo,1948]: [EtherCATDriver ]   SM2 outputs 
20260814-085649:781772960 EtherCAT|INFO [si_map_sdo,1949]: [EtherCATDriver ]      addr b   index: sub bitl data_type    name
20260814-085649:786772320 EtherCAT|INFO [si_PDOassign,2044]: [EtherCATDriver ]   [0x0048.0] 0x6040:0x00 0x10 UNSIGNED16   Control Word 
20260814-085649:788770728 EtherCAT|INFO [si_PDOassign,2044]: [EtherCATDriver ]   [0x004A.0] 0x6071:0x00 0x10 INTEGER16    Targe Torque 
20260814-085649:790751192 EtherCAT|INFO [si_PDOassign,2044]: [EtherCATDriver ]   [0x004C.0] 0x607A:0x00 0x20 INTEGER32    Target position
20260814-085649:792769648 EtherCAT|INFO [si_PDOassign,2044]: [EtherCATDriver ]   [0x0050.0] 0x60B2:0x00 0x10 INTEGER16    Torque Offset 
20260814-085649:794759240 EtherCAT|INFO [si_PDOassign,2044]: [EtherCATDriver ]   [0x0052.0] 0x6060:0x00 0x08 INTEGER8     Modes of Operation 
20260814-085649:795746072 EtherCAT|INFO [si_PDOassign,2044]: [EtherCATDriver ]   [0x0053.0] 0x0000:0x00 0x08 INTEGER8     Modes of Operation
20260814-085649:795777536 EtherCAT|INFO [si_PDOassign,2050]:  
20260814-085649:795821208 EtherCAT|INFO [si_map_sdo,1959]: [EtherCATDriver ]   SM3 inputs 
20260814-085649:795844136 EtherCAT|INFO [si_map_sdo,1960]: [EtherCATDriver ]      addr b   index: sub bitl data_type    name 
20260814-085649:800752656 EtherCAT|INFO [si_PDOassign,2044]: [EtherCATDriver ]   [0x00D8.0] 0x6041:0x00 0x10 UNSIGNED16   Status Word
20260814-085649:802752088 EtherCAT|INFO [si_PDOassign,2044]: [EtherCATDriver ]   [0x00DA.0] 0x603F:0x00 0x10 UNSIGNED16   Error Code 
20260814-085649:804760632 EtherCAT|INFO [si_PDOassign,2044]: [EtherCATDriver ]   [0x00DC.0] 0x6064:0x00 0x20 INTEGER32    Position Actual Value 
20260814-085649:806757008 EtherCAT|INFO [si_PDOassign,2044]: [EtherCATDriver ]   [0x00E0.0] 0x6077:0x00 0x10 INTEGER16    Torque actual value
20260814-085649:808755272 EtherCAT|INFO [si_PDOassign,2044]: [EtherCATDriver ]   [0x00E2.0] 0x6078:0x00 0x10 INTEGER16    Current actual value 
20260814-085649:810751016 EtherCAT|INFO [si_PDOassign,2044]: [EtherCATDriver ]   [0x00E4.0] 0x606C:0x00 0x20 INTEGER32    Velocity Actual Value 
20260814-085649:812752280 EtherCAT|INFO [si_PDOassign,2044]: [EtherCATDriver ]   [0x00E8.0] 0x60F4:0x00 0x20 INTEGER32    Following Error Actual Value
20260814-085649:814762256 EtherCAT|INFO [si_PDOassign,2044]: [EtherCATDriver ]   [0x00EC.0] 0x6061:0x00 0x08 INTEGER8     Modes of Operation Display 
20260814-085649:815745288 EtherCAT|INFO [si_PDOassign,2044]: [EtherCATDriver ]   [0x00ED.0] 0x0000:0x00 0x08 INTEGER8     Modes of Operation Display 
20260814-085649:815776216 EtherCAT|INFO [si_PDOassign,2050]: 
20260814-085649:815824768 EtherCAT|INFO [EcatDrv_Task,822]: [EtherCATDriver ] Set running flag  
20260814-085649:816092776 EtherCAT|ERROR [EcatStack_PDOReceive,334]: CommInterruptTimes is 1, print count is 0. 
20260814-085650:019691080 EtherCAT|INFO [EcatDrv_Task,829]: [EtherCATDriver ] All slaves reach in OP status successful!  
20260814-085650:019718040 EtherCAT|INFO [EcatDrv_Task,835]: [EtherCATDriver ] Task state is CONFIG turn to NORMAL
20260814-085650:019742672 EtherCAT|INFO [EcatDrv_CheckEvent,1232]: coe_event is 4, pre is 1  
20260814-085650:019763896 EtherCAT|INFO [EcatDrv_Task,943]: [EtherCATDriver ] Task state is NORMAL turn to IDLE  
20260814-085650:020914000 EtherCAT|INFO [NrtData_ReadSwVersion_VEICHI,569]: slave : 1 Sw-Vesrion : VEICHI1-SW_V13458_01213. 
20260814-085650:020941736 EtherCAT|INFO [CANopenModule_GetVersion,848]: [CANopenModule  ] slave : 0 Sw-Vesrion : VEICHI1-SW_V13458_01213  
20260814-085650:022900160 EtherCAT|INFO [NrtData_ReadSwVersion_VEICHI,569]: slave : 2 Sw-Vesrion : VEICHI2-SW_V13458_01714.  
20260814-085650:022927208 EtherCAT|INFO [CANopenModule_GetVersion,848]: [CANopenModule  ] slave : 1 Sw-Vesrion : VEICHI2-SW_V13458_01714
20260814-085650:024893880 EtherCAT|INFO [NrtData_ReadSwVersion_VEICHI,569]: slave : 3 Sw-Vesrion : VEICHI3-SW_V13458_01213.  
20260814-085650:024921256 EtherCAT|INFO [CANopenModule_GetVersion,848]: [CANopenModule  ] slave : 2 Sw-Vesrion : VEICHI3-SW_V13458_01213  
20260814-085650:027803296 EtherCAT|INFO [NrtData_ReadSwVersion_VEICHI,569]: slave : 4 Sw-Vesrion : VEICHI4-SW_V13458_01213. 
20260814-085650:027830568 EtherCAT|INFO [CANopenModule_GetVersion,848]: [CANopenModule  ] slave : 3 Sw-Vesrion : VEICHI4-SW_V13458_01213  
20260814-085650:030795672 EtherCAT|INFO [NrtData_ReadSwVersion_VEICHI,569]: slave : 5 Sw-Vesrion : VEICHI5-SW_V13458_01213.  
20260814-085650:030822728 EtherCAT|INFO [CANopenModule_GetVersion,848]: [CANopenModule  ] slave : 4 Sw-Vesrion : VEICHI5-SW_V13458_01213
20260814-085650:033791448 EtherCAT|INFO [NrtData_ReadSwVersion_VEICHI,569]: slave : 6 Sw-Vesrion : VEICHI6-SW_V13458_01714.  
20260814-085650:033818056 EtherCAT|INFO [CANopenModule_GetVersion,848]: [CANopenModule  ] slave : 5 Sw-Vesrion : VEICHI6-SW_V13458_01714  
20260814-085650:036781992 EtherCAT|INFO [NrtData_ReadSwVersion_VEICHI,569]: slave : 7 Sw-Vesrion : VEICHI7-SW_V13458_01213. 
20260814-085650:036810248 EtherCAT|INFO [CANopenModule_GetVersion,848]: [CANopenModule  ] slave : 6 Sw-Vesrion : VEICHI7-SW_V13458_01213  
20260814-085650:039779376 EtherCAT|INFO [NrtData_ReadHwVersion_VEICHI,528]: slave : 1 Hw-Vesrion : VEICHI1-HW_VA1.2  
20260814-085650:039806248 EtherCAT|INFO [CANopenModule_GetVersion,853]: [CANopenModule  ] slave : 0 Hw-Vesrion : VEICHI1-HW_VA1.2
20260814-085650:041897840 EtherCAT|INFO [NrtData_ReadHwVersion_VEICHI,528]: slave : 2 Hw-Vesrion : VEICHI2-HW_VA1.0  
20260814-085650:041925160 EtherCAT|INFO [CANopenModule_GetVersion,853]: [CANopenModule  ] slave : 1 Hw-Vesrion : VEICHI2-HW_VA1.0  
20260814-085650:043898448 EtherCAT|INFO [NrtData_ReadHwVersion_VEICHI,528]: slave : 3 Hw-Vesrion : VEICHI3-HW_VA1.2
20260814-085650:043925016 EtherCAT|INFO [CANopenModule_GetVersion,853]: [CANopenModule  ] slave : 2 Hw-Vesrion : VEICHI3-HW_VA1.2  
20260814-085650:045901576 EtherCAT|INFO [NrtData_ReadHwVersion_VEICHI,528]: slave : 4 Hw-Vesrion : VEICHI4-HW_VA1.2  
20260814-085650:045929496 EtherCAT|INFO [CANopenModule_GetVersion,853]: [CANopenModule  ] slave : 3 Hw-Vesrion : VEICHI4-HW_VA1.2
20260814-085650:047897168 EtherCAT|INFO [NrtData_ReadHwVersion_VEICHI,528]: slave : 5 Hw-Vesrion : VEICHI5-HW_VA1.2  
20260814-085650:047923832 EtherCAT|INFO [CANopenModule_GetVersion,853]: [CANopenModule  ] slave : 4 Hw-Vesrion : VEICHI5-HW_VA1.2  
20260814-085650:049892320 EtherCAT|INFO [NrtData_ReadHwVersion_VEICHI,528]: slave : 6 Hw-Vesrion : VEICHI6-HW_VA1.0
20260814-085650:049919200 EtherCAT|INFO [CANopenModule_GetVersion,853]: [CANopenModule  ] slave : 5 Hw-Vesrion : VEICHI6-HW_VA1.0  
20260814-085650:051887768 EtherCAT|INFO [NrtData_ReadHwVersion_VEICHI,528]: slave : 7 Hw-Vesrion : VEICHI7-HW_VA1.2  
20260814-085650:051914240 EtherCAT|INFO [CANopenModule_GetVersion,853]: [CANopenModule  ] slave : 6 Hw-Vesrion : VEICHI7-HW_VA1.2
20260814-085650:053669168 MCLink|INFO [mclink_set_system_status,171]: ----------------------system enter status 5 ------------------------ 
20260814-085650:054219176 EtherCAT|INFO [CANopenModule_ThreadEntry,422]: [CANopenModule  ] Get slave Version is done  
20260814-085650:054244208 EtherCAT|INFO [CANopenModule_ThreadEntry,423]: [CANopenModule  ] Task state is RESOURCE_CHK turn to RUN
20260814-085650:058095048 Macro|INFO [ReadRatedCurAll,300]: rated_current axis 1 = 8900   
20260814-085650:061089912 Macro|INFO [ReadRatedCurAll,300]: rated_current axis 2 = 10000   
20260814-085650:064105760 Macro|INFO [ReadRatedCurAll,300]: rated_current axis 3 = 3500   
20260814-085650:068104760 Macro|INFO [ReadRatedCurAll,300]: rated_current axis 4 = 3500 
20260814-085650:071089392 Macro|INFO [ReadRatedCurAll,300]: rated_current axis 5 = 3500   
20260814-085650:074102688 Macro|INFO [ReadRatedCurAll,300]: rated_current axis 6 = 3000   
20260814-085650:077091816 Macro|INFO [ReadRatedCurAll,300]: rated_current axis 7 = 3500   
20260814-085650:078235920 CP-IP|INFO [IPCommission_FunctionInit,1144]: Comm-E is init finish. 
20260814-085650:078265176 CP-IP|INFO [IPCommission_FunctionInit,1162]: wait linux netcard，no timeout, use time = 0.000000 sec  
20260814-085650:086075376 Macro|INFO [ReadPIDAll,365]: pos_kp axis 1 = 80   
20260814-085650:086104512 Macro|INFO [ReadPIDAll,366]: vel_kp axis 1 = 400   
20260814-085650:086127760 Macro|INFO [ReadPIDAll,367]: vel_ki axis 1 = 500   
20260814-085650:095109040 Macro|INFO [ReadPIDAll,365]: pos_kp axis 2 = 80 
20260814-085650:095137696 Macro|INFO [ReadPIDAll,366]: vel_kp axis 2 = 400   
20260814-085650:095161360 Macro|INFO [ReadPIDAll,367]: vel_ki axis 2 = 500   
20260814-085650:104121280 Macro|INFO [ReadPIDAll,365]: pos_kp axis 3 = 80   
20260814-085650:104151712 Macro|INFO [ReadPIDAll,366]: vel_kp axis 3 = 400   
20260814-085650:104175008 Macro|INFO [ReadPIDAll,367]: vel_ki axis 3 = 500 
20260814-085650:113109880 Macro|INFO [ReadPIDAll,365]: pos_kp axis 4 = 80   
20260814-085650:113139120 Macro|INFO [ReadPIDAll,366]: vel_kp axis 4 = 400   
20260814-085650:113161840 Macro|INFO [ReadPIDAll,367]: vel_ki axis 4 = 500   
20260814-085650:122076352 Macro|INFO [ReadPIDAll,365]: pos_kp axis 5 = 80   
20260814-085650:122104792 Macro|INFO [ReadPIDAll,366]: vel_kp axis 5 = 400 
20260814-085650:122128048 Macro|INFO [ReadPIDAll,367]: vel_ki axis 5 = 500   
20260814-085650:131088872 Macro|INFO [ReadPIDAll,365]: pos_kp axis 6 = 80   
20260814-085650:131117216 Macro|INFO [ReadPIDAll,366]: vel_kp axis 6 = 400   
20260814-085650:131140312 Macro|INFO [ReadPIDAll,367]: vel_ki axis 6 = 500   
20260814-085650:140083160 Macro|INFO [ReadPIDAll,365]: pos_kp axis 7 = 80 
20260814-085650:140112592 Macro|INFO [ReadPIDAll,366]: vel_kp axis 7 = 400   
20260814-085650:140136152 Macro|INFO [ReadPIDAll,367]: vel_ki axis 7 = 500   
20260814-085650:143091152 Macro|INFO [ReadPosTrackingErrAll,615]: pos_tracking_err axis 1 = 50000.  
20260814-085650:146078832 Macro|INFO [ReadPosTrackingErrAll,615]: pos_tracking_err axis 2 = 50000. 
20260814-085650:149093376 Macro|INFO [ReadPosTrackingErrAll,615]: pos_tracking_err axis 3 = 50000.  
20260814-085650:152098008 Macro|INFO [ReadPosTrackingErrAll,615]: pos_tracking_err axis 4 = 50000.  
20260814-085650:155120056 Macro|INFO [ReadPosTrackingErrAll,615]: pos_tracking_err axis 5 = 50000.  
20260814-085650:158096400 Macro|INFO [ReadPosTrackingErrAll,615]: pos_tracking_err axis 6 = 50000. 
20260814-085650:161111088 Macro|INFO [ReadPosTrackingErrAll,615]: pos_tracking_err axis 7 = 50000.  
20260814-085650:164157928 EC_IDN|ERROR [NrtData_IdnRead,479]: The IDN data only support ZERO ERROR module!  
20260814-085650:164188152 Macro|INFO [ReadCanAll,420]: read velocity integral limit error -1502, will set default value is 80000.  
20260814-085650:177172880 EC_IDN|INFO [NrtData_IdnCallback_VEICHI,256]: 0x2002: 65h is 10000, 1 
20260814-085650:178160552 EC_IDN|INFO [NrtData_IdnCallback_VEICHI,267]: 0x2002: 66h is 0, 1  
20260814-085650:187091848 Macro|INFO [ReadCanAll,557]: hard pos_tracking_err axis 1 = 50000   
20260814-085650:187123952 Macro|INFO [ReadCanAll,558]: hard spd_tracking_err axis 1 = 10   
20260814-085650:187147000 Macro|INFO [ReadCanAll,559]: vel_integal_lim axis 1 = 80000 
20260814-085650:187171128 Macro|INFO [ReadCanAll,560]: stall current axis 1 = 1100   
20260814-085650:187192512 Macro|INFO [ReadCanAll,561]: stall speed axis 1 = 10   
20260814-085650:187212792 Macro|INFO [ReadCanAll,562]: stall time axis 1 = 500   
20260814-085650:187234736 Macro|INFO [ReadCanAll,564]: soft pos_tracking_err axis 1 = 5242944   
20260814-085650:187259448 Macro|INFO [ReadCanAll,565]: soft spd_tracking_err axis 1 = 10 
20260814-085650:187279672 Macro|INFO [ReadCanAll,566]: soft stall current axis 1 = 900   
20260814-085650:187300592 Macro|INFO [ReadCanAll,567]: soft stall speed axis 1 = 50   
20260814-085650:187320992 Macro|INFO [ReadCanAll,568]: soft stall time axis 1 = 250   
20260814-085650:191125768 EC_IDN|ERROR [NrtData_IdnRead,479]: The IDN data only support ZERO ERROR module! 
20260814-085650:191156272 Macro|INFO [ReadCanAll,420]: read velocity integral limit error -1502, will set default value is 80000.  
20260814-085650:204192360 EC_IDN|INFO [NrtData_IdnCallback_VEICHI,256]: 0x2002: 65h is 10000, 1  
20260814-085650:205185160 EC_IDN|INFO [NrtData_IdnCallback_VEICHI,267]: 0x2002: 66h is 0, 1  
20260814-085650:214097256 Macro|INFO [ReadCanAll,557]: hard pos_tracking_err axis 2 = 50000 
20260814-085650:214129248 Macro|INFO [ReadCanAll,558]: hard spd_tracking_err axis 2 = 10   
20260814-085650:214152552 Macro|INFO [ReadCanAll,559]: vel_integal_lim axis 2 = 80000   
20260814-085650:214176488 Macro|INFO [ReadCanAll,560]: stall current axis 2 = 1100   
20260814-085650:214197672 Macro|INFO [ReadCanAll,561]: stall speed axis 2 = 10   
20260814-085650:214217832 Macro|INFO [ReadCanAll,562]: stall time axis 2 = 500 
20260814-085650:214238208 Macro|INFO [ReadCanAll,564]: soft pos_tracking_err axis 2 = 5242944   
20260814-085650:214263952 Macro|INFO [ReadCanAll,565]: soft spd_tracking_err axis 2 = 10   
20260814-085650:214284800 Macro|INFO [ReadCanAll,566]: soft stall current axis 2 = 900   
20260814-085650:214306128 Macro|INFO [ReadCanAll,567]: soft stall speed axis 2 = 50   
20260814-085650:214327480 Macro|INFO [ReadCanAll,568]: soft stall time axis 2 = 250 
20260814-085650:218106400 EC_IDN|ERROR [NrtData_IdnRead,479]: The IDN data only support ZERO ERROR module!  
20260814-085650:218136080 Macro|INFO [ReadCanAll,420]: read velocity integral limit error -1502, will set default value is 80000.  
20260814-085650:231174160 EC_IDN|INFO [NrtData_IdnCallback_VEICHI,256]: 0x2002: 65h is 10000, 1  
20260814-085650:231387400 EC_IDN|INFO [NrtData_IdnCallback_VEICHI,267]: 0x2002: 66h is 0, 1 
20260814-085650:240080520 Macro|INFO [ReadCanAll,557]: hard pos_tracking_err axis 3 = 50000   
20260814-085650:240112440 Macro|INFO [ReadCanAll,558]: hard spd_tracking_err axis 3 = 10   
20260814-085650:240136328 Macro|INFO [ReadCanAll,559]: vel_integal_lim axis 3 = 80000   
20260814-085650:240160552 Macro|INFO [ReadCanAll,560]: stall current axis 3 = 1100   
20260814-085650:240181656 Macro|INFO [ReadCanAll,561]: stall speed axis 3 = 10 
20260814-085650:240202520 Macro|INFO [ReadCanAll,562]: stall time axis 3 = 500   
20260814-085650:240223856 Macro|INFO [ReadCanAll,564]: soft pos_tracking_err axis 3 = 5242944   
20260814-085650:240248552 Macro|INFO [ReadCanAll,565]: soft spd_tracking_err axis 3 = 10   
20260814-085650:240268776 Macro|INFO [ReadCanAll,566]: soft stall current axis 3 = 900   
20260814-085650:240291072 Macro|INFO [ReadCanAll,567]: soft stall speed axis 3 = 50 
20260814-085650:240311896 Macro|INFO [ReadCanAll,568]: soft stall time axis 3 = 250   
20260814-085650:244142216 EC_IDN|ERROR [NrtData_IdnRead,479]: The IDN data only support ZERO ERROR module!  
20260814-085650:244173016 Macro|INFO [ReadCanAll,420]: read velocity integral limit error -1502, will set default value is 80000.  
20260814-085650:257181080 EC_IDN|INFO [NrtData_IdnCallback_VEICHI,256]: 0x2002: 65h is 10000, 1 
20260814-085650:258166416 EC_IDN|INFO [NrtData_IdnCallback_VEICHI,267]: 0x2002: 66h is 0, 1  
20260814-085650:267093896 Macro|INFO [ReadCanAll,557]: hard pos_tracking_err axis 4 = 50000   
20260814-085650:267125032 Macro|INFO [ReadCanAll,558]: hard spd_tracking_err axis 4 = 10   
20260814-085650:267149232 Macro|INFO [ReadCanAll,559]: vel_integal_lim axis 4 = 80000 
20260814-085650:267173840 Macro|INFO [ReadCanAll,560]: stall current axis 4 = 1100   
20260814-085650:267196208 Macro|INFO [ReadCanAll,561]: stall speed axis 4 = 10   
20260814-085650:267218176 Macro|INFO [ReadCanAll,562]: stall time axis 4 = 500   
20260814-085650:267239848 Macro|INFO [ReadCanAll,564]: soft pos_tracking_err axis 4 = 5242944   
20260814-085650:267264856 Macro|INFO [ReadCanAll,565]: soft spd_tracking_err axis 4 = 10 
20260814-085650:267285352 Macro|INFO [ReadCanAll,566]: soft stall current axis 4 = 900   
20260814-085650:267306168 Macro|INFO [ReadCanAll,567]: soft stall speed axis 4 = 50   
20260814-085650:267326392 Macro|INFO [ReadCanAll,568]: soft stall time axis 4 = 250   
20260814-085650:271119848 EC_IDN|ERROR [NrtData_IdnRead,479]: The IDN data only support ZERO ERROR module! 
20260814-085650:271149896 Macro|INFO [ReadCanAll,420]: read velocity integral limit error -1502, will set default value is 80000.  
20260814-085650:283175840 EC_IDN|INFO [NrtData_IdnCallback_VEICHI,256]: 0x2002: 65h is 10000, 1  
20260814-085650:283390808 EC_IDN|INFO [NrtData_IdnCallback_VEICHI,267]: 0x2002: 66h is 0, 1  
20260814-085650:292088600 Macro|INFO [ReadCanAll,557]: hard pos_tracking_err axis 5 = 50000 
20260814-085650:292120968 Macro|INFO [ReadCanAll,558]: hard spd_tracking_err axis 5 = 10   
20260814-085650:292144248 Macro|INFO [ReadCanAll,559]: vel_integal_lim axis 5 = 80000   
20260814-085650:292167752 Macro|INFO [ReadCanAll,560]: stall current axis 5 = 1100   
20260814-085650:292189848 Macro|INFO [ReadCanAll,561]: stall speed axis 5 = 10   
20260814-085650:292210040 Macro|INFO [ReadCanAll,562]: stall time axis 5 = 500 
20260814-085650:292230992 Macro|INFO [ReadCanAll,564]: soft pos_tracking_err axis 5 = 5242944   
20260814-085650:292255840 Macro|INFO [ReadCanAll,565]: soft spd_tracking_err axis 5 = 10   
20260814-085650:292277800 Macro|INFO [ReadCanAll,566]: soft stall current axis 5 = 900   
20260814-085650:292299552 Macro|INFO [ReadCanAll,567]: soft stall speed axis 5 = 50   
20260814-085650:292320136 Macro|INFO [ReadCanAll,568]: soft stall time axis 5 = 250 
20260814-085650:296118848 EC_IDN|ERROR [NrtData_IdnRead,479]: The IDN data only support ZERO ERROR module!  
20260814-085650:296150288 Macro|INFO [ReadCanAll,420]: read velocity integral limit error -1502, will set default value is 80000.  
20260814-085650:308163720 EC_IDN|INFO [NrtData_IdnCallback_VEICHI,256]: 0x2002: 65h is 10000, 1  
20260814-085650:309174528 EC_IDN|INFO [NrtData_IdnCallback_VEICHI,267]: 0x2002: 66h is 0, 1 
20260814-085650:318071648 Macro|INFO [ReadCanAll,557]: hard pos_tracking_err axis 6 = 50000   
20260814-085650:318103536 Macro|INFO [ReadCanAll,558]: hard spd_tracking_err axis 6 = 10   
20260814-085650:318127936 Macro|INFO [ReadCanAll,559]: vel_integal_lim axis 6 = 80000   
20260814-085650:318151880 Macro|INFO [ReadCanAll,560]: stall current axis 6 = 1100   
20260814-085650:318173472 Macro|INFO [ReadCanAll,561]: stall speed axis 6 = 10 
20260814-085650:318193640 Macro|INFO [ReadCanAll,562]: stall time axis 6 = 500   
20260814-085650:318215808 Macro|INFO [ReadCanAll,564]: soft pos_tracking_err axis 6 = 5242944   
20260814-085650:318240968 Macro|INFO [ReadCanAll,565]: soft spd_tracking_err axis 6 = 10   
20260814-085650:318262792 Macro|INFO [ReadCanAll,566]: soft stall current axis 6 = 900   
20260814-085650:318283928 Macro|INFO [ReadCanAll,567]: soft stall speed axis 6 = 50 
20260814-085650:318305752 Macro|INFO [ReadCanAll,568]: soft stall time axis 6 = 250   
20260814-085650:322121088 EC_IDN|ERROR [NrtData_IdnRead,479]: The IDN data only support ZERO ERROR module!  
20260814-085650:322152408 Macro|INFO [ReadCanAll,420]: read velocity integral limit error -1502, will set default value is 80000.  
20260814-085650:334184096 EC_IDN|INFO [NrtData_IdnCallback_VEICHI,256]: 0x2002: 65h is 10000, 1 
20260814-085650:334398192 EC_IDN|INFO [NrtData_IdnCallback_VEICHI,267]: 0x2002: 66h is 0, 1  
20260814-085650:344100016 Macro|INFO [ReadCanAll,557]: hard pos_tracking_err axis 7 = 50000   
20260814-085650:344131976 Macro|INFO [ReadCanAll,558]: hard spd_tracking_err axis 7 = 10   
20260814-085650:344154936 Macro|INFO [ReadCanAll,559]: vel_integal_lim axis 7 = 80000 
20260814-085650:344178112 Macro|INFO [ReadCanAll,560]: stall current axis 7 = 1100   
20260814-085650:344199928 Macro|INFO [ReadCanAll,561]: stall speed axis 7 = 10   
20260814-085650:344221656 Macro|INFO [ReadCanAll,562]: stall time axis 7 = 500   
20260814-085650:344242968 Macro|INFO [ReadCanAll,564]: soft pos_tracking_err axis 7 = 5242944   
20260814-085650:344267160 Macro|INFO [ReadCanAll,565]: soft spd_tracking_err axis 7 = 10 
20260814-085650:344287288 Macro|INFO [ReadCanAll,566]: soft stall current axis 7 = 900   
20260814-085650:344309368 Macro|INFO [ReadCanAll,567]: soft stall speed axis 7 = 50   
20260814-085650:344330600 Macro|INFO [ReadCanAll,568]: soft stall time axis 7 = 250   
20260814-085650:856149736 CP-IP|INFO [IPCommission_LoadEthernetInfo,1105]: Load nvram net mapping table successful. crc = 0xa37c 
20260814-085650:856196312 CP-IP|INFO [IPCommission_UpdateSysConfig,1317]: Node 0 load IP from nvram， port0 ip:192.168.10.120, port1 ip: 192.168.10.100  
20260814-085650:856232088 CP-IP|INFO [IPCommission_SetRobotName,1453]: Write nvram's robot name to IDN: Robot1  
20260814-085650:964277672 CP-IP|INFO [IPCommission_SetEthernetInfo,826]: use nvram value to re-update RTEMS(port1) gateway = 192.168.10.254 
20260814-085650:964310440 LogicAddr|INFO [LgAddr_GetHardwareType,1173]: hardware type is Comm-E  
20260814-085650:964365712 CP-IP|INFO [IPCommission_SetIP,377]: use nvram value to re-update Linux(port0) gateway = 192.168.10.254  
20260814-085651:142512040 ctrlinfo|INFO [ctrlinfo_idn_handler,151]: Comm System version QRTOS_V2.4.697141004; FPGA_V1.10.9; COMM_CFG_V2.5.0.0
20260814-085651:210157512 CP-IP|INFO [IPCommission_SetIP,386]: use nvram value to set remote linux ip successful, node = 1 IP0 = 192.168.10.120  
20260814-085651:210206680 LogicAddr|INFO [LgAddr_GetHardwareType,1173]: hardware type is Comm-E  
20260814-085651:280492296 LogicAddr|INFO [LgAddr_Config,333]: LgAddr Update port 1 bd addr 192.168.10.255  
20260814-085651:280537888 LogicAddr|INFO [LgAddr_GetHardwareType,1173]: hardware type is Comm-E 
20260814-085651:280569816 CP-IP|INFO [IPCommission_SetIP,390]: use nvram value to set local rtems ip, node = 1, IP1 = 192.168.10.100  
20260814-085651:280602296 LogicAddr|INFO [LgAddr_GetHardwareType,1173]: hardware type is Comm-E  
20260814-085651:317301000 LogicAddr|INFO [LgAddr_GetHardwareType,1173]: hardware type is Comm-E  
20260814-085651:317344216 LogicAddr|INFO [LgAddr_GetHardwareType,1173]: hardware type is Comm-E 
20260814-085651:317586040 LogicAddr|INFO [LgAddr_GetHardwareType,1173]: hardware type is Comm-E  
20260814-085651:317619992 CP-IP|INFO [IPCommission_SetIP,397]: use nvram value to set local rtems ip successful,node = 1, and change broadcast addr to 192.168.10.255  
20260814-085651:327017616 LogicAddr|INFO [LgAddr_GetLinuxIp,1242]: Get Linux IP success = 192.168.10.120, 0x780aa8c0
20260814-085651:327070232 LogicAddr|INFO [LgAddr_GetHardwareType,1173]: hardware type is Comm-E  
20260814-085651:327108232 LogicAddr|INFO [LgAddr_GetHardwareType,1173]: hardware type is Comm-E  
20260814-085651:340053336 Upgrade|INFO [SystemUpgrade_flag_control,1389]: magic 5343 boot 0 start_up 0 upgrade 0 auto_update_flag 0 
20260814-085651:362152280 LogicAddr|INFO [LgAddr_GetHardwareType,1173]: hardware type is Comm-E 
20260814-085651:545168640 CP-IP|INFO [IPCommission_SetIP,401]: use nvram value to set local rtems gateway successful, node = 1 gateway = 192.168.10.254  
20260814-085651:545202896 CP-IP|INFO [IPCommission_SetIPResult,514]: Set node1 IP result=2  
20260814-085651:545227192 CP-IP|INFO [IPCommission_SaveCommandDistribute,568]: Start to save local network mapping table 
20260814-085651:545257520 LogicAddr|INFO [LgAddr_GetHardwareType,1173]: hardware type is Comm-E  
20260814-085651:545295088 LogicAddr|INFO [LgAddr_GetHardwareType,1173]: hardware type is Comm-E  
20260814-085651:660134120 LogicAddr|INFO [LgAddr_GetLinuxIp,1242]: Get Linux IP success = 192.168.10.120, 0x780aa8c0  
20260814-085651:660199096 LogicAddr|INFO [LgAddr_GetHardwareType,1173]: hardware type is Comm-E 
20260814-085651:660239456 LogicAddr|INFO [LgAddr_GetHardwareType,1173]: hardware type is Comm-E  
20260814-085651:660284328 CP-IP|INFO [IPCommission_SaveEthernetInfo,980]:  mac0 = B4:A2:EB:00:A3:90, mac1 = B4:A2:EB:00:A3:91  
20260814-085652:539135576 CP-IP|INFO [IPCommission_SaveEthernetInfo,1039]:  Save Ethernet info success write crc=0xa37c
20260814-085652:539173488 CP-IP|INFO [IPCommission_SetIPResult,538]: save all node network mapping table successful  
20260814-085652:539199040 CP-IP|INFO [IPCommission_UpdateSysConfig,1367]: Re-config mac ip result = 0x2  
20260814-085652:539226672 CP-IP|INFO [IPCommission_FunctionInit,1168]:  Load & distribute net mapping table success.  
20260814-085652:539251728 LogicAddr|INFO [LgAddr_GetHardwareType,1173]: hardware type is Comm-E 
20260814-085652:539288640 LogicAddr|INFO [LgAddr_GetHardwareType,1173]: hardware type is Comm-E  
20260814-085652:618580232 LogicAddr|INFO [LgAddr_GetLinuxIp,1242]: Get Linux IP success = 192.168.10.120, 0x780aa8c0  
20260814-085652:654136656 LogicAddr|INFO [LgAddr_GetHardwareType,1173]: hardware type is Comm-E  
20260814-085652:654186320 LogicAddr|INFO [LgAddr_GetHardwareType,1173]: hardware type is Comm-E 
20260814-085652:654227152 MCLink|INFO [mclink_set_system_status,171]: ----------------------system enter status 4 ------------------------ 
20260814-085652:689129872 APPMAIN|INFO [app_main,262]: Robot calibration is [0, 0, 0, 0, 0, 0] 
20260814-085652:900125240 MCLink|INFO [mclink_set_system_status,171]: ----------------------system enter status 5 ------------------------
20260814-085652:935124408 PMAIN|INFO [rest_task_entry,179]: HalGetkeyState is 1   
20260814-085652:935163576 ConfigFile|WARN [ConfigFile_CompareFilename,5098]: illegal Controller file name:Controller  
20260814-085652:935188632 ConfigFile|FATAL [ConfigFile_CheckNodeConsistency,5205]: On node1 config files name conflict: Controller , Robot1 file, Calibration, Commission 
20260814-085652:935218496 CTL_RES|INFO [controller_resource_efuse_prepare,201]: efuse enable=0 silicon ver=3 
20260814-085653:750201680 PMAIN|INFO [rest_task_entry,195]: rtems system initial ready  
20260814-085653:751162920 RobotExcepMonitor|ERROR [KeyStateDistribute,1010]: switch from auto to auto   
20260814-085653:751662520 RobotVDStateMag|INFO [RobotVDStateManagerhandler,79]:  finish Subroutine init 
20260814-085653:752056456 RobotVDStateMag|INFO [RobotVDStateManagerhandler,81]:  Subroutine InitFinish event  
20260814-085653:752089160 RobotVDSM|INFO [ST_RobotVDInitializedState,1419]: robot vd: initialized state  
20260814-085653:754014352 RobotVDStateMag|INFO [RobotVDStateManagerhandler,112]:  finish VD initialization  
20260814-085653:754046752 RobotVDStateMag|INFO [RobotVDStateManagerhandler,114]:  robotVD Init Finished event 
20260814-085653:754078672 RobotVDSM|INFO [ST_RobotVDPowerOffState,1441]: robot vd: power off state  
20260814-085655:005441000 ConfigFile|WARN [ConfigFile_ParseIDNArraySize,5466]: Shell IDN module 242.50 array_module 242.0 read error = -1502  
20260814-085655:005497840 ConfigFile|WARN [ConfigFile_ParseIDNArraySize,5466]: Shell IDN module 242.51 array_module 242.0 read error = -1502
20260814-085655:005543248 ConfigFile|WARN [ConfigFile_ParseIDNArraySize,5466]: Shell IDN module 242.52 array_module 242.0 read error = -1502  
20260814-085655:005588280 ConfigFile|WARN [ConfigFile_ParseIDNArraySize,5466]: Shell IDN module 242.53 array_module 242.0 read error = -1502  
20260814-085655:041384936 ConfigFile|WARN [ConfigFile_ParseIDNArraySize,5466]: Shell IDN module 242.54 array_module 242.0 read error = -1502
20260814-085655:041436912 ConfigFile|WARN [ConfigFile_ParseIDNArraySize,5466]: Shell IDN module 242.55 array_module 242.0 read error = -1502  
20260814-085655:041481680 ConfigFile|WARN [ConfigFile_ParseIDNArraySize,5466]: Shell IDN module 242.56 array_module 242.0 read error = -1502  
20260814-085655:041528088 ConfigFile|WARN [ConfigFile_ParseIDNArraySize,5466]: Shell IDN module 242.57 array_module 242.0 read error = -1502
20260814-085655:041573416 ConfigFile|WARN [ConfigFile_ParseIDNArraySize,5466]: Shell IDN module 242.58 array_module 242.0 read error = -1502  
20260814-085655:074629632 ConfigFile|WARN [ConfigFile_ParseIDNArraySize,5466]: Shell IDN module 242.59 array_module 242.0 read error = -1502  
20260814-085655:108432288 ConfigFile|WARN [ConfigFile_ParseIDNArraySize,5466]: Shell IDN module 242.60 array_module 242.0 read error = -1502
20260814-085655:108482688 ConfigFile|WARN [ConfigFile_ParseIDNArraySize,5466]: Shell IDN module 242.61 array_module 242.0 read error = -1502  
20260814-085655:108531968 ConfigFile|WARN [ConfigFile_ParseIDNArraySize,5466]: Shell IDN module 242.62 array_module 242.0 read error = -1502  
20260814-085655:108577256 ConfigFile|WARN [ConfigFile_ParseIDNArraySize,5466]: Shell IDN module 242.63 array_module 242.0 read error = -1502
20260814-085655:179522488 ctrlinfo|INFO [ctrlinfo_idn_handler,179]: node_num 0 gCtlSys.NodesOfController 9 
20260814-085655:881406792 ConfigFile|INFO [ConfigFile_CheckAndReportModelInfoInvalid,5301]: g_model_errcode 0
20260814-085905:106101120 LogicAddr|INFO [LgAddr_GetHardwareType,1173]: hardware type is Comm-E  
20260814-085905:106148520 LogicAddr|INFO [LgAddr_GetHardwareType,1173]: hardware type is Comm-E 
20260814-085905:111858776 LogicAddr|INFO [LgAddr_GetLinuxIp,1242]: Get Linux IP success = 192.168.10.120, 0x780aa8c0  
20260814-085905:111911272 LogicAddr|INFO [LgAddr_GetHardwareType,1173]: hardware type is Comm-E  
20260814-085905:111949672 LogicAddr|INFO [LgAddr_GetHardwareType,1173]: hardware type is Comm-E 
20260814-085924:944910792 MacroRobot|INFO [robot_axisnum,587]: RTEMS------------------------robot_axisnum---------------------  
20260814-085924:944947960 MacroRobot|INFO [robot_axisnum,598]: ROBOT AXIS NUM: robot = 0,axisnum =7
20260814-085924:979592448 MacroRobot|INFO [robot_limitget,376]: RTEMS------------------------robot_limit_get---------------------  
20260814-085924:979628096 MacroRobot|INFO [robot_limitget,397]: ROBOT LIMIT GET: robot = 0,axis=0,pos_limit= 179.000000,neg_limit=-179.000000
20260814-085925:015581608 MacroRobot|INFO [robot_limitget,376]: RTEMS------------------------robot_limit_get---------------------  
20260814-085925:015614952 MacroRobot|INFO [robot_limitget,397]: ROBOT LIMIT GET: robot = 0,axis=1,pos_limit= 100.000000,neg_limit=-100.000000
20260814-085925:018779496 MacroRobot|INFO [robot_limitget,376]: RTEMS------------------------robot_limit_get---------------------  
20260814-085925:018812232 MacroRobot|INFO [robot_limitget,397]: ROBOT LIMIT GET: robot = 0,axis=2,pos_limit= 361.000000,neg_limit=-361.000000  
20260814-085925:021669776 MacroRobot|INFO [robot_limitget,376]: RTEMS------------------------robot_limit_get---------------------
20260814-085925:021698848 MacroRobot|INFO [robot_limitget,397]: ROBOT LIMIT GET: robot = 0,axis=3,pos_limit= 179.000000,neg_limit=-179.000000  
20260814-085925:026775400 MacroRobot|INFO [robot_limitget,376]: RTEMS------------------------robot_limit_get---------------------  
20260814-085925:026804808 MacroRobot|INFO [robot_limitget,397]: ROBOT LIMIT GET: robot = 0,axis=4,pos_limit= 361.000000,neg_limit=-361.000000
20260814-085925:032896056 MacroRobot|INFO [robot_limitget,376]: RTEMS------------------------robot_limit_get---------------------  
20260814-085925:032924472 MacroRobot|INFO [robot_limitget,397]: ROBOT LIMIT GET: robot = 0,axis=5,pos_limit= 86.000000,neg_limit=-86.000000  
20260814-085925:037007976 MacroRobot|INFO [robot_limitget,376]: RTEMS------------------------robot_limit_get---------------------
20260814-085925:037037560 MacroRobot|INFO [robot_limitget,397]: ROBOT LIMIT GET: robot = 0,axis=6,pos_limit= 361.000000,neg_limit=-361.000000
20260814-085927:115624688 LogicAddr|INFO [LgAddr_GetHardwareType,1173]: hardware type is Comm-E  
20260814-085927:115671672 LogicAddr|INFO [LgAddr_GetHardwareType,1173]: hardware type is Comm-E 
20260814-085927:121505680 LogicAddr|INFO [LgAddr_GetLinuxIp,1242]: Get Linux IP success = 192.168.10.120, 0x780aa8c0  
20260814-085927:121559888 LogicAddr|INFO [LgAddr_GetHardwareType,1173]: hardware type is Comm-E  
20260814-085927:121599056 LogicAddr|INFO [LgAddr_GetHardwareType,1173]: hardware type is Comm-E 
20260814-150830:004539912 SYSINI|INFO [ShowSystemVersionAndLogo,44]: *******************************************************  
20260814-150830:004572984 SYSINI|INFO [ShowSystemVersionAndLogo,45]:  
20260814-150830:005139352 SYSINI|INFO [ShowSystemVersionAndLogo,46]: ╔══════════╗  ╔═╗   ╔═╗   ╔════╗       ╔════╗
20260814-150830:007222560 SYSINI|INFO [ShowSystemVersionAndLogo,47]: ║  ╔════╗  ║  ║   ║  ║    ║  ║ ║       ║ ║  ║ 
20260814-150830:009305504 SYSINI|INFO [ShowSystemVersionAndLogo,48]: ║  ║    ║  ║  ║  ║   ║    ║  ║  ║     ║  ║  ║ 
20260814-150830:011388768 SYSINI|INFO [ShowSystemVersionAndLogo,49]: ║  ║    ║  ║  ║ ║    ║    ║  ║   ║   ║   ║  ║
20260814-150830:013472208 SYSINI|INFO [ShowSystemVersionAndLogo,50]: ║  ║    ║  ║  ║╚═╝   ║    ║  ║    ║ ║    ║  ║ 
20260814-150830:015555424 SYSINI|INFO [ShowSystemVersionAndLogo,51]: ║  ║    ║  ║  ║  ║   ╚═╗  ║  ║     ║     ║  ║ 
20260814-150830:017638584 SYSINI|INFO [ShowSystemVersionAndLogo,52]: ║  ╚══     ╝  ║   ║    ║  ║  ║   ║   ║   ║  ║
20260814-150830:019721632 SYSINI|INFO [ShowSystemVersionAndLogo,53]: ║        ╚╗   ║    ║  ╔╝  ║  ║           ║  ║ 
20260814-150830:021804808 SYSINI|INFO [ShowSystemVersionAndLogo,54]: ╚═══════╝ ╚   ╚═╝   ╚═╝   ╚═══           ═══╝ 
20260814-150830:023888000 SYSINI|INFO [ShowSystemVersionAndLogo,55]: 
20260814-150830:025971368 SYSINI|INFO [ShowSystemVersionAndLogo,57]: Booting RTEMS on physical CPU 0x0 
20260814-150830:028054472 SYSINI|INFO [ShowSystemVersionAndLogo,59]: RTEMS version: rtems-5.3.0 (ARM/ARMv4/xilinx_zynq_zedboard) 
20260814-150830:030137840 SYSINI|INFO [ShowSystemVersionAndLogo,62]: Comm RTEMS Build Information : V_2_4_697141004 2026-07-08 16:30:00 
20260814-150830:032220952 SYSINI|INFO [ShowSystemVersionAndLogo,63]:  
20260814-150830:034304040 SYSINI|INFO [ShowSystemVersionAndLogo,64]: *******************************************************  
20260814-150830:036387288 SYSINI|INFO [ShowSystemVersionAndLogo,65]:  
20260814-150830:038470504 Platform|INFO [InitPlatform,60]: CPU0 and CPU1 L2 cache lockdown configure to 3:5
20260814-150830:040556024 HAL_ZYNQ|INFO [HalInitFpga,425]: FPGA work well!  
20260814-150830:042637600 Platform|INFO [InitPlatform,166]: Zynq platform initial successful!  
20260814-150830:044721208 RTEMS_SHELL|INFO [InitRtemsShell,91]: ==================== 
20260814-150830:046803520 RTEMS_SHELL|INFO [InitRtemsShell,92]: Starting RTEMS shell 
20260814-150830:048886648 RTEMS_SHELL|INFO [InitRtemsShell,93]: ==================== 
20260814-150830:049762320 SYSINI|INFO [InitSystemLog,79]: system log initial successful!  
20260814-150830:049789608 SyslogConsole|INFO [syslog_console_backend_init,54]: slog console backend registered 
20260814-150830:309378040 MCLink|INFO [show_mclink_infomation,40]: *******************************************************  
20260814-150830:309404184 MCLink|INFO [show_mclink_infomation,41]:                                                          
20260814-150830:309425832 MCLink|INFO [show_mclink_infomation,42]:               |     |  |\   |  | /                    
20260814-150830:309445800 MCLink|INFO [show_mclink_infomation,43]:               |     |  | \  |  |/                       
20260814-150830:309465648 MCLink|INFO [show_mclink_infomation,44]:               |     |  |  \ |  |\                      
20260814-150830:309484568 MCLink|INFO [show_mclink_infomation,45]:               |___  |  |   \|  | \                   
20260814-150830:309503144 MCLink|INFO [show_mclink_infomation,46]:                                                          
20260814-150830:309524592 MCLink|INFO [show_mclink_infomation,55]: MCLink Information : V_2_2_5  
20260814-150830:309544744 MCLink|INFO [show_mclink_infomation,57]:                                                        
20260814-150830:309563152 MCLink|INFO [show_mclink_infomation,58]: *******************************************************  
20260814-150830:309841504 MCLink|INFO [mclink_init,250]: RTEMS MCLink intialized, start daemon tasks  
20260814-150830:309886528 MCLink|INFO [mclink_set_system_status,171]: ----------------------system enter status 0 ------------------------
20260814-150830:309911048 MCLink|WARN [mclink_ready_notify,164]: mclink rpmsg channel not ready  
20260814-150830:309956480 PMAIN|INFO [Init,320]: rest task initial successful  
20260814-150830:329708632 MCLink|INFO [mclink_task_entry,121]: Successfully created rpmsg endpoint.  
20260814-150830:329736024 MCLink|INFO [mclink_task_entry,122]: Init remoteproc resource done, Waiting for Linux events...
20260814-150830:329768080 MCLink|INFO [data_receive_task_entry,28]: data_receive_task_entry   
20260814-150830:329794032 MCLink|INFO [heartbeat_task_entry,219]: heartbeat task entry 
20260814-150830:329825744 MCLink|INFO [console_task_entry,25]: console task entry   
20260814-150830:329849800 MCLink|INFO [event_task_entry,24]: event task entry   
20260814-150830:329875384 MCLink|INFO [nonblock_task_entry,28]: nonblock task entry 
20260814-150830:329898992 MCLink|INFO [fs_task_entry,189]: fs task entry   
20260814-150830:329987968 SYSLOG|INFO [syslog_isr_task_entry,755]: log isr task entry 
20260814-150830:497384320 MCLink|ERROR [mclink_get_file,629]: remote file:try to open /tmp/config_path failed  
20260814-150830:507943752 MCLink|INFO [on_private_sync_time_func_callback,311]: UUID: -c911-4524-baf7-e8d3527132ea
20260814-150830:507972888 MCLink|WARN [on_private_sync_time_func_callback,316]: sync time failed:Invalid argument 
20260814-150830:508014912 MCLink|INFO [on_private_sync_time_func_callback,319]: sync time to: Fri Jan  1 00:00:03 1988 
20260814-150830:597215712 MCLink|ERROR [mclink_get_file,629]: remote file:try to open /tmp/config_path failed 
20260814-150830:699283752 MCLink|INFO [InitConfigFile_path,248]: finally:get config path is /media/flash/Syscfg/  
20260814-150830:718019664 MCLink|INFO [mclink_get_config,304]: get config file: /media/flash/Syscfg/Controller.qxml successful  
20260814-150830:754195600 MCLink|INFO [mclink_get_config,304]: get config file: /media/flash/Syscfg/Robot1.qxml successful 
20260814-150830:755023808 MCLink|ERROR [mclink_get_file,629]: remote file:try to open /media/flash/Syscfg/Robot2.qxml failed  
20260814-150830:755049432 MCLink|ERROR [mclink_get_config,300]: get config file: /media/flash/Syscfg/Robot2.qxml failed  
20260814-150830:757845864 MCLink|INFO [mclink_get_config,304]: get config file: /media/flash/Syscfg/Commission.qxml successful 
20260814-150830:761546544 MCLink|INFO [mclink_get_config,304]: get config file: /media/flash/Syscfg/Calibration1.qxml successful  
20260814-150830:762369240 MCLink|ERROR [mclink_get_file,629]: remote file:try to open /media/flash/Syscfg/Calibration2.qxml failed  
20260814-150830:762393984 MCLink|ERROR [mclink_get_config,300]: get config file: /media/flash/Syscfg/Calibration2.qxml failed 
20260814-150830:766028584 MCLink|INFO [mclink_get_config,304]: get config file: /media/flash/Syscfg/Model1.qxml successful  
20260814-150830:766854704 MCLink|ERROR [mclink_get_file,629]: remote file:try to open /media/flash/Syscfg/Model2.qxml failed  
20260814-150830:766879600 MCLink|ERROR [mclink_get_config,300]: get config file: /media/flash/Syscfg/Model2.qxml failed 
20260814-150830:767695192 MCLink|ERROR [mclink_get_file,629]: remote file:try to open /media/flash/Syscfg/Robot_signature.qxml failed  
20260814-150830:767719240 MCLink|ERROR [mclink_get_config,300]: get config file: /media/flash/Syscfg/Robot_signature.qxml failed  
20260814-150831:007631560 MCLink|INFO [mclink_get_config,319]: get other file: /media/flash/Description/SysLabel_EN.qxml successful 
20260814-150831:224144208 MCLink|INFO [mclink_get_config,319]: get other file: /media/flash/Description/SysLabel_CN.qxml successful  
20260814-150831:414119384 CTL_DISP|WARN [controller_dispatcher,1877]: IDN configuration file did not load 
20260814-150832:004836640 MCLink|INFO [create_binding_task,181]: create block chl task, binding to robot0  
20260814-150832:004900704 MCLink|INFO [create_binding_task,181]: create block chl task, binding to robot1
20260814-150832:004954128 MCLink|INFO [create_binding_task,181]: create block chl task, binding to robot2  
20260814-150832:005005064 MCLink|INFO [create_binding_task,181]: create block chl task, binding to robot3  
20260814-150832:005055768 MCLink|INFO [mclink_set_system_status,171]: ----------------------system enter status 1 ------------------------
20260814-150832:006032824 Async|INFO [AsyncProtoMd_ThreadInit,1153]: Async md thread 1296323160 has create  
20260814-150832:006073424 Async|INFO [AsyncProtoMd_StartupThread,1174]: Async md thread 1296323160 has start, ret=0  
20260814-150832:006133760 Async|INFO [AsyncProtoMd_ThreadInit,1153]: Async md thread 1179208773 has create  
20260814-150832:006163392 Async|INFO [AsyncProtoMd_StartupThread,1174]: Async md thread 1179208773 has start, ret=0 
20260814-150832:006217208 Async|INFO [AsyncProtoMd_ThreadInit,1153]: Async md thread 1179866200 has create  
20260814-150832:006245744 Async|INFO [AsyncProtoMd_StartupThread,1174]: Async md thread 1179866200 has start, ret=0  
20260814-150832:006281600 SYSINI|INFO [InitQnetAsync,135]: QNET Async protocol module create successful  
20260814-150832:006303440 SyslogRemoteFlash|INFO [syslog_flash_backend_init,61]: slog remote flash backend registered 
20260814-150832:416444648 CTL_DISP|WARN [controller_dispatcher,1877]: IDN configuration file did not load 
20260814-150832:450427384 ConfigFile|INFO [ConfigFile_GetRequesetModelTimeout,4904]: Has found request model timeout tmp:2000 value: 2000  
20260814-150832:455295592 ConfigFile|INFO [ConfigFile_GetModel,433]: Model HE3-0900-3657-00GY subModel 1 g_mode_invalid 0
20260814-150832:455338168 LogicAddr|INFO [LgAddr_GetHardwareType,1173]: hardware type is Comm-E  
20260814-150832:455425264 ConfigFile|INFO [ConfigFile_GetRobotType,4597]: Find robot type is 19  
20260814-150832:455543680 LogicAddr|INFO [LgAddr_Init,146]: finally，total_node = 9  
20260814-150832:455567688 LogicAddr|INFO [LgAddr_Init,147]: finally，local_node_id = 1 
20260814-150832:455588024 LogicAddr|INFO [LgAddr_Init,148]: finally，controller_node_id = 1  
20260814-150832:455609328 LogicAddr|INFO [LgAddr_Init,150]: finally，robot_id = 1  
20260814-150832:455628888 LogicAddr|INFO [LgAddr_Init,151]: finally，robot type = 19  
20260814-150832:455650144 LogicAddr|INFO [LgAddr_Init,152]: finally，axis number = 7  
20260814-150832:455670248 LogicAddr|INFO [LgAddr_Init,154]: finally，conveyor number = 4 
20260814-150832:455689432 LogicAddr|INFO [LgAddr_Init,155]: finally，conveyor tracking number = 4  
20260814-150832:455710720 SYSINI|INFO [InitLogicAddrManager,258]: Logic addr manager init successful  
20260814-150832:457830360 hash_idn|INFO [init_hash_table_module,56]: hash table module 1 init  
20260814-150832:468277824 profile|INFO [profile_idn_init,477]: profile idn init
20260814-150832:470513824 SYSLOG|INFO [syslog_idn_init,461]: syslog idn init 
20260814-150832:512014992 IDN_ROBOT|INFO [InitRobotIDN,335]: Init robot idn successful  
20260814-150832:512330960 IDN_ROBOT|INFO [InitRobotIDN,344]: register servo module successful  
20260814-150832:512355040 SysConfig|ERROR [InitIDN,107]: Init robot idn successful 
20260814-150832:513493152 LogicAddr|INFO [LgAddr_GetHardwareType,1173]: hardware type is Comm-E 
20260814-150832:513555120 IDN_NETWORK|WARN [NetworkIDN_Callback,764]: IDN set IP fail due to libbsd not start  
20260814-150832:600333144 EMINoBuffer|INFO [ClearEMINoBuffer,113]: Call ClearEMINoBuffer! 
20260814-150832:600371528 EMI|INFO [EMISetParameter,565]: Set EMI parameter scenes is 0, period_time is 0.008000, open_check_timeout_flag is 0, repeat_count is 0. 
20260814-150832:600410080 EMI|INFO [EMISetParameter,668]: period time is 0.008000, period count = 8.  
20260814-150832:600715912 EMI|INFO [EMISetParameter,565]: Set EMI parameter scenes is 0, period_time is 0.016000, open_check_timeout_flag is 0, repeat_count is 0.  
20260814-150832:600747992 EMI|INFO [EMISetParameter,668]: period time is 0.016000, period count = 16. 
20260814-150832:665289024 Dyna|ERROR [DynamicBaseIDNHandler,1567]: [DynamicBaseIDNHandler:1567] Dynamic base idn handler write failed 79.  
20260814-150832:730112848 FCTL|INFO [DynamicForceControlIDNWriteHandler,1687]: Force sensor set 0x00, force sensor ready.  
20260814-150832:785187448 nodeinfo|INFO [nodeinfo_idn_handler,99]: ignore hardware type is false, Node type reconfigure to 0x89
20260814-150832:785385392 nodeinfo|INFO [nodeinfo_idn_handler,115]: Node type configure to 0x89 
20260814-150832:788894632 CTL_DISP|ERROR [single_instance_dispatch,1157]: param mainindex:1 exceed total_mainins:0 
20260814-150832:801841304 LogicAddr|INFO [LgAddr_GetHardwareType,1173]: hardware type is Comm-E  
20260814-150832:801925280 LogicAddr|INFO [LgAddr_GetHardwareType,1173]: hardware type is Comm-E 
20260814-150832:801954920 IDN_NETWORK|WARN [NetworkIDN_Callback,783]: IDN set mask fail due to libbsd not start 
20260814-150832:802020840 LogicAddr|INFO [LgAddr_GetHardwareType,1173]: hardware type is Comm-E  
20260814-150832:802049592 IDN_NETWORK|WARN [NetworkIDN_Callback,802]: IDN set gateway fail due to libbsd not start  
20260814-150832:802235424 LogicAddr|INFO [LgAddr_GetHardwareType,1173]: hardware type is Comm-E 
20260814-150832:807599480 NETWORK_IDN|WARN [NetworkIdn_Handler,123]: [NetworkIdn_Handler:123] Not match the project : USE_ETHERCAT_NETWORK = 1, module = 521  
20260814-150832:807646328 LogicAddr|INFO [LgAddr_GetHardwareType,1173]: hardware type is Comm-E  
20260814-150832:807691424 LogicAddr|INFO [LgAddr_GetHardwareType,1173]: hardware type is Comm-E  
20260814-150832:811811712 LogicAddr|INFO [LgAddr_GetHardwareType,1173]: hardware type is Comm-E 
20260814-150832:811863224 LogicAddr|INFO [LgAddr_GetHardwareType,1173]: hardware type is Comm-E  
20260814-150832:815868512 LogicAddr|INFO [LgAddr_GetHardwareType,1173]: hardware type is Comm-E  
20260814-150832:815920664 LogicAddr|INFO [LgAddr_GetHardwareType,1173]: hardware type is Comm-E  
20260814-150832:820052512 LogicAddr|INFO [LgAddr_GetHardwareType,1173]: hardware type is Comm-E 
20260814-150832:820104664 LogicAddr|INFO [LgAddr_GetHardwareType,1173]: hardware type is Comm-E  
20260814-150832:824233824 LogicAddr|INFO [LgAddr_GetHardwareType,1173]: hardware type is Comm-E  
20260814-150832:824286608 LogicAddr|INFO [LgAddr_GetHardwareType,1173]: hardware type is Comm-E  
20260814-150832:824475312 LogicAddr|INFO [LgAddr_GetHardwareType,1173]: hardware type is Comm-E 
20260814-150832:824539344 LogicAddr|INFO [LgAddr_GetHardwareType,1173]: hardware type is Comm-E  
20260814-150832:824706952 LogicAddr|INFO [LgAddr_GetHardwareType,1173]: hardware type is Comm-E  
20260814-150832:824748088 LogicAddr|INFO [LgAddr_GetHardwareType,1173]: hardware type is Comm-E  
20260814-150832:824797008 LogicAddr|INFO [LgAddr_GetHardwareType,1173]: hardware type is Comm-E 
20260814-150832:824978672 LogicAddr|INFO [LgAddr_GetHardwareType,1173]: hardware type is Comm-E  
20260814-150832:825015032 ConfigFile|INFO [InitLoadConfigFile,276]: Load all configure file successful  
20260814-150832:825101440 MCLink|INFO [mclink_set_system_status,171]: ----------------------system enter status 2 ------------------------ 
20260814-150832:828987024 LogicAddr|INFO [LgAddr_GetHardwareType,1173]: hardware type is Comm-E 
20260814-150832:829021240 SysConfig|INFO [NetworkConfig,143]: Update mac1 from flash successful 0x90a300eba2b4, 0x91a300eba2b4  
20260814-150832:829057472 LogicAddr|INFO [LgAddr_GetHardwareType,1173]: hardware type is Comm-E  
20260814-150833:420755504 LogicAddr|INFO [LgAddr_GetHardwareType,1173]: hardware type is Comm-E  
20260814-150833:420967920 LogicAddr|INFO [LgAddr_GetHardwareType,1173]: hardware type is Comm-E 
20260814-150833:422398072 LogicAddr|INFO [LgAddr_GetHardwareType,1173]: hardware type is Comm-E 
20260814-150833:999749800 SysConfig|INFO [NetworkConfig,164]: Now libbsd started， ready to config IP in IDN 
20260814-150833:999854992 LogicAddr|INFO [LgAddr_GetHardwareType,1173]: hardware type is Comm-E 
20260814-150834:018078120 LogicAddr|INFO [LgAddr_Config,333]: LgAddr Update port 1 bd addr 192.168.10.255
20260814-150834:018158560 LogicAddr|INFO [LgAddr_GetHardwareType,1173]: hardware type is Comm-E  
20260814-150834:018199952 LogicAddr|INFO [LgAddr_GetHardwareType,1173]: hardware type is Comm-E 
20260814-150834:043823552 SysConfig|INFO [NetworkConfig,180]: port1 ip 192.168.10.101, port1 mask 255.255.255.0
20260814-150834:043921944 EtherCAT|INFO [IO_PwrEnOutput,498]: [CoE_IoTask     ] pwr_en : [1, 80 is 3, 5c is 4]  
20260814-150834:043948432 EtherCAT|INFO [IO_PwrEnOutput,503]: [CoE_IoTask     ] pwr_en : [1, 80 is 3, 5c is 4] 
20260814-150834:075075088 ServoPosition|INFO [ClearServoPosition,827]: EMI ServoPosition:Clear servo position! 
20260814-150834:083049632 FCTL|INFO [InitForceCtl,126]: Init force control success! 
20260814-150834:091096960 Jog|INFO [InitRobotJog,82]: [JOG_DIAG] init robot=0 Td=0.100000 t_seg=100 Speed=0.000000 limit_per=10.000000 cart_trans_spd_limit=250.000000 cart_rot_spd_limit=0.000000
20260814-150834:091176840 Jog|INFO [InitRobotJog,92]: [JOG_DIAG] init_profile robot=0 prf.acc=50.000000 prf.dec=50.000000 prf.accramp=0.100000 prf.decramp=0.100000 acc_delta_per=10.000000 anticipation_enable=1 anticipation_dis=0.500000
20260814-150834:107511088 RobotExcepMsgCapture|INFO [CreateRobotExceptionQueue,429]: create robot exception msg queue successful!  
20260814-150834:107608760 RobotExcepMsgCapture|INFO [CreateAndRunRobotExceptionCaptureTask,454]: create robot exception capture task successful! 
20260814-150834:128148472 RobotExcepMsgCapture|INFO [CreateAndRunRobotExceptionCaptureTask,468]: start robot exception capture task successful!  
20260814-150834:128198304 RobotExcepMonitor|INFO [CreateAndRunRobotExceptionMonitorTask,2514]: create robot exception monitor task successful!  
20260814-150834:128229928 RobotExcepMonitor|INFO [CreateAndRunRobotExceptionMonitorTask,2526]: start robot exception monitor task successful! 
20260814-150834:128272072 RobotExcepAction|INFO [CreateAndRunRobotExceptionCheckStateTask,1091]: create robot exception check state task successful!  
20260814-150834:128299864 RobotExcepAction|INFO [CreateAndRunRobotExceptionCheckStateTask,1103]: start robot exception check state task successful!  
20260814-150834:152440600 PWR_SEQ|INFO [CreatePwrSeqQueue,2192]: create pwr seq power on msg queue successful ! 
20260814-150834:152471080 PWR_SEQ|INFO [CreatePwrSeqQueue,2209]: create pwr seq power off msg queue successful !  
20260814-150834:152512584 PWR_SEQ|INFO [CreateAndRunPwrSeqTask,2148]: create pwr seq task successful!  
20260814-150834:190163872 PWR_SEQ|INFO [CreateAndRunPwrSeqTask,2160]: start pwr seq task successful! 
20260814-150834:190215224 RobotVDStateMag|INFO [CreateAndRunRobotVDStateManagerTask,1000]: create robot vd state manager task successful!  
20260814-150834:190252000 RobotVDSM|INFO [ST_RobotVDInitializeInProgressState,1396]: robot vd: initialize in progress state  
20260814-150834:190298488 RobotVDStateMag|INFO [CreateAndRunRobotVDStateManagerTask,1012]: start robot vd state manager task successful! 
20260814-150834:310557200 pre_read|INFO [CreateRobotMotionStateQueue,62]: create robot motion state msg queue successful! 
20260814-150834:316295392 watchdog|INFO [InitWatchDog,31]: watch_dog_enable = 1 watch_dog_period=20 
20260814-150839:324624544 APPMAIN|ERROR [app_main,128]: slave is 1 
20260814-150839:324692112 APPMAIN|ERROR [app_main,128]: slave is 2  
20260814-150839:324716984 robot_app|ERROR [GetRealSlaveIndex,353]: Invalid robot id 1, robot number is 1! 
20260814-150839:324740192 APPMAIN|ERROR [app_main,128]: slave is 0  
20260814-150839:324760584 robot_app|ERROR [GetRealSlaveIndex,353]: Invalid robot id 1, robot number is 1! 
20260814-150839:324780800 APPMAIN|ERROR [app_main,128]: slave is 0 
20260814-150839:324802984 APPMAIN|ERROR [app_main,135]: slve is 1, id is 0, joint index is 0  
20260814-150839:324824680 APPMAIN|ERROR [app_main,135]: slve is 2, id is 0, joint index is 1  
20260814-150839:324845200 APPMAIN|ERROR [app_main,135]: slve is 3, id is 0, joint index is 2  
20260814-150839:325291152 APPMAIN|ERROR [app_main,135]: slve is 4, id is 0, joint index is 3 
20260814-150839:395373440 timer trigger|INFO [timer_trigger_task_init,210]: create timer tigger task successful! 
20260814-150839:395478504 timer trigger|INFO [timer_trigger_task,149]: create timer trigger queue successful! 
20260814-150839:395506080 timer trigger|INFO [timer_trigger_task_init,221]: start timer tigger task successful!  
20260814-150839:404839032 CAN|INFO [CanStackModule_Init,82]: [CANStack      ] CAN 1 init
20260814-150839:437674104 CAN|INFO [CanProtoZe_CreateTask,196]: [CANStack       ] Create can ZE task success
20260814-150839:437753992 CAN|INFO [CanServ_SetProtocolHook,87]: [CANStack       ] Can protocol hook set success  
20260814-150839:437859632 CP-IP|INFO [IPCommission_FunctionInit,1137]: Wait Comm-E is init finish. 
20260814-150839:567575688 EtherCAT|INFO [CANopenModule_SlavePower,714]: [CANopenModule  ] Slave power state 1 turn to 0, 1, [30 is 7779, 80 is 3, 34 is 3]
20260814-150839:569538464 EtherCAT|INFO [CANopenModule_ThreadEntry,190]: [CANopenModule  ] Task state is WAITING turn to ECAT_INIT  
20260814-150839:569567320 EtherCAT|ERROR [CANopenModule_PwrOffHandle,606]: [CANopenModule  ] power status change = 1   
20260814-150839:571565424 EtherCAT|INFO [EcatDrv_CreateDrvObject,179]: [EtherCATDriver ] CoE create object successful
20260814-150839:571622368 EtherCAT|INFO [CANopenModule_ThreadEntry,248]: [CANopenModule  ] Task state is ECAT_INIT turn to INIT  
20260814-150839:573569032 EtherCAT|INFO [RTT_EcatEntry,140]: [CANopenRtTask  ] EcatRTT sem create success  
20260814-150839:573609464 EtherCAT|INFO [CANopenModule_ThreadEntry,272]: [CANopenModule  ] Task state is INIT turn to RESOURCE_CFG
20260814-150839:577592568 EtherCAT|INFO [CANopenModule_SlavePower,723]: [CANopenModule  ] Slave power state 2 turn to 1, 1, [30 is 7779, 80 is 3, 34 is 3]
20260814-150839:671548408 EtherCAT|INFO [EcatDrv_CheckEvent,1232]: coe_event is 4, pre is 0  
20260814-150839:671719264 EtherCAT|INFO [EcatDrv_Task,347]: [EtherCATDriver ] ec_init on cgem1 succeeded. 
20260814-150839:671745448 EtherCAT|INFO [EcatDrv_Task,350]: [EtherCATDriver ] Task state is INIT turn to SCAN
20260814-150839:771649960 EtherCAT|INFO [EcatDrv_Task,384]: [EtherCATDriver ] is find slave is 7   
20260814-150839:771682264 EtherCAT|INFO [EcatDrv_Task,410]: [EtherCATDriver ] 7 slaves found.  
20260814-150839:771705720 EtherCAT|INFO [EcatDrv_Task,413]: [EtherCATDriver ] Task state is SCAN turn to CONFIG
20260814-150839:883594448 EtherCAT|INFO [ecx_config_init_spec,331]: Success get slave name. 
20260814-150839:883625488 EtherCAT|INFO [ecx_config_init_spec,336]: eep_id is 50335745, eep_man 3457, eep_rev 1, name is [RB200].  
20260814-150839:911620608 EtherCAT|INFO [EcatDrv_Task,464]: [EtherCATDriver ] Slave Init is successful
20260814-150839:913598224 EtherCAT|INFO [EcatDrv_Task,485]: [EtherCATDriver ] All Slaves in PRE_OP  
20260814-150839:913625800 EtherCAT|INFO [EcatDrv_Task,502]: ec_slave[i].name is [], [VEICHI], VEICHI, VEICHI, VEICHI, VEICHI, VEICHI, [null] 
20260814-150839:913653720 EtherCAT|INFO [GetZeroErrorNumber,275]: Find ZeroErr Driver module number is 0 
20260814-150839:943594128 EtherCAT|INFO [EcatDrv_DebugInfoPrint,2186]: [EtherCATDriver ] Slave:1 
20260814-150839:943624328 EtherCAT|INFO [EcatDrv_DebugInfoPrint,2187]: [EtherCATDriver ]  Name:VEICHI 
20260814-150839:943649592 EtherCAT|INFO [EcatDrv_DebugInfoPrint,2188]: [EtherCATDriver ]  State: 1 
20260814-150839:943672184 EtherCAT|INFO [EcatDrv_DebugInfoPrint,2189]: [EtherCATDriver ]  Delay: 0[ns]
20260814-150839:943693144 EtherCAT|INFO [EcatDrv_DebugInfoPrint,2190]: [EtherCATDriver ]  Has DC: 1 
20260814-150839:943713888 EtherCAT|INFO [EcatDrv_DebugInfoPrint,2191]: [EtherCATDriver ]  Itype: 3592 
20260814-150839:943736144 EtherCAT|INFO [EcatDrv_DebugInfoPrint,2192]: [EtherCATDriver ]  Aliasaddr: 0 
20260814-150839:943758112 EtherCAT|INFO [EcatDrv_DebugInfoPrint,2193]: [EtherCATDriver ]  DCParentport:0
20260814-150839:943779280 EtherCAT|INFO [EcatDrv_DebugInfoPrint,2198]: [EtherCATDriver ]  Activeports:1.1.0.0 
20260814-150839:943802144 EtherCAT|INFO [EcatDrv_DebugInfoPrint,2200]: [EtherCATDriver ]  Configured address: 1001 
20260814-150839:943824304 EtherCAT|INFO [EcatDrv_DebugInfoPrint,2202]: [EtherCATDriver ]  Man: 00000d81 ID: 03001001 Rev: 00000001 PDI: 00000001
20260814-150839:943848744 EtherCAT|INFO [EcatDrv_DebugInfoPrint,2208]: [EtherCATDriver ]  SM0 A:1000 L: 256 F:00010026 Type:1 
20260814-150839:943873472 EtherCAT|INFO [EcatDrv_DebugInfoPrint,2208]: [EtherCATDriver ]  SM1 A:1400 L: 256 F:00010022 Type:2 
20260814-150839:943897072 EtherCAT|INFO [EcatDrv_DebugInfoPrint,2208]: [EtherCATDriver ]  SM2 A:1800 L:   0 F:00010064 Type:3
20260814-150839:943921464 EtherCAT|INFO [EcatDrv_DebugInfoPrint,2208]: [EtherCATDriver ]  SM3 A:1c00 L:   0 F:00010020 Type:4 
20260814-150839:943945240 EtherCAT|INFO [EcatDrv_DebugInfoPrint,2213]: [EtherCATDriver ]  FMMUfunc 0:1 1:2 2:3 3:0 
20260814-150839:943968248 EtherCAT|INFO [EcatDrv_DebugInfoPrint,2214]: [EtherCATDriver ]  MBX length wr: 256 rd: 256 MBX protocols : 0c
20260814-150839:943992544 EtherCAT|INFO [EcatDrv_DebugInfoPrint,2216]: [EtherCATDriver ]  CoE details: 0d FoE details: 01 EoE details: 00 SoE details: 00 
20260814-150839:944016048 EtherCAT|INFO [EcatDrv_DebugInfoPrint,2218]: [EtherCATDriver ]  Ebus current: 0[mA]  only LRD/LWR:0 
20260814-150839:944037608 EtherCAT|INFO [EcatDrv_DebugInfoPrint,2186]: [EtherCATDriver ] Slave:2
20260814-150839:944059104 EtherCAT|INFO [EcatDrv_DebugInfoPrint,2187]: [EtherCATDriver ]  Name:VEICHI 
20260814-150839:944079864 EtherCAT|INFO [EcatDrv_DebugInfoPrint,2188]: [EtherCATDriver ]  State: 1 
20260814-150839:944101168 EtherCAT|INFO [EcatDrv_DebugInfoPrint,2189]: [EtherCATDriver ]  Delay: 0[ns] 
20260814-150839:944121744 EtherCAT|INFO [EcatDrv_DebugInfoPrint,2190]: [EtherCATDriver ]  Has DC: 1
20260814-150839:944142064 EtherCAT|INFO [EcatDrv_DebugInfoPrint,2191]: [EtherCATDriver ]  Itype: 3592 
20260814-150839:944163864 EtherCAT|INFO [EcatDrv_DebugInfoPrint,2192]: [EtherCATDriver ]  Aliasaddr: 0 
20260814-150839:944183832 EtherCAT|INFO [EcatDrv_DebugInfoPrint,2193]: [EtherCATDriver ]  DCParentport:0 
20260814-150839:944204008 EtherCAT|INFO [EcatDrv_DebugInfoPrint,2198]: [EtherCATDriver ]  Activeports:1.1.0.0
20260814-150839:944226608 EtherCAT|INFO [EcatDrv_DebugInfoPrint,2200]: [EtherCATDriver ]  Configured address: 1002 
20260814-150839:944247432 EtherCAT|INFO [EcatDrv_DebugInfoPrint,2202]: [EtherCATDriver ]  Man: 00000d81 ID: 03001001 Rev: 00000001 PDI: 00000000 
20260814-150839:944271024 EtherCAT|INFO [EcatDrv_DebugInfoPrint,2208]: [EtherCATDriver ]  SM0 A:1000 L: 256 F:00010026 Type:1
20260814-150839:944295392 EtherCAT|INFO [EcatDrv_DebugInfoPrint,2208]: [EtherCATDriver ]  SM1 A:1400 L: 256 F:00010022 Type:2 
20260814-150839:944319008 EtherCAT|INFO [EcatDrv_DebugInfoPrint,2208]: [EtherCATDriver ]  SM2 A:1800 L:   0 F:00010064 Type:3 
20260814-150839:944341720 EtherCAT|INFO [EcatDrv_DebugInfoPrint,2208]: [EtherCATDriver ]  SM3 A:1c00 L:   0 F:00010020 Type:4
20260814-150839:944364504 EtherCAT|INFO [EcatDrv_DebugInfoPrint,2213]: [EtherCATDriver ]  FMMUfunc 0:1 1:2 2:3 3:0 
20260814-150839:944387408 EtherCAT|INFO [EcatDrv_DebugInfoPrint,2214]: [EtherCATDriver ]  MBX length wr: 256 rd: 256 MBX protocols : 0c 
20260814-150839:944411264 EtherCAT|INFO [EcatDrv_DebugInfoPrint,2216]: [EtherCATDriver ]  CoE details: 0d FoE details: 01 EoE details: 00 SoE details: 00
20260814-150839:944433864 EtherCAT|INFO [EcatDrv_DebugInfoPrint,2218]: [EtherCATDriver ]  Ebus current: 0[mA]  only LRD/LWR:0 
20260814-150839:944454944 EtherCAT|INFO [EcatDrv_DebugInfoPrint,2186]: [EtherCATDriver ] Slave:3 
20260814-150839:944496944 EtherCAT|INFO [EcatDrv_DebugInfoPrint,2187]: [EtherCATDriver ]  Name:VEICHI 
20260814-150839:944527648 EtherCAT|INFO [EcatDrv_DebugInfoPrint,2188]: [EtherCATDriver ]  State: 1
20260814-150839:944548648 EtherCAT|INFO [EcatDrv_DebugInfoPrint,2189]: [EtherCATDriver ]  Delay: 0[ns] 
20260814-150839:944569352 EtherCAT|INFO [EcatDrv_DebugInfoPrint,2190]: [EtherCATDriver ]  Has DC: 1 
20260814-150839:944589624 EtherCAT|INFO [EcatDrv_DebugInfoPrint,2191]: [EtherCATDriver ]  Itype: 3592 
20260814-150839:944613024 EtherCAT|INFO [EcatDrv_DebugInfoPrint,2192]: [EtherCATDriver ]  Aliasaddr: 0
20260814-150839:944633800 EtherCAT|INFO [EcatDrv_DebugInfoPrint,2193]: [EtherCATDriver ]  DCParentport:0 
20260814-150839:944655208 EtherCAT|INFO [EcatDrv_DebugInfoPrint,2198]: [EtherCATDriver ]  Activeports:1.1.0.0 
20260814-150839:944676808 EtherCAT|INFO [EcatDrv_DebugInfoPrint,2200]: [EtherCATDriver ]  Configured address: 1003
20260814-150839:944698632 EtherCAT|INFO [EcatDrv_DebugInfoPrint,2202]: [EtherCATDriver ]  Man: 00000d81 ID: 03001001 Rev: 00000001 PDI: 00000000 
20260814-150839:944722240 EtherCAT|INFO [EcatDrv_DebugInfoPrint,2208]: [EtherCATDriver ]  SM0 A:1000 L: 256 F:00010026 Type:1 
20260814-150839:944746664 EtherCAT|INFO [EcatDrv_DebugInfoPrint,2208]: [EtherCATDriver ]  SM1 A:1400 L: 256 F:00010022 Type:2
20260814-150839:944770448 EtherCAT|INFO [EcatDrv_DebugInfoPrint,2208]: [EtherCATDriver ]  SM2 A:1800 L:   0 F:00010064 Type:3 
20260814-150839:944793520 EtherCAT|INFO [EcatDrv_DebugInfoPrint,2208]: [EtherCATDriver ]  SM3 A:1c00 L:   0 F:00010020 Type:4 
20260814-150839:944817240 EtherCAT|INFO [EcatDrv_DebugInfoPrint,2213]: [EtherCATDriver ]  FMMUfunc 0:1 1:2 2:3 3:0
20260814-150839:944839272 EtherCAT|INFO [EcatDrv_DebugInfoPrint,2214]: [EtherCATDriver ]  MBX length wr: 256 rd: 256 MBX protocols : 0c 
20260814-150839:944862752 EtherCAT|INFO [EcatDrv_DebugInfoPrint,2216]: [EtherCATDriver ]  CoE details: 0d FoE details: 01 EoE details: 00 SoE details: 00 
20260814-150839:944886024 EtherCAT|INFO [EcatDrv_DebugInfoPrint,2218]: [EtherCATDriver ]  Ebus current: 0[mA]  only LRD/LWR:0
20260814-150839:944907200 EtherCAT|INFO [EcatDrv_DebugInfoPrint,2186]: [EtherCATDriver ] Slave:4 
20260814-150839:944928512 EtherCAT|INFO [EcatDrv_DebugInfoPrint,2187]: [EtherCATDriver ]  Name:VEICHI 
20260814-150839:944949224 EtherCAT|INFO [EcatDrv_DebugInfoPrint,2188]: [EtherCATDriver ]  State: 1 
20260814-150839:944968904 EtherCAT|INFO [EcatDrv_DebugInfoPrint,2189]: [EtherCATDriver ]  Delay: 0[ns]
20260814-150839:944989680 EtherCAT|INFO [EcatDrv_DebugInfoPrint,2190]: [EtherCATDriver ]  Has DC: 1 
20260814-150839:945009808 EtherCAT|INFO [EcatDrv_DebugInfoPrint,2191]: [EtherCATDriver ]  Itype: 3592 
20260814-150839:945032952 EtherCAT|INFO [EcatDrv_DebugInfoPrint,2192]: [EtherCATDriver ]  Aliasaddr: 0 
20260814-150839:945053200 EtherCAT|INFO [EcatDrv_DebugInfoPrint,2193]: [EtherCATDriver ]  DCParentport:0
20260814-150839:945074600 EtherCAT|INFO [EcatDrv_DebugInfoPrint,2198]: [EtherCATDriver ]  Activeports:1.1.0.0 
20260814-150839:945095984 EtherCAT|INFO [EcatDrv_DebugInfoPrint,2200]: [EtherCATDriver ]  Configured address: 1004 
20260814-150839:945117608 EtherCAT|INFO [EcatDrv_DebugInfoPrint,2202]: [EtherCATDriver ]  Man: 00000d81 ID: 03001001 Rev: 00000001 PDI: 00000000
20260814-150839:945141240 EtherCAT|INFO [EcatDrv_DebugInfoPrint,2208]: [EtherCATDriver ]  SM0 A:1000 L: 256 F:00010026 Type:1 
20260814-150839:945165632 EtherCAT|INFO [EcatDrv_DebugInfoPrint,2208]: [EtherCATDriver ]  SM1 A:1400 L: 256 F:00010022 Type:2 
20260814-150839:945190120 EtherCAT|INFO [EcatDrv_DebugInfoPrint,2208]: [EtherCATDriver ]  SM2 A:1800 L:   0 F:00010064 Type:3
20260814-150839:945213280 EtherCAT|INFO [EcatDrv_DebugInfoPrint,2208]: [EtherCATDriver ]  SM3 A:1c00 L:   0 F:00010020 Type:4 
20260814-150839:945235904 EtherCAT|INFO [EcatDrv_DebugInfoPrint,2213]: [EtherCATDriver ]  FMMUfunc 0:1 1:2 2:3 3:0 
20260814-150839:945258680 EtherCAT|INFO [EcatDrv_DebugInfoPrint,2214]: [EtherCATDriver ]  MBX length wr: 256 rd: 256 MBX protocols : 0c
20260814-150839:945282128 EtherCAT|INFO [EcatDrv_DebugInfoPrint,2216]: [EtherCATDriver ]  CoE details: 0d FoE details: 01 EoE details: 00 SoE details: 00 
20260814-150839:945305192 EtherCAT|INFO [EcatDrv_DebugInfoPrint,2218]: [EtherCATDriver ]  Ebus current: 0[mA]  only LRD/LWR:0 
20260814-150839:945326280 EtherCAT|INFO [EcatDrv_DebugInfoPrint,2186]: [EtherCATDriver ] Slave:5
20260814-150839:945346608 EtherCAT|INFO [EcatDrv_DebugInfoPrint,2187]: [EtherCATDriver ]  Name:VEICHI 
20260814-150839:945368728 EtherCAT|INFO [EcatDrv_DebugInfoPrint,2188]: [EtherCATDriver ]  State: 1 
20260814-150839:945389784 EtherCAT|INFO [EcatDrv_DebugInfoPrint,2189]: [EtherCATDriver ]  Delay: 0[ns] 
20260814-150839:945410472 EtherCAT|INFO [EcatDrv_DebugInfoPrint,2190]: [EtherCATDriver ]  Has DC: 1
20260814-150839:945430608 EtherCAT|INFO [EcatDrv_DebugInfoPrint,2191]: [EtherCATDriver ]  Itype: 3592 
20260814-150839:945451840 EtherCAT|INFO [EcatDrv_DebugInfoPrint,2192]: [EtherCATDriver ]  Aliasaddr: 0 
20260814-150839:945472088 EtherCAT|INFO [EcatDrv_DebugInfoPrint,2193]: [EtherCATDriver ]  DCParentport:0 
20260814-150839:945526064 EtherCAT|INFO [EcatDrv_DebugInfoPrint,2198]: [EtherCATDriver ]  Activeports:1.1.0.0
20260814-150839:945549560 EtherCAT|INFO [EcatDrv_DebugInfoPrint,2200]: [EtherCATDriver ]  Configured address: 1005 
20260814-150839:945571168 EtherCAT|INFO [EcatDrv_DebugInfoPrint,2202]: [EtherCATDriver ]  Man: 00000d81 ID: 03001001 Rev: 00000001 PDI: 00000000 
20260814-150839:945595664 EtherCAT|INFO [EcatDrv_DebugInfoPrint,2208]: [EtherCATDriver ]  SM0 A:1000 L: 256 F:00010026 Type:1
20260814-150839:945620440 EtherCAT|INFO [EcatDrv_DebugInfoPrint,2208]: [EtherCATDriver ]  SM1 A:1400 L: 256 F:00010022 Type:2 
20260814-150839:945644520 EtherCAT|INFO [EcatDrv_DebugInfoPrint,2208]: [EtherCATDriver ]  SM2 A:1800 L:   0 F:00010064 Type:3 
20260814-150839:945667768 EtherCAT|INFO [EcatDrv_DebugInfoPrint,2208]: [EtherCATDriver ]  SM3 A:1c00 L:   0 F:00010020 Type:4
20260814-150839:945690992 EtherCAT|INFO [EcatDrv_DebugInfoPrint,2213]: [EtherCATDriver ]  FMMUfunc 0:1 1:2 2:3 3:0 
20260814-150839:945714064 EtherCAT|INFO [EcatDrv_DebugInfoPrint,2214]: [EtherCATDriver ]  MBX length wr: 256 rd: 256 MBX protocols : 0c 
20260814-150839:945737880 EtherCAT|INFO [EcatDrv_DebugInfoPrint,2216]: [EtherCATDriver ]  CoE details: 0d FoE details: 01 EoE details: 00 SoE details: 00
20260814-150839:945760824 EtherCAT|INFO [EcatDrv_DebugInfoPrint,2218]: [EtherCATDriver ]  Ebus current: 0[mA]  only LRD/LWR:0 
20260814-150839:945781664 EtherCAT|INFO [EcatDrv_DebugInfoPrint,2186]: [EtherCATDriver ] Slave:6 
20260814-150839:945801952 EtherCAT|INFO [EcatDrv_DebugInfoPrint,2187]: [EtherCATDriver ]  Name:VEICHI 
20260814-150839:945822144 EtherCAT|INFO [EcatDrv_DebugInfoPrint,2188]: [EtherCATDriver ]  State: 1
20260814-150839:945842448 EtherCAT|INFO [EcatDrv_DebugInfoPrint,2189]: [EtherCATDriver ]  Delay: 0[ns] 
20260814-150839:945862408 EtherCAT|INFO [EcatDrv_DebugInfoPrint,2190]: [EtherCATDriver ]  Has DC: 1 
20260814-150839:945883912 EtherCAT|INFO [EcatDrv_DebugInfoPrint,2191]: [EtherCATDriver ]  Itype: 3592 
20260814-150839:945906232 EtherCAT|INFO [EcatDrv_DebugInfoPrint,2192]: [EtherCATDriver ]  Aliasaddr: 0
20260814-150839:945926648 EtherCAT|INFO [EcatDrv_DebugInfoPrint,2193]: [EtherCATDriver ]  DCParentport:0 
20260814-150839:945947064 EtherCAT|INFO [EcatDrv_DebugInfoPrint,2198]: [EtherCATDriver ]  Activeports:1.1.0.0 
20260814-150839:945968368 EtherCAT|INFO [EcatDrv_DebugInfoPrint,2200]: [EtherCATDriver ]  Configured address: 1006
20260814-150839:945990264 EtherCAT|INFO [EcatDrv_DebugInfoPrint,2202]: [EtherCATDriver ]  Man: 00000d81 ID: 03001001 Rev: 00000001 PDI: 00000000 
20260814-150839:946014304 EtherCAT|INFO [EcatDrv_DebugInfoPrint,2208]: [EtherCATDriver ]  SM0 A:1000 L: 256 F:00010026 Type:1 
20260814-150839:946038984 EtherCAT|INFO [EcatDrv_DebugInfoPrint,2208]: [EtherCATDriver ]  SM1 A:1400 L: 256 F:00010022 Type:2
20260814-150839:946062152 EtherCAT|INFO [EcatDrv_DebugInfoPrint,2208]: [EtherCATDriver ]  SM2 A:1800 L:   0 F:00010064 Type:3 
20260814-150839:946086272 EtherCAT|INFO [EcatDrv_DebugInfoPrint,2208]: [EtherCATDriver ]  SM3 A:1c00 L:   0 F:00010020 Type:4 
20260814-150839:946109392 EtherCAT|INFO [EcatDrv_DebugInfoPrint,2213]: [EtherCATDriver ]  FMMUfunc 0:1 1:2 2:3 3:0
20260814-150839:946130808 EtherCAT|INFO [EcatDrv_DebugInfoPrint,2214]: [EtherCATDriver ]  MBX length wr: 256 rd: 256 MBX protocols : 0c 
20260814-150839:946153984 EtherCAT|INFO [EcatDrv_DebugInfoPrint,2216]: [EtherCATDriver ]  CoE details: 0d FoE details: 01 EoE details: 00 SoE details: 00 
20260814-150839:946176224 EtherCAT|INFO [EcatDrv_DebugInfoPrint,2218]: [EtherCATDriver ]  Ebus current: 0[mA]  only LRD/LWR:0
20260814-150839:946197632 EtherCAT|INFO [EcatDrv_DebugInfoPrint,2186]: [EtherCATDriver ] Slave:7 
20260814-150839:946217688 EtherCAT|INFO [EcatDrv_DebugInfoPrint,2187]: [EtherCATDriver ]  Name:VEICHI 
20260814-150839:946238048 EtherCAT|INFO [EcatDrv_DebugInfoPrint,2188]: [EtherCATDriver ]  State: 1 
20260814-150839:946258224 EtherCAT|INFO [EcatDrv_DebugInfoPrint,2189]: [EtherCATDriver ]  Delay: 0[ns]
20260814-150839:946278160 EtherCAT|INFO [EcatDrv_DebugInfoPrint,2190]: [EtherCATDriver ]  Has DC: 1 
20260814-150839:946298032 EtherCAT|INFO [EcatDrv_DebugInfoPrint,2191]: [EtherCATDriver ]  Itype: 3592 
20260814-150839:946319632 EtherCAT|INFO [EcatDrv_DebugInfoPrint,2192]: [EtherCATDriver ]  Aliasaddr: 0 
20260814-150839:946340064 EtherCAT|INFO [EcatDrv_DebugInfoPrint,2193]: [EtherCATDriver ]  DCParentport:0
20260814-150839:946360512 EtherCAT|INFO [EcatDrv_DebugInfoPrint,2198]: [EtherCATDriver ]  Activeports:1.0.0.0 
20260814-150839:946381960 EtherCAT|INFO [EcatDrv_DebugInfoPrint,2200]: [EtherCATDriver ]  Configured address: 1007 
20260814-150839:946404104 EtherCAT|INFO [EcatDrv_DebugInfoPrint,2202]: [EtherCATDriver ]  Man: 00000d81 ID: 03001001 Rev: 00000001 PDI: 00000000
20260814-150839:946427920 EtherCAT|INFO [EcatDrv_DebugInfoPrint,2208]: [EtherCATDriver ]  SM0 A:1000 L: 256 F:00010026 Type:1 
20260814-150839:946452912 EtherCAT|INFO [EcatDrv_DebugInfoPrint,2208]: [EtherCATDriver ]  SM1 A:1400 L: 256 F:00010022 Type:2 
20260814-150839:946477064 EtherCAT|INFO [EcatDrv_DebugInfoPrint,2208]: [EtherCATDriver ]  SM2 A:1800 L:   0 F:00010064 Type:3
20260814-150839:946524520 EtherCAT|INFO [EcatDrv_DebugInfoPrint,2208]: [EtherCATDriver ]  SM3 A:1c00 L:   0 F:00010020 Type:4 
20260814-150839:946549648 EtherCAT|INFO [EcatDrv_DebugInfoPrint,2213]: [EtherCATDriver ]  FMMUfunc 0:1 1:2 2:3 3:0 
20260814-150839:946571808 EtherCAT|INFO [EcatDrv_DebugInfoPrint,2214]: [EtherCATDriver ]  MBX length wr: 256 rd: 256 MBX protocols : 0c
20260814-150839:946595560 EtherCAT|INFO [EcatDrv_DebugInfoPrint,2216]: [EtherCATDriver ]  CoE details: 0d FoE details: 01 EoE details: 00 SoE details: 00 
20260814-150839:946618944 EtherCAT|INFO [EcatDrv_DebugInfoPrint,2218]: [EtherCATDriver ]  Ebus current: 0[mA]  only LRD/LWR:0 
20260814-150839:946642848 EtherCAT|INFO [EcatDrv_Task,622]: [EtherCATDriver ] Task state is CONFIG turn to MAPPING
20260814-150839:947549248 EtherCAT|INFO [CANopenModule_ThreadEntry,286]: ec_slave name is [, VEICHI, VEICHI, VEICHI, VEICHI, VEICHI, VEICHI], ModuleName is [VEICHI] 
20260814-150839:947581672 EtherCAT_IDN|ERROR [EtherCATParamIDN_Init,317]: total node is 8, 1, 1  
20260814-150839:947674112 EC_IDN|ERROR [NrtData_IdnMappingListInit,141]: ethercat_idn_number is 161   
20260814-150839:955160808 EtherCAT|INFO [CANopenModule_ThreadEntry,312]: [CANopenModule  ] Slave manufactor is VEICHI, type is 9  
20260814-150839:955354704 EtherCAT|INFO [CANopenModule_MakeSlaveParam,662]: [CANopenModule  ] index=0x6040  subindex=0 bitlen=16 derect=2  
20260814-150839:955382360 EtherCAT|INFO [CANopenModule_MakeSlaveParam,662]: [CANopenModule  ] index=0x6071  subindex=0 bitlen=16 derect=2
20260814-150839:955406304 EtherCAT|INFO [CANopenModule_MakeSlaveParam,662]: [CANopenModule  ] index=0x607a  subindex=0 bitlen=32 derect=2  
20260814-150839:955430112 EtherCAT|INFO [CANopenModule_MakeSlaveParam,662]: [CANopenModule  ] index=0x60b2  subindex=0 bitlen=16 derect=2  
20260814-150839:955453552 EtherCAT|INFO [CANopenModule_MakeSlaveParam,662]: [CANopenModule  ] index=0x6060  subindex=0 bitlen=8 derect=2
20260814-150839:955476600 EtherCAT|INFO [CANopenModule_MakeSlaveParam,662]: [CANopenModule  ] index=0x0  subindex=0 bitlen=8 derect=2  
20260814-150839:955506288 EtherCAT|INFO [CANopenModule_MakeSlaveParam,679]: [CANopenModule  ] index=0x6041  subindex=0 bitlen=16 derect=1  
20260814-150839:955538328 EtherCAT|INFO [CANopenModule_MakeSlaveParam,679]: [CANopenModule  ] index=0x603f  subindex=0 bitlen=16 derect=1
20260814-150839:955561424 EtherCAT|INFO [CANopenModule_MakeSlaveParam,679]: [CANopenModule  ] index=0x6064  subindex=0 bitlen=32 derect=1  
20260814-150839:955583648 EtherCAT|INFO [CANopenModule_MakeSlaveParam,679]: [CANopenModule  ] index=0x6077  subindex=0 bitlen=16 derect=1  
20260814-150839:955605152 EtherCAT|INFO [CANopenModule_MakeSlaveParam,679]: [CANopenModule  ] index=0x6078  subindex=0 bitlen=16 derect=1
20260814-150839:955627480 EtherCAT|INFO [CANopenModule_MakeSlaveParam,679]: [CANopenModule  ] index=0x606c  subindex=0 bitlen=32 derect=1  
20260814-150839:955683032 EtherCAT|INFO [CANopenModule_MakeSlaveParam,679]: [CANopenModule  ] index=0x60f4  subindex=0 bitlen=32 derect=1  
20260814-150839:955707592 EtherCAT|INFO [CANopenModule_MakeSlaveParam,679]: [CANopenModule  ] index=0x6061  subindex=0 bitlen=8 derect=1
20260814-150839:955729928 EtherCAT|INFO [CANopenModule_MakeSlaveParam,679]: [CANopenModule  ] index=0x0  subindex=0 bitlen=8 derect=1  
20260814-150839:955759992 EtherCAT|INFO [EcatDrv_MakePDOMappingInfo,2246]: [EtherCATDriver ] index=0x6040  subindex=0 bitlen=16 derect=2  
20260814-150839:955783424 EtherCAT|INFO [EcatDrv_MakePDOMappingInfo,2246]: [EtherCATDriver ] index=0x6071  subindex=0 bitlen=16 derect=2
20260814-150839:955807344 EtherCAT|INFO [EcatDrv_MakePDOMappingInfo,2246]: [EtherCATDriver ] index=0x607a  subindex=0 bitlen=32 derect=2  
20260814-150839:955830472 EtherCAT|INFO [EcatDrv_MakePDOMappingInfo,2246]: [EtherCATDriver ] index=0x60b2  subindex=0 bitlen=16 derect=2  
20260814-150839:955852608 EtherCAT|INFO [EcatDrv_MakePDOMappingInfo,2246]: [EtherCATDriver ] index=0x6060  subindex=0 bitlen=8 derect=2
20260814-150839:955876568 EtherCAT|INFO [EcatDrv_MakePDOMappingInfo,2246]: [EtherCATDriver ] index=0x0  subindex=0 bitlen=8 derect=2  
20260814-150839:955898688 EtherCAT|INFO [EcatDrv_MakePDOMappingInfo,2246]: [EtherCATDriver ] index=0x6041  subindex=0 bitlen=16 derect=1  
20260814-150839:955921008 EtherCAT|INFO [EcatDrv_MakePDOMappingInfo,2246]: [EtherCATDriver ] index=0x603f  subindex=0 bitlen=16 derect=1
20260814-150839:955944168 EtherCAT|INFO [EcatDrv_MakePDOMappingInfo,2246]: [EtherCATDriver ] index=0x6064  subindex=0 bitlen=32 derect=1  
20260814-150839:955966240 EtherCAT|INFO [EcatDrv_MakePDOMappingInfo,2246]: [EtherCATDriver ] index=0x6077  subindex=0 bitlen=16 derect=1  
20260814-150839:955988544 EtherCAT|INFO [EcatDrv_MakePDOMappingInfo,2246]: [EtherCATDriver ] index=0x6078  subindex=0 bitlen=16 derect=1
20260814-150839:956010544 EtherCAT|INFO [EcatDrv_MakePDOMappingInfo,2246]: [EtherCATDriver ] index=0x606c  subindex=0 bitlen=32 derect=1  
20260814-150839:956033464 EtherCAT|INFO [EcatDrv_MakePDOMappingInfo,2246]: [EtherCATDriver ] index=0x60f4  subindex=0 bitlen=32 derect=1  
20260814-150839:956055640 EtherCAT|INFO [EcatDrv_MakePDOMappingInfo,2246]: [EtherCATDriver ] index=0x6061  subindex=0 bitlen=8 derect=1
20260814-150839:956078680 EtherCAT|INFO [EcatDrv_MakePDOMappingInfo,2246]: [EtherCATDriver ] index=0x0  subindex=0 bitlen=8 derect=1  
20260814-150839:956100512 EtherCAT|INFO [EcatDrv_MakePDOMappingInfo,2246]: [EtherCATDriver ] index=0x0  subindex=0 bitlen=0 derect=0  
20260814-150839:956123312 EtherCAT|INFO [EcatDrv_MakePDOMappingInfo,2246]: [EtherCATDriver ] index=0x0  subindex=0 bitlen=0 derect=0
20260814-150839:956145424 EtherCAT|INFO [EcatDrv_MakePDOMappingInfo,2246]: [EtherCATDriver ] index=0x0  subindex=0 bitlen=0 derect=0  
20260814-150839:956167160 EtherCAT|INFO [EcatDrv_MakePDOMappingInfo,2246]: [EtherCATDriver ] index=0x0  subindex=0 bitlen=0 derect=0  
20260814-150839:956188792 EtherCAT|INFO [EcatDrv_MakePDOMappingInfo,2246]: [EtherCATDriver ] index=0x0  subindex=0 bitlen=0 derect=0
20260814-150839:956210288 EtherCAT|INFO [EcatDrv_MakePDOMappingInfo,2246]: [EtherCATDriver ] index=0x0  subindex=0 bitlen=0 derect=0  
20260814-150839:956231920 EtherCAT|INFO [EcatDrv_MakePDOMappingInfo,2246]: [EtherCATDriver ] index=0x0  subindex=0 bitlen=0 derect=0  
20260814-150839:956253520 EtherCAT|INFO [EcatDrv_MakePDOMappingInfo,2246]: [EtherCATDriver ] index=0x0  subindex=0 bitlen=0 derect=0
20260814-150839:956276320 EtherCAT|INFO [EcatDrv_MakePDOMappingInfo,2246]: [EtherCATDriver ] index=0x0  subindex=0 bitlen=0 derect=0  
20260814-150839:956298288 EtherCAT|INFO [EcatDrv_MakePDOMappingInfo,2246]: [EtherCATDriver ] index=0x0  subindex=0 bitlen=0 derect=0  
20260814-150839:956320440 EtherCAT|INFO [EcatDrv_MakePDOMappingInfo,2246]: [EtherCATDriver ] index=0x0  subindex=0 bitlen=0 derect=0
20260814-150839:956342208 EtherCAT|INFO [EcatDrv_MakePDOMappingInfo,2246]: [EtherCATDriver ] index=0x0  subindex=0 bitlen=0 derect=0  
20260814-150839:956363672 EtherCAT|INFO [EcatDrv_MakePDOMappingInfo,2246]: [EtherCATDriver ] index=0x0  subindex=0 bitlen=0 derect=0  
20260814-150839:956386392 EtherCAT|INFO [EcatDrv_MakePDOMappingInfo,2246]: [EtherCATDriver ] index=0x0  subindex=0 bitlen=0 derect=0
20260814-150839:956408384 EtherCAT|INFO [EcatDrv_MakePDOMappingInfo,2246]: [EtherCATDriver ] index=0x0  subindex=0 bitlen=0 derect=0  
20260814-150839:956430088 EtherCAT|INFO [EcatDrv_MakePDOMappingInfo,2246]: [EtherCATDriver ] index=0x0  subindex=0 bitlen=0 derect=0  
20260814-150839:956452840 EtherCAT|INFO [EcatDrv_MakePDOMappingInfo,2246]: [EtherCATDriver ] index=0x0  subindex=0 bitlen=0 derect=0
20260814-150839:956475560 EtherCAT|INFO [EcatDrv_MakePDOMappingInfo,2246]: [EtherCATDriver ] index=0x0  subindex=0 bitlen=0 derect=0  
20260814-150839:956497120 EtherCAT|INFO [EcatDrv_MakePDOMappingInfo,2246]: [EtherCATDriver ] index=0x0  subindex=0 bitlen=0 derect=0  
20260814-150839:956528792 EtherCAT|INFO [EcatDrv_MakePDOMappingInfo,2246]: [EtherCATDriver ] index=0x0  subindex=0 bitlen=0 derect=0
20260814-150839:956551152 EtherCAT|INFO [EcatDrv_MakePDOMappingInfo,2246]: [EtherCATDriver ] index=0x0  subindex=0 bitlen=0 derect=0  
20260814-150839:956573112 EtherCAT|INFO [EcatDrv_MakePDOMappingInfo,2246]: [EtherCATDriver ] index=0x0  subindex=0 bitlen=0 derect=0  
20260814-150839:956594320 EtherCAT|INFO [EcatDrv_MakePDOMappingInfo,2246]: [EtherCATDriver ] index=0x0  subindex=0 bitlen=0 derect=0
20260814-150839:956615432 EtherCAT|INFO [EcatDrv_MakePDOMappingInfo,2246]: [EtherCATDriver ] index=0x0  subindex=0 bitlen=0 derect=0  
20260814-150839:956638488 EtherCAT|INFO [EcatDrv_MakePDOMappingInfo,2246]: [EtherCATDriver ] index=0x0  subindex=0 bitlen=0 derect=0  
20260814-150839:956660440 EtherCAT|INFO [EcatDrv_MakePDOMappingInfo,2246]: [EtherCATDriver ] index=0x0  subindex=0 bitlen=0 derect=0
20260814-150839:956702544 EtherCAT|INFO [EcatDrv_MakePDOMappingInfo,2246]: [EtherCATDriver ] index=0x0  subindex=0 bitlen=0 derect=0  
20260814-150839:956725072 EtherCAT|INFO [EcatDrv_MakePDOMappingInfo,2246]: [EtherCATDriver ] index=0x0  subindex=0 bitlen=0 derect=0  
20260814-150839:956747312 EtherCAT|INFO [EcatDrv_MakePDOMappingInfo,2246]: [EtherCATDriver ] index=0x0  subindex=0 bitlen=0 derect=0
20260814-150839:956770664 EtherCAT|INFO [EcatDrv_MakePDOMappingInfo,2246]: [EtherCATDriver ] index=0x0  subindex=0 bitlen=0 derect=0  
20260814-150839:956793024 EtherCAT|INFO [EcatDrv_MakePDOMappingInfo,2246]: [EtherCATDriver ] index=0x0  subindex=0 bitlen=0 derect=0  
20260814-150839:956814640 EtherCAT|INFO [EcatDrv_MakePDOMappingInfo,2246]: [EtherCATDriver ] index=0x0  subindex=0 bitlen=0 derect=0
20260814-150839:956836264 EtherCAT|INFO [EcatDrv_MakePDOMappingInfo,2246]: [EtherCATDriver ] index=0x0  subindex=0 bitlen=0 derect=0  
20260814-150839:956858208 EtherCAT|INFO [EcatDrv_MakePDOMappingInfo,2246]: [EtherCATDriver ] index=0x0  subindex=0 bitlen=0 derect=0  
20260814-150839:956879872 EtherCAT|INFO [EcatDrv_MakePDOMappingInfo,2246]: [EtherCATDriver ] index=0x0  subindex=0 bitlen=0 derect=0
20260814-150839:956901800 EtherCAT|INFO [EcatDrv_MakePDOMappingInfo,2246]: [EtherCATDriver ] index=0x0  subindex=0 bitlen=0 derect=0  
20260814-150839:956925120 EtherCAT|INFO [EcatDrv_MakePDOMappingInfo,2246]: [EtherCATDriver ] index=0x0  subindex=0 bitlen=0 derect=0  
20260814-150839:956947280 EtherCAT|INFO [EcatDrv_MakePDOMappingInfo,2246]: [EtherCATDriver ] index=0x0  subindex=0 bitlen=0 derect=0
20260814-150839:956968760 EtherCAT|INFO [EcatDrv_MakePDOMappingInfo,2246]: [EtherCATDriver ] index=0x0  subindex=0 bitlen=0 derect=0  
20260814-150839:956990360 EtherCAT|INFO [EcatDrv_MakePDOMappingInfo,2246]: [EtherCATDriver ] index=0x0  subindex=0 bitlen=0 derect=0  
20260814-150839:957012048 EtherCAT|INFO [EcatDrv_MakePDOMappingInfo,2246]: [EtherCATDriver ] index=0x0  subindex=0 bitlen=0 derect=0
20260814-150839:957034280 EtherCAT|INFO [EcatDrv_MakePDOMappingInfo,2246]: [EtherCATDriver ] index=0x0  subindex=0 bitlen=0 derect=0  
20260814-150839:957055992 EtherCAT|INFO [EcatDrv_MakePDOMappingInfo,2246]: [EtherCATDriver ] index=0x0  subindex=0 bitlen=0 derect=0  
20260814-150839:957077648 EtherCAT|INFO [EcatDrv_MakePDOMappingInfo,2246]: [EtherCATDriver ] index=0x0  subindex=0 bitlen=0 derect=0
20260814-150839:957098760 EtherCAT|INFO [EcatDrv_MakePDOMappingInfo,2246]: [EtherCATDriver ] index=0x0  subindex=0 bitlen=0 derect=0  
20260814-150839:957120024 EtherCAT|INFO [EcatDrv_MakePDOMappingInfo,2246]: [EtherCATDriver ] index=0x0  subindex=0 bitlen=0 derect=0  
20260814-150839:957141648 EtherCAT|INFO [EcatDrv_MakePDOMappingInfo,2246]: [EtherCATDriver ] index=0x0  subindex=0 bitlen=0 derect=0
20260814-150839:957162840 EtherCAT|INFO [EcatDrv_MakePDOMappingInfo,2246]: [EtherCATDriver ] index=0x0  subindex=0 bitlen=0 derect=0  
20260814-150839:957184288 EtherCAT|INFO [EcatDrv_MakePDOMappingInfo,2246]: [EtherCATDriver ] index=0x0  subindex=0 bitlen=0 derect=0  
20260814-150839:957205944 EtherCAT|INFO [EcatDrv_MakePDOMappingInfo,2246]: [EtherCATDriver ] index=0x0  subindex=0 bitlen=0 derect=0
20260814-150839:957229328 EtherCAT|INFO [EcatDrv_MakePDOMappingInfo,2246]: [EtherCATDriver ] index=0x0  subindex=0 bitlen=0 derect=0  
20260814-150839:957251152 EtherCAT|INFO [EcatDrv_MakePDOMappingInfo,2246]: [EtherCATDriver ] index=0x0  subindex=0 bitlen=0 derect=0  
20260814-150839:957273392 EtherCAT|INFO [EcatDrv_MakePDOMappingInfo,2246]: [EtherCATDriver ] index=0x0  subindex=0 bitlen=0 derect=0
20260814-150839:957295120 EtherCAT|INFO [EcatDrv_MakePDOMappingInfo,2246]: [EtherCATDriver ] index=0x0  subindex=0 bitlen=0 derect=0  
20260814-150839:957316752 EtherCAT|INFO [EcatDrv_MakePDOMappingInfo,2246]: [EtherCATDriver ] index=0x0  subindex=0 bitlen=0 derect=0  
20260814-150839:957338168 EtherCAT|INFO [EcatDrv_MakePDOMappingInfo,2246]: [EtherCATDriver ] index=0x0  subindex=0 bitlen=0 derect=0
20260814-150839:957359712 EtherCAT|INFO [EcatDrv_MakePDOMappingInfo,2246]: [EtherCATDriver ] index=0x0  subindex=0 bitlen=0 derect=0  
20260814-150839:957380848 EtherCAT|INFO [EcatDrv_MakePDOMappingInfo,2246]: [EtherCATDriver ] index=0x0  subindex=0 bitlen=0 derect=0  
20260814-150839:957403728 EtherCAT|INFO [EcatDrv_MakePDOMappingInfo,2246]: [EtherCATDriver ] index=0x0  subindex=0 bitlen=0 derect=0
20260814-150839:957425928 EtherCAT|INFO [EcatDrv_MakePDOMappingInfo,2246]: [EtherCATDriver ] index=0x0  subindex=0 bitlen=0 derect=0  
20260814-150839:957448800 EtherCAT|INFO [EcatDrv_MakePDOMappingInfo,2246]: [EtherCATDriver ] index=0x0  subindex=0 bitlen=0 derect=0  
20260814-150839:957471400 EtherCAT|INFO [EcatDrv_MakePDOMappingInfo,2246]: [EtherCATDriver ] index=0x0  subindex=0 bitlen=0 derect=0
20260814-150839:957493432 EtherCAT|INFO [EcatDrv_MakePDOMappingInfo,2246]: [EtherCATDriver ] index=0x0  subindex=0 bitlen=0 derect=0  
20260814-150839:957517680 EtherCAT|INFO [EcatDrv_MakePDOMappingInfo,2246]: [EtherCATDriver ] index=0x0  subindex=0 bitlen=0 derect=0  
20260814-150839:957540080 EtherCAT|INFO [EcatDrv_MakePDOMappingInfo,2246]: [EtherCATDriver ] index=0x0  subindex=0 bitlen=0 derect=0
20260814-150839:957562992 EtherCAT|INFO [EcatDrv_MakePDOMappingInfo,2246]: [EtherCATDriver ] index=0x0  subindex=0 bitlen=0 derect=0  
20260814-150839:957584768 EtherCAT|INFO [EcatDrv_MakePDOMappingInfo,2246]: [EtherCATDriver ] index=0x0  subindex=0 bitlen=0 derect=0  
20260814-150839:957606280 EtherCAT|INFO [EcatDrv_MakePDOMappingInfo,2246]: [EtherCATDriver ] index=0x0  subindex=0 bitlen=0 derect=0
20260814-150839:957627688 EtherCAT|INFO [EcatDrv_MakePDOMappingInfo,2246]: [EtherCATDriver ] index=0x0  subindex=0 bitlen=0 derect=0  
20260814-150839:957648824 EtherCAT|INFO [EcatDrv_MakePDOMappingInfo,2246]: [EtherCATDriver ] index=0x0  subindex=0 bitlen=0 derect=0  
20260814-150839:957670520 EtherCAT|INFO [EcatDrv_MakePDOMappingInfo,2246]: [EtherCATDriver ] index=0x0  subindex=0 bitlen=0 derect=0
20260814-150839:957709888 EtherCAT|INFO [EcatDrv_MakePDOMappingInfo,2246]: [EtherCATDriver ] index=0x0  subindex=0 bitlen=0 derect=0  
20260814-150839:957732280 EtherCAT|INFO [EcatDrv_MakePDOMappingInfo,2246]: [EtherCATDriver ] index=0x0  subindex=0 bitlen=0 derect=0  
20260814-150839:957753848 EtherCAT|INFO [EcatDrv_MakePDOMappingInfo,2246]: [EtherCATDriver ] index=0x0  subindex=0 bitlen=0 derect=0
20260814-150839:957774608 EtherCAT|INFO [EcatDrv_MakePDOMappingInfo,2246]: [EtherCATDriver ] index=0x0  subindex=0 bitlen=0 derect=0  
20260814-150839:957797408 EtherCAT|INFO [EcatDrv_MakePDOMappingInfo,2246]: [EtherCATDriver ] index=0x0  subindex=0 bitlen=0 derect=0  
20260814-150839:957818920 EtherCAT|INFO [EcatDrv_MakePDOMappingInfo,2246]: [EtherCATDriver ] index=0x0  subindex=0 bitlen=0 derect=0
20260814-150839:957840280 EtherCAT|INFO [EcatDrv_MakePDOMappingInfo,2246]: [EtherCATDriver ] index=0x0  subindex=0 bitlen=0 derect=0  
20260814-150839:957862880 EtherCAT|INFO [EcatDrv_MakePDOMappingInfo,2246]: [EtherCATDriver ] index=0x0  subindex=0 bitlen=0 derect=0  
20260814-150839:957884504 EtherCAT|INFO [EcatDrv_MakePDOMappingInfo,2246]: [EtherCATDriver ] index=0x0  subindex=0 bitlen=0 derect=0
20260814-150839:957906088 EtherCAT|INFO [EcatDrv_MakePDOMappingInfo,2246]: [EtherCATDriver ] index=0x0  subindex=0 bitlen=0 derect=0  
20260814-150839:957927728 EtherCAT|INFO [EcatDrv_MakePDOMappingInfo,2246]: [EtherCATDriver ] index=0x0  subindex=0 bitlen=0 derect=0  
20260814-150839:957949072 EtherCAT|INFO [EcatDrv_MakePDOMappingInfo,2246]: [EtherCATDriver ] index=0x0  subindex=0 bitlen=0 derect=0
20260814-150839:957970440 EtherCAT|INFO [EcatDrv_MakePDOMappingInfo,2246]: [EtherCATDriver ] index=0x0  subindex=0 bitlen=0 derect=0  
20260814-150839:957993280 EtherCAT|INFO [EcatDrv_MakePDOMappingInfo,2246]: [EtherCATDriver ] index=0x0  subindex=0 bitlen=0 derect=0  
20260814-150839:958015080 EtherCAT|INFO [EcatDrv_MakePDOMappingInfo,2246]: [EtherCATDriver ] index=0x0  subindex=0 bitlen=0 derect=0
20260814-150839:958037968 EtherCAT|INFO [EcatDrv_MakePDOMappingInfo,2246]: [EtherCATDriver ] index=0x0  subindex=0 bitlen=0 derect=0  
20260814-150839:958059904 EtherCAT|INFO [EcatDrv_MakePDOMappingInfo,2246]: [EtherCATDriver ] index=0x0  subindex=0 bitlen=0 derect=0  
20260814-150839:958081632 EtherCAT|INFO [EcatDrv_MakePDOMappingInfo,2246]: [EtherCATDriver ] index=0x0  subindex=0 bitlen=0 derect=0
20260814-150839:958103424 EtherCAT|INFO [EcatDrv_MakePDOMappingInfo,2246]: [EtherCATDriver ] index=0x0  subindex=0 bitlen=0 derect=0  
20260814-150839:958126088 EtherCAT|INFO [EcatDrv_MakePDOMappingInfo,2246]: [EtherCATDriver ] index=0x0  subindex=0 bitlen=0 derect=0  
20260814-150839:958148320 EtherCAT|INFO [EcatDrv_MakePDOMappingInfo,2246]: [EtherCATDriver ] index=0x0  subindex=0 bitlen=0 derect=0
20260814-150839:958170368 EtherCAT|INFO [EcatDrv_MakePDOMappingInfo,2246]: [EtherCATDriver ] index=0x0  subindex=0 bitlen=0 derect=0  
20260814-150839:958192384 EtherCAT|INFO [EcatDrv_MakePDOMappingInfo,2246]: [EtherCATDriver ] index=0x0  subindex=0 bitlen=0 derect=0  
20260814-150839:958215080 EtherCAT|INFO [EcatDrv_MakePDOMappingInfo,2246]: [EtherCATDriver ] index=0x0  subindex=0 bitlen=0 derect=0
20260814-150839:958237032 EtherCAT|INFO [EcatDrv_MakePDOMappingInfo,2246]: [EtherCATDriver ] index=0x0  subindex=0 bitlen=0 derect=0  
20260814-150839:958258408 EtherCAT|INFO [EcatDrv_MakePDOMappingInfo,2246]: [EtherCATDriver ] index=0x0  subindex=0 bitlen=0 derect=0  
20260814-150839:958279552 EtherCAT|INFO [EcatDrv_MakePDOMappingInfo,2246]: [EtherCATDriver ] index=0x0  subindex=0 bitlen=0 derect=0
20260814-150839:958300512 EtherCAT|INFO [EcatDrv_MakePDOMappingInfo,2246]: [EtherCATDriver ] index=0x0  subindex=0 bitlen=0 derect=0  
20260814-150839:958322384 EtherCAT|INFO [EcatDrv_MakePDOMappingInfo,2246]: [EtherCATDriver ] index=0x0  subindex=0 bitlen=0 derect=0  
20260814-150839:958344184 EtherCAT|INFO [EcatDrv_MakePDOMappingInfo,2246]: [EtherCATDriver ] index=0x0  subindex=0 bitlen=0 derect=0
20260814-150839:958367384 EtherCAT|INFO [EcatDrv_MakePDOMappingInfo,2246]: [EtherCATDriver ] index=0x0  subindex=0 bitlen=0 derect=0  
20260814-150839:958389408 EtherCAT|INFO [EcatDrv_MakePDOMappingInfo,2246]: [EtherCATDriver ] index=0x0  subindex=0 bitlen=0 derect=0  
20260814-150839:958412080 EtherCAT|INFO [EcatDrv_MakePDOMappingInfo,2246]: [EtherCATDriver ] index=0x0  subindex=0 bitlen=0 derect=0
20260814-150839:958434152 EtherCAT|INFO [EcatDrv_MakePDOMappingInfo,2246]: [EtherCATDriver ] index=0x0  subindex=0 bitlen=0 derect=0  
20260814-150839:958455792 EtherCAT|INFO [EcatDrv_MakePDOMappingInfo,2246]: [EtherCATDriver ] index=0x0  subindex=0 bitlen=0 derect=0  
20260814-150839:958476968 EtherCAT|INFO [EcatDrv_MakePDOMappingInfo,2246]: [EtherCATDriver ] index=0x0  subindex=0 bitlen=0 derect=0
20260814-150839:958499688 EtherCAT|INFO [EcatDrv_MakePDOMappingInfo,2246]: [EtherCATDriver ] index=0x0  subindex=0 bitlen=0 derect=0  
20260814-150839:958529920 EtherCAT|INFO [EcatDrv_MakePDOMappingInfo,2246]: [EtherCATDriver ] index=0x0  subindex=0 bitlen=0 derect=0  
20260814-150839:958553240 EtherCAT|INFO [EcatDrv_MakePDOMappingInfo,2246]: [EtherCATDriver ] index=0x0  subindex=0 bitlen=0 derect=0
20260814-150839:958575352 EtherCAT|INFO [EcatDrv_MakePDOMappingInfo,2246]: [EtherCATDriver ] index=0x0  subindex=0 bitlen=0 derect=0  
20260814-150839:958596480 EtherCAT|INFO [EcatDrv_MakePDOMappingInfo,2246]: [EtherCATDriver ] index=0x0  subindex=0 bitlen=0 derect=0  
20260814-150839:958617712 EtherCAT|INFO [EcatDrv_MakePDOMappingInfo,2246]: [EtherCATDriver ] index=0x0  subindex=0 bitlen=0 derect=0
20260814-150839:958640584 EtherCAT|INFO [EcatDrv_MakePDOMappingInfo,2246]: [EtherCATDriver ] index=0x0  subindex=0 bitlen=0 derect=0  
20260814-150839:958662640 EtherCAT|INFO [EcatDrv_MakePDOMappingInfo,2246]: [EtherCATDriver ] index=0x0  subindex=0 bitlen=0 derect=0  
20260814-150839:958684952 EtherCAT|INFO [EcatDrv_MakePDOMappingInfo,2246]: [EtherCATDriver ] index=0x0  subindex=0 bitlen=0 derect=0
20260814-150839:958724992 EtherCAT|INFO [EcatDrv_MakePDOMappingInfo,2246]: [EtherCATDriver ] index=0x0  subindex=0 bitlen=0 derect=0  
20260814-150839:958747368 EtherCAT|INFO [EcatDrv_MakePDOMappingInfo,2246]: [EtherCATDriver ] index=0x0  subindex=0 bitlen=0 derect=0  
20260814-150839:958769232 EtherCAT|INFO [EcatDrv_MakePDOMappingInfo,2246]: [EtherCATDriver ] index=0x0  subindex=0 bitlen=0 derect=0
20260814-150839:958790368 EtherCAT|INFO [EcatDrv_MakePDOMappingInfo,2246]: [EtherCATDriver ] index=0x0  subindex=0 bitlen=0 derect=0  
20260814-150839:958813520 EtherCAT|INFO [EcatDrv_MakePDOMappingInfo,2246]: [EtherCATDriver ] index=0x0  subindex=0 bitlen=0 derect=0  
20260814-150839:958835712 EtherCAT|INFO [EcatDrv_MakePDOMappingInfo,2246]: [EtherCATDriver ] index=0x0  subindex=0 bitlen=0 derect=0
20260814-150839:958857168 EtherCAT|INFO [EcatDrv_MakePDOMappingInfo,2246]: [EtherCATDriver ] index=0x0  subindex=0 bitlen=0 derect=0  
20260814-150839:958879032 EtherCAT|INFO [EcatDrv_MakePDOMappingInfo,2246]: [EtherCATDriver ] index=0x0  subindex=0 bitlen=0 derect=0  
20260814-150839:958901184 EtherCAT|INFO [EcatDrv_MakePDOMappingInfo,2246]: [EtherCATDriver ] index=0x0  subindex=0 bitlen=0 derect=0
20260814-150839:958923000 EtherCAT|INFO [EcatDrv_MakePDOMappingInfo,2246]: [EtherCATDriver ] index=0x0  subindex=0 bitlen=0 derect=0  
20260814-150839:958944640 EtherCAT|INFO [EcatDrv_MakePDOMappingInfo,2246]: [EtherCATDriver ] index=0x0  subindex=0 bitlen=0 derect=0  
20260814-150839:958966072 EtherCAT|INFO [EcatDrv_MakePDOMappingInfo,2246]: [EtherCATDriver ] index=0x0  subindex=0 bitlen=0 derect=0
20260814-150839:958989048 EtherCAT|INFO [EcatDrv_MakePDOMappingInfo,2246]: [EtherCATDriver ] index=0x0  subindex=0 bitlen=0 derect=0  
20260814-150839:959011024 EtherCAT|INFO [EcatDrv_MakePDOMappingInfo,2246]: [EtherCATDriver ] index=0x0  subindex=0 bitlen=0 derect=0  
20260814-150839:959032640 EtherCAT|INFO [EcatDrv_MakePDOMappingInfo,2246]: [EtherCATDriver ] index=0x0  subindex=0 bitlen=0 derect=0
20260814-150839:959054112 EtherCAT|INFO [EcatDrv_MakePDOMappingInfo,2246]: [EtherCATDriver ] index=0x0  subindex=0 bitlen=0 derect=0  
20260814-150839:959075840 EtherCAT|INFO [EcatDrv_MakePDOMappingInfo,2246]: [EtherCATDriver ] index=0x0  subindex=0 bitlen=0 derect=0  
20260814-150839:959097280 EtherCAT|INFO [EcatDrv_MakePDOMappingInfo,2246]: [EtherCATDriver ] index=0x0  subindex=0 bitlen=0 derect=0
20260814-150839:959118568 EtherCAT|INFO [EcatDrv_MakePDOMappingInfo,2246]: [EtherCATDriver ] index=0x0  subindex=0 bitlen=0 derect=0  
20260814-150839:959139952 EtherCAT|INFO [EcatDrv_MakePDOMappingInfo,2246]: [EtherCATDriver ] index=0x0  subindex=0 bitlen=0 derect=0  
20260814-150839:959162432 EtherCAT|INFO [EcatDrv_MakePDOMappingInfo,2246]: [EtherCATDriver ] index=0x0  subindex=0 bitlen=0 derect=0
20260814-150839:959184288 EtherCAT|INFO [EcatDrv_MakePDOMappingInfo,2246]: [EtherCATDriver ] index=0x0  subindex=0 bitlen=0 derect=0  
20260814-150839:959205712 EtherCAT|INFO [EcatDrv_MakePDOMappingInfo,2246]: [EtherCATDriver ] index=0x0  subindex=0 bitlen=0 derect=0  
20260814-150839:959227520 EtherCAT|INFO [EcatDrv_MakePDOMappingInfo,2246]: [EtherCATDriver ] index=0x0  subindex=0 bitlen=0 derect=0
20260814-150839:959250368 EtherCAT|INFO [EcatDrv_MakePDOMappingInfo,2246]: [EtherCATDriver ] index=0x0  subindex=0 bitlen=0 derect=0  
20260814-150839:959272224 EtherCAT|INFO [EcatDrv_MakePDOMappingInfo,2246]: [EtherCATDriver ] index=0x0  subindex=0 bitlen=0 derect=0  
20260814-150839:959293744 EtherCAT|INFO [EcatDrv_MakePDOMappingInfo,2246]: [EtherCATDriver ] index=0x0  subindex=0 bitlen=0 derect=0
20260814-150839:959315344 EtherCAT|INFO [EcatDrv_MakePDOMappingInfo,2246]: [EtherCATDriver ] index=0x0  subindex=0 bitlen=0 derect=0  
20260814-150839:959338232 EtherCAT|INFO [EcatDrv_MakePDOMappingInfo,2246]: [EtherCATDriver ] index=0x0  subindex=0 bitlen=0 derect=0  
20260814-150839:959360152 EtherCAT|INFO [EcatDrv_MakePDOMappingInfo,2246]: [EtherCATDriver ] index=0x0  subindex=0 bitlen=0 derect=0
20260814-150839:959381944 EtherCAT|INFO [EcatDrv_MakePDOMappingInfo,2246]: [EtherCATDriver ] index=0x0  subindex=0 bitlen=0 derect=0  
20260814-150839:959403568 EtherCAT|INFO [EcatDrv_MakePDOMappingInfo,2246]: [EtherCATDriver ] index=0x0  subindex=0 bitlen=0 derect=0  
20260814-150839:959425320 EtherCAT|INFO [EcatDrv_MakePDOMappingInfo,2246]: [EtherCATDriver ] index=0x0  subindex=0 bitlen=0 derect=0
20260814-150839:959446528 EtherCAT|INFO [EcatDrv_MakePDOMappingInfo,2246]: [EtherCATDriver ] index=0x0  subindex=0 bitlen=0 derect=0  
20260814-150839:959467808 EtherCAT|INFO [EcatDrv_MakePDOMappingInfo,2246]: [EtherCATDriver ] index=0x0  subindex=0 bitlen=0 derect=0  
20260814-150839:959489632 EtherCAT|INFO [EcatDrv_MakePDOMappingInfo,2246]: [EtherCATDriver ] index=0x0  subindex=0 bitlen=0 derect=0
20260814-150839:959513672 EtherCAT|INFO [EcatDrv_MakePDOMappingInfo,2246]: [EtherCATDriver ] index=0x0  subindex=0 bitlen=0 derect=0  
20260814-150839:959536840 EtherCAT|INFO [EcatDrv_MakePDOMappingInfo,2246]: [EtherCATDriver ] index=0x0  subindex=0 bitlen=0 derect=0  
20260814-150839:959558952 EtherCAT|INFO [EcatDrv_MakePDOMappingInfo,2246]: [EtherCATDriver ] index=0x0  subindex=0 bitlen=0 derect=0
20260814-150839:959580744 EtherCAT|INFO [EcatDrv_MakePDOMappingInfo,2246]: [EtherCATDriver ] index=0x0  subindex=0 bitlen=0 derect=0  
20260814-150839:959603728 EtherCAT|INFO [EcatDrv_MakePDOMappingInfo,2246]: [EtherCATDriver ] index=0x0  subindex=0 bitlen=0 derect=0  
20260814-150839:959626080 EtherCAT|INFO [EcatDrv_MakePDOMappingInfo,2246]: [EtherCATDriver ] index=0x0  subindex=0 bitlen=0 derect=0
20260814-150839:959648248 EtherCAT|INFO [EcatDrv_MakePDOMappingInfo,2246]: [EtherCATDriver ] index=0x0  subindex=0 bitlen=0 derect=0  
20260814-150839:959669744 EtherCAT|INFO [EcatDrv_MakePDOMappingInfo,2246]: [EtherCATDriver ] index=0x0  subindex=0 bitlen=0 derect=0  
20260814-150839:959692264 EtherCAT|INFO [EcatDrv_MakePDOMappingInfo,2246]: [EtherCATDriver ] index=0x0  subindex=0 bitlen=0 derect=0
20260814-150839:959732792 EtherCAT|INFO [EcatDrv_MakePDOMappingInfo,2246]: [EtherCATDriver ] index=0x0  subindex=0 bitlen=0 derect=0  
20260814-150839:959755840 EtherCAT|INFO [EcatDrv_MakePDOMappingInfo,2246]: [EtherCATDriver ] index=0x0  subindex=0 bitlen=0 derect=0  
20260814-150839:959777344 EtherCAT|INFO [EcatDrv_MakePDOMappingInfo,2246]: [EtherCATDriver ] index=0x0  subindex=0 bitlen=0 derect=0
20260814-150839:959799240 EtherCAT|INFO [EcatDrv_MakePDOMappingInfo,2246]: [EtherCATDriver ] index=0x0  subindex=0 bitlen=0 derect=0  
20260814-150839:959820288 EtherCAT|INFO [EcatDrv_MakePDOMappingInfo,2246]: [EtherCATDriver ] index=0x0  subindex=0 bitlen=0 derect=0  
20260814-150839:959843024 EtherCAT|INFO [EcatDrv_MakePDOMappingInfo,2246]: [EtherCATDriver ] index=0x0  subindex=0 bitlen=0 derect=0
20260814-150839:959865024 EtherCAT|INFO [EcatDrv_MakePDOMappingInfo,2246]: [EtherCATDriver ] index=0x0  subindex=0 bitlen=0 derect=0  
20260814-150839:959887320 EtherCAT|INFO [EcatDrv_MakePDOMappingInfo,2246]: [EtherCATDriver ] index=0x0  subindex=0 bitlen=0 derect=0  
20260814-150839:959908584 EtherCAT|INFO [EcatDrv_MakePDOMappingInfo,2246]: [EtherCATDriver ] index=0x0  subindex=0 bitlen=0 derect=0
20260814-150839:959931568 EtherCAT|INFO [EcatDrv_MakePDOMappingInfo,2246]: [EtherCATDriver ] index=0x0  subindex=0 bitlen=0 derect=0  
20260814-150839:959953528 EtherCAT|INFO [EcatDrv_MakePDOMappingInfo,2246]: [EtherCATDriver ] index=0x0  subindex=0 bitlen=0 derect=0  
20260814-150839:959975344 EtherCAT|INFO [EcatDrv_MakePDOMappingInfo,2246]: [EtherCATDriver ] index=0x0  subindex=0 bitlen=0 derect=0
20260814-150839:959997072 EtherCAT|INFO [EcatDrv_MakePDOMappingInfo,2246]: [EtherCATDriver ] index=0x0  subindex=0 bitlen=0 derect=0  
20260814-150839:960018480 EtherCAT|INFO [EcatDrv_MakePDOMappingInfo,2246]: [EtherCATDriver ] index=0x0  subindex=0 bitlen=0 derect=0  
20260814-150839:960041168 EtherCAT|INFO [EcatDrv_MakePDOMappingInfo,2246]: [EtherCATDriver ] index=0x0  subindex=0 bitlen=0 derect=0
20260814-150839:960062520 EtherCAT|INFO [EcatDrv_MakePDOMappingInfo,2246]: [EtherCATDriver ] index=0x0  subindex=0 bitlen=0 derect=0  
20260814-150839:960083992 EtherCAT|INFO [EcatDrv_MakePDOMappingInfo,2246]: [EtherCATDriver ] index=0x0  subindex=0 bitlen=0 derect=0  
20260814-150839:960107328 EtherCAT|INFO [EcatDrv_MakePDOMappingInfo,2246]: [EtherCATDriver ] index=0x0  subindex=0 bitlen=0 derect=0
20260814-150839:960129424 EtherCAT|INFO [EcatDrv_MakePDOMappingInfo,2246]: [EtherCATDriver ] index=0x0  subindex=0 bitlen=0 derect=0  
20260814-150839:960151928 EtherCAT|INFO [EcatDrv_MakePDOMappingInfo,2246]: [EtherCATDriver ] index=0x0  subindex=0 bitlen=0 derect=0  
20260814-150839:960173680 EtherCAT|INFO [EcatDrv_MakePDOMappingInfo,2246]: [EtherCATDriver ] index=0x0  subindex=0 bitlen=0 derect=0
20260814-150839:960196160 EtherCAT|INFO [EcatDrv_MakePDOMappingInfo,2246]: [EtherCATDriver ] index=0x0  subindex=0 bitlen=0 derect=0  
20260814-150839:960217320 EtherCAT|INFO [EcatDrv_MakePDOMappingInfo,2246]: [EtherCATDriver ] index=0x0  subindex=0 bitlen=0 derect=0  
20260814-150839:960239704 EtherCAT|INFO [EcatDrv_MakePDOMappingInfo,2246]: [EtherCATDriver ] index=0x0  subindex=0 bitlen=0 derect=0
20260814-150839:960320488 EtherCAT|INFO [CoESrv_IndexPosInit,327]: rx idn : object : 6040, robotaddr = 0, moduleaddr = 1086a814. EcatPos is 0. 0  
20260814-150839:960361360 EtherCAT|INFO [CoESrv_IndexPosInit,327]: rx idn : object : 6071, robotaddr = 0, moduleaddr = 1086a820. EcatPos is 2. 0  
20260814-150839:960405744 EtherCAT|INFO [CoESrv_IndexPosInit,327]: rx idn : object : 607a, robotaddr = 0, moduleaddr = 1086a830. EcatPos is 4. 0 
20260814-150839:960442208 EtherCAT|INFO [CoESrv_IndexPosInit,327]: rx idn : object : 60b2, robotaddr = 0, moduleaddr = 1086a826. EcatPos is 8. 0  
20260814-150839:960477664 EtherCAT|INFO [CoESrv_IndexPosInit,327]: rx idn : object : 6060, robotaddr = 0, moduleaddr = 1086a818. EcatPos is 10. 0  
20260814-150839:960503608 EtherCAT|INFO [CoESrv_IndexPosInit,327]: rx idn : object : 0, robotaddr = 0, moduleaddr = 0. EcatPos is 21. 0 
20260814-150839:960558360 EtherCAT|INFO [CoESrv_IndexPosInit,327]: rx idn : object : 6040, robotaddr = 0, moduleaddr = 1086aab0. EcatPos is 0. 1  
20260814-150839:960595000 EtherCAT|INFO [CoESrv_IndexPosInit,327]: rx idn : object : 6071, robotaddr = 0, moduleaddr = 1086aabc. EcatPos is 2. 1  
20260814-150839:960638504 EtherCAT|INFO [CoESrv_IndexPosInit,327]: rx idn : object : 607a, robotaddr = 0, moduleaddr = 1086aacc. EcatPos is 4. 1 
20260814-150839:960673952 EtherCAT|INFO [CoESrv_IndexPosInit,327]: rx idn : object : 60b2, robotaddr = 0, moduleaddr = 1086aac2. EcatPos is 8. 1  
20260814-150839:960708720 EtherCAT|INFO [CoESrv_IndexPosInit,327]: rx idn : object : 6060, robotaddr = 0, moduleaddr = 1086aab4. EcatPos is 10. 1  
20260814-150839:960756968 EtherCAT|INFO [CoESrv_IndexPosInit,327]: rx idn : object : 0, robotaddr = 0, moduleaddr = 0. EcatPos is 21. 1 
20260814-150839:960801984 EtherCAT|INFO [CoESrv_IndexPosInit,327]: rx idn : object : 6040, robotaddr = 0, moduleaddr = 1086ad4c. EcatPos is 0. 2  
20260814-150839:960838072 EtherCAT|INFO [CoESrv_IndexPosInit,327]: rx idn : object : 6071, robotaddr = 0, moduleaddr = 1086ad58. EcatPos is 2. 2  
20260814-150839:960881968 EtherCAT|INFO [CoESrv_IndexPosInit,327]: rx idn : object : 607a, robotaddr = 0, moduleaddr = 1086ad68. EcatPos is 4. 2 
20260814-150839:960917080 EtherCAT|INFO [CoESrv_IndexPosInit,327]: rx idn : object : 60b2, robotaddr = 0, moduleaddr = 1086ad5e. EcatPos is 8. 2  
20260814-150839:960951488 EtherCAT|INFO [CoESrv_IndexPosInit,327]: rx idn : object : 6060, robotaddr = 0, moduleaddr = 1086ad50. EcatPos is 10. 2  
20260814-150839:960978328 EtherCAT|INFO [CoESrv_IndexPosInit,327]: rx idn : object : 0, robotaddr = 0, moduleaddr = 0. EcatPos is 21. 2 
20260814-150839:961020872 EtherCAT|INFO [CoESrv_IndexPosInit,327]: rx idn : object : 6040, robotaddr = 0, moduleaddr = 1086afe8. EcatPos is 0. 3  
20260814-150839:961055784 EtherCAT|INFO [CoESrv_IndexPosInit,327]: rx idn : object : 6071, robotaddr = 0, moduleaddr = 1086aff4. EcatPos is 2. 3  
20260814-150839:961097760 EtherCAT|INFO [CoESrv_IndexPosInit,327]: rx idn : object : 607a, robotaddr = 0, moduleaddr = 1086b004. EcatPos is 4. 3 
20260814-150839:961133480 EtherCAT|INFO [CoESrv_IndexPosInit,327]: rx idn : object : 60b2, robotaddr = 0, moduleaddr = 1086affa. EcatPos is 8. 3  
20260814-150839:961167904 EtherCAT|INFO [CoESrv_IndexPosInit,327]: rx idn : object : 6060, robotaddr = 0, moduleaddr = 1086afec. EcatPos is 10. 3  
20260814-150839:961193512 EtherCAT|INFO [CoESrv_IndexPosInit,327]: rx idn : object : 0, robotaddr = 0, moduleaddr = 0. EcatPos is 21. 3 
20260814-150839:961235864 EtherCAT|INFO [CoESrv_IndexPosInit,327]: rx idn : object : 6040, robotaddr = 0, moduleaddr = 1086b284. EcatPos is 0. 4  
20260814-150839:961270328 EtherCAT|INFO [CoESrv_IndexPosInit,327]: rx idn : object : 6071, robotaddr = 0, moduleaddr = 1086b290. EcatPos is 2. 4  
20260814-150839:961313040 EtherCAT|INFO [CoESrv_IndexPosInit,327]: rx idn : object : 607a, robotaddr = 0, moduleaddr = 1086b2a0. EcatPos is 4. 4 
20260814-150839:961347448 EtherCAT|INFO [CoESrv_IndexPosInit,327]: rx idn : object : 60b2, robotaddr = 0, moduleaddr = 1086b296. EcatPos is 8. 4  
20260814-150839:961382920 EtherCAT|INFO [CoESrv_IndexPosInit,327]: rx idn : object : 6060, robotaddr = 0, moduleaddr = 1086b288. EcatPos is 10. 4  
20260814-150839:961407928 EtherCAT|INFO [CoESrv_IndexPosInit,327]: rx idn : object : 0, robotaddr = 0, moduleaddr = 0. EcatPos is 21. 4 
20260814-150839:961451464 EtherCAT|INFO [CoESrv_IndexPosInit,327]: rx idn : object : 6040, robotaddr = 0, moduleaddr = 1086b520. EcatPos is 0. 5  
20260814-150839:961486640 EtherCAT|INFO [CoESrv_IndexPosInit,327]: rx idn : object : 6071, robotaddr = 0, moduleaddr = 1086b52c. EcatPos is 2. 5  
20260814-150839:961533088 EtherCAT|INFO [CoESrv_IndexPosInit,327]: rx idn : object : 607a, robotaddr = 0, moduleaddr = 1086b53c. EcatPos is 4. 5 
20260814-150839:961568088 EtherCAT|INFO [CoESrv_IndexPosInit,327]: rx idn : object : 60b2, robotaddr = 0, moduleaddr = 1086b532. EcatPos is 8. 5  
20260814-150839:961601424 EtherCAT|INFO [CoESrv_IndexPosInit,327]: rx idn : object : 6060, robotaddr = 0, moduleaddr = 1086b524. EcatPos is 10. 5  
20260814-150839:961627584 EtherCAT|INFO [CoESrv_IndexPosInit,327]: rx idn : object : 0, robotaddr = 0, moduleaddr = 0. EcatPos is 21. 5 
20260814-150839:961670488 EtherCAT|INFO [CoESrv_IndexPosInit,327]: rx idn : object : 6040, robotaddr = 0, moduleaddr = 1086b7bc. EcatPos is 0. 6  
20260814-150839:961704584 EtherCAT|INFO [CoESrv_IndexPosInit,327]: rx idn : object : 6071, robotaddr = 0, moduleaddr = 1086b7c8. EcatPos is 2. 6  
20260814-150839:961766832 EtherCAT|INFO [CoESrv_IndexPosInit,327]: rx idn : object : 607a, robotaddr = 0, moduleaddr = 1086b7d8. EcatPos is 4. 6 
20260814-150839:961804240 EtherCAT|INFO [CoESrv_IndexPosInit,327]: rx idn : object : 60b2, robotaddr = 0, moduleaddr = 1086b7ce. EcatPos is 8. 6  
20260814-150839:961838728 EtherCAT|INFO [CoESrv_IndexPosInit,327]: rx idn : object : 6060, robotaddr = 0, moduleaddr = 1086b7c0. EcatPos is 10. 6  
20260814-150839:961865264 EtherCAT|INFO [CoESrv_IndexPosInit,327]: rx idn : object : 0, robotaddr = 0, moduleaddr = 0. EcatPos is 21. 6 
20260814-150839:961912408 EtherCAT|INFO [CoESrv_IndexPosInit,375]: tx idn : object : 6041, robotaddr = 0, moduleaddr = 1086a816. EcatPos is 0. 0 
20260814-150839:961947680 EtherCAT|INFO [CoESrv_IndexPosInit,375]: tx idn : object : 603f, robotaddr = 0, moduleaddr = 1086a81a. EcatPos is 2. 0 
20260814-150839:961990432 EtherCAT|INFO [CoESrv_IndexPosInit,375]: tx idn : object : 6064, robotaddr = 0, moduleaddr = 1086a834. EcatPos is 4. 0
20260814-150839:962025064 EtherCAT|INFO [CoESrv_IndexPosInit,375]: tx idn : object : 6077, robotaddr = 0, moduleaddr = 1086a822. EcatPos is 8. 0 
20260814-150839:962059424 EtherCAT|INFO [CoESrv_IndexPosInit,375]: tx idn : object : 6078, robotaddr = 0, moduleaddr = 1086a824. EcatPos is 10. 0 
20260814-150839:962095592 EtherCAT|INFO [CoESrv_IndexPosInit,375]: tx idn : object : 606c, robotaddr = 0, moduleaddr = 1086a82c. EcatPos is 12. 0
20260814-150839:962131680 EtherCAT|INFO [CoESrv_IndexPosInit,375]: tx idn : object : 60f4, robotaddr = 0, moduleaddr = 1086a838. EcatPos is 16. 0 
20260814-150839:962167128 EtherCAT|INFO [CoESrv_IndexPosInit,375]: tx idn : object : 6061, robotaddr = 0, moduleaddr = 1086a819. EcatPos is 20. 0 
20260814-150839:962193112 EtherCAT|INFO [CoESrv_IndexPosInit,375]: tx idn : object : 0, robotaddr = 0, moduleaddr = 0. EcatPos is 21. 0
20260814-150839:962235600 EtherCAT|INFO [CoESrv_IndexPosInit,375]: tx idn : object : 6041, robotaddr = 0, moduleaddr = 1086aab2. EcatPos is 0. 1 
20260814-150839:962270784 EtherCAT|INFO [CoESrv_IndexPosInit,375]: tx idn : object : 603f, robotaddr = 0, moduleaddr = 1086aab6. EcatPos is 2. 1 
20260814-150839:962313640 EtherCAT|INFO [CoESrv_IndexPosInit,375]: tx idn : object : 6064, robotaddr = 0, moduleaddr = 1086aad0. EcatPos is 4. 1
20260814-150839:962349728 EtherCAT|INFO [CoESrv_IndexPosInit,375]: tx idn : object : 6077, robotaddr = 0, moduleaddr = 1086aabe. EcatPos is 8. 1 
20260814-150839:962384688 EtherCAT|INFO [CoESrv_IndexPosInit,375]: tx idn : object : 6078, robotaddr = 0, moduleaddr = 1086aac0. EcatPos is 10. 1 
20260814-150839:962420144 EtherCAT|INFO [CoESrv_IndexPosInit,375]: tx idn : object : 606c, robotaddr = 0, moduleaddr = 1086aac8. EcatPos is 12. 1
20260814-150839:962455640 EtherCAT|INFO [CoESrv_IndexPosInit,375]: tx idn : object : 60f4, robotaddr = 0, moduleaddr = 1086aad4. EcatPos is 16. 1 
20260814-150839:962490920 EtherCAT|INFO [CoESrv_IndexPosInit,375]: tx idn : object : 6061, robotaddr = 0, moduleaddr = 1086aab5. EcatPos is 20. 1 
20260814-150839:962524552 EtherCAT|INFO [CoESrv_IndexPosInit,375]: tx idn : object : 0, robotaddr = 0, moduleaddr = 0. EcatPos is 21. 1
20260814-150839:962569888 EtherCAT|INFO [CoESrv_IndexPosInit,375]: tx idn : object : 6041, robotaddr = 0, moduleaddr = 1086ad4e. EcatPos is 0. 2 
20260814-150839:962605680 EtherCAT|INFO [CoESrv_IndexPosInit,375]: tx idn : object : 603f, robotaddr = 0, moduleaddr = 1086ad52. EcatPos is 2. 2 
20260814-150839:962648840 EtherCAT|INFO [CoESrv_IndexPosInit,375]: tx idn : object : 6064, robotaddr = 0, moduleaddr = 1086ad6c. EcatPos is 4. 2
20260814-150839:962684680 EtherCAT|INFO [CoESrv_IndexPosInit,375]: tx idn : object : 6077, robotaddr = 0, moduleaddr = 1086ad5a. EcatPos is 8. 2 
20260814-150839:962720088 EtherCAT|INFO [CoESrv_IndexPosInit,375]: tx idn : object : 6078, robotaddr = 0, moduleaddr = 1086ad5c. EcatPos is 10. 2 
20260814-150839:962777208 EtherCAT|INFO [CoESrv_IndexPosInit,375]: tx idn : object : 606c, robotaddr = 0, moduleaddr = 1086ad64. EcatPos is 12. 2
20260814-150839:962815144 EtherCAT|INFO [CoESrv_IndexPosInit,375]: tx idn : object : 60f4, robotaddr = 0, moduleaddr = 1086ad70. EcatPos is 16. 2 
20260814-150839:962850304 EtherCAT|INFO [CoESrv_IndexPosInit,375]: tx idn : object : 6061, robotaddr = 0, moduleaddr = 1086ad51. EcatPos is 20. 2 
20260814-150839:962876888 EtherCAT|INFO [CoESrv_IndexPosInit,375]: tx idn : object : 0, robotaddr = 0, moduleaddr = 0. EcatPos is 21. 2
20260814-150839:962919360 EtherCAT|INFO [CoESrv_IndexPosInit,375]: tx idn : object : 6041, robotaddr = 0, moduleaddr = 1086afea. EcatPos is 0. 3 
20260814-150839:962953032 EtherCAT|INFO [CoESrv_IndexPosInit,375]: tx idn : object : 603f, robotaddr = 0, moduleaddr = 1086afee. EcatPos is 2. 3 
20260814-150839:962994824 EtherCAT|INFO [CoESrv_IndexPosInit,375]: tx idn : object : 6064, robotaddr = 0, moduleaddr = 1086b008. EcatPos is 4. 3
20260814-150839:963029520 EtherCAT|INFO [CoESrv_IndexPosInit,375]: tx idn : object : 6077, robotaddr = 0, moduleaddr = 1086aff6. EcatPos is 8. 3 
20260814-150839:963065120 EtherCAT|INFO [CoESrv_IndexPosInit,375]: tx idn : object : 6078, robotaddr = 0, moduleaddr = 1086aff8. EcatPos is 10. 3 
20260814-150839:963099832 EtherCAT|INFO [CoESrv_IndexPosInit,375]: tx idn : object : 606c, robotaddr = 0, moduleaddr = 1086b000. EcatPos is 12. 3
20260814-150839:963136120 EtherCAT|INFO [CoESrv_IndexPosInit,375]: tx idn : object : 60f4, robotaddr = 0, moduleaddr = 1086b00c. EcatPos is 16. 3 
20260814-150839:963171488 EtherCAT|INFO [CoESrv_IndexPosInit,375]: tx idn : object : 6061, robotaddr = 0, moduleaddr = 1086afed. EcatPos is 20. 3 
20260814-150839:963197952 EtherCAT|INFO [CoESrv_IndexPosInit,375]: tx idn : object : 0, robotaddr = 0, moduleaddr = 0. EcatPos is 21. 3
20260814-150839:963240312 EtherCAT|INFO [CoESrv_IndexPosInit,375]: tx idn : object : 6041, robotaddr = 0, moduleaddr = 1086b286. EcatPos is 0. 4 
20260814-150839:963275360 EtherCAT|INFO [CoESrv_IndexPosInit,375]: tx idn : object : 603f, robotaddr = 0, moduleaddr = 1086b28a. EcatPos is 2. 4 
20260814-150839:963318688 EtherCAT|INFO [CoESrv_IndexPosInit,375]: tx idn : object : 6064, robotaddr = 0, moduleaddr = 1086b2a4. EcatPos is 4. 4
20260814-150839:963353480 EtherCAT|INFO [CoESrv_IndexPosInit,375]: tx idn : object : 6077, robotaddr = 0, moduleaddr = 1086b292. EcatPos is 8. 4 
20260814-150839:963387920 EtherCAT|INFO [CoESrv_IndexPosInit,375]: tx idn : object : 6078, robotaddr = 0, moduleaddr = 1086b294. EcatPos is 10. 4 
20260814-150839:963423408 EtherCAT|INFO [CoESrv_IndexPosInit,375]: tx idn : object : 606c, robotaddr = 0, moduleaddr = 1086b29c. EcatPos is 12. 4
20260814-150839:963458728 EtherCAT|INFO [CoESrv_IndexPosInit,375]: tx idn : object : 60f4, robotaddr = 0, moduleaddr = 1086b2a8. EcatPos is 16. 4 
20260814-150839:963493984 EtherCAT|INFO [CoESrv_IndexPosInit,375]: tx idn : object : 6061, robotaddr = 0, moduleaddr = 1086b289. EcatPos is 20. 4 
20260814-150839:963522792 EtherCAT|INFO [CoESrv_IndexPosInit,375]: tx idn : object : 0, robotaddr = 0, moduleaddr = 0. EcatPos is 21. 4
20260814-150839:963565232 EtherCAT|INFO [CoESrv_IndexPosInit,375]: tx idn : object : 6041, robotaddr = 0, moduleaddr = 1086b522. EcatPos is 0. 5 
20260814-150839:963600232 EtherCAT|INFO [CoESrv_IndexPosInit,375]: tx idn : object : 603f, robotaddr = 0, moduleaddr = 1086b526. EcatPos is 2. 5 
20260814-150839:963642472 EtherCAT|INFO [CoESrv_IndexPosInit,375]: tx idn : object : 6064, robotaddr = 0, moduleaddr = 1086b540. EcatPos is 4. 5
20260814-150839:963677240 EtherCAT|INFO [CoESrv_IndexPosInit,375]: tx idn : object : 6077, robotaddr = 0, moduleaddr = 1086b52e. EcatPos is 8. 5 
20260814-150839:963711424 EtherCAT|INFO [CoESrv_IndexPosInit,375]: tx idn : object : 6078, robotaddr = 0, moduleaddr = 1086b530. EcatPos is 10. 5 
20260814-150839:963746168 EtherCAT|INFO [CoESrv_IndexPosInit,375]: tx idn : object : 606c, robotaddr = 0, moduleaddr = 1086b538. EcatPos is 12. 5
20260814-150839:963803360 EtherCAT|INFO [CoESrv_IndexPosInit,375]: tx idn : object : 60f4, robotaddr = 0, moduleaddr = 1086b544. EcatPos is 16. 5 
20260814-150839:963839464 EtherCAT|INFO [CoESrv_IndexPosInit,375]: tx idn : object : 6061, robotaddr = 0, moduleaddr = 1086b525. EcatPos is 20. 5 
20260814-150839:963865032 EtherCAT|INFO [CoESrv_IndexPosInit,375]: tx idn : object : 0, robotaddr = 0, moduleaddr = 0. EcatPos is 21. 5
20260814-150839:963908032 EtherCAT|INFO [CoESrv_IndexPosInit,375]: tx idn : object : 6041, robotaddr = 0, moduleaddr = 1086b7be. EcatPos is 0. 6 
20260814-150839:963942560 EtherCAT|INFO [CoESrv_IndexPosInit,375]: tx idn : object : 603f, robotaddr = 0, moduleaddr = 1086b7c2. EcatPos is 2. 6 
20260814-150839:963985064 EtherCAT|INFO [CoESrv_IndexPosInit,375]: tx idn : object : 6064, robotaddr = 0, moduleaddr = 1086b7dc. EcatPos is 4. 6
20260814-150839:964020232 EtherCAT|INFO [CoESrv_IndexPosInit,375]: tx idn : object : 6077, robotaddr = 0, moduleaddr = 1086b7ca. EcatPos is 8. 6 
20260814-150839:964054224 EtherCAT|INFO [CoESrv_IndexPosInit,375]: tx idn : object : 6078, robotaddr = 0, moduleaddr = 1086b7cc. EcatPos is 10. 6 
20260814-150839:964088784 EtherCAT|INFO [CoESrv_IndexPosInit,375]: tx idn : object : 606c, robotaddr = 0, moduleaddr = 1086b7d4. EcatPos is 12. 6
20260814-150839:964125000 EtherCAT|INFO [CoESrv_IndexPosInit,375]: tx idn : object : 60f4, robotaddr = 0, moduleaddr = 1086b7e0. EcatPos is 16. 6 
20260814-150839:964160280 EtherCAT|INFO [CoESrv_IndexPosInit,375]: tx idn : object : 6061, robotaddr = 0, moduleaddr = 1086b7c1. EcatPos is 20. 6 
20260814-150839:964185608 EtherCAT|INFO [CoESrv_IndexPosInit,375]: tx idn : object : 0, robotaddr = 0, moduleaddr = 0. EcatPos is 21. 6
20260814-150839:964208672 EtherCAT|INFO [CoESrv_IndexPosInit,384]: TxPDONum is 9, RxPDONum is 6.  
20260814-150839:964231248 EtherCAT|INFO [EcatStack_SetSlaveCfgValid,141]: [EtherCATModule ] Ecat slave config command : 1  
20260814-150839:964254904 EtherCAT|INFO [CANopenModule_ThreadEntry,319]: [CANopenModule  ] Matched slave config param has found : VEICHI
20260814-150839:964276280 EtherCAT|INFO [CANopenModule_ThreadEntry,320]: [CANopenModule  ] Task state is SLAVECFG turn to RESOURCE_CHK  
20260814-150839:964320360 EtherCAT|INFO [EcatDrv_CheckEvent,1232]: coe_event is 1, pre is 4  
20260814-150839:965646408 EtherCAT|INFO [EcatDrv_Task,714]: [EtherCATDriver ] slave : 1 pdo re-map is needed  
20260814-150839:965810448 EtherCAT|INFO [EcatDrv_Task,714]: [EtherCATDriver ] slave : 2 pdo re-map is needed
20260814-150839:965970128 EtherCAT|INFO [EcatDrv_Task,714]: [EtherCATDriver ] slave : 3 pdo re-map is needed  
20260814-150839:966127672 EtherCAT|INFO [EcatDrv_Task,714]: [EtherCATDriver ] slave : 4 pdo re-map is needed  
20260814-150839:966284224 EtherCAT|INFO [EcatDrv_Task,714]: [EtherCATDriver ] slave : 5 pdo re-map is needed  
20260814-150839:966440504 EtherCAT|INFO [EcatDrv_Task,714]: [EtherCATDriver ] slave : 6 pdo re-map is needed
20260814-150839:966597584 EtherCAT|INFO [EcatDrv_Task,714]: [EtherCATDriver ] slave : 7 pdo re-map is needed  
20260814-150839:975632184 EtherCAT|INFO [EcatDrv_PO2SOconfig,1514]: [EtherCATDriver ] slave : 1 txpdo : 0x60400010 map to 0x1600:1 ret:3  
20260814-150839:976619520 EtherCAT|INFO [EcatDrv_PO2SOconfig,1514]: [EtherCATDriver ] slave : 1 txpdo : 0x60710010 map to 0x1600:2 ret:4
20260814-150839:976832328 EtherCAT|INFO [EcatDrv_PO2SOconfig,1514]: [EtherCATDriver ] slave : 1 txpdo : 0x607a0020 map to 0x1600:3 ret:5  
20260814-150839:977626232 EtherCAT|INFO [EcatDrv_PO2SOconfig,1514]: [EtherCATDriver ] slave : 1 txpdo : 0x60b20010 map to 0x1600:4 ret:6  
20260814-150839:977835392 EtherCAT|INFO [EcatDrv_PO2SOconfig,1514]: [EtherCATDriver ] slave : 1 txpdo : 0x60600008 map to 0x1600:5 ret:7
20260814-150839:978621272 EtherCAT|INFO [EcatDrv_PO2SOconfig,1514]: [EtherCATDriver ] slave : 1 txpdo : 0x8 map to 0x1600:6 ret:8  
20260814-150839:978830592 EtherCAT|INFO [EcatDrv_PO2SOconfig,1522]: [EtherCATDriver ] slave : 1 rxpdo : 0x60410010 map to 0x1a00:1 ret:9  
20260814-150839:979627488 EtherCAT|INFO [EcatDrv_PO2SOconfig,1522]: [EtherCATDriver ] slave : 1 rxpdo : 0x603f0010 map to 0x1a00:2 ret:10
20260814-150839:979837320 EtherCAT|INFO [EcatDrv_PO2SOconfig,1522]: [EtherCATDriver ] slave : 1 rxpdo : 0x60640020 map to 0x1a00:3 ret:11  
20260814-150839:980619640 EtherCAT|INFO [EcatDrv_PO2SOconfig,1522]: [EtherCATDriver ] slave : 1 rxpdo : 0x60770010 map to 0x1a00:4 ret:12  
20260814-150839:980830832 EtherCAT|INFO [EcatDrv_PO2SOconfig,1522]: [EtherCATDriver ] slave : 1 rxpdo : 0x60780010 map to 0x1a00:5 ret:13
20260814-150839:981633984 EtherCAT|INFO [EcatDrv_PO2SOconfig,1522]: [EtherCATDriver ] slave : 1 rxpdo : 0x606c0020 map to 0x1a00:6 ret:14  
20260814-150839:982620368 EtherCAT|INFO [EcatDrv_PO2SOconfig,1522]: [EtherCATDriver ] slave : 1 rxpdo : 0x60f40020 map to 0x1a00:7 ret:15  
20260814-150839:983628768 EtherCAT|INFO [EcatDrv_PO2SOconfig,1522]: [EtherCATDriver ] slave : 1 rxpdo : 0x60610008 map to 0x1a00:8 ret:16
20260814-150839:984618128 EtherCAT|INFO [EcatDrv_PO2SOconfig,1522]: [EtherCATDriver ] slave : 1 rxpdo : 0x8 map to 0x1a00:9 ret:17  
20260814-150839:984839424 EtherCAT|INFO [EcatDrv_PO2SOconfig,1532]: [EtherCATDriver ] slave : 1 write 6 to 0xlx:0 ret:5632  
20260814-150839:985626792 EtherCAT|INFO [EcatDrv_PO2SOconfig,1536]: [EtherCATDriver ] slave : 1 write 9 to 0x1a00:0 ret:19
20260814-150839:985835552 EtherCAT|INFO [EcatDrv_PO2SOconfig,1539]: [EtherCATDriver ] slave : 1 write 1600 to 0x1C12:1 ret:20  
20260814-150839:986619608 EtherCAT|INFO [EcatDrv_PO2SOconfig,1542]: [EtherCATDriver ] slave : 1 write 1 to 0x1C12:0 ret:21  
20260814-150839:986827112 EtherCAT|INFO [EcatDrv_PO2SOconfig,1545]: [EtherCATDriver ] slave : 1 write 1a00 to 0x1C13:1 ret:22
20260814-150839:987626680 EtherCAT|INFO [EcatDrv_PO2SOconfig,1548]: [EtherCATDriver ] slave : 1 write 1 to 0x1C13:0 ret:23  
20260814-150840:025627888 EtherCAT|INFO [EcatDrv_PO2SOconfig,1514]: [EtherCATDriver ] slave : 2 txpdo : 0x60400010 map to 0x1600:1 ret:3  
20260814-150840:026616744 EtherCAT|INFO [EcatDrv_PO2SOconfig,1514]: [EtherCATDriver ] slave : 2 txpdo : 0x60710010 map to 0x1600:2 ret:4
20260814-150840:027625552 EtherCAT|INFO [EcatDrv_PO2SOconfig,1514]: [EtherCATDriver ] slave : 2 txpdo : 0x607a0020 map to 0x1600:3 ret:5  
20260814-150840:028619880 EtherCAT|INFO [EcatDrv_PO2SOconfig,1514]: [EtherCATDriver ] slave : 2 txpdo : 0x60b20010 map to 0x1600:4 ret:6  
20260814-150840:029625808 EtherCAT|INFO [EcatDrv_PO2SOconfig,1514]: [EtherCATDriver ] slave : 2 txpdo : 0x60600008 map to 0x1600:5 ret:7
20260814-150840:030624008 EtherCAT|INFO [EcatDrv_PO2SOconfig,1514]: [EtherCATDriver ] slave : 2 txpdo : 0x8 map to 0x1600:6 ret:8  
20260814-150840:031628000 EtherCAT|INFO [EcatDrv_PO2SOconfig,1522]: [EtherCATDriver ] slave : 2 rxpdo : 0x60410010 map to 0x1a00:1 ret:9  
20260814-150840:032619392 EtherCAT|INFO [EcatDrv_PO2SOconfig,1522]: [EtherCATDriver ] slave : 2 rxpdo : 0x603f0010 map to 0x1a00:2 ret:10
20260814-150840:033628000 EtherCAT|INFO [EcatDrv_PO2SOconfig,1522]: [EtherCATDriver ] slave : 2 rxpdo : 0x60640020 map to 0x1a00:3 ret:11  
20260814-150840:034616984 EtherCAT|INFO [EcatDrv_PO2SOconfig,1522]: [EtherCATDriver ] slave : 2 rxpdo : 0x60770010 map to 0x1a00:4 ret:12  
20260814-150840:035624728 EtherCAT|INFO [EcatDrv_PO2SOconfig,1522]: [EtherCATDriver ] slave : 2 rxpdo : 0x60780010 map to 0x1a00:5 ret:13
20260814-150840:036618704 EtherCAT|INFO [EcatDrv_PO2SOconfig,1522]: [EtherCATDriver ] slave : 2 rxpdo : 0x606c0020 map to 0x1a00:6 ret:14  
20260814-150840:037624968 EtherCAT|INFO [EcatDrv_PO2SOconfig,1522]: [EtherCATDriver ] slave : 2 rxpdo : 0x60f40020 map to 0x1a00:7 ret:15  
20260814-150840:038620104 EtherCAT|INFO [EcatDrv_PO2SOconfig,1522]: [EtherCATDriver ] slave : 2 rxpdo : 0x60610008 map to 0x1a00:8 ret:16
20260814-150840:039626128 EtherCAT|INFO [EcatDrv_PO2SOconfig,1522]: [EtherCATDriver ] slave : 2 rxpdo : 0x8 map to 0x1a00:9 ret:17  
20260814-150840:040624792 EtherCAT|INFO [EcatDrv_PO2SOconfig,1532]: [EtherCATDriver ] slave : 2 write 6 to 0xlx:0 ret:5632  
20260814-150840:041626048 EtherCAT|INFO [EcatDrv_PO2SOconfig,1536]: [EtherCATDriver ] slave : 2 write 9 to 0x1a00:0 ret:19
20260814-150840:042618152 EtherCAT|INFO [EcatDrv_PO2SOconfig,1539]: [EtherCATDriver ] slave : 2 write 1600 to 0x1C12:1 ret:20  
20260814-150840:043625712 EtherCAT|INFO [EcatDrv_PO2SOconfig,1542]: [EtherCATDriver ] slave : 2 write 1 to 0x1C12:0 ret:21  
20260814-150840:044618928 EtherCAT|INFO [EcatDrv_PO2SOconfig,1545]: [EtherCATDriver ] slave : 2 write 1a00 to 0x1C13:1 ret:22
20260814-150840:045626864 EtherCAT|INFO [EcatDrv_PO2SOconfig,1548]: [EtherCATDriver ] slave : 2 write 1 to 0x1C13:0 ret:23  
20260814-150840:090619168 EtherCAT|INFO [EcatDrv_PO2SOconfig,1514]: [EtherCATDriver ] slave : 3 txpdo : 0x60400010 map to 0x1600:1 ret:3  
20260814-150840:091626328 EtherCAT|INFO [EcatDrv_PO2SOconfig,1514]: [EtherCATDriver ] slave : 3 txpdo : 0x60710010 map to 0x1600:2 ret:4
20260814-150840:092617048 EtherCAT|INFO [EcatDrv_PO2SOconfig,1514]: [EtherCATDriver ] slave : 3 txpdo : 0x607a0020 map to 0x1600:3 ret:5  
20260814-150840:093630112 EtherCAT|INFO [EcatDrv_PO2SOconfig,1514]: [EtherCATDriver ] slave : 3 txpdo : 0x60b20010 map to 0x1600:4 ret:6  
20260814-150840:094617800 EtherCAT|INFO [EcatDrv_PO2SOconfig,1514]: [EtherCATDriver ] slave : 3 txpdo : 0x60600008 map to 0x1600:5 ret:7
20260814-150840:095631024 EtherCAT|INFO [EcatDrv_PO2SOconfig,1514]: [EtherCATDriver ] slave : 3 txpdo : 0x8 map to 0x1600:6 ret:8  
20260814-150840:096618760 EtherCAT|INFO [EcatDrv_PO2SOconfig,1522]: [EtherCATDriver ] slave : 3 rxpdo : 0x60410010 map to 0x1a00:1 ret:9  
20260814-150840:097627560 EtherCAT|INFO [EcatDrv_PO2SOconfig,1522]: [EtherCATDriver ] slave : 3 rxpdo : 0x603f0010 map to 0x1a00:2 ret:10
20260814-150840:098620632 EtherCAT|INFO [EcatDrv_PO2SOconfig,1522]: [EtherCATDriver ] slave : 3 rxpdo : 0x60640020 map to 0x1a00:3 ret:11  
20260814-150840:099625224 EtherCAT|INFO [EcatDrv_PO2SOconfig,1522]: [EtherCATDriver ] slave : 3 rxpdo : 0x60770010 map to 0x1a00:4 ret:12  
20260814-150840:100617848 EtherCAT|INFO [EcatDrv_PO2SOconfig,1522]: [EtherCATDriver ] slave : 3 rxpdo : 0x60780010 map to 0x1a00:5 ret:13
20260814-150840:101625792 EtherCAT|INFO [EcatDrv_PO2SOconfig,1522]: [EtherCATDriver ] slave : 3 rxpdo : 0x606c0020 map to 0x1a00:6 ret:14  
20260814-150840:102617400 EtherCAT|INFO [EcatDrv_PO2SOconfig,1522]: [EtherCATDriver ] slave : 3 rxpdo : 0x60f40020 map to 0x1a00:7 ret:15  
20260814-150840:103628112 EtherCAT|INFO [EcatDrv_PO2SOconfig,1522]: [EtherCATDriver ] slave : 3 rxpdo : 0x60610008 map to 0x1a00:8 ret:16
20260814-150840:104617520 EtherCAT|INFO [EcatDrv_PO2SOconfig,1522]: [EtherCATDriver ] slave : 3 rxpdo : 0x8 map to 0x1a00:9 ret:17  
20260814-150840:105631320 EtherCAT|INFO [EcatDrv_PO2SOconfig,1532]: [EtherCATDriver ] slave : 3 write 6 to 0xlx:0 ret:5632  
20260814-150840:106618480 EtherCAT|INFO [EcatDrv_PO2SOconfig,1536]: [EtherCATDriver ] slave : 3 write 9 to 0x1a00:0 ret:19
20260814-150840:107626800 EtherCAT|INFO [EcatDrv_PO2SOconfig,1539]: [EtherCATDriver ] slave : 3 write 1600 to 0x1C12:1 ret:20  
20260814-150840:108621632 EtherCAT|INFO [EcatDrv_PO2SOconfig,1542]: [EtherCATDriver ] slave : 3 write 1 to 0x1C12:0 ret:21  
20260814-150840:109626408 EtherCAT|INFO [EcatDrv_PO2SOconfig,1545]: [EtherCATDriver ] slave : 3 write 1a00 to 0x1C13:1 ret:22
20260814-150840:110617960 EtherCAT|INFO [EcatDrv_PO2SOconfig,1548]: [EtherCATDriver ] slave : 3 write 1 to 0x1C13:0 ret:23  
20260814-150840:150618368 EtherCAT|INFO [EcatDrv_PO2SOconfig,1514]: [EtherCATDriver ] slave : 4 txpdo : 0x60400010 map to 0x1600:1 ret:3  
20260814-150840:151624064 EtherCAT|INFO [EcatDrv_PO2SOconfig,1514]: [EtherCATDriver ] slave : 4 txpdo : 0x60710010 map to 0x1600:2 ret:4
20260814-150840:152616568 EtherCAT|INFO [EcatDrv_PO2SOconfig,1514]: [EtherCATDriver ] slave : 4 txpdo : 0x607a0020 map to 0x1600:3 ret:5  
20260814-150840:153627624 EtherCAT|INFO [EcatDrv_PO2SOconfig,1514]: [EtherCATDriver ] slave : 4 txpdo : 0x60b20010 map to 0x1600:4 ret:6  
20260814-150840:154617120 EtherCAT|INFO [EcatDrv_PO2SOconfig,1514]: [EtherCATDriver ] slave : 4 txpdo : 0x60600008 map to 0x1600:5 ret:7
20260814-150840:155629408 EtherCAT|INFO [EcatDrv_PO2SOconfig,1514]: [EtherCATDriver ] slave : 4 txpdo : 0x8 map to 0x1600:6 ret:8  
20260814-150840:156618040 EtherCAT|INFO [EcatDrv_PO2SOconfig,1522]: [EtherCATDriver ] slave : 4 rxpdo : 0x60410010 map to 0x1a00:1 ret:9  
20260814-150840:157626000 EtherCAT|INFO [EcatDrv_PO2SOconfig,1522]: [EtherCATDriver ] slave : 4 rxpdo : 0x603f0010 map to 0x1a00:2 ret:10
20260814-150840:158628392 EtherCAT|INFO [EcatDrv_PO2SOconfig,1522]: [EtherCATDriver ] slave : 4 rxpdo : 0x60640020 map to 0x1a00:3 ret:11  
20260814-150840:159628352 EtherCAT|INFO [EcatDrv_PO2SOconfig,1522]: [EtherCATDriver ] slave : 4 rxpdo : 0x60770010 map to 0x1a00:4 ret:12  
20260814-150840:160619120 EtherCAT|INFO [EcatDrv_PO2SOconfig,1522]: [EtherCATDriver ] slave : 4 rxpdo : 0x60780010 map to 0x1a00:5 ret:13
20260814-150840:161627512 EtherCAT|INFO [EcatDrv_PO2SOconfig,1522]: [EtherCATDriver ] slave : 4 rxpdo : 0x606c0020 map to 0x1a00:6 ret:14  
20260814-150840:162618424 EtherCAT|INFO [EcatDrv_PO2SOconfig,1522]: [EtherCATDriver ] slave : 4 rxpdo : 0x60f40020 map to 0x1a00:7 ret:15  
20260814-150840:163627680 EtherCAT|INFO [EcatDrv_PO2SOconfig,1522]: [EtherCATDriver ] slave : 4 rxpdo : 0x60610008 map to 0x1a00:8 ret:16
20260814-150840:164617144 EtherCAT|INFO [EcatDrv_PO2SOconfig,1522]: [EtherCATDriver ] slave : 4 rxpdo : 0x8 map to 0x1a00:9 ret:17  
20260814-150840:165632840 EtherCAT|INFO [EcatDrv_PO2SOconfig,1532]: [EtherCATDriver ] slave : 4 write 6 to 0xlx:0 ret:5632  
20260814-150840:166618704 EtherCAT|INFO [EcatDrv_PO2SOconfig,1536]: [EtherCATDriver ] slave : 4 write 9 to 0x1a00:0 ret:19
20260814-150840:167626680 EtherCAT|INFO [EcatDrv_PO2SOconfig,1539]: [EtherCATDriver ] slave : 4 write 1600 to 0x1C12:1 ret:20  
20260814-150840:168619104 EtherCAT|INFO [EcatDrv_PO2SOconfig,1542]: [EtherCATDriver ] slave : 4 write 1 to 0x1C12:0 ret:21  
20260814-150840:169625080 EtherCAT|INFO [EcatDrv_PO2SOconfig,1545]: [EtherCATDriver ] slave : 4 write 1a00 to 0x1C13:1 ret:22
20260814-150840:170618232 EtherCAT|INFO [EcatDrv_PO2SOconfig,1548]: [EtherCATDriver ] slave : 4 write 1 to 0x1C13:0 ret:23  
20260814-150840:209626480 EtherCAT|INFO [EcatDrv_PO2SOconfig,1514]: [EtherCATDriver ] slave : 5 txpdo : 0x60400010 map to 0x1600:1 ret:3  
20260814-150840:210632848 EtherCAT|INFO [EcatDrv_PO2SOconfig,1514]: [EtherCATDriver ] slave : 5 txpdo : 0x60710010 map to 0x1600:2 ret:4
20260814-150840:211642392 EtherCAT|INFO [EcatDrv_PO2SOconfig,1514]: [EtherCATDriver ] slave : 5 txpdo : 0x607a0020 map to 0x1600:3 ret:5  
20260814-150840:212636544 EtherCAT|INFO [EcatDrv_PO2SOconfig,1514]: [EtherCATDriver ] slave : 5 txpdo : 0x60b20010 map to 0x1600:4 ret:6  
20260814-150840:213643664 EtherCAT|INFO [EcatDrv_PO2SOconfig,1514]: [EtherCATDriver ] slave : 5 txpdo : 0x60600008 map to 0x1600:5 ret:7
20260814-150840:214623152 EtherCAT|INFO [EcatDrv_PO2SOconfig,1514]: [EtherCATDriver ] slave : 5 txpdo : 0x8 map to 0x1600:6 ret:8  
20260814-150840:215633040 EtherCAT|INFO [EcatDrv_PO2SOconfig,1522]: [EtherCATDriver ] slave : 5 rxpdo : 0x60410010 map to 0x1a00:1 ret:9  
20260814-150840:216636424 EtherCAT|INFO [EcatDrv_PO2SOconfig,1522]: [EtherCATDriver ] slave : 5 rxpdo : 0x603f0010 map to 0x1a00:2 ret:10
20260814-150840:217625432 EtherCAT|INFO [EcatDrv_PO2SOconfig,1522]: [EtherCATDriver ] slave : 5 rxpdo : 0x60640020 map to 0x1a00:3 ret:11  
20260814-150840:218619144 EtherCAT|INFO [EcatDrv_PO2SOconfig,1522]: [EtherCATDriver ] slave : 5 rxpdo : 0x60770010 map to 0x1a00:4 ret:12  
20260814-150840:219623784 EtherCAT|INFO [EcatDrv_PO2SOconfig,1522]: [EtherCATDriver ] slave : 5 rxpdo : 0x60780010 map to 0x1a00:5 ret:13
20260814-150840:220617504 EtherCAT|INFO [EcatDrv_PO2SOconfig,1522]: [EtherCATDriver ] slave : 5 rxpdo : 0x606c0020 map to 0x1a00:6 ret:14  
20260814-150840:221624152 EtherCAT|INFO [EcatDrv_PO2SOconfig,1522]: [EtherCATDriver ] slave : 5 rxpdo : 0x60f40020 map to 0x1a00:7 ret:15  
20260814-150840:222616640 EtherCAT|INFO [EcatDrv_PO2SOconfig,1522]: [EtherCATDriver ] slave : 5 rxpdo : 0x60610008 map to 0x1a00:8 ret:16
20260814-150840:223628200 EtherCAT|INFO [EcatDrv_PO2SOconfig,1522]: [EtherCATDriver ] slave : 5 rxpdo : 0x8 map to 0x1a00:9 ret:17  
20260814-150840:224623480 EtherCAT|INFO [EcatDrv_PO2SOconfig,1532]: [EtherCATDriver ] slave : 5 write 6 to 0xlx:0 ret:5632  
20260814-150840:225625512 EtherCAT|INFO [EcatDrv_PO2SOconfig,1536]: [EtherCATDriver ] slave : 5 write 9 to 0x1a00:0 ret:19
20260814-150840:226617408 EtherCAT|INFO [EcatDrv_PO2SOconfig,1539]: [EtherCATDriver ] slave : 5 write 1600 to 0x1C12:1 ret:20  
20260814-150840:227625240 EtherCAT|INFO [EcatDrv_PO2SOconfig,1542]: [EtherCATDriver ] slave : 5 write 1 to 0x1C12:0 ret:21  
20260814-150840:228619464 EtherCAT|INFO [EcatDrv_PO2SOconfig,1545]: [EtherCATDriver ] slave : 5 write 1a00 to 0x1C13:1 ret:22
20260814-150840:229626032 EtherCAT|INFO [EcatDrv_PO2SOconfig,1548]: [EtherCATDriver ] slave : 5 write 1 to 0x1C13:0 ret:23  
20260814-150840:269624664 EtherCAT|INFO [EcatDrv_PO2SOconfig,1514]: [EtherCATDriver ] slave : 6 txpdo : 0x60400010 map to 0x1600:1 ret:3  
20260814-150840:270616888 EtherCAT|INFO [EcatDrv_PO2SOconfig,1514]: [EtherCATDriver ] slave : 6 txpdo : 0x60710010 map to 0x1600:2 ret:4
20260814-150840:271628048 EtherCAT|INFO [EcatDrv_PO2SOconfig,1514]: [EtherCATDriver ] slave : 6 txpdo : 0x607a0020 map to 0x1600:3 ret:5  
20260814-150840:272617752 EtherCAT|INFO [EcatDrv_PO2SOconfig,1514]: [EtherCATDriver ] slave : 6 txpdo : 0x60b20010 map to 0x1600:4 ret:6  
20260814-150840:273632392 EtherCAT|INFO [EcatDrv_PO2SOconfig,1514]: [EtherCATDriver ] slave : 6 txpdo : 0x60600008 map to 0x1600:5 ret:7
20260814-150840:274625080 EtherCAT|INFO [EcatDrv_PO2SOconfig,1514]: [EtherCATDriver ] slave : 6 txpdo : 0x8 map to 0x1600:6 ret:8  
20260814-150840:275628160 EtherCAT|INFO [EcatDrv_PO2SOconfig,1522]: [EtherCATDriver ] slave : 6 rxpdo : 0x60410010 map to 0x1a00:1 ret:9  
20260814-150840:276618408 EtherCAT|INFO [EcatDrv_PO2SOconfig,1522]: [EtherCATDriver ] slave : 6 rxpdo : 0x603f0010 map to 0x1a00:2 ret:10
20260814-150840:277625568 EtherCAT|INFO [EcatDrv_PO2SOconfig,1522]: [EtherCATDriver ] slave : 6 rxpdo : 0x60640020 map to 0x1a00:3 ret:11  
20260814-150840:278621520 EtherCAT|INFO [EcatDrv_PO2SOconfig,1522]: [EtherCATDriver ] slave : 6 rxpdo : 0x60770010 map to 0x1a00:4 ret:12  
20260814-150840:279625472 EtherCAT|INFO [EcatDrv_PO2SOconfig,1522]: [EtherCATDriver ] slave : 6 rxpdo : 0x60780010 map to 0x1a00:5 ret:13
20260814-150840:280631720 EtherCAT|INFO [EcatDrv_PO2SOconfig,1522]: [EtherCATDriver ] slave : 6 rxpdo : 0x606c0020 map to 0x1a00:6 ret:14  
20260814-150840:281643240 EtherCAT|INFO [EcatDrv_PO2SOconfig,1522]: [EtherCATDriver ] slave : 6 rxpdo : 0x60f40020 map to 0x1a00:7 ret:15  
20260814-150840:282634768 EtherCAT|INFO [EcatDrv_PO2SOconfig,1522]: [EtherCATDriver ] slave : 6 rxpdo : 0x60610008 map to 0x1a00:8 ret:16
20260814-150840:283650248 EtherCAT|INFO [EcatDrv_PO2SOconfig,1522]: [EtherCATDriver ] slave : 6 rxpdo : 0x8 map to 0x1a00:9 ret:17  
20260814-150840:284619320 EtherCAT|INFO [EcatDrv_PO2SOconfig,1532]: [EtherCATDriver ] slave : 6 write 6 to 0xlx:0 ret:5632  
20260814-150840:285629968 EtherCAT|INFO [EcatDrv_PO2SOconfig,1536]: [EtherCATDriver ] slave : 6 write 9 to 0x1a00:0 ret:19
20260814-150840:286635664 EtherCAT|INFO [EcatDrv_PO2SOconfig,1539]: [EtherCATDriver ] slave : 6 write 1600 to 0x1C12:1 ret:20  
20260814-150840:287625024 EtherCAT|INFO [EcatDrv_PO2SOconfig,1542]: [EtherCATDriver ] slave : 6 write 1 to 0x1C12:0 ret:21  
20260814-150840:288620864 EtherCAT|INFO [EcatDrv_PO2SOconfig,1545]: [EtherCATDriver ] slave : 6 write 1a00 to 0x1C13:1 ret:22
20260814-150840:289624712 EtherCAT|INFO [EcatDrv_PO2SOconfig,1548]: [EtherCATDriver ] slave : 6 write 1 to 0x1C13:0 ret:23  
20260814-150840:328620968 EtherCAT|INFO [EcatDrv_PO2SOconfig,1514]: [EtherCATDriver ] slave : 7 txpdo : 0x60400010 map to 0x1600:1 ret:3  
20260814-150840:329624832 EtherCAT|INFO [EcatDrv_PO2SOconfig,1514]: [EtherCATDriver ] slave : 7 txpdo : 0x60710010 map to 0x1600:2 ret:4
20260814-150840:330617920 EtherCAT|INFO [EcatDrv_PO2SOconfig,1514]: [EtherCATDriver ] slave : 7 txpdo : 0x607a0020 map to 0x1600:3 ret:5  
20260814-150840:331627608 EtherCAT|INFO [EcatDrv_PO2SOconfig,1514]: [EtherCATDriver ] slave : 7 txpdo : 0x60b20010 map to 0x1600:4 ret:6  
20260814-150840:332619192 EtherCAT|INFO [EcatDrv_PO2SOconfig,1514]: [EtherCATDriver ] slave : 7 txpdo : 0x60600008 map to 0x1600:5 ret:7
20260814-150840:333635432 EtherCAT|INFO [EcatDrv_PO2SOconfig,1514]: [EtherCATDriver ] slave : 7 txpdo : 0x8 map to 0x1600:6 ret:8  
20260814-150840:334618528 EtherCAT|INFO [EcatDrv_PO2SOconfig,1522]: [EtherCATDriver ] slave : 7 rxpdo : 0x60410010 map to 0x1a00:1 ret:9  
20260814-150840:335628408 EtherCAT|INFO [EcatDrv_PO2SOconfig,1522]: [EtherCATDriver ] slave : 7 rxpdo : 0x603f0010 map to 0x1a00:2 ret:10
20260814-150840:336618240 EtherCAT|INFO [EcatDrv_PO2SOconfig,1522]: [EtherCATDriver ] slave : 7 rxpdo : 0x60640020 map to 0x1a00:3 ret:11  
20260814-150840:337624800 EtherCAT|INFO [EcatDrv_PO2SOconfig,1522]: [EtherCATDriver ] slave : 7 rxpdo : 0x60770010 map to 0x1a00:4 ret:12  
20260814-150840:338620400 EtherCAT|INFO [EcatDrv_PO2SOconfig,1522]: [EtherCATDriver ] slave : 7 rxpdo : 0x60780010 map to 0x1a00:5 ret:13
20260814-150840:339625512 EtherCAT|INFO [EcatDrv_PO2SOconfig,1522]: [EtherCATDriver ] slave : 7 rxpdo : 0x606c0020 map to 0x1a00:6 ret:14  
20260814-150840:340618040 EtherCAT|INFO [EcatDrv_PO2SOconfig,1522]: [EtherCATDriver ] slave : 7 rxpdo : 0x60f40020 map to 0x1a00:7 ret:15  
20260814-150840:341624960 EtherCAT|INFO [EcatDrv_PO2SOconfig,1522]: [EtherCATDriver ] slave : 7 rxpdo : 0x60610008 map to 0x1a00:8 ret:16
20260814-150840:342617240 EtherCAT|INFO [EcatDrv_PO2SOconfig,1522]: [EtherCATDriver ] slave : 7 rxpdo : 0x8 map to 0x1a00:9 ret:17  
20260814-150840:343635024 EtherCAT|INFO [EcatDrv_PO2SOconfig,1532]: [EtherCATDriver ] slave : 7 write 6 to 0xlx:0 ret:5632  
20260814-150840:344619720 EtherCAT|INFO [EcatDrv_PO2SOconfig,1536]: [EtherCATDriver ] slave : 7 write 9 to 0x1a00:0 ret:19
20260814-150840:345625504 EtherCAT|INFO [EcatDrv_PO2SOconfig,1539]: [EtherCATDriver ] slave : 7 write 1600 to 0x1C12:1 ret:20  
20260814-150840:346626784 EtherCAT|INFO [EcatDrv_PO2SOconfig,1542]: [EtherCATDriver ] slave : 7 write 1 to 0x1C12:0 ret:21  
20260814-150840:347626792 EtherCAT|INFO [EcatDrv_PO2SOconfig,1545]: [EtherCATDriver ] slave : 7 write 1a00 to 0x1C13:1 ret:22
20260814-150840:348622544 EtherCAT|INFO [EcatDrv_PO2SOconfig,1548]: [EtherCATDriver ] slave : 7 write 1 to 0x1C13:0 ret:23  
20260814-150840:475646680 EtherCAT|INFO [ecx_config_map_group,1298]: Output slave is 1, BitPos is 0, diff is 12, segmentsize is 0   
20260814-150840:482936120 EtherCAT|INFO [ecx_config_map_group,1298]: Output slave is 2, BitPos is 0, diff is 12, segmentsize is 12  
20260814-150840:490227080 EtherCAT|INFO [ecx_config_map_group,1298]: Output slave is 3, BitPos is 0, diff is 12, segmentsize is 24   
20260814-150840:497524368 EtherCAT|INFO [ecx_config_map_group,1298]: Output slave is 4, BitPos is 0, diff is 12, segmentsize is 36   
20260814-150840:504809440 EtherCAT|INFO [ecx_config_map_group,1298]: Output slave is 5, BitPos is 0, diff is 12, segmentsize is 48  
20260814-150840:512100704 EtherCAT|INFO [ecx_config_map_group,1298]: Output slave is 6, BitPos is 0, diff is 12, segmentsize is 60   
20260814-150840:519391744 EtherCAT|INFO [ecx_config_map_group,1298]: Output slave is 7, BitPos is 0, diff is 12, segmentsize is 72   
20260814-150840:519419544 EtherCAT|INFO [ecx_config_map_group,1354]: output context->slavelist[0].inputs is 0, Ibytes is 0, Obytes is 84 
20260814-150840:519443328 EtherCAT|INFO [ecx_config_map_group,1365]: output segmentsize is 84, currentsegment is 0, LogAddr is 84.  
20260814-150840:526596352 EtherCAT|INFO [ecx_config_map_group,1382]: Input slave is 1, BitPos is 0, diff is 22, segmentsize is 84   
20260814-150840:526639872 EtherCAT|INFO [ecx_config_map_group,1397]: Input slave is 1, BitPos is 0, diff is 22, segmentsize is 106  
20260814-150840:533800440 EtherCAT|INFO [ecx_config_map_group,1382]: Input slave is 2, BitPos is 0, diff is 22, segmentsize is 106   
20260814-150840:533827552 EtherCAT|INFO [ecx_config_map_group,1397]: Input slave is 2, BitPos is 0, diff is 22, segmentsize is 128   
20260814-150840:541005160 EtherCAT|INFO [ecx_config_map_group,1382]: Input slave is 3, BitPos is 0, diff is 22, segmentsize is 128  
20260814-150840:541032424 EtherCAT|INFO [ecx_config_map_group,1397]: Input slave is 3, BitPos is 0, diff is 22, segmentsize is 150   
20260814-150840:548209552 EtherCAT|INFO [ecx_config_map_group,1382]: Input slave is 4, BitPos is 0, diff is 22, segmentsize is 150   
20260814-150840:548236824 EtherCAT|INFO [ecx_config_map_group,1397]: Input slave is 4, BitPos is 0, diff is 22, segmentsize is 172  
20260814-150840:555413920 EtherCAT|INFO [ecx_config_map_group,1382]: Input slave is 5, BitPos is 0, diff is 22, segmentsize is 172   
20260814-150840:555441144 EtherCAT|INFO [ecx_config_map_group,1397]: Input slave is 5, BitPos is 0, diff is 22, segmentsize is 194   
20260814-150840:562618312 EtherCAT|INFO [ecx_config_map_group,1382]: Input slave is 6, BitPos is 0, diff is 22, segmentsize is 194  
20260814-150840:562645760 EtherCAT|INFO [ecx_config_map_group,1397]: Input slave is 6, BitPos is 0, diff is 22, segmentsize is 216   
20260814-150840:569822600 EtherCAT|INFO [ecx_config_map_group,1382]: Input slave is 7, BitPos is 0, diff is 22, segmentsize is 216   
20260814-150840:569849952 EtherCAT|INFO [ecx_config_map_group,1397]: Input slave is 7, BitPos is 0, diff is 22, segmentsize is 238  
20260814-150840:569922640 EtherCAT|INFO [ecx_config_map_group,1448]: context->slavelist[0].inputs is 275993248, 154, 84  
20260814-150840:571124008 EtherCAT|INFO [ecx_config_map_group,1462]: input segmentsize is 238, currentsegment is 0, LogAddr is 154  
20260814-150840:571194248 EtherCAT|INFO [EcatDrv_Task,756]: [EtherCATDriver ] All slaves reach in SAFE-OP  
20260814-150840:571219112 EtherCAT|INFO [EcatDrv_Task,779]: [EtherCATDriver ] Slave:1
20260814-150840:571240704 EtherCAT|INFO [si_map_sdo,1898]: [EtherCATDriver ] PDO mapping according to CoE : 
20260814-150840:573637272 EtherCAT|INFO [si_map_sdo,1948]: [EtherCATDriver ]   SM2 outputs 
20260814-150840:573665272 EtherCAT|INFO [si_map_sdo,1949]: [EtherCATDriver ]      addr b   index: sub bitl data_type    name
20260814-150840:578624840 EtherCAT|INFO [si_PDOassign,2044]: [EtherCATDriver ]   [0x0000.0] 0x6040:0x00 0x10 UNSIGNED16   Control Word 
20260814-150840:580627128 EtherCAT|INFO [si_PDOassign,2044]: [EtherCATDriver ]   [0x0002.0] 0x6071:0x00 0x10 INTEGER16    Targe Torque 
20260814-150840:582621912 EtherCAT|INFO [si_PDOassign,2044]: [EtherCATDriver ]   [0x0004.0] 0x607A:0x00 0x20 INTEGER32    Target position
20260814-150840:584619784 EtherCAT|INFO [si_PDOassign,2044]: [EtherCATDriver ]   [0x0008.0] 0x60B2:0x00 0x10 INTEGER16    Torque Offset 
20260814-150840:586619872 EtherCAT|INFO [si_PDOassign,2044]: [EtherCATDriver ]   [0x000A.0] 0x6060:0x00 0x08 INTEGER8     Modes of Operation 
20260814-150840:587626720 EtherCAT|INFO [si_PDOassign,2044]: [EtherCATDriver ]   [0x000B.0] 0x0000:0x00 0x08 INTEGER8     Modes of Operation
20260814-150840:587656648 EtherCAT|INFO [si_PDOassign,2050]:  
20260814-150840:587680120 EtherCAT|INFO [si_map_sdo,1959]: [EtherCATDriver ]   SM3 inputs 
20260814-150840:587702168 EtherCAT|INFO [si_map_sdo,1960]: [EtherCATDriver ]      addr b   index: sub bitl data_type    name 
20260814-150840:592619272 EtherCAT|INFO [si_PDOassign,2044]: [EtherCATDriver ]   [0x0054.0] 0x6041:0x00 0x10 UNSIGNED16   Status Word
20260814-150840:594620168 EtherCAT|INFO [si_PDOassign,2044]: [EtherCATDriver ]   [0x0056.0] 0x603F:0x00 0x10 UNSIGNED16   Error Code 
20260814-150840:596636520 EtherCAT|INFO [si_PDOassign,2044]: [EtherCATDriver ]   [0x0058.0] 0x6064:0x00 0x20 INTEGER32    Position Actual Value 
20260814-150840:598638864 EtherCAT|INFO [si_PDOassign,2044]: [EtherCATDriver ]   [0x005C.0] 0x6077:0x00 0x10 INTEGER16    Torque actual value
20260814-150840:600624592 EtherCAT|INFO [si_PDOassign,2044]: [EtherCATDriver ]   [0x005E.0] 0x6078:0x00 0x10 INTEGER16    Current actual value 
20260814-150840:602638792 EtherCAT|INFO [si_PDOassign,2044]: [EtherCATDriver ]   [0x0060.0] 0x606C:0x00 0x20 INTEGER32    Velocity Actual Value 
20260814-150840:604617848 EtherCAT|INFO [si_PDOassign,2044]: [EtherCATDriver ]   [0x0064.0] 0x60F4:0x00 0x20 INTEGER32    Following Error Actual Value
20260814-150840:606617912 EtherCAT|INFO [si_PDOassign,2044]: [EtherCATDriver ]   [0x0068.0] 0x6061:0x00 0x08 INTEGER8     Modes of Operation Display 
20260814-150840:607625784 EtherCAT|INFO [si_PDOassign,2044]: [EtherCATDriver ]   [0x0069.0] 0x0000:0x00 0x08 INTEGER8     Modes of Operation Display 
20260814-150840:607656232 EtherCAT|INFO [si_PDOassign,2050]:  
20260814-150840:607679968 EtherCAT|INFO [EcatDrv_Task,779]: [EtherCATDriver ] Slave:2
20260814-150840:607723008 EtherCAT|INFO [si_map_sdo,1898]: [EtherCATDriver ] PDO mapping according to CoE : 
20260814-150840:609630240 EtherCAT|INFO [si_map_sdo,1948]: [EtherCATDriver ]   SM2 outputs 
20260814-150840:609658768 EtherCAT|INFO [si_map_sdo,1949]: [EtherCATDriver ]      addr b   index: sub bitl data_type    name
20260814-150840:614620472 EtherCAT|INFO [si_PDOassign,2044]: [EtherCATDriver ]   [0x000C.0] 0x6040:0x00 0x10 UNSIGNED16   Control Word 
20260814-150840:616617944 EtherCAT|INFO [si_PDOassign,2044]: [EtherCATDriver ]   [0x000E.0] 0x6071:0x00 0x10 INTEGER16    Targe Torque 
20260814-150840:618622104 EtherCAT|INFO [si_PDOassign,2044]: [EtherCATDriver ]   [0x0010.0] 0x607A:0x00 0x20 INTEGER32    Target position
20260814-150840:620624008 EtherCAT|INFO [si_PDOassign,2044]: [EtherCATDriver ]   [0x0014.0] 0x60B2:0x00 0x10 INTEGER16    Torque Offset 
20260814-150840:622621024 EtherCAT|INFO [si_PDOassign,2044]: [EtherCATDriver ]   [0x0016.0] 0x6060:0x00 0x08 INTEGER8     Modes of Operation 
20260814-150840:623630064 EtherCAT|INFO [si_PDOassign,2044]: [EtherCATDriver ]   [0x0017.0] 0x0000:0x00 0x08 INTEGER8     Modes of Operation
20260814-150840:623661600 EtherCAT|INFO [si_PDOassign,2050]:  
20260814-150840:623682848 EtherCAT|INFO [si_map_sdo,1959]: [EtherCATDriver ]   SM3 inputs 
20260814-150840:623703568 EtherCAT|INFO [si_map_sdo,1960]: [EtherCATDriver ]      addr b   index: sub bitl data_type    name 
20260814-150840:628621152 EtherCAT|INFO [si_PDOassign,2044]: [EtherCATDriver ]   [0x006A.0] 0x6041:0x00 0x10 UNSIGNED16   Status Word
20260814-150840:630625720 EtherCAT|INFO [si_PDOassign,2044]: [EtherCATDriver ]   [0x006C.0] 0x603F:0x00 0x10 UNSIGNED16   Error Code 
20260814-150840:632619064 EtherCAT|INFO [si_PDOassign,2044]: [EtherCATDriver ]   [0x006E.0] 0x6064:0x00 0x20 INTEGER32    Position Actual Value 
20260814-150840:634620840 EtherCAT|INFO [si_PDOassign,2044]: [EtherCATDriver ]   [0x0072.0] 0x6077:0x00 0x10 INTEGER16    Torque actual value
20260814-150840:636618864 EtherCAT|INFO [si_PDOassign,2044]: [EtherCATDriver ]   [0x0074.0] 0x6078:0x00 0x10 INTEGER16    Current actual value 
20260814-150840:638621888 EtherCAT|INFO [si_PDOassign,2044]: [EtherCATDriver ]   [0x0076.0] 0x606C:0x00 0x20 INTEGER32    Velocity Actual Value 
20260814-150840:640622832 EtherCAT|INFO [si_PDOassign,2044]: [EtherCATDriver ]   [0x007A.0] 0x60F4:0x00 0x20 INTEGER32    Following Error Actual Value
20260814-150840:642619032 EtherCAT|INFO [si_PDOassign,2044]: [EtherCATDriver ]   [0x007E.0] 0x6061:0x00 0x08 INTEGER8     Modes of Operation Display 
20260814-150840:643628512 EtherCAT|INFO [si_PDOassign,2044]: [EtherCATDriver ]   [0x007F.0] 0x0000:0x00 0x08 INTEGER8     Modes of Operation Display 
20260814-150840:643658952 EtherCAT|INFO [si_PDOassign,2050]:  
20260814-150840:643681688 EtherCAT|INFO [EcatDrv_Task,779]: [EtherCATDriver ] Slave:3
20260814-150840:643704088 EtherCAT|INFO [si_map_sdo,1898]: [EtherCATDriver ] PDO mapping according to CoE : 
20260814-150840:645628560 EtherCAT|INFO [si_map_sdo,1948]: [EtherCATDriver ]   SM2 outputs 
20260814-150840:645655560 EtherCAT|INFO [si_map_sdo,1949]: [EtherCATDriver ]      addr b   index: sub bitl data_type    name
20260814-150840:650627752 EtherCAT|INFO [si_PDOassign,2044]: [EtherCATDriver ]   [0x0018.0] 0x6040:0x00 0x10 UNSIGNED16   Control Word 
20260814-150840:652618200 EtherCAT|INFO [si_PDOassign,2044]: [EtherCATDriver ]   [0x001A.0] 0x6071:0x00 0x10 INTEGER16    Targe Torque 
20260814-150840:654620752 EtherCAT|INFO [si_PDOassign,2044]: [EtherCATDriver ]   [0x001C.0] 0x607A:0x00 0x20 INTEGER32    Target position
20260814-150840:656619120 EtherCAT|INFO [si_PDOassign,2044]: [EtherCATDriver ]   [0x0020.0] 0x60B2:0x00 0x10 INTEGER16    Torque Offset 
20260814-150840:658622744 EtherCAT|INFO [si_PDOassign,2044]: [EtherCATDriver ]   [0x0022.0] 0x6060:0x00 0x08 INTEGER8     Modes of Operation 
20260814-150840:659626544 EtherCAT|INFO [si_PDOassign,2044]: [EtherCATDriver ]   [0x0023.0] 0x0000:0x00 0x08 INTEGER8     Modes of Operation
20260814-150840:659657112 EtherCAT|INFO [si_PDOassign,2050]:  
20260814-150840:659678680 EtherCAT|INFO [si_map_sdo,1959]: [EtherCATDriver ]   SM3 inputs 
20260814-150840:659700080 EtherCAT|INFO [si_map_sdo,1960]: [EtherCATDriver ]      addr b   index: sub bitl data_type    name 
20260814-150840:663630152 EtherCAT|INFO [si_PDOassign,2044]: [EtherCATDriver ]   [0x0080.0] 0x6041:0x00 0x10 UNSIGNED16   Status Word
20260814-150840:665643952 EtherCAT|INFO [si_PDOassign,2044]: [EtherCATDriver ]   [0x0082.0] 0x603F:0x00 0x10 UNSIGNED16   Error Code 
20260814-150840:667626080 EtherCAT|INFO [si_PDOassign,2044]: [EtherCATDriver ]   [0x0084.0] 0x6064:0x00 0x20 INTEGER32    Position Actual Value 
20260814-150840:669628800 EtherCAT|INFO [si_PDOassign,2044]: [EtherCATDriver ]   [0x0088.0] 0x6077:0x00 0x10 INTEGER16    Torque actual value
20260814-150840:671649208 EtherCAT|INFO [si_PDOassign,2044]: [EtherCATDriver ]   [0x008A.0] 0x6078:0x00 0x10 INTEGER16    Current actual value 
20260814-150840:673636624 EtherCAT|INFO [si_PDOassign,2044]: [EtherCATDriver ]   [0x008C.0] 0x606C:0x00 0x20 INTEGER32    Velocity Actual Value 
20260814-150840:675627784 EtherCAT|INFO [si_PDOassign,2044]: [EtherCATDriver ]   [0x0090.0] 0x60F4:0x00 0x20 INTEGER32    Following Error Actual Value
20260814-150840:677624584 EtherCAT|INFO [si_PDOassign,2044]: [EtherCATDriver ]   [0x0094.0] 0x6061:0x00 0x08 INTEGER8     Modes of Operation Display 
20260814-150840:678621824 EtherCAT|INFO [si_PDOassign,2044]: [EtherCATDriver ]   [0x0095.0] 0x0000:0x00 0x08 INTEGER8     Modes of Operation Display 
20260814-150840:678652760 EtherCAT|INFO [si_PDOassign,2050]:  
20260814-150840:678676400 EtherCAT|INFO [EcatDrv_Task,779]: [EtherCATDriver ] Slave:4
20260814-150840:678698280 EtherCAT|INFO [si_map_sdo,1898]: [EtherCATDriver ] PDO mapping according to CoE : 
20260814-150840:680624072 EtherCAT|INFO [si_map_sdo,1948]: [EtherCATDriver ]   SM2 outputs 
20260814-150840:680650808 EtherCAT|INFO [si_map_sdo,1949]: [EtherCATDriver ]      addr b   index: sub bitl data_type    name
20260814-150840:685626200 EtherCAT|INFO [si_PDOassign,2044]: [EtherCATDriver ]   [0x0024.0] 0x6040:0x00 0x10 UNSIGNED16   Control Word 
20260814-150840:687625400 EtherCAT|INFO [si_PDOassign,2044]: [EtherCATDriver ]   [0x0026.0] 0x6071:0x00 0x10 INTEGER16    Targe Torque 
20260814-150840:689626344 EtherCAT|INFO [si_PDOassign,2044]: [EtherCATDriver ]   [0x0028.0] 0x607A:0x00 0x20 INTEGER32    Target position
20260814-150840:691628392 EtherCAT|INFO [si_PDOassign,2044]: [EtherCATDriver ]   [0x002C.0] 0x60B2:0x00 0x10 INTEGER16    Torque Offset 
20260814-150840:693628200 EtherCAT|INFO [si_PDOassign,2044]: [EtherCATDriver ]   [0x002E.0] 0x6060:0x00 0x08 INTEGER8     Modes of Operation 
20260814-150840:694619480 EtherCAT|INFO [si_PDOassign,2044]: [EtherCATDriver ]   [0x002F.0] 0x0000:0x00 0x08 INTEGER8     Modes of Operation
20260814-150840:694649664 EtherCAT|INFO [si_PDOassign,2050]:  
20260814-150840:694672888 EtherCAT|INFO [si_map_sdo,1959]: [EtherCATDriver ]   SM3 inputs 
20260814-150840:694694480 EtherCAT|INFO [si_map_sdo,1960]: [EtherCATDriver ]      addr b   index: sub bitl data_type    name 
20260814-150840:698623208 EtherCAT|INFO [si_PDOassign,2044]: [EtherCATDriver ]   [0x0096.0] 0x6041:0x00 0x10 UNSIGNED16   Status Word
20260814-150840:700624160 EtherCAT|INFO [si_PDOassign,2044]: [EtherCATDriver ]   [0x0098.0] 0x603F:0x00 0x10 UNSIGNED16   Error Code 
20260814-150840:702620528 EtherCAT|INFO [si_PDOassign,2044]: [EtherCATDriver ]   [0x009A.0] 0x6064:0x00 0x20 INTEGER32    Position Actual Value 
20260814-150840:704618312 EtherCAT|INFO [si_PDOassign,2044]: [EtherCATDriver ]   [0x009E.0] 0x6077:0x00 0x10 INTEGER16    Torque actual value
20260814-150840:706619744 EtherCAT|INFO [si_PDOassign,2044]: [EtherCATDriver ]   [0x00A0.0] 0x6078:0x00 0x10 INTEGER16    Current actual value 
20260814-150840:708628792 EtherCAT|INFO [si_PDOassign,2044]: [EtherCATDriver ]   [0x00A2.0] 0x606C:0x00 0x20 INTEGER32    Velocity Actual Value 
20260814-150840:710627168 EtherCAT|INFO [si_PDOassign,2044]: [EtherCATDriver ]   [0x00A6.0] 0x60F4:0x00 0x20 INTEGER32    Following Error Actual Value
20260814-150840:712619064 EtherCAT|INFO [si_PDOassign,2044]: [EtherCATDriver ]   [0x00AA.0] 0x6061:0x00 0x08 INTEGER8     Modes of Operation Display 
20260814-150840:713628208 EtherCAT|INFO [si_PDOassign,2044]: [EtherCATDriver ]   [0x00AB.0] 0x0000:0x00 0x08 INTEGER8     Modes of Operation Display 
20260814-150840:713659080 EtherCAT|INFO [si_PDOassign,2050]:  
20260814-150840:713681832 EtherCAT|INFO [EcatDrv_Task,779]: [EtherCATDriver ] Slave:5
20260814-150840:713703840 EtherCAT|INFO [si_map_sdo,1898]: [EtherCATDriver ] PDO mapping according to CoE : 
20260814-150840:715625192 EtherCAT|INFO [si_map_sdo,1948]: [EtherCATDriver ]   SM2 outputs 
20260814-150840:715651088 EtherCAT|INFO [si_map_sdo,1949]: [EtherCATDriver ]      addr b   index: sub bitl data_type    name
20260814-150840:720625488 EtherCAT|INFO [si_PDOassign,2044]: [EtherCATDriver ]   [0x0030.0] 0x6040:0x00 0x10 UNSIGNED16   Control Word 
20260814-150840:722620832 EtherCAT|INFO [si_PDOassign,2044]: [EtherCATDriver ]   [0x0032.0] 0x6071:0x00 0x10 INTEGER16    Targe Torque 
20260814-150840:724618328 EtherCAT|INFO [si_PDOassign,2044]: [EtherCATDriver ]   [0x0034.0] 0x607A:0x00 0x20 INTEGER32    Target position
20260814-150840:726619168 EtherCAT|INFO [si_PDOassign,2044]: [EtherCATDriver ]   [0x0038.0] 0x60B2:0x00 0x10 INTEGER16    Torque Offset 
20260814-150840:728620480 EtherCAT|INFO [si_PDOassign,2044]: [EtherCATDriver ]   [0x003A.0] 0x6060:0x00 0x08 INTEGER8     Modes of Operation 
20260814-150840:729625064 EtherCAT|INFO [si_PDOassign,2044]: [EtherCATDriver ]   [0x003B.0] 0x0000:0x00 0x08 INTEGER8     Modes of Operation
20260814-150840:729656304 EtherCAT|INFO [si_PDOassign,2050]:  
20260814-150840:729678808 EtherCAT|INFO [si_map_sdo,1959]: [EtherCATDriver ]   SM3 inputs 
20260814-150840:729700520 EtherCAT|INFO [si_map_sdo,1960]: [EtherCATDriver ]      addr b   index: sub bitl data_type    name 
20260814-150840:733646880 EtherCAT|INFO [si_PDOassign,2044]: [EtherCATDriver ]   [0x00AC.0] 0x6041:0x00 0x10 UNSIGNED16   Status Word
20260814-150840:735626544 EtherCAT|INFO [si_PDOassign,2044]: [EtherCATDriver ]   [0x00AE.0] 0x603F:0x00 0x10 UNSIGNED16   Error Code 
20260814-150840:737629872 EtherCAT|INFO [si_PDOassign,2044]: [EtherCATDriver ]   [0x00B0.0] 0x6064:0x00 0x20 INTEGER32    Position Actual Value 
20260814-150840:739625688 EtherCAT|INFO [si_PDOassign,2044]: [EtherCATDriver ]   [0x00B4.0] 0x6077:0x00 0x10 INTEGER16    Torque actual value
20260814-150840:741628824 EtherCAT|INFO [si_PDOassign,2044]: [EtherCATDriver ]   [0x00B6.0] 0x6078:0x00 0x10 INTEGER16    Current actual value 
20260814-150840:743630440 EtherCAT|INFO [si_PDOassign,2044]: [EtherCATDriver ]   [0x00B8.0] 0x606C:0x00 0x20 INTEGER32    Velocity Actual Value 
20260814-150840:745626640 EtherCAT|INFO [si_PDOassign,2044]: [EtherCATDriver ]   [0x00BC.0] 0x60F4:0x00 0x20 INTEGER32    Following Error Actual Value
20260814-150840:747626872 EtherCAT|INFO [si_PDOassign,2044]: [EtherCATDriver ]   [0x00C0.0] 0x6061:0x00 0x08 INTEGER8     Modes of Operation Display 
20260814-150840:748621224 EtherCAT|INFO [si_PDOassign,2044]: [EtherCATDriver ]   [0x00C1.0] 0x0000:0x00 0x08 INTEGER8     Modes of Operation Display 
20260814-150840:748651488 EtherCAT|INFO [si_PDOassign,2050]:  
20260814-150840:748675512 EtherCAT|INFO [EcatDrv_Task,779]: [EtherCATDriver ] Slave:6
20260814-150840:748697688 EtherCAT|INFO [si_map_sdo,1898]: [EtherCATDriver ] PDO mapping according to CoE : 
20260814-150840:750623552 EtherCAT|INFO [si_map_sdo,1948]: [EtherCATDriver ]   SM2 outputs 
20260814-150840:750650064 EtherCAT|INFO [si_map_sdo,1949]: [EtherCATDriver ]      addr b   index: sub bitl data_type    name
20260814-150840:755627608 EtherCAT|INFO [si_PDOassign,2044]: [EtherCATDriver ]   [0x003C.0] 0x6040:0x00 0x10 UNSIGNED16   Control Word 
20260814-150840:757625864 EtherCAT|INFO [si_PDOassign,2044]: [EtherCATDriver ]   [0x003E.0] 0x6071:0x00 0x10 INTEGER16    Targe Torque 
20260814-150840:759626064 EtherCAT|INFO [si_PDOassign,2044]: [EtherCATDriver ]   [0x0040.0] 0x607A:0x00 0x20 INTEGER32    Target position
20260814-150840:761628984 EtherCAT|INFO [si_PDOassign,2044]: [EtherCATDriver ]   [0x0044.0] 0x60B2:0x00 0x10 INTEGER16    Torque Offset 
20260814-150840:763628720 EtherCAT|INFO [si_PDOassign,2044]: [EtherCATDriver ]   [0x0046.0] 0x6060:0x00 0x08 INTEGER8     Modes of Operation 
20260814-150840:764617752 EtherCAT|INFO [si_PDOassign,2044]: [EtherCATDriver ]   [0x0047.0] 0x0000:0x00 0x08 INTEGER8     Modes of Operation
20260814-150840:764647792 EtherCAT|INFO [si_PDOassign,2050]:  
20260814-150840:764670544 EtherCAT|INFO [si_map_sdo,1959]: [EtherCATDriver ]   SM3 inputs 
20260814-150840:764692424 EtherCAT|INFO [si_map_sdo,1960]: [EtherCATDriver ]      addr b   index: sub bitl data_type    name 
20260814-150840:768621760 EtherCAT|INFO [si_PDOassign,2044]: [EtherCATDriver ]   [0x00C2.0] 0x6041:0x00 0x10 UNSIGNED16   Status Word
20260814-150840:770624432 EtherCAT|INFO [si_PDOassign,2044]: [EtherCATDriver ]   [0x00C4.0] 0x603F:0x00 0x10 UNSIGNED16   Error Code 
20260814-150840:772619000 EtherCAT|INFO [si_PDOassign,2044]: [EtherCATDriver ]   [0x00C6.0] 0x6064:0x00 0x20 INTEGER32    Position Actual Value 
20260814-150840:774619440 EtherCAT|INFO [si_PDOassign,2044]: [EtherCATDriver ]   [0x00CA.0] 0x6077:0x00 0x10 INTEGER16    Torque actual value
20260814-150840:776627592 EtherCAT|INFO [si_PDOassign,2044]: [EtherCATDriver ]   [0x00CC.0] 0x6078:0x00 0x10 INTEGER16    Current actual value 
20260814-150840:778624432 EtherCAT|INFO [si_PDOassign,2044]: [EtherCATDriver ]   [0x00CE.0] 0x606C:0x00 0x20 INTEGER32    Velocity Actual Value 
20260814-150840:780625384 EtherCAT|INFO [si_PDOassign,2044]: [EtherCATDriver ]   [0x00D2.0] 0x60F4:0x00 0x20 INTEGER32    Following Error Actual Value
20260814-150840:782620664 EtherCAT|INFO [si_PDOassign,2044]: [EtherCATDriver ]   [0x00D6.0] 0x6061:0x00 0x08 INTEGER8     Modes of Operation Display 
20260814-150840:783627864 EtherCAT|INFO [si_PDOassign,2044]: [EtherCATDriver ]   [0x00D7.0] 0x0000:0x00 0x08 INTEGER8     Modes of Operation Display 
20260814-150840:783659728 EtherCAT|INFO [si_PDOassign,2050]:  
20260814-150840:783682560 EtherCAT|INFO [EcatDrv_Task,779]: [EtherCATDriver ] Slave:7
20260814-150840:783704712 EtherCAT|INFO [si_map_sdo,1898]: [EtherCATDriver ] PDO mapping according to CoE : 
20260814-150840:785627904 EtherCAT|INFO [si_map_sdo,1948]: [EtherCATDriver ]   SM2 outputs 
20260814-150840:785655168 EtherCAT|INFO [si_map_sdo,1949]: [EtherCATDriver ]      addr b   index: sub bitl data_type    name
20260814-150840:790624680 EtherCAT|INFO [si_PDOassign,2044]: [EtherCATDriver ]   [0x0048.0] 0x6040:0x00 0x10 UNSIGNED16   Control Word 
20260814-150840:792618504 EtherCAT|INFO [si_PDOassign,2044]: [EtherCATDriver ]   [0x004A.0] 0x6071:0x00 0x10 INTEGER16    Targe Torque 
20260814-150840:794620824 EtherCAT|INFO [si_PDOassign,2044]: [EtherCATDriver ]   [0x004C.0] 0x607A:0x00 0x20 INTEGER32    Target position
20260814-150840:796619240 EtherCAT|INFO [si_PDOassign,2044]: [EtherCATDriver ]   [0x0050.0] 0x60B2:0x00 0x10 INTEGER16    Torque Offset 
20260814-150840:798621608 EtherCAT|INFO [si_PDOassign,2044]: [EtherCATDriver ]   [0x0052.0] 0x6060:0x00 0x08 INTEGER8     Modes of Operation 
20260814-150840:799628488 EtherCAT|INFO [si_PDOassign,2044]: [EtherCATDriver ]   [0x0053.0] 0x0000:0x00 0x08 INTEGER8     Modes of Operation
20260814-150840:799659280 EtherCAT|INFO [si_PDOassign,2050]:  
20260814-150840:799682528 EtherCAT|INFO [si_map_sdo,1959]: [EtherCATDriver ]   SM3 inputs 
20260814-150840:799704328 EtherCAT|INFO [si_map_sdo,1960]: [EtherCATDriver ]      addr b   index: sub bitl data_type    name 
20260814-150840:804625880 EtherCAT|INFO [si_PDOassign,2044]: [EtherCATDriver ]   [0x00D8.0] 0x6041:0x00 0x10 UNSIGNED16   Status Word
20260814-150840:806618472 EtherCAT|INFO [si_PDOassign,2044]: [EtherCATDriver ]   [0x00DA.0] 0x603F:0x00 0x10 UNSIGNED16   Error Code 
20260814-150840:808619824 EtherCAT|INFO [si_PDOassign,2044]: [EtherCATDriver ]   [0x00DC.0] 0x6064:0x00 0x20 INTEGER32    Position Actual Value 
20260814-150840:810623512 EtherCAT|INFO [si_PDOassign,2044]: [EtherCATDriver ]   [0x00E0.0] 0x6077:0x00 0x10 INTEGER16    Torque actual value
20260814-150840:812622688 EtherCAT|INFO [si_PDOassign,2044]: [EtherCATDriver ]   [0x00E2.0] 0x6078:0x00 0x10 INTEGER16    Current actual value 
20260814-150840:814618912 EtherCAT|INFO [si_PDOassign,2044]: [EtherCATDriver ]   [0x00E4.0] 0x606C:0x00 0x20 INTEGER32    Velocity Actual Value 
20260814-150840:816618360 EtherCAT|INFO [si_PDOassign,2044]: [EtherCATDriver ]   [0x00E8.0] 0x60F4:0x00 0x20 INTEGER32    Following Error Actual Value
20260814-150840:818620984 EtherCAT|INFO [si_PDOassign,2044]: [EtherCATDriver ]   [0x00EC.0] 0x6061:0x00 0x08 INTEGER8     Modes of Operation Display 
20260814-150840:819626160 EtherCAT|INFO [si_PDOassign,2044]: [EtherCATDriver ]   [0x00ED.0] 0x0000:0x00 0x08 INTEGER8     Modes of Operation Display 
20260814-150840:819657168 EtherCAT|INFO [si_PDOassign,2050]: 
20260814-150840:819705320 EtherCAT|INFO [EcatDrv_Task,822]: [EtherCATDriver ] Set running flag  
20260814-150840:819823072 EtherCAT|ERROR [EcatStack_PDOReceive,334]: CommInterruptTimes is 1, print count is 0. 
20260814-150841:023634032 EtherCAT|INFO [EcatDrv_Task,829]: [EtherCATDriver ] All slaves reach in OP status successful!  
20260814-150841:023661112 EtherCAT|INFO [EcatDrv_Task,835]: [EtherCATDriver ] Task state is CONFIG turn to NORMAL
20260814-150841:023685192 EtherCAT|INFO [EcatDrv_CheckEvent,1232]: coe_event is 4, pre is 1  
20260814-150841:023706272 EtherCAT|INFO [EcatDrv_Task,943]: [EtherCATDriver ] Task state is NORMAL turn to IDLE  
20260814-150841:026666120 EtherCAT|INFO [NrtData_ReadSwVersion_VEICHI,569]: slave : 1 Sw-Vesrion : VEICHI1-SW_V13458_01213. 
20260814-150841:026693848 EtherCAT|INFO [CANopenModule_GetVersion,848]: [CANopenModule  ] slave : 0 Sw-Vesrion : VEICHI1-SW_V13458_01213  
20260814-150841:028766120 EtherCAT|INFO [NrtData_ReadSwVersion_VEICHI,569]: slave : 2 Sw-Vesrion : VEICHI2-SW_V13458_01714.  
20260814-150841:028792760 EtherCAT|INFO [CANopenModule_GetVersion,848]: [CANopenModule  ] slave : 1 Sw-Vesrion : VEICHI2-SW_V13458_01714
20260814-150841:031665912 EtherCAT|INFO [NrtData_ReadSwVersion_VEICHI,569]: slave : 3 Sw-Vesrion : VEICHI3-SW_V13458_01213.  
20260814-150841:031693864 EtherCAT|INFO [CANopenModule_GetVersion,848]: [CANopenModule  ] slave : 2 Sw-Vesrion : VEICHI3-SW_V13458_01213  
20260814-150841:033770720 EtherCAT|INFO [NrtData_ReadSwVersion_VEICHI,569]: slave : 4 Sw-Vesrion : VEICHI4-SW_V13458_01213. 
20260814-150841:033797784 EtherCAT|INFO [CANopenModule_GetVersion,848]: [CANopenModule  ] slave : 3 Sw-Vesrion : VEICHI4-SW_V13458_01213  
20260814-150841:035765272 EtherCAT|INFO [NrtData_ReadSwVersion_VEICHI,569]: slave : 5 Sw-Vesrion : VEICHI5-SW_V13458_01213.  
20260814-150841:035792120 EtherCAT|INFO [CANopenModule_GetVersion,848]: [CANopenModule  ] slave : 4 Sw-Vesrion : VEICHI5-SW_V13458_01213
20260814-150841:037767208 EtherCAT|INFO [NrtData_ReadSwVersion_VEICHI,569]: slave : 6 Sw-Vesrion : VEICHI6-SW_V13458_01714.  
20260814-150841:037794440 EtherCAT|INFO [CANopenModule_GetVersion,848]: [CANopenModule  ] slave : 5 Sw-Vesrion : VEICHI6-SW_V13458_01714  
20260814-150841:039770368 EtherCAT|INFO [NrtData_ReadSwVersion_VEICHI,569]: slave : 7 Sw-Vesrion : VEICHI7-SW_V13458_01213. 
20260814-150841:039796992 EtherCAT|INFO [CANopenModule_GetVersion,848]: [CANopenModule  ] slave : 6 Sw-Vesrion : VEICHI7-SW_V13458_01213  
20260814-150841:041767288 EtherCAT|INFO [NrtData_ReadHwVersion_VEICHI,528]: slave : 1 Hw-Vesrion : VEICHI1-HW_VA1.2  
20260814-150841:041794448 EtherCAT|INFO [CANopenModule_GetVersion,853]: [CANopenModule  ] slave : 0 Hw-Vesrion : VEICHI1-HW_VA1.2
20260814-150841:044665232 EtherCAT|INFO [NrtData_ReadHwVersion_VEICHI,528]: slave : 2 Hw-Vesrion : VEICHI2-HW_VA1.0  
20260814-150841:044692072 EtherCAT|INFO [CANopenModule_GetVersion,853]: [CANopenModule  ] slave : 1 Hw-Vesrion : VEICHI2-HW_VA1.0  
20260814-150841:046774864 EtherCAT|INFO [NrtData_ReadHwVersion_VEICHI,528]: slave : 3 Hw-Vesrion : VEICHI3-HW_VA1.2
20260814-150841:046802872 EtherCAT|INFO [CANopenModule_GetVersion,853]: [CANopenModule  ] slave : 2 Hw-Vesrion : VEICHI3-HW_VA1.2  
20260814-150841:048771728 EtherCAT|INFO [NrtData_ReadHwVersion_VEICHI,528]: slave : 4 Hw-Vesrion : VEICHI4-HW_VA1.2  
20260814-150841:048799240 EtherCAT|INFO [CANopenModule_GetVersion,853]: [CANopenModule  ] slave : 3 Hw-Vesrion : VEICHI4-HW_VA1.2
20260814-150841:051671280 EtherCAT|INFO [NrtData_ReadHwVersion_VEICHI,528]: slave : 5 Hw-Vesrion : VEICHI5-HW_VA1.2  
20260814-150841:051699184 EtherCAT|INFO [CANopenModule_GetVersion,853]: [CANopenModule  ] slave : 4 Hw-Vesrion : VEICHI5-HW_VA1.2  
20260814-150841:053768728 EtherCAT|INFO [NrtData_ReadHwVersion_VEICHI,528]: slave : 6 Hw-Vesrion : VEICHI6-HW_VA1.0
20260814-150841:053795072 EtherCAT|INFO [CANopenModule_GetVersion,853]: [CANopenModule  ] slave : 5 Hw-Vesrion : VEICHI6-HW_VA1.0  
20260814-150841:055771784 EtherCAT|INFO [NrtData_ReadHwVersion_VEICHI,528]: slave : 7 Hw-Vesrion : VEICHI7-HW_VA1.2  
20260814-150841:055797600 EtherCAT|INFO [CANopenModule_GetVersion,853]: [CANopenModule  ] slave : 6 Hw-Vesrion : VEICHI7-HW_VA1.2
20260814-150841:057537552 MCLink|INFO [mclink_set_system_status,171]: ----------------------system enter status 5 ------------------------ 
20260814-150841:058090488 EtherCAT|INFO [CANopenModule_ThreadEntry,422]: [CANopenModule  ] Get slave Version is done  
20260814-150841:058115312 EtherCAT|INFO [CANopenModule_ThreadEntry,423]: [CANopenModule  ] Task state is RESOURCE_CHK turn to RUN
20260814-150841:061992792 Macro|INFO [ReadRatedCurAll,300]: rated_current axis 1 = 8900   
20260814-150841:064955864 Macro|INFO [ReadRatedCurAll,300]: rated_current axis 2 = 10000   
20260814-150841:067959408 Macro|INFO [ReadRatedCurAll,300]: rated_current axis 3 = 3500   
20260814-150841:070993312 Macro|INFO [ReadRatedCurAll,300]: rated_current axis 4 = 3500 
20260814-150841:073963464 Macro|INFO [ReadRatedCurAll,300]: rated_current axis 5 = 3500   
20260814-150841:076952752 Macro|INFO [ReadRatedCurAll,300]: rated_current axis 6 = 3000   
20260814-150841:079957752 Macro|INFO [ReadRatedCurAll,300]: rated_current axis 7 = 3500   
20260814-150841:085105824 CP-IP|INFO [IPCommission_FunctionInit,1144]: Comm-E is init finish. 
20260814-150841:085137144 CP-IP|INFO [IPCommission_FunctionInit,1162]: wait linux netcard，no timeout, use time = 0.000000 sec  
20260814-150841:089961952 Macro|INFO [ReadPIDAll,365]: pos_kp axis 1 = 80   
20260814-150841:089991064 Macro|INFO [ReadPIDAll,366]: vel_kp axis 1 = 400   
20260814-150841:090013864 Macro|INFO [ReadPIDAll,367]: vel_ki axis 1 = 500   
20260814-150841:098965472 Macro|INFO [ReadPIDAll,365]: pos_kp axis 2 = 80 
20260814-150841:098994608 Macro|INFO [ReadPIDAll,366]: vel_kp axis 2 = 400   
20260814-150841:099018008 Macro|INFO [ReadPIDAll,367]: vel_ki axis 2 = 500   
20260814-150841:106965840 Macro|INFO [ReadPIDAll,365]: pos_kp axis 3 = 80   
20260814-150841:106994720 Macro|INFO [ReadPIDAll,366]: vel_kp axis 3 = 400   
20260814-150841:107017488 Macro|INFO [ReadPIDAll,367]: vel_ki axis 3 = 500 
20260814-150841:114963400 Macro|INFO [ReadPIDAll,365]: pos_kp axis 4 = 80   
20260814-150841:114992784 Macro|INFO [ReadPIDAll,366]: vel_kp axis 4 = 400   
20260814-150841:115015600 Macro|INFO [ReadPIDAll,367]: vel_ki axis 4 = 500   
20260814-150841:122966928 Macro|INFO [ReadPIDAll,365]: pos_kp axis 5 = 80   
20260814-150841:122995504 Macro|INFO [ReadPIDAll,366]: vel_kp axis 5 = 400 
20260814-150841:123018152 Macro|INFO [ReadPIDAll,367]: vel_ki axis 5 = 500   
20260814-150841:131009168 Macro|INFO [ReadPIDAll,365]: pos_kp axis 6 = 80   
20260814-150841:131039264 Macro|INFO [ReadPIDAll,366]: vel_kp axis 6 = 400   
20260814-150841:131063208 Macro|INFO [ReadPIDAll,367]: vel_ki axis 6 = 500   
20260814-150841:139969264 Macro|INFO [ReadPIDAll,365]: pos_kp axis 7 = 80 
20260814-150841:139999288 Macro|INFO [ReadPIDAll,366]: vel_kp axis 7 = 400   
20260814-150841:140022440 Macro|INFO [ReadPIDAll,367]: vel_ki axis 7 = 500   
20260814-150841:142967312 Macro|INFO [ReadPosTrackingErrAll,615]: pos_tracking_err axis 1 = 50000.  
20260814-150841:145968624 Macro|INFO [ReadPosTrackingErrAll,615]: pos_tracking_err axis 2 = 50000. 
20260814-150841:148961752 Macro|INFO [ReadPosTrackingErrAll,615]: pos_tracking_err axis 3 = 50000.  
20260814-150841:151967128 Macro|INFO [ReadPosTrackingErrAll,615]: pos_tracking_err axis 4 = 50000.  
20260814-150841:154959680 Macro|INFO [ReadPosTrackingErrAll,615]: pos_tracking_err axis 5 = 50000.  
20260814-150841:157955848 Macro|INFO [ReadPosTrackingErrAll,615]: pos_tracking_err axis 6 = 50000. 
20260814-150841:160988768 Macro|INFO [ReadPosTrackingErrAll,615]: pos_tracking_err axis 7 = 50000.  
20260814-150841:163996224 EC_IDN|ERROR [NrtData_IdnRead,479]: The IDN data only support ZERO ERROR module!  
20260814-150841:164026400 Macro|INFO [ReadCanAll,420]: read velocity integral limit error -1502, will set default value is 80000.  
20260814-150841:176049200 EC_IDN|INFO [NrtData_IdnCallback_VEICHI,256]: 0x2002: 65h is 10000, 1 
20260814-150841:176264168 EC_IDN|INFO [NrtData_IdnCallback_VEICHI,267]: 0x2002: 66h is 0, 1  
20260814-150841:184951112 Macro|INFO [ReadCanAll,557]: hard pos_tracking_err axis 1 = 50000   
20260814-150841:184983280 Macro|INFO [ReadCanAll,558]: hard spd_tracking_err axis 1 = 10   
20260814-150841:185006504 Macro|INFO [ReadCanAll,559]: vel_integal_lim axis 1 = 80000 
20260814-150841:185030888 Macro|INFO [ReadCanAll,560]: stall current axis 1 = 1100   
20260814-150841:185052400 Macro|INFO [ReadCanAll,561]: stall speed axis 1 = 10   
20260814-150841:185073160 Macro|INFO [ReadCanAll,562]: stall time axis 1 = 500   
20260814-150841:185093832 Macro|INFO [ReadCanAll,564]: soft pos_tracking_err axis 1 = 5242944   
20260814-150841:185118464 Macro|INFO [ReadCanAll,565]: soft spd_tracking_err axis 1 = 10 
20260814-150841:185138728 Macro|INFO [ReadCanAll,566]: soft stall current axis 1 = 900   
20260814-150841:185159880 Macro|INFO [ReadCanAll,567]: soft stall speed axis 1 = 50   
20260814-150841:185181144 Macro|INFO [ReadCanAll,568]: soft stall time axis 1 = 250   
20260814-150841:188995504 EC_IDN|ERROR [NrtData_IdnRead,479]: The IDN data only support ZERO ERROR module! 
20260814-150841:189025320 Macro|INFO [ReadCanAll,420]: read velocity integral limit error -1502, will set default value is 80000.  
20260814-150841:201070640 EC_IDN|INFO [NrtData_IdnCallback_VEICHI,256]: 0x2002: 65h is 10000, 1  
20260814-150841:202043352 EC_IDN|INFO [NrtData_IdnCallback_VEICHI,267]: 0x2002: 66h is 0, 1  
20260814-150841:210996872 Macro|INFO [ReadCanAll,557]: hard pos_tracking_err axis 2 = 50000 
20260814-150841:211028968 Macro|INFO [ReadCanAll,558]: hard spd_tracking_err axis 2 = 10   
20260814-150841:211052752 Macro|INFO [ReadCanAll,559]: vel_integal_lim axis 2 = 80000   
20260814-150841:211076680 Macro|INFO [ReadCanAll,560]: stall current axis 2 = 1100   
20260814-150841:211097808 Macro|INFO [ReadCanAll,561]: stall speed axis 2 = 10   
20260814-150841:211117744 Macro|INFO [ReadCanAll,562]: stall time axis 2 = 500 
20260814-150841:211139728 Macro|INFO [ReadCanAll,564]: soft pos_tracking_err axis 2 = 5242944   
20260814-150841:211164232 Macro|INFO [ReadCanAll,565]: soft spd_tracking_err axis 2 = 10   
20260814-150841:211184888 Macro|INFO [ReadCanAll,566]: soft stall current axis 2 = 900   
20260814-150841:211206240 Macro|INFO [ReadCanAll,567]: soft stall speed axis 2 = 50   
20260814-150841:211226568 Macro|INFO [ReadCanAll,568]: soft stall time axis 2 = 250 
20260814-150841:214995312 EC_IDN|ERROR [NrtData_IdnRead,479]: The IDN data only support ZERO ERROR module!  
20260814-150841:215023984 Macro|INFO [ReadCanAll,420]: read velocity integral limit error -1502, will set default value is 80000.  
20260814-150841:227047704 EC_IDN|INFO [NrtData_IdnCallback_VEICHI,256]: 0x2002: 65h is 10000, 1  
20260814-150841:227260792 EC_IDN|INFO [NrtData_IdnCallback_VEICHI,267]: 0x2002: 66h is 0, 1 
20260814-150841:235966112 Macro|INFO [ReadCanAll,557]: hard pos_tracking_err axis 3 = 50000   
20260814-150841:235998848 Macro|INFO [ReadCanAll,558]: hard spd_tracking_err axis 3 = 10   
20260814-150841:236021664 Macro|INFO [ReadCanAll,559]: vel_integal_lim axis 3 = 80000   
20260814-150841:236046904 Macro|INFO [ReadCanAll,560]: stall current axis 3 = 1100   
20260814-150841:236069552 Macro|INFO [ReadCanAll,561]: stall speed axis 3 = 10 
20260814-150841:236090040 Macro|INFO [ReadCanAll,562]: stall time axis 3 = 500   
20260814-150841:236110784 Macro|INFO [ReadCanAll,564]: soft pos_tracking_err axis 3 = 5242944   
20260814-150841:236136512 Macro|INFO [ReadCanAll,565]: soft spd_tracking_err axis 3 = 10   
20260814-150841:236157048 Macro|INFO [ReadCanAll,566]: soft stall current axis 3 = 900   
20260814-150841:236178680 Macro|INFO [ReadCanAll,567]: soft stall speed axis 3 = 50 
20260814-150841:236198648 Macro|INFO [ReadCanAll,568]: soft stall time axis 3 = 250   
20260814-150841:239990224 EC_IDN|ERROR [NrtData_IdnRead,479]: The IDN data only support ZERO ERROR module!  
20260814-150841:240020224 Macro|INFO [ReadCanAll,420]: read velocity integral limit error -1502, will set default value is 80000.  
20260814-150841:252050840 EC_IDN|INFO [NrtData_IdnCallback_VEICHI,256]: 0x2002: 65h is 10000, 1 
20260814-150841:253035848 EC_IDN|INFO [NrtData_IdnCallback_VEICHI,267]: 0x2002: 66h is 0, 1  
20260814-150841:261972368 Macro|INFO [ReadCanAll,557]: hard pos_tracking_err axis 4 = 50000   
20260814-150841:262005048 Macro|INFO [ReadCanAll,558]: hard spd_tracking_err axis 4 = 10   
20260814-150841:262028600 Macro|INFO [ReadCanAll,559]: vel_integal_lim axis 4 = 80000 
20260814-150841:262052600 Macro|INFO [ReadCanAll,560]: stall current axis 4 = 1100   
20260814-150841:262075440 Macro|INFO [ReadCanAll,561]: stall speed axis 4 = 10   
20260814-150841:262096192 Macro|INFO [ReadCanAll,562]: stall time axis 4 = 500   
20260814-150841:262117224 Macro|INFO [ReadCanAll,564]: soft pos_tracking_err axis 4 = 5242944   
20260814-150841:262141344 Macro|INFO [ReadCanAll,565]: soft spd_tracking_err axis 4 = 10 
20260814-150841:262162664 Macro|INFO [ReadCanAll,566]: soft stall current axis 4 = 900   
20260814-150841:262183688 Macro|INFO [ReadCanAll,567]: soft stall speed axis 4 = 50   
20260814-150841:262203528 Macro|INFO [ReadCanAll,568]: soft stall time axis 4 = 250   
20260814-150841:265995840 EC_IDN|ERROR [NrtData_IdnRead,479]: The IDN data only support ZERO ERROR module! 
20260814-150841:266025048 Macro|INFO [ReadCanAll,420]: read velocity integral limit error -1502, will set default value is 80000.  
20260814-150841:278040000 EC_IDN|INFO [NrtData_IdnCallback_VEICHI,256]: 0x2002: 65h is 10000, 1  
20260814-150841:278253712 EC_IDN|INFO [NrtData_IdnCallback_VEICHI,267]: 0x2002: 66h is 0, 1  
20260814-150841:285961240 Macro|INFO [ReadCanAll,557]: hard pos_tracking_err axis 5 = 50000 
20260814-150841:285993272 Macro|INFO [ReadCanAll,558]: hard spd_tracking_err axis 5 = 10   
20260814-150841:286015904 Macro|INFO [ReadCanAll,559]: vel_integal_lim axis 5 = 80000   
20260814-150841:286040760 Macro|INFO [ReadCanAll,560]: stall current axis 5 = 1100   
20260814-150841:286062248 Macro|INFO [ReadCanAll,561]: stall speed axis 5 = 10   
20260814-150841:286082128 Macro|INFO [ReadCanAll,562]: stall time axis 5 = 500 
20260814-150841:286103000 Macro|INFO [ReadCanAll,564]: soft pos_tracking_err axis 5 = 5242944   
20260814-150841:286127200 Macro|INFO [ReadCanAll,565]: soft spd_tracking_err axis 5 = 10   
20260814-150841:286148240 Macro|INFO [ReadCanAll,566]: soft stall current axis 5 = 900   
20260814-150841:286169872 Macro|INFO [ReadCanAll,567]: soft stall speed axis 5 = 50   
20260814-150841:286190208 Macro|INFO [ReadCanAll,568]: soft stall time axis 5 = 250 
20260814-150841:289988520 EC_IDN|ERROR [NrtData_IdnRead,479]: The IDN data only support ZERO ERROR module!  
20260814-150841:290018904 Macro|INFO [ReadCanAll,420]: read velocity integral limit error -1502, will set default value is 80000.  
20260814-150841:302049808 EC_IDN|INFO [NrtData_IdnCallback_VEICHI,256]: 0x2002: 65h is 10000, 1  
20260814-150841:302264648 EC_IDN|INFO [NrtData_IdnCallback_VEICHI,267]: 0x2002: 66h is 0, 1 
20260814-150841:310998592 Macro|INFO [ReadCanAll,557]: hard pos_tracking_err axis 6 = 50000   
20260814-150841:311030912 Macro|INFO [ReadCanAll,558]: hard spd_tracking_err axis 6 = 10   
20260814-150841:311054024 Macro|INFO [ReadCanAll,559]: vel_integal_lim axis 6 = 80000   
20260814-150841:311077720 Macro|INFO [ReadCanAll,560]: stall current axis 6 = 1100   
20260814-150841:311098704 Macro|INFO [ReadCanAll,561]: stall speed axis 6 = 10 
20260814-150841:311118768 Macro|INFO [ReadCanAll,562]: stall time axis 6 = 500   
20260814-150841:311139120 Macro|INFO [ReadCanAll,564]: soft pos_tracking_err axis 6 = 5242944   
20260814-150841:311163512 Macro|INFO [ReadCanAll,565]: soft spd_tracking_err axis 6 = 10   
20260814-150841:311185784 Macro|INFO [ReadCanAll,566]: soft stall current axis 6 = 900   
20260814-150841:311207200 Macro|INFO [ReadCanAll,567]: soft stall speed axis 6 = 50 
20260814-150841:311228264 Macro|INFO [ReadCanAll,568]: soft stall time axis 6 = 250   
20260814-150841:314990992 EC_IDN|ERROR [NrtData_IdnRead,479]: The IDN data only support ZERO ERROR module!  
20260814-150841:315021400 Macro|INFO [ReadCanAll,420]: read velocity integral limit error -1502, will set default value is 80000.  
20260814-150841:327044360 EC_IDN|INFO [NrtData_IdnCallback_VEICHI,256]: 0x2002: 65h is 10000, 1 
20260814-150841:327258792 EC_IDN|INFO [NrtData_IdnCallback_VEICHI,267]: 0x2002: 66h is 0, 1  
20260814-150841:334962912 Macro|INFO [ReadCanAll,557]: hard pos_tracking_err axis 7 = 50000   
20260814-150841:334994192 Macro|INFO [ReadCanAll,558]: hard spd_tracking_err axis 7 = 10   
20260814-150841:335017680 Macro|INFO [ReadCanAll,559]: vel_integal_lim axis 7 = 80000 
20260814-150841:335042488 Macro|INFO [ReadCanAll,560]: stall current axis 7 = 1100   
20260814-150841:335066352 Macro|INFO [ReadCanAll,561]: stall speed axis 7 = 10   
20260814-150841:335087032 Macro|INFO [ReadCanAll,562]: stall time axis 7 = 500   
20260814-150841:335107192 Macro|INFO [ReadCanAll,564]: soft pos_tracking_err axis 7 = 5242944   
20260814-150841:335131432 Macro|INFO [ReadCanAll,565]: soft spd_tracking_err axis 7 = 10 
20260814-150841:335152760 Macro|INFO [ReadCanAll,566]: soft stall current axis 7 = 900   
20260814-150841:335174000 Macro|INFO [ReadCanAll,567]: soft stall speed axis 7 = 50   
20260814-150841:335194424 Macro|INFO [ReadCanAll,568]: soft stall time axis 7 = 250   
20260814-150841:827191672 CP-IP|INFO [IPCommission_LoadEthernetInfo,1105]: Load nvram net mapping table successful. crc = 0xa37c 
20260814-150841:827241184 CP-IP|INFO [IPCommission_UpdateSysConfig,1317]: Node 0 load IP from nvram， port0 ip:192.168.10.120, port1 ip: 192.168.10.100  
20260814-150841:827277624 CP-IP|INFO [IPCommission_SetRobotName,1453]: Write nvram's robot name to IDN: Robot1  
20260814-150841:935360440 CP-IP|INFO [IPCommission_SetEthernetInfo,826]: use nvram value to re-update RTEMS(port1) gateway = 192.168.10.254 
20260814-150841:935393448 LogicAddr|INFO [LgAddr_GetHardwareType,1173]: hardware type is Comm-E  
20260814-150841:935448280 CP-IP|INFO [IPCommission_SetIP,377]: use nvram value to re-update Linux(port0) gateway = 192.168.10.254  
20260814-150842:147208112 CP-IP|INFO [IPCommission_SetIP,386]: use nvram value to set remote linux ip successful, node = 1 IP0 = 192.168.10.120 
20260814-150842:147256912 LogicAddr|INFO [LgAddr_GetHardwareType,1173]: hardware type is Comm-E  
20260814-150842:161397280 ctrlinfo|INFO [ctrlinfo_idn_handler,151]: Comm System version QRTOS_V2.4.697141004; FPGA_V1.10.9; COMM_CFG_V2.5.0.0 
20260814-150842:253168208 LogicAddr|INFO [LgAddr_Config,333]: LgAddr Update port 1 bd addr 192.168.10.255  
20260814-150842:253211560 LogicAddr|INFO [LgAddr_GetHardwareType,1173]: hardware type is Comm-E 
20260814-150842:253245064 CP-IP|INFO [IPCommission_SetIP,390]: use nvram value to set local rtems ip, node = 1, IP1 = 192.168.10.100  
20260814-150842:253277968 LogicAddr|INFO [LgAddr_GetHardwareType,1173]: hardware type is Comm-E  
20260814-150842:253315352 LogicAddr|INFO [LgAddr_GetHardwareType,1173]: hardware type is Comm-E 
20260814-150842:253342384 CP-IP|INFO [IPCommission_SetIP,397]: use nvram value to set local rtems ip successful,node = 1, and change broadcast addr to 192.168.10.255  
20260814-150842:288040064 LogicAddr|INFO [LgAddr_GetHardwareType,1173]: hardware type is Comm-E  
20260814-150842:301230640 LogicAddr|INFO [LgAddr_GetHardwareType,1173]: hardware type is Comm-E 
20260814-150842:301276368 LogicAddr|INFO [LgAddr_GetHardwareType,1173]: hardware type is Comm-E  
20260814-150842:322500192 LogicAddr|INFO [LgAddr_GetLinuxIp,1242]: Get Linux IP success = 192.168.10.120, 0x780aa8c0  
20260814-150842:322890464 LogicAddr|INFO [LgAddr_GetHardwareType,1173]: hardware type is Comm-E  
20260814-150842:322930504 LogicAddr|INFO [LgAddr_GetHardwareType,1173]: hardware type is Comm-E 
20260814-150842:332931040 Upgrade|INFO [SystemUpgrade_flag_control,1389]: magic 5343 boot 0 start_up 0 upgrade 0 auto_update_flag 0 
20260814-150842:482054408 CP-IP|INFO [IPCommission_SetIP,401]: use nvram value to set local rtems gateway successful, node = 1 gateway = 192.168.10.254  
20260814-150842:482088760 CP-IP|INFO [IPCommission_SetIPResult,514]: Set node1 IP result=2 
20260814-150842:482113432 CP-IP|INFO [IPCommission_SaveCommandDistribute,568]: Start to save local network mapping table  
20260814-150842:482144248 LogicAddr|INFO [LgAddr_GetHardwareType,1173]: hardware type is Comm-E  
20260814-150842:482179800 LogicAddr|INFO [LgAddr_GetHardwareType,1173]: hardware type is Comm-E  
20260814-150842:562001904 LogicAddr|INFO [LgAddr_GetLinuxIp,1242]: Get Linux IP success = 192.168.10.120, 0x780aa8c0
20260814-150842:562060352 LogicAddr|INFO [LgAddr_GetHardwareType,1173]: hardware type is Comm-E  
20260814-150842:562100832 LogicAddr|INFO [LgAddr_GetHardwareType,1173]: hardware type is Comm-E  
20260814-150842:562143840 CP-IP|INFO [IPCommission_SaveEthernetInfo,980]:  mac0 = B4:A2:EB:00:A3:90, mac1 = B4:A2:EB:00:A3:91  
20260814-150843:476007624 CP-IP|INFO [IPCommission_SaveEthernetInfo,1039]:  Save Ethernet info success write crc=0xa37c
20260814-150843:476044600 CP-IP|INFO [IPCommission_SetIPResult,538]: save all node network mapping table successful  
20260814-150843:476068912 CP-IP|INFO [IPCommission_UpdateSysConfig,1367]: Re-config mac ip result = 0x2  
20260814-150843:476097568 CP-IP|INFO [IPCommission_FunctionInit,1168]:  Load & distribute net mapping table success.  
20260814-150843:476122392 LogicAddr|INFO [LgAddr_GetHardwareType,1173]: hardware type is Comm-E 
20260814-150843:476157568 LogicAddr|INFO [LgAddr_GetHardwareType,1173]: hardware type is Comm-E  
20260814-150843:556011304 LogicAddr|INFO [LgAddr_GetLinuxIp,1242]: Get Linux IP success = 192.168.10.120, 0x780aa8c0  
20260814-150843:556073680 LogicAddr|INFO [LgAddr_GetHardwareType,1173]: hardware type is Comm-E  
20260814-150843:556112840 LogicAddr|INFO [LgAddr_GetHardwareType,1173]: hardware type is Comm-E 
20260814-150843:556149688 MCLink|INFO [mclink_set_system_status,171]: ----------------------system enter status 4 ------------------------ 
20260814-150843:591004648 APPMAIN|INFO [app_main,262]: Robot calibration is [0, 0, 0, 0, 0, 0] 
20260814-150843:801999864 MCLink|INFO [mclink_set_system_status,171]: ----------------------system enter status 5 ------------------------
20260814-150843:836992544 PMAIN|INFO [rest_task_entry,179]: HalGetkeyState is 1   
20260814-150843:837031544 ConfigFile|WARN [ConfigFile_CompareFilename,5098]: illegal Controller file name:Controller  
20260814-150843:837056720 ConfigFile|FATAL [ConfigFile_CheckNodeConsistency,5205]: On node1 config files name conflict: Controller , Robot1 file, Calibration, Commission 
20260814-150843:837085208 CTL_RES|INFO [controller_resource_efuse_prepare,201]: efuse enable=0 silicon ver=3 
20260814-150844:644012912 PMAIN|INFO [rest_task_entry,195]: rtems system initial ready  
20260814-150844:644920888 RobotVDStateMag|INFO [RobotVDStateManagerhandler,79]:  finish Subroutine init  
20260814-150844:644949112 RobotVDStateMag|INFO [RobotVDStateManagerhandler,81]:  Subroutine InitFinish event 
20260814-150844:644981320 RobotVDSM|INFO [ST_RobotVDInitializedState,1419]: robot vd: initialized state  
20260814-150844:646039784 RobotExcepMonitor|ERROR [KeyStateDistribute,1010]: switch from auto to auto   
20260814-150844:646897672 RobotVDStateMag|INFO [RobotVDStateManagerhandler,112]:  finish VD initialization  
20260814-150844:646926600 RobotVDStateMag|INFO [RobotVDStateManagerhandler,114]:  robotVD Init Finished event 
20260814-150844:646956952 RobotVDSM|INFO [ST_RobotVDPowerOffState,1441]: robot vd: power off state  
20260814-150845:803184072 ConfigFile|WARN [ConfigFile_ParseIDNArraySize,5466]: Shell IDN module 242.50 array_module 242.0 read error = -1502  
20260814-150845:803243480 ConfigFile|WARN [ConfigFile_ParseIDNArraySize,5466]: Shell IDN module 242.51 array_module 242.0 read error = -1502
20260814-150845:836180760 ConfigFile|WARN [ConfigFile_ParseIDNArraySize,5466]: Shell IDN module 242.52 array_module 242.0 read error = -1502  
20260814-150845:836255712 ConfigFile|WARN [ConfigFile_ParseIDNArraySize,5466]: Shell IDN module 242.53 array_module 242.0 read error = -1502  
20260814-150845:836307584 ConfigFile|WARN [ConfigFile_ParseIDNArraySize,5466]: Shell IDN module 242.54 array_module 242.0 read error = -1502
20260814-150845:836356072 ConfigFile|WARN [ConfigFile_ParseIDNArraySize,5466]: Shell IDN module 242.55 array_module 242.0 read error = -1502  
20260814-150845:836404464 ConfigFile|WARN [ConfigFile_ParseIDNArraySize,5466]: Shell IDN module 242.56 array_module 242.0 read error = -1502  
20260814-150845:869054080 ConfigFile|WARN [ConfigFile_ParseIDNArraySize,5466]: Shell IDN module 242.57 array_module 242.0 read error = -1502
20260814-150845:869109152 ConfigFile|WARN [ConfigFile_ParseIDNArraySize,5466]: Shell IDN module 242.58 array_module 242.0 read error = -1502  
20260814-150845:869158432 ConfigFile|WARN [ConfigFile_ParseIDNArraySize,5466]: Shell IDN module 242.59 array_module 242.0 read error = -1502  
20260814-150845:869205184 ConfigFile|WARN [ConfigFile_ParseIDNArraySize,5466]: Shell IDN module 242.60 array_module 242.0 read error = -1502
20260814-150845:869250024 ConfigFile|WARN [ConfigFile_ParseIDNArraySize,5466]: Shell IDN module 242.61 array_module 242.0 read error = -1502  
20260814-150845:904257504 ConfigFile|WARN [ConfigFile_ParseIDNArraySize,5466]: Shell IDN module 242.62 array_module 242.0 read error = -1502  
20260814-150845:904310904 ConfigFile|WARN [ConfigFile_ParseIDNArraySize,5466]: Shell IDN module 242.63 array_module 242.0 read error = -1502
20260814-150845:940311224 ctrlinfo|INFO [ctrlinfo_idn_handler,179]: node_num 0 gCtlSys.NodesOfController 9 
20260814-150846:021479464 MCLink|INFO [block_task_bind,123]: bind robot0 to bind_chl0  
20260814-150846:202958848 MACRO_PRF|INFO [setProfile,73]: RTEMS------------------------profile_set---------------------  
20260814-150846:202994032 MACRO_PRF|INFO [setProfile,202]: set profile end 
20260814-150846:432419112 ConfigFile|INFO [ConfigFile_CheckAndReportModelInfoInvalid,5301]: g_model_errcode 0
20260814-151029:176022472 MacroSys|INFO [system_abort,109]: RTEMS-------------system_abort--------------------- 
20260814-151029:176061920 MacroSys|INFO [system_abort,138]: send motion abort cmd event 
20260814-151029:176124888 MacroSys|INFO [system_abort,246]: Macro system abort exit. 
20260814-151029:176718312 BackToPath|INFO [BackToPathRecordCMDPose,394]: need_back_to_path_flag is 0, current joint cmd is [0.000000, 0.000000, 0.000000, 0.000000, 0.000000, 0.000000]  
20260814-151029:176755688 RapidStop|INFO [CfgRobotRapidStop,674]: rapid stop joint  
20260814-151029:177330432 MCLink|INFO [block_task_unbind,170]: unbind robot0 from bind_chl0
20260814-151029:178039984 RCTASKS|INFO [RobotWaitRapidStopFinishTask,405]: get rapid stop finished semaphore 
20260814-151114:104022712 MCLink|INFO [block_task_bind,123]: bind robot0 to bind_chl0
20260814-151114:293966472 MACRO_PRF|INFO [setProfile,73]: RTEMS------------------------profile_set---------------------  
20260814-151114:294002768 MACRO_PRF|INFO [setProfile,202]: set profile end 
20260814-151447:071772640 MacroSys|INFO [system_abort,109]: RTEMS-------------system_abort---------------------
20260814-151447:073780080 MCLink|INFO [block_task_unbind,170]: unbind robot0 from bind_chl0
20260814-151558:723892000 MCLink|INFO [block_task_bind,123]: bind robot0 to bind_chl0
20260814-151558:913706760 MACRO_PRF|INFO [setProfile,73]: RTEMS------------------------profile_set---------------------  
20260814-151558:913743648 MACRO_PRF|INFO [setProfile,202]: set profile end 
20260814-151724:616081704 MacroRobot|INFO [robot_poweroff,118]: RTEMS---------------robot_poweroff start-------------- 
20260814-151724:616122400 MacroRobot|INFO [robot_poweroff,133]: RTEMS---------------robot_poweroff end--------------
20260814-152554:855328144 MacroSys|INFO [system_abort,109]: RTEMS-------------system_abort---------------------
20260814-152554:857105600 MCLink|INFO [block_task_unbind,170]: unbind robot0 from bind_chl0
20260814-152554:943335632 MCLink|INFO [block_task_bind,123]: bind robot0 to bind_chl0
20260814-152555:123298160 MACRO_PRF|INFO [setProfile,73]: RTEMS------------------------profile_set---------------------  
20260814-152555:123336104 MACRO_PRF|INFO [setProfile,202]: set profile end 
20260814-152555:217132824 MacroRobot|INFO [robot_poweroff,118]: RTEMS---------------robot_poweroff start-------------- 
20260814-152555:217173152 MacroRobot|INFO [robot_poweroff,133]: RTEMS---------------robot_poweroff end--------------
20260814-152631:965053264 MacroSys|INFO [system_abort,109]: RTEMS-------------system_abort---------------------
20260814-152631:967051024 MCLink|INFO [block_task_unbind,170]: unbind robot0 from bind_chl0
20260814-152632:065263648 MCLink|INFO [block_task_bind,123]: bind robot0 to bind_chl0
20260814-152632:232988032 MACRO_PRF|INFO [setProfile,73]: RTEMS------------------------profile_set---------------------  
20260814-152632:233024720 MACRO_PRF|INFO [setProfile,202]: set profile end 
20260814-152632:305543328 MacroRobot|INFO [robot_poweroff,118]: RTEMS---------------robot_poweroff start-------------- 
20260814-152632:305580344 MacroRobot|INFO [robot_poweroff,133]: RTEMS---------------robot_poweroff end--------------
20260814-152640:763845488 MacroSys|INFO [system_abort,109]: RTEMS-------------system_abort---------------------
20260814-152640:765479528 MCLink|INFO [block_task_unbind,170]: unbind robot0 from bind_chl0
20260814-152640:852920464 MCLink|INFO [block_task_bind,123]: bind robot0 to bind_chl0
20260814-152641:042715192 MACRO_PRF|INFO [setProfile,73]: RTEMS------------------------profile_set---------------------  
20260814-152641:042752048 MACRO_PRF|INFO [setProfile,202]: set profile end 
20260814-152641:114777824 MacroRobot|INFO [robot_poweroff,118]: RTEMS---------------robot_poweroff start-------------- 
20260814-152641:114816088 MacroRobot|INFO [robot_poweroff,133]: RTEMS---------------robot_poweroff end--------------
20260814-152646:127660392 MacroSys|INFO [system_abort,109]: RTEMS-------------system_abort---------------------
20260814-152646:128963000 MCLink|INFO [block_task_unbind,170]: unbind robot0 from bind_chl0
20260814-152646:216902520 MCLink|INFO [block_task_bind,123]: bind robot0 to bind_chl0
20260814-152646:405619072 MACRO_PRF|INFO [setProfile,73]: RTEMS------------------------profile_set---------------------  
20260814-152646:405656520 MACRO_PRF|INFO [setProfile,202]: set profile end 
20260814-152646:477694640 MacroRobot|INFO [robot_poweroff,118]: RTEMS---------------robot_poweroff start-------------- 
20260814-152646:477732984 MacroRobot|INFO [robot_poweroff,133]: RTEMS---------------robot_poweroff end--------------
20260814-152650:005495240 MacroSys|INFO [system_abort,109]: RTEMS-------------system_abort---------------------
20260814-152650:007355760 MCLink|INFO [block_task_unbind,170]: unbind robot0 from bind_chl0
20260814-152650:105702264 MCLink|INFO [block_task_bind,123]: bind robot0 to bind_chl0
20260814-152650:285318312 MACRO_PRF|INFO [setProfile,73]: RTEMS------------------------profile_set---------------------  
20260814-152650:285356552 MACRO_PRF|INFO [setProfile,202]: set profile end 
20260814-152650:367896248 MacroRobot|INFO [robot_poweroff,118]: RTEMS---------------robot_poweroff start-------------- 
20260814-152650:367933840 MacroRobot|INFO [robot_poweroff,133]: RTEMS---------------robot_poweroff end--------------
20260814-152653:773315920 MacroSys|INFO [system_abort,109]: RTEMS-------------system_abort---------------------
20260814-152653:774691072 MCLink|INFO [block_task_unbind,170]: unbind robot0 from bind_chl0
20260814-152653:873723184 MCLink|INFO [block_task_bind,123]: bind robot0 to bind_chl0
20260814-152654:052761064 MACRO_PRF|INFO [setProfile,73]: RTEMS------------------------profile_set---------------------  
20260814-152654:052797912 MACRO_PRF|INFO [setProfile,202]: set profile end 
20260814-152654:146413920 MacroRobot|INFO [robot_poweroff,118]: RTEMS---------------robot_poweroff start-------------- 
20260814-152654:146684920 MacroRobot|INFO [robot_poweroff,133]: RTEMS---------------robot_poweroff end--------------
20260814-152657:313455824 MacroSys|INFO [system_abort,109]: RTEMS-------------system_abort---------------------
20260814-152657:314758832 MCLink|INFO [block_task_unbind,170]: unbind robot0 from bind_chl0
20260814-152657:401705192 MCLink|INFO [block_task_bind,123]: bind robot0 to bind_chl0
20260814-152657:592280744 MACRO_PRF|INFO [setProfile,73]: RTEMS------------------------profile_set---------------------  
20260814-152657:592319528 MACRO_PRF|INFO [setProfile,202]: set profile end 
20260814-152657:674695040 MacroRobot|INFO [robot_poweroff,118]: RTEMS---------------robot_poweroff start-------------- 
20260814-152657:674734240 MacroRobot|INFO [robot_poweroff,133]: RTEMS---------------robot_poweroff end--------------
20260814-152702:313232280 MacroSys|INFO [system_abort,109]: RTEMS-------------system_abort---------------------
20260814-152702:314683992 MCLink|INFO [block_task_unbind,170]: unbind robot0 from bind_chl0
20260814-152702:413239800 MCLink|INFO [block_task_bind,123]: bind robot0 to bind_chl0
20260814-152702:593527104 MACRO_PRF|INFO [setProfile,73]: RTEMS------------------------profile_set---------------------  
20260814-152702:593563640 MACRO_PRF|INFO [setProfile,202]: set profile end 
20260814-153009:987734432 MacroSys|INFO [system_abort,109]: RTEMS-------------system_abort---------------------
20260814-153009:989027080 MCLink|INFO [block_task_unbind,170]: unbind robot0 from bind_chl0
20260814-153010:075817120 MCLink|INFO [block_task_bind,123]: bind robot0 to bind_chl0
20260814-153010:120843224 MacroRobot|INFO [robot_poweron,80]: RTEMS-------------robot_poweron start--------------- 
20260814-153010:120990240 FZERO|INFO [ExitForceZeroMode1,403]: Set servo to position mode success. 
20260814-153010:121015304 PWRCTL|INFO [PowerControlPowerOn,97]: macro robot PowerOn: send PowerOn cmd event to robot VD mainSM 
20260814-153010:121051344 RobotVDSM|INFO [ST_RobotVDPowerOnInProgressState,1463]: robot vd: power on in progress state  
20260814-153010:121682488 RobotVDSM|INFO [ST_RobotVDPowerOnInProgressState,1471]: robot vd: send PowerOn cmd event from mainSM to Pwrseq subSM  
20260814-153010:121718120 PwrOnSeqSM|INFO [ST_PwrOnSeqClearFaultsInProgressState,524]: POWRE ON: clear faults in progress state 
20260814-153010:121801712 PwrOnSeqSM|ERROR [PwrSeqClrErr,857]: power on reset servo warning  
20260814-153010:121825672 EtherCAT|INFO [CoESrv_StateCommand,968]: StateCommand[0][0] set cmd is 1.  
20260814-153010:121848720 EtherCAT|INFO [CoESrv_StateCommand,968]: StateCommand[0][1] set cmd is 1.  
20260814-153010:121869752 EtherCAT|INFO [CoESrv_StateCommand,968]: StateCommand[0][2] set cmd is 1. 
20260814-153010:121890272 EtherCAT|INFO [CoESrv_StateCommand,968]: StateCommand[0][3] set cmd is 1.  
20260814-153010:121910160 EtherCAT|INFO [CoESrv_StateCommand,968]: StateCommand[0][4] set cmd is 1.  
20260814-153010:121930064 EtherCAT|INFO [CoESrv_StateCommand,968]: StateCommand[0][5] set cmd is 1.  
20260814-153010:121950504 EtherCAT|INFO [CoESrv_StateCommand,968]: StateCommand[0][6] set cmd is 1. 
20260814-153010:122839880 PWR_SEQ|INFO [RobotPwrSeqhandler,1003]: Power sequence: PowerOn subSM send clear faults ok event  
20260814-153010:122876448 PwrOnSeqSM|INFO [ST_PwrOnSeqFaultsClearedState,551]: POWRE ON: faults cleared state  
20260814-153010:124792592 PWR_SEQ|INFO [RobotPwrSeqhandler,1015]: Power sequence: PowerOn subSM send enable dcbus event 
20260814-153010:124828088 PwrOnSeqSM|INFO [ST_PwrOnSeqHighPowerEnableInProgressState,572]: POWRE ON: high power enable in progress state  
20260814-153010:126789792 PWR_SEQ|INFO [RobotPwrSeqhandler,1102]: Power sequence: PowerOn subSM send dcbus enable ok event  
20260814-153010:126826288 PwrOnSeqSM|INFO [ST_PwrOnSeqHighPowerEnabledState,594]: POWRE ON: high power enabled state 
20260814-153010:128798400 PWR_SEQ|INFO [RobotPwrSeqhandler,1115]: Power sequence: PowerOn subSM send enable amplifiers event  
20260814-153010:128833112 PwrOnSeqSM|INFO [ST_PwrOnSeqEnableAmplifiersInProgressState,615]: POWRE ON: enable amplifiers in progress state  
20260814-153010:129092688 PwrOnSeqSM|INFO [ST_PwrOnSeqEnableAmplifiersInProgressState,622]: POWRE ON: send enable pwm event from PowerOn subSM to EnAmp subSM 
20260814-153010:129124704 PwrOnSeqEnAmpSM|INFO [ST_PwrOnSeqEnAmpChildEnablePwmInProgressState,316]: POWRE ON enamp: enable pwm in progress state  
20260814-153010:130796000 PWR_SEQ|INFO [RobotPwrSeqhandler,1174]: Power sequence: PowerOn EnAmp subSM send pwm enabled ok event  
20260814-153010:130830392 PwrOnSeqEnAmpSM|INFO [ST_PwrOnSeqEnAmpChildPwmEnabledState,337]: POWRE ON enamp: pwm enabled state 
20260814-153010:132784848 PWR_SEQ|INFO [RobotPwrSeqhandler,1214]: Power sequence: PowerOn EnAmp subSM send adc already done event  
20260814-153010:132819320 PwrOnSeqEnAmpSM|INFO [ST_PwrOnSeqEnAmpChildCurrentOffsetCalibratedState,378]: POWRE ON enamp: adc calibrated state  
20260814-153010:134781888 PWR_SEQ|INFO [RobotPwrSeqhandler,1292]: Power sequence: PowerOn EnAmp subSM send uvw break already check event 
20260814-153010:134816544 PwrOnSeqEnAmpSM|INFO [ST_PwrOnSeqEnAmpChildCheckUVWBreakFinishedState,419]: POWRE ON enamp: check uvw break finished state  
20260814-153010:136789624 PWR_SEQ|INFO [RobotPwrSeqhandler,1354]: Power sequence: PowerOn EnAmp subSM send enable currentloop event  
20260814-153010:136825088 PwrOnSeqEnAmpSM|INFO [ST_PwrOnSeqEnAmpChildEnableCurrentloopInProgressState,438]: POWRE ON enamp: enable currentloop in progress state 
20260814-153010:138781224 PWR_SEQ|INFO [RobotPwrSeqhandler,1406]: Power sequence: PowerOn EnAmp subSM send currentloop enabled ok event  
20260814-153010:138816104 PwrOnSeqEnAmpSM|INFO [ST_PwrOnSeqEnAmpChildCurrentloopEnabledState,460]: POWRE ON enamp: currentloop enabled state  
20260814-153010:140781864 PWR_SEQ|INFO [RobotPwrSeqhandler,1421]: Power sequence: PowerOn EnAmp subSM back to idle event 
20260814-153010:140816608 PwrOnSeqEnAmpSM|INFO [ST_PwrOnSeqEnAmpChildIdleState,297]: POWRE ON enamp: idle state  
20260814-153010:140843304 PWR_SEQ|INFO [RobotPwrSeqhandler,1431]: Power sequence: from PowerOn EnAmp subSM back to PowerOn subSM amplifiers on ok event  
20260814-153010:140869592 PwrOnSeqSM|INFO [ST_PwrOnSeqAmplifiersEnabledState,645]: POWRE ON: amplifiers enabled state 
20260814-153010:142788768 PWR_SEQ|INFO [RobotPwrSeqhandler,1473]: Power sequence: PowerOn subSM motors already commutated event  
20260814-153010:142824872 PwrOnSeqSM|INFO [ST_PwrOnSeqMotorsCommutatedState,689]: POWRE ON: motors commutation finished state  
20260814-153010:144790600 Jog|INFO [InitRobotJog,82]: [JOG_DIAG] init robot=0 Td=0.100000 t_seg=100 Speed=0.000000 limit_per=10.000000 cart_trans_spd_limit=250.000000 cart_rot_spd_limit=36.000000
20260814-153010:144844808 Jog|INFO [InitRobotJog,92]: [JOG_DIAG] init_profile robot=0 prf.acc=50.000000 prf.dec=50.000000 prf.accramp=0.100000 prf.decramp=0.100000 acc_delta_per=10.000000 anticipation_enable=1 anticipation_dis=0.500000  
20260814-153010:144935984 PWR_SEQ|INFO [RobotPwrSeqhandler,1538]: Power sequence: PowerOn subSM enable servos event 
20260814-153010:144964520 PwrOnSeqSM|INFO [ST_PwrOnSeqEnableServosInProgressState,710]: POWRE ON: enable servos in progress state  
20260814-153010:145217160 EtherCAT|INFO [CoESrv_StateCommand,968]: StateCommand[0][0] set cmd is 2.  
20260814-153010:145669224 EtherCAT|INFO [CoESrv_StateCommand,968]: StateCommand[0][1] set cmd is 2.  
20260814-153010:145693400 EtherCAT|INFO [CoESrv_StateCommand,968]: StateCommand[0][2] set cmd is 2. 
20260814-153010:145715760 EtherCAT|INFO [CoESrv_StateCommand,968]: StateCommand[0][3] set cmd is 2.  
20260814-153010:145736784 EtherCAT|INFO [CoESrv_StateCommand,968]: StateCommand[0][4] set cmd is 2.  
20260814-153010:145757272 EtherCAT|INFO [CoESrv_StateCommand,968]: StateCommand[0][5] set cmd is 2.  
20260814-153010:145777304 EtherCAT|INFO [CoESrv_StateCommand,968]: StateCommand[0][6] set cmd is 2. 
20260814-153010:165609432 EtherCAT|INFO [CoESrv_StateCommand,968]: StateCommand[0][0] set cmd is 3.  
20260814-153010:165639784 EtherCAT|INFO [CoESrv_StateCommand,968]: StateCommand[0][1] set cmd is 3.  
20260814-153010:565611144 EtherCAT|INFO [CoESrv_StateCommand,968]: StateCommand[0][2] set cmd is 3.  
20260814-153010:565643440 EtherCAT|INFO [CoESrv_StateCommand,968]: StateCommand[0][3] set cmd is 3. 
20260814-153010:965614168 EtherCAT|INFO [CoESrv_StateCommand,968]: StateCommand[0][4] set cmd is 3.  
20260814-153010:965648648 EtherCAT|INFO [CoESrv_StateCommand,968]: StateCommand[0][5] set cmd is 3.  
20260814-153010:965672944 EtherCAT|INFO [CoESrv_StateCommand,968]: StateCommand[0][6] set cmd is 3.  
20260814-153010:965695240 PwrOnSeqSM|INFO [PwrSeqCheckServoOnEtherCAT,928]: Start to check 
20260814-153010:965772144 PwrOnSeqSM|INFO [PwrSeqCheckServoOnEtherCAT,968]: EtherCAT servo on success!  
20260814-153010:975610000 PwrOnSeqSM|INFO [PwrSeqCheckServoOnEtherCAT,974]: EtherCAT servo on  axis is 0, status word is [4663, 1237], error code is 0.  
20260814-153010:985610184 PwrOnSeqSM|INFO [PwrSeqCheckServoOnEtherCAT,974]: EtherCAT servo on  axis is 1, status word is [4663, 1237], error code is 0. 
20260814-153010:995636928 PwrOnSeqSM|INFO [PwrSeqCheckServoOnEtherCAT,974]: EtherCAT servo on  axis is 2, status word is [4663, 1237], error code is 0.  
20260814-153011:005612784 PwrOnSeqSM|INFO [PwrSeqCheckServoOnEtherCAT,974]: EtherCAT servo on  axis is 3, status word is [4663, 1237], error code is 0. 
20260814-153011:015610600 PwrOnSeqSM|INFO [PwrSeqCheckServoOnEtherCAT,974]: EtherCAT servo on  axis is 4, status word is [567, 237], error code is 0.  
20260814-153011:025608608 PwrOnSeqSM|INFO [PwrSeqCheckServoOnEtherCAT,974]: EtherCAT servo on  axis is 5, status word is [4663, 1237], error code is 0. 
20260814-153011:035611008 PwrOnSeqSM|INFO [PwrSeqCheckServoOnEtherCAT,974]: EtherCAT servo on  axis is 6, status word is [5687, 1637], error code is 0.  
20260814-153011:037610224 PWR_SEQ|INFO [RobotPwrSeqhandler,1603]: Power sequence: PowerOn subSM servos enabled ok event  
20260814-153011:037646128 PwrOnSeqSM|INFO [ST_PwrOnSeqServosEnabledState,737]: POWRE ON: servos enabled state 
20260814-153011:039614704 PWR_SEQ|INFO [RobotPwrSeqhandler,1619]: Power sequence: PowerOn subSM release brakes event  
20260814-153011:039649048 PwrOnSeqSM|INFO [ST_PwrOnSeqReleaseBrakesInProgressState,758]: POWRE ON: release brakes in progress state  
20260814-153011:041614080 PWR_SEQ|INFO [RobotPwrSeqhandler,1671]: Power sequence: PowerOn subSM brakes released ok event 
20260814-153011:041648640 PwrOnSeqSM|INFO [ST_PwrOnSeqBrakesReleasedState,786]: POWRE ON: brakes released state  
20260814-153011:043611624 PWR_SEQ|INFO [PwrSeqSendMsgToMacroCmd,2238]: Send msg to macro status = 13,code = 0 !  
20260814-153011:043642200 PWR_SEQ|INFO [PwrSeqSendMsgToMacroCmd,2246]: Send power on message to power on cmd ! 
20260814-153011:043664560 PWR_SEQ|INFO [RobotPwrSeqhandler,1686]: Power sequence: PowerOn subSM back to idle event  
20260814-153011:043692408 PwrOnSeqSM|INFO [ST_PwrOnSeqIdleState,455]: POWRE ON: idle state  
20260814-153011:043718848 PWR_SEQ|INFO [RobotPwrSeqhandler,1695]: Power sequence: from PowerOn subSM back to robot VDSM power on finished event  
20260814-153011:043743544 RobotVDSM|INFO [ST_RobotVDPowerOnState,1493]: robot vd: power on state 
20260814-153011:045637664 RobotVDStateMag|INFO [RobotVDStateManagerhandler,172]:  mainSM auto home to call robot home  
20260814-153011:045667688 RobotHome|INFO [robot_home_cmd,44]:  check axis home flag  
20260814-153011:045688848 RobotHome|INFO [robot_home_cmd,67]:  send already calibrated event  
20260814-153011:045718568 RobotVDSM|INFO [ST_RobotVDCalibratedState,1540]: robot vd: calibrated state 
20260814-153011:045900808 MacroRobot|INFO [robot_poweron,95]: RTEMS-------------robot_poweron end--------------- 
20260814-153011:047629232 RobotVDStateMag|INFO [RobotVDStateManagerhandler,241]:  valid_num = 0,  
20260814-153011:047657704 RobotVDStateMag|INFO [RobotVDStateManagerhandler,246]:  mainSM to ready event  
20260814-153011:047688064 RobotVDSM|INFO [ST_RobotVDMotionReadyState,1562]: robot vd: motion ready state 
20260814-153011:047885968 RobotVDSM|INFO [ST_RobotVDMotionReadyState,1625]: robot vd: motion ready state end 
20260814-153011:048880640 MacroRobot|INFO [robot_home,147]: RTEMS--------------------robot_home start------------------ 
20260814-153011:048911400 MacroRobot|INFO [robot_home,161]: RTEMS----------robot_home end---------
20260814-153041:407589160 MacroRobot|INFO [robot_spd_set,617]: RTEMS------------------------robot_speed_set --------------------- 
20260814-153041:407626800 MacroRobot|INFO [robot_spd_set,640]: robot 0 speed_set end,speed=20.000000 
20260814-153043:527424888 MacroMove|INFO [move_joint,122]: RTEMS--------move joint start----------- 
20260814-153043:527485232 LocationMag|INFO [PrintJointLocation,29]: MOVE point joint = 0.000000 0.000000 0.000000 -90.000000 0.000000 0.000000 0.000000 
20260814-153043:527630400 RobotVDSM|INFO [ST_RobotVDMotionPrepareState,1664]: robot vd: motion prepare state 
20260814-153043:527657592 RobotVDSM|INFO [ST_RobotVDMotionPrepareState,1670]: move mode = 6  
20260814-153043:528238584 MacroMove|INFO [move_joint,219]: RTEMS--------move joint end--------- 
20260814-153043:528410264 profile|INFO [CalcMotionProfile,2817]: block ready run, id = 0  
20260814-153043:529224192 RobotVDStateMag|INFO [RobotVDStateManagerhandler,348]:  mainSM send motion in progress event 
20260814-153043:529262544 RobotVDSM|INFO [ST_RobotVDMotionInProgressState,1766]: robot vd: motion in progress state  
20260814-153043:529286672 RobotVDSM|INFO [ST_RobotVDMotionInProgressState,1776]: move mode = 6 
20260814-153052:180259280 pre_read|INFO [RobotMotionStateBackToExecutionLayer,295]: receiver msg: state = 0, error id = 0  
20260814-153052:180294760 pre_read|INFO [RobotMotionStateBackToExecutionLayer,313]:  valid_num = 1, 
20260814-153052:180599592 pre_read|INFO [RobotMotionStateBackToExecutionLayer,356]:  send cmd finish event, cmd.packet_id is 0  
20260814-153052:180627848 pre_read|INFO [RobotMotionStateBackToExecutionLayer,368]:  valid_num left = 0,  
20260814-153052:181212088 RobotVDStateMag|INFO [RobotVDStateManagerhandler,415]:  mainSM to motion complete event 
20260814-153052:181250040 RobotVDSM|INFO [ST_RobotVDMotionCompleteState,2404]: robot vd: motion complete state  
20260814-153052:181298280 RobotVDSM|INFO [ST_RobotVDMotionCompleteState,2448]: robot vd: motion complete state     6  
20260814-153052:183205792 RobotVDStateMag|INFO [RobotVDStateManagerhandler,802]:  switch mainSM to ready  
20260814-153052:183243984 RobotVDSM|INFO [ST_RobotVDMotionReadyState,1562]: robot vd: motion ready state 
20260814-153052:183437944 RobotVDSM|INFO [ST_RobotVDMotionReadyState,1625]: robot vd: motion ready state end
20260814-153055:321463920 MacroMove|INFO [move_joint,122]: RTEMS--------move joint start----------- 
20260814-153055:321523120 LocationMag|INFO [PrintJointLocation,29]: MOVE point joint = -12.101000 -2.786000 5.069000 -84.841000 -17.710000 -3.976000 -5.034000 
20260814-153055:322049800 RobotVDSM|INFO [ST_RobotVDMotionPrepareState,1664]: robot vd: motion prepare state 
20260814-153055:322078408 RobotVDSM|INFO [ST_RobotVDMotionPrepareState,1670]: move mode = 6  
20260814-153055:322363080 profile|INFO [CalcMotionProfile,2817]: block ready run, id = 0  
20260814-153055:322395344 MacroMove|INFO [move_joint,219]: RTEMS--------move joint end--------- 
20260814-153055:323207632 RobotVDStateMag|INFO [RobotVDStateManagerhandler,348]:  mainSM send motion in progress event 
20260814-153055:323245688 RobotVDSM|INFO [ST_RobotVDMotionInProgressState,1766]: robot vd: motion in progress state  
20260814-153055:323269640 RobotVDSM|INFO [ST_RobotVDMotionInProgressState,1776]: move mode = 6 
20260814-153100:043160200 pre_read|INFO [RobotMotionStateBackToExecutionLayer,295]: receiver msg: state = 0, error id = 0  
20260814-153100:043429408 pre_read|INFO [RobotMotionStateBackToExecutionLayer,313]:  valid_num = 1, 
20260814-153100:044132664 pre_read|INFO [RobotMotionStateBackToExecutionLayer,356]:  send cmd finish event, cmd.packet_id is 1  
20260814-153100:044161600 pre_read|INFO [RobotMotionStateBackToExecutionLayer,368]:  valid_num left = 0,  
20260814-153100:045208360 RobotVDStateMag|INFO [RobotVDStateManagerhandler,415]:  mainSM to motion complete event 
20260814-153100:045244968 RobotVDSM|INFO [ST_RobotVDMotionCompleteState,2404]: robot vd: motion complete state  
20260814-153100:045292320 RobotVDSM|INFO [ST_RobotVDMotionCompleteState,2448]: robot vd: motion complete state     6  
20260814-153100:047199792 RobotVDStateMag|INFO [RobotVDStateManagerhandler,802]:  switch mainSM to ready  
20260814-153100:047238744 RobotVDSM|INFO [ST_RobotVDMotionReadyState,1562]: robot vd: motion ready state 
20260814-153100:047440912 RobotVDSM|INFO [ST_RobotVDMotionReadyState,1625]: robot vd: motion ready state end
20260814-153105:122447552 MacroMove|INFO [move_joint,122]: RTEMS--------move joint start----------- 
20260814-153105:122509368 LocationMag|INFO [PrintJointLocation,29]: MOVE point joint = -4.812000 9.147000 7.722000 -100.703000 -39.196000 -2.924000 16.186000 
20260814-153105:122668904 RobotVDSM|INFO [ST_RobotVDMotionPrepareState,1664]: robot vd: motion prepare state 
20260814-153105:122694800 RobotVDSM|INFO [ST_RobotVDMotionPrepareState,1670]: move mode = 6  
20260814-153105:123477424 MacroMove|INFO [move_joint,219]: RTEMS--------move joint end--------- 
20260814-153105:123657128 profile|INFO [CalcMotionProfile,2817]: block ready run, id = 0  
20260814-153105:125201784 RobotVDStateMag|INFO [RobotVDStateManagerhandler,348]:  mainSM send motion in progress event 
20260814-153105:125238984 RobotVDSM|INFO [ST_RobotVDMotionInProgressState,1766]: robot vd: motion in progress state  
20260814-153105:125262408 RobotVDSM|INFO [ST_RobotVDMotionInProgressState,1776]: move mode = 6 
20260814-153110:157099824 pre_read|INFO [RobotMotionStateBackToExecutionLayer,295]: receiver msg: state = 0, error id = 0  
20260814-153110:157135040 pre_read|INFO [RobotMotionStateBackToExecutionLayer,313]:  valid_num = 1,  
20260814-153110:157189792 RobotVDStateMag|INFO [RobotVDStateManagerhandler,415]:  mainSM to motion complete event  
20260814-153110:157222864 RobotVDSM|INFO [ST_RobotVDMotionCompleteState,2404]: robot vd: motion complete state 
20260814-153110:157536752 RobotVDSM|INFO [ST_RobotVDMotionCompleteState,2448]: robot vd: motion complete state     6  
20260814-153110:158314864 pre_read|INFO [RobotMotionStateBackToExecutionLayer,356]:  send cmd finish event, cmd.packet_id is 2  
20260814-153110:158342664 pre_read|INFO [RobotMotionStateBackToExecutionLayer,368]:  valid_num left = 0, 
20260814-153110:159193168 RobotVDStateMag|INFO [RobotVDStateManagerhandler,802]:  switch mainSM to ready  
20260814-153110:159228464 RobotVDSM|INFO [ST_RobotVDMotionReadyState,1562]: robot vd: motion ready state  
20260814-153110:159430144 RobotVDSM|INFO [ST_RobotVDMotionReadyState,1625]: robot vd: motion ready state end
20260814-153113:236025872 MacroMove|INFO [move_joint,122]: RTEMS--------move joint start----------- 
20260814-153113:236091344 LocationMag|INFO [PrintJointLocation,29]: MOVE point joint = -0.240000 23.091000 5.819000 -109.649000 -48.700000 -7.476000 27.835000 
20260814-153113:236269192 RobotVDSM|INFO [ST_RobotVDMotionPrepareState,1664]: robot vd: motion prepare state 
20260814-153113:236295448 RobotVDSM|INFO [ST_RobotVDMotionPrepareState,1670]: move mode = 6  
20260814-153113:236943368 MacroMove|INFO [move_joint,219]: RTEMS--------move joint end--------- 
20260814-153113:237008248 profile|INFO [CalcMotionProfile,2817]: block ready run, id = 0  
20260814-153113:237185504 RobotVDStateMag|INFO [RobotVDStateManagerhandler,348]:  mainSM send motion in progress event 
20260814-153113:237219544 RobotVDSM|INFO [ST_RobotVDMotionInProgressState,1766]: robot vd: motion in progress state  
20260814-153113:237243008 RobotVDSM|INFO [ST_RobotVDMotionInProgressState,1776]: move mode = 6 
20260814-153117:592988592 pre_read|INFO [RobotMotionStateBackToExecutionLayer,295]: receiver msg: state = 0, error id = 0  
20260814-153117:593026040 pre_read|INFO [RobotMotionStateBackToExecutionLayer,313]:  valid_num = 1, 
20260814-153117:593189272 RobotVDStateMag|INFO [RobotVDStateManagerhandler,415]:  mainSM to motion complete event  
20260814-153117:593222888 RobotVDSM|INFO [ST_RobotVDMotionCompleteState,2404]: robot vd: motion complete state  
20260814-153117:594038112 RobotVDSM|INFO [ST_RobotVDMotionCompleteState,2448]: robot vd: motion complete state     6 
20260814-153117:594076872 pre_read|INFO [RobotMotionStateBackToExecutionLayer,356]:  send cmd finish event, cmd.packet_id is 3  
20260814-153117:594100904 pre_read|INFO [RobotMotionStateBackToExecutionLayer,368]:  valid_num left = 0,  
20260814-153117:595179808 RobotVDStateMag|INFO [RobotVDStateManagerhandler,802]:  switch mainSM to ready  
20260814-153117:595217160 RobotVDSM|INFO [ST_RobotVDMotionReadyState,1562]: robot vd: motion ready state 
20260814-153117:595418584 RobotVDSM|INFO [ST_RobotVDMotionReadyState,1625]: robot vd: motion ready state end
20260814-153120:702199888 MacroMove|INFO [move_joint,122]: RTEMS--------move joint start----------- 
20260814-153120:702261064 LocationMag|INFO [PrintJointLocation,29]: MOVE point joint = -10.961000 18.215000 6.987000 -99.146000 -27.162000 -10.637000 44.325000 
20260814-153120:702800152 RobotVDSM|INFO [ST_RobotVDMotionPrepareState,1664]: robot vd: motion prepare state 
20260814-153120:702828584 RobotVDSM|INFO [ST_RobotVDMotionPrepareState,1670]: move mode = 6  
20260814-153120:703040304 profile|INFO [CalcMotionProfile,2817]: block ready run, id = 0  
20260814-153120:703142688 MacroMove|INFO [move_joint,219]: RTEMS--------move joint end--------- 
20260814-153120:703200448 RobotVDStateMag|INFO [RobotVDStateManagerhandler,348]:  mainSM send motion in progress event 
20260814-153120:703230240 RobotVDSM|INFO [ST_RobotVDMotionInProgressState,1766]: robot vd: motion in progress state  
20260814-153120:703252840 RobotVDSM|INFO [ST_RobotVDMotionInProgressState,1776]: move mode = 6 
20260814-153125:738915752 pre_read|INFO [RobotMotionStateBackToExecutionLayer,295]: receiver msg: state = 0, error id = 0  
20260814-153125:738952288 pre_read|INFO [RobotMotionStateBackToExecutionLayer,313]:  valid_num = 1, 
20260814-153125:739178720 RobotVDStateMag|INFO [RobotVDStateManagerhandler,415]:  mainSM to motion complete event  
20260814-153125:739213120 RobotVDSM|INFO [ST_RobotVDMotionCompleteState,2404]: robot vd: motion complete state  
20260814-153125:740021768 RobotVDSM|INFO [ST_RobotVDMotionCompleteState,2448]: robot vd: motion complete state     6 
20260814-153125:740060480 pre_read|INFO [RobotMotionStateBackToExecutionLayer,356]:  send cmd finish event, cmd.packet_id is 4  
20260814-153125:740085520 pre_read|INFO [RobotMotionStateBackToExecutionLayer,368]:  valid_num left = 0,  
20260814-153125:741171928 RobotVDStateMag|INFO [RobotVDStateManagerhandler,802]:  switch mainSM to ready  
20260814-153125:741209152 RobotVDSM|INFO [ST_RobotVDMotionReadyState,1562]: robot vd: motion ready state 
20260814-153125:741833824 RobotVDSM|INFO [ST_RobotVDMotionReadyState,1625]: robot vd: motion ready state end
20260814-153128:862234040 MacroMove|INFO [move_joint,122]: RTEMS--------move joint start----------- 
20260814-153128:862300408 LocationMag|INFO [PrintJointLocation,29]: MOVE point joint = -16.666000 14.511000 12.469000 -97.407000 -22.731000 -2.363000 69.038000 
20260814-153128:862838240 RobotVDSM|INFO [ST_RobotVDMotionPrepareState,1664]: robot vd: motion prepare state 
20260814-153128:862866752 RobotVDSM|INFO [ST_RobotVDMotionPrepareState,1670]: move mode = 6  
20260814-153128:863066600 profile|INFO [CalcMotionProfile,2817]: block ready run, id = 0  
20260814-153128:863792928 MacroMove|INFO [move_joint,219]: RTEMS--------move joint end--------- 
20260814-153128:864174880 RobotVDStateMag|INFO [RobotVDStateManagerhandler,348]:  mainSM send motion in progress event 
20260814-153128:864212304 RobotVDSM|INFO [ST_RobotVDMotionInProgressState,1766]: robot vd: motion in progress state  
20260814-153128:864235584 RobotVDSM|INFO [ST_RobotVDMotionInProgressState,1776]: move mode = 6 
20260814-153134:138087184 pre_read|INFO [RobotMotionStateBackToExecutionLayer,295]: receiver msg: state = 0, error id = 0  
20260814-153134:138121928 pre_read|INFO [RobotMotionStateBackToExecutionLayer,313]:  valid_num = 1, 
20260814-153134:138486928 pre_read|INFO [RobotMotionStateBackToExecutionLayer,356]:  send cmd finish event, cmd.packet_id is 5  
20260814-153134:138975232 pre_read|INFO [RobotMotionStateBackToExecutionLayer,368]:  valid_num left = 0,  
20260814-153134:140160768 RobotVDStateMag|INFO [RobotVDStateManagerhandler,415]:  mainSM to motion complete event 
20260814-153134:140198784 RobotVDSM|INFO [ST_RobotVDMotionCompleteState,2404]: robot vd: motion complete state  
20260814-153134:140248648 RobotVDSM|INFO [ST_RobotVDMotionCompleteState,2448]: robot vd: motion complete state     6  
20260814-153134:142159272 RobotVDStateMag|INFO [RobotVDStateManagerhandler,802]:  switch mainSM to ready  
20260814-153134:142196504 RobotVDSM|INFO [ST_RobotVDMotionReadyState,1562]: robot vd: motion ready state 
20260814-153134:142395120 RobotVDSM|INFO [ST_RobotVDMotionReadyState,1625]: robot vd: motion ready state end
20260814-153139:191981680 MacroMove|INFO [move_joint,122]: RTEMS--------move joint start----------- 
20260814-153139:192047272 LocationMag|INFO [PrintJointLocation,29]: MOVE point joint = -11.501000 15.234000 10.804000 -103.701000 -14.711000 1.594000 44.812000 
20260814-153139:192226240 RobotVDSM|INFO [ST_RobotVDMotionPrepareState,1664]: robot vd: motion prepare state 
20260814-153139:192633224 RobotVDSM|INFO [ST_RobotVDMotionPrepareState,1670]: move mode = 6  
20260814-153139:192850392 profile|INFO [CalcMotionProfile,2817]: block ready run, id = 0  
20260814-153139:192937200 MacroMove|INFO [move_joint,219]: RTEMS--------move joint end--------- 
20260814-153139:194163832 RobotVDStateMag|INFO [RobotVDStateManagerhandler,348]:  mainSM send motion in progress event 
20260814-153139:194203184 RobotVDSM|INFO [ST_RobotVDMotionInProgressState,1766]: robot vd: motion in progress state  
20260814-153139:194227152 RobotVDSM|INFO [ST_RobotVDMotionInProgressState,1776]: move mode = 6 
20260814-153144:441750760 pre_read|INFO [RobotMotionStateBackToExecutionLayer,295]: receiver msg: state = 0, error id = 0  
20260814-153144:441785328 pre_read|INFO [RobotMotionStateBackToExecutionLayer,313]:  valid_num = 1, 
20260814-153144:442157488 RobotVDStateMag|INFO [RobotVDStateManagerhandler,415]:  mainSM to motion complete event  
20260814-153144:442650768 RobotVDSM|INFO [ST_RobotVDMotionCompleteState,2404]: robot vd: motion complete state  
20260814-153144:442983240 RobotVDSM|INFO [ST_RobotVDMotionCompleteState,2448]: robot vd: motion complete state     6 
20260814-153144:443018232 pre_read|INFO [RobotMotionStateBackToExecutionLayer,356]:  send cmd finish event, cmd.packet_id is 6  
20260814-153144:443042528 pre_read|INFO [RobotMotionStateBackToExecutionLayer,368]:  valid_num left = 0,  
20260814-153144:444160048 RobotVDStateMag|INFO [RobotVDStateManagerhandler,802]:  switch mainSM to ready  
20260814-153144:444619864 RobotVDSM|INFO [ST_RobotVDMotionReadyState,1562]: robot vd: motion ready state 
20260814-153144:444819448 RobotVDSM|INFO [ST_RobotVDMotionReadyState,1625]: robot vd: motion ready state end
20260814-153147:596736848 MacroMove|INFO [move_joint,122]: RTEMS--------move joint start----------- 
20260814-153147:596798488 LocationMag|INFO [PrintJointLocation,29]: MOVE point joint = -7.091000 5.821000 6.987000 -93.371000 -24.414000 6.579000 69.059000 
20260814-153147:596950152 RobotVDSM|INFO [ST_RobotVDMotionPrepareState,1664]: robot vd: motion prepare state 
20260814-153147:596976400 RobotVDSM|INFO [ST_RobotVDMotionPrepareState,1670]: move mode = 6  
20260814-153147:597632408 MacroMove|INFO [move_joint,219]: RTEMS--------move joint end--------- 
20260814-153147:597719904 profile|INFO [CalcMotionProfile,2817]: block ready run, id = 0  
20260814-153147:598153344 RobotVDStateMag|INFO [RobotVDStateManagerhandler,348]:  mainSM send motion in progress event 
20260814-153147:598594760 RobotVDSM|INFO [ST_RobotVDMotionInProgressState,1766]: robot vd: motion in progress state  
20260814-153147:598620760 RobotVDSM|INFO [ST_RobotVDMotionInProgressState,1776]: move mode = 6 
20260814-153152:839901328 pre_read|INFO [RobotMotionStateBackToExecutionLayer,295]: receiver msg: state = 0, error id = 0  
20260814-153152:839938392 pre_read|INFO [RobotMotionStateBackToExecutionLayer,313]:  valid_num = 1, 
20260814-153152:840664184 pre_read|INFO [RobotMotionStateBackToExecutionLayer,356]:  send cmd finish event, cmd.packet_id is 7  
20260814-153152:840694968 pre_read|INFO [RobotMotionStateBackToExecutionLayer,368]:  valid_num left = 0,  
20260814-153152:841577200 RobotVDStateMag|INFO [RobotVDStateManagerhandler,415]:  mainSM to motion complete event 
20260814-153152:841614192 RobotVDSM|INFO [ST_RobotVDMotionCompleteState,2404]: robot vd: motion complete state  
20260814-153152:841662800 RobotVDSM|INFO [ST_RobotVDMotionCompleteState,2448]: robot vd: motion complete state     6  
20260814-153152:843554608 RobotVDStateMag|INFO [RobotVDStateManagerhandler,802]:  switch mainSM to ready  
20260814-153152:843593008 RobotVDSM|INFO [ST_RobotVDMotionReadyState,1562]: robot vd: motion ready state 
20260814-153152:843789864 RobotVDSM|INFO [ST_RobotVDMotionReadyState,1625]: robot vd: motion ready state end
20260814-153155:955887144 MacroMove|INFO [move_joint,122]: RTEMS--------move joint start----------- 
20260814-153155:955956400 LocationMag|INFO [PrintJointLocation,29]: MOVE point joint = 0.462000 9.896000 -2.834000 -106.090000 -14.804000 7.525000 48.008000 
20260814-153155:956110504 RobotVDSM|INFO [ST_RobotVDMotionPrepareState,1664]: robot vd: motion prepare state 
20260814-153155:956551768 RobotVDSM|INFO [ST_RobotVDMotionPrepareState,1670]: move mode = 6  
20260814-153155:956764784 profile|INFO [CalcMotionProfile,2817]: block ready run, id = 0  
20260814-153155:956850528 MacroMove|INFO [move_joint,219]: RTEMS--------move joint end--------- 
20260814-153155:957543320 RobotVDStateMag|INFO [RobotVDStateManagerhandler,348]:  mainSM send motion in progress event 
20260814-153155:957583040 RobotVDSM|INFO [ST_RobotVDMotionInProgressState,1766]: robot vd: motion in progress state  
20260814-153155:957607000 RobotVDSM|INFO [ST_RobotVDMotionInProgressState,1776]: move mode = 6 
20260814-153200:960485360 pre_read|INFO [RobotMotionStateBackToExecutionLayer,295]: receiver msg: state = 0, error id = 0  
20260814-153200:960523128 pre_read|INFO [RobotMotionStateBackToExecutionLayer,313]:  valid_num = 1, 
20260814-153200:961403992 RobotVDStateMag|INFO [RobotVDStateManagerhandler,415]:  mainSM to motion complete event  
20260814-153200:961442984 RobotVDSM|INFO [ST_RobotVDMotionCompleteState,2404]: robot vd: motion complete state  
20260814-153200:961779744 RobotVDSM|INFO [ST_RobotVDMotionCompleteState,2448]: robot vd: motion complete state     6 
20260814-153200:961814640 pre_read|INFO [RobotMotionStateBackToExecutionLayer,356]:  send cmd finish event, cmd.packet_id is 8  
20260814-153200:961839592 pre_read|INFO [RobotMotionStateBackToExecutionLayer,368]:  valid_num left = 0,  
20260814-153200:963385680 RobotVDStateMag|INFO [RobotVDStateManagerhandler,802]:  switch mainSM to ready  
20260814-153200:963423064 RobotVDSM|INFO [ST_RobotVDMotionReadyState,1562]: robot vd: motion ready state 
20260814-153200:963620640 RobotVDSM|INFO [ST_RobotVDMotionReadyState,1625]: robot vd: motion ready state end
20260814-153204:070614000 MacroMove|INFO [move_joint,122]: RTEMS--------move joint start----------- 
20260814-153204:070679424 LocationMag|INFO [PrintJointLocation,29]: MOVE point joint = 6.706000 -0.242000 -0.520000 -93.544000 -4.039000 8.365000 28.565000 
20260814-153204:070831928 RobotVDSM|INFO [ST_RobotVDMotionPrepareState,1664]: robot vd: motion prepare state 
20260814-153204:070857304 RobotVDSM|INFO [ST_RobotVDMotionPrepareState,1670]: move mode = 6  
20260814-153204:071023112 profile|INFO [CalcMotionProfile,2817]: block ready run, id = 0  
20260814-153204:071828504 MacroMove|INFO [move_joint,219]: RTEMS--------move joint end--------- 
20260814-153204:072526744 RobotVDStateMag|INFO [RobotVDStateManagerhandler,348]:  mainSM send motion in progress event 
20260814-153204:072563048 RobotVDSM|INFO [ST_RobotVDMotionInProgressState,1766]: robot vd: motion in progress state  
20260814-153204:072586360 RobotVDSM|INFO [ST_RobotVDMotionInProgressState,1776]: move mode = 6 
20260814-153208:945765832 pre_read|INFO [RobotMotionStateBackToExecutionLayer,295]: receiver msg: state = 0, error id = 0  
20260814-153208:945803072 pre_read|INFO [RobotMotionStateBackToExecutionLayer,313]:  valid_num = 1, 
20260814-153208:946513192 pre_read|INFO [RobotMotionStateBackToExecutionLayer,356]:  send cmd finish event, cmd.packet_id is 9  
20260814-153208:946544672 pre_read|INFO [RobotMotionStateBackToExecutionLayer,368]:  valid_num left = 0,  
20260814-153208:947440472 RobotVDStateMag|INFO [RobotVDStateManagerhandler,415]:  mainSM to motion complete event 
20260814-153208:947479760 RobotVDSM|INFO [ST_RobotVDMotionCompleteState,2404]: robot vd: motion complete state  
20260814-153208:947529048 RobotVDSM|INFO [ST_RobotVDMotionCompleteState,2448]: robot vd: motion complete state     6  
20260814-153208:949412632 RobotVDStateMag|INFO [RobotVDStateManagerhandler,802]:  switch mainSM to ready  
20260814-153208:949449752 RobotVDSM|INFO [ST_RobotVDMotionReadyState,1562]: robot vd: motion ready state 
20260814-153208:949646152 RobotVDSM|INFO [ST_RobotVDMotionReadyState,1625]: robot vd: motion ready state end
20260814-153212:062424808 MacroMove|INFO [move_joint,122]: RTEMS--------move joint start----------- 
20260814-153212:062491160 LocationMag|INFO [PrintJointLocation,29]: MOVE point joint = 13.173000 -15.296000 -16.433000 -57.966000 -4.039000 -11.275000 52.901000 
20260814-153212:062642520 RobotVDSM|INFO [ST_RobotVDMotionPrepareState,1664]: robot vd: motion prepare state 
20260814-153212:062667624 RobotVDSM|INFO [ST_RobotVDMotionPrepareState,1670]: move mode = 6  
20260814-153212:062822848 profile|INFO [CalcMotionProfile,2817]: block ready run, id = 0  
20260814-153212:063366024 RobotVDStateMag|INFO [RobotVDStateManagerhandler,348]:  mainSM send motion in progress event  
20260814-153212:063645920 RobotVDSM|INFO [ST_RobotVDMotionInProgressState,1766]: robot vd: motion in progress state 
20260814-153212:063672064 RobotVDSM|INFO [ST_RobotVDMotionInProgressState,1776]: move mode = 6  
20260814-153212:063724648 MacroMove|INFO [move_joint,219]: RTEMS--------move joint end---------
20260814-153218:021872504 pre_read|INFO [RobotMotionStateBackToExecutionLayer,295]: receiver msg: state = 0, error id = 0  
20260814-153218:021907600 pre_read|INFO [RobotMotionStateBackToExecutionLayer,313]:  valid_num = 1, 
20260814-153218:022634048 pre_read|INFO [RobotMotionStateBackToExecutionLayer,356]:  send cmd finish event, cmd.packet_id is 10  
20260814-153218:022663864 pre_read|INFO [RobotMotionStateBackToExecutionLayer,368]:  valid_num left = 0,  
20260814-153218:023547104 RobotVDStateMag|INFO [RobotVDStateManagerhandler,415]:  mainSM to motion complete event 
20260814-153218:023583608 RobotVDSM|INFO [ST_RobotVDMotionCompleteState,2404]: robot vd: motion complete state  
20260814-153218:023630624 RobotVDSM|INFO [ST_RobotVDMotionCompleteState,2448]: robot vd: motion complete state     6  
20260814-153218:025535720 RobotVDStateMag|INFO [RobotVDStateManagerhandler,802]:  switch mainSM to ready  
20260814-153218:025572448 RobotVDSM|INFO [ST_RobotVDMotionReadyState,1562]: robot vd: motion ready state 
20260814-153218:025768120 RobotVDSM|INFO [ST_RobotVDMotionReadyState,1625]: robot vd: motion ready state end
20260814-153221:162535424 MacroMove|INFO [move_joint,122]: RTEMS--------move joint start----------- 
20260814-153221:162594888 LocationMag|INFO [PrintJointLocation,29]: MOVE point joint = 5.923000 -28.959000 -16.433000 -59.882000 -25.510000 -0.293000 81.517000 
20260814-153221:162746072 RobotVDSM|INFO [ST_RobotVDMotionPrepareState,1664]: robot vd: motion prepare state 
20260814-153221:162771840 RobotVDSM|INFO [ST_RobotVDMotionPrepareState,1670]: move mode = 6  
20260814-153221:162965528 profile|INFO [CalcMotionProfile,2817]: block ready run, id = 0  
20260814-153221:163520808 RobotVDStateMag|INFO [RobotVDStateManagerhandler,348]:  mainSM send motion in progress event  
20260814-153221:163782472 RobotVDSM|INFO [ST_RobotVDMotionInProgressState,1766]: robot vd: motion in progress state 
20260814-153221:163810384 RobotVDSM|INFO [ST_RobotVDMotionInProgressState,1776]: move mode = 6  
20260814-153221:163865024 MacroMove|INFO [move_joint,219]: RTEMS--------move joint end---------
20260814-153226:704580840 pre_read|INFO [RobotMotionStateBackToExecutionLayer,295]: receiver msg: state = 0, error id = 0  
20260814-153226:704618632 pre_read|INFO [RobotMotionStateBackToExecutionLayer,313]:  valid_num = 1, 
20260814-153226:705360712 pre_read|INFO [RobotMotionStateBackToExecutionLayer,356]:  send cmd finish event, cmd.packet_id is 11  
20260814-153226:705391048 pre_read|INFO [RobotMotionStateBackToExecutionLayer,368]:  valid_num left = 0,  
20260814-153226:706272584 RobotVDStateMag|INFO [RobotVDStateManagerhandler,415]:  mainSM to motion complete event 
20260814-153226:706311664 RobotVDSM|INFO [ST_RobotVDMotionCompleteState,2404]: robot vd: motion complete state  
20260814-153226:706360184 RobotVDSM|INFO [ST_RobotVDMotionCompleteState,2448]: robot vd: motion complete state     6  
20260814-153226:708248960 RobotVDStateMag|INFO [RobotVDStateManagerhandler,802]:  switch mainSM to ready  
20260814-153226:708287664 RobotVDSM|INFO [ST_RobotVDMotionReadyState,1562]: robot vd: motion ready state 
20260814-153226:708486392 RobotVDSM|INFO [ST_RobotVDMotionReadyState,1625]: robot vd: motion ready state end
20260814-153231:772426200 MacroMove|INFO [move_joint,122]: RTEMS--------move joint start----------- 
20260814-153231:772496792 LocationMag|INFO [PrintJointLocation,29]: MOVE point joint = 5.923000 -14.438000 -12.820000 -74.805000 -2.745000 5.299000 60.987000 
20260814-153231:772650312 RobotVDSM|INFO [ST_RobotVDMotionPrepareState,1664]: robot vd: motion prepare state 
20260814-153231:772676064 RobotVDSM|INFO [ST_RobotVDMotionPrepareState,1670]: move mode = 6  
20260814-153231:773239672 MacroMove|INFO [move_joint,219]: RTEMS--------move joint end--------- 
20260814-153231:773414992 profile|INFO [CalcMotionProfile,2817]: block ready run, id = 0  
20260814-153231:775161648 RobotVDStateMag|INFO [RobotVDStateManagerhandler,348]:  mainSM send motion in progress event 
20260814-153231:775200928 RobotVDSM|INFO [ST_RobotVDMotionInProgressState,1766]: robot vd: motion in progress state  
20260814-153231:775226600 RobotVDSM|INFO [ST_RobotVDMotionInProgressState,1776]: move mode = 6 
20260814-153236:907298680 pre_read|INFO [RobotMotionStateBackToExecutionLayer,295]: receiver msg: state = 0, error id = 0  
20260814-153236:907333584 pre_read|INFO [RobotMotionStateBackToExecutionLayer,313]:  valid_num = 1, 
20260814-153236:907660792 pre_read|INFO [RobotMotionStateBackToExecutionLayer,356]:  send cmd finish event, cmd.packet_id is 12  
20260814-153236:907690920 pre_read|INFO [RobotMotionStateBackToExecutionLayer,368]:  valid_num left = 0,  
20260814-153236:909176488 RobotVDStateMag|INFO [RobotVDStateManagerhandler,415]:  mainSM to motion complete event 
20260814-153236:909217368 RobotVDSM|INFO [ST_RobotVDMotionCompleteState,2404]: robot vd: motion complete state  
20260814-153236:909266624 RobotVDSM|INFO [ST_RobotVDMotionCompleteState,2448]: robot vd: motion complete state     6  
20260814-153236:911158808 RobotVDStateMag|INFO [RobotVDStateManagerhandler,802]:  switch mainSM to ready  
20260814-153236:911197088 RobotVDSM|INFO [ST_RobotVDMotionReadyState,1562]: robot vd: motion ready state 
20260814-153236:911393624 RobotVDSM|INFO [ST_RobotVDMotionReadyState,1625]: robot vd: motion ready state end
20260814-153240:033120432 MacroMove|INFO [move_joint,122]: RTEMS--------move joint start----------- 
20260814-153240:033179064 LocationMag|INFO [PrintJointLocation,29]: MOVE point joint = 9.779000 4.033000 -12.820000 -91.327000 -26.480000 9.864000 83.245000 
20260814-153240:033333032 RobotVDSM|INFO [ST_RobotVDMotionPrepareState,1664]: robot vd: motion prepare state 
20260814-153240:033358384 RobotVDSM|INFO [ST_RobotVDMotionPrepareState,1670]: move mode = 6  
20260814-153240:033548112 profile|INFO [CalcMotionProfile,2817]: block ready run, id = 0  
20260814-153240:033653088 MacroMove|INFO [move_joint,219]: RTEMS--------move joint end--------- 
20260814-153240:035108112 RobotVDStateMag|INFO [RobotVDStateManagerhandler,348]:  mainSM send motion in progress event 
20260814-153240:035147560 RobotVDSM|INFO [ST_RobotVDMotionInProgressState,1766]: robot vd: motion in progress state  
20260814-153240:035170544 RobotVDSM|INFO [ST_RobotVDMotionInProgressState,1776]: move mode = 6 
20260814-153245:239253112 pre_read|INFO [RobotMotionStateBackToExecutionLayer,295]: receiver msg: state = 0, error id = 0  
20260814-153245:239287704 pre_read|INFO [RobotMotionStateBackToExecutionLayer,313]:  valid_num = 1, 
20260814-153245:239636960 pre_read|INFO [RobotMotionStateBackToExecutionLayer,356]:  send cmd finish event, cmd.packet_id is 13  
20260814-153245:240398504 pre_read|INFO [RobotMotionStateBackToExecutionLayer,368]:  valid_num left = 0,  
20260814-153245:241128864 RobotVDStateMag|INFO [RobotVDStateManagerhandler,415]:  mainSM to motion complete event 
20260814-153245:241167800 RobotVDSM|INFO [ST_RobotVDMotionCompleteState,2404]: robot vd: motion complete state  
20260814-153245:241222608 RobotVDSM|INFO [ST_RobotVDMotionCompleteState,2448]: robot vd: motion complete state     6  
20260814-153245:243116752 RobotVDStateMag|INFO [RobotVDStateManagerhandler,802]:  switch mainSM to ready  
20260814-153245:243154040 RobotVDSM|INFO [ST_RobotVDMotionReadyState,1562]: robot vd: motion ready state 
20260814-153245:243351984 RobotVDSM|INFO [ST_RobotVDMotionReadyState,1625]: robot vd: motion ready state end
20260814-153248:361022720 MacroMove|INFO [move_joint,122]: RTEMS--------move joint start----------- 
20260814-153248:361107064 LocationMag|INFO [PrintJointLocation,29]: MOVE point joint = 26.003000 9.057000 -26.432000 -98.591000 -9.833000 3.563000 22.674000 
20260814-153248:361262592 RobotVDSM|INFO [ST_RobotVDMotionPrepareState,1664]: robot vd: motion prepare state 
20260814-153248:361289440 RobotVDSM|INFO [ST_RobotVDMotionPrepareState,1670]: move mode = 6  
20260814-153248:361500120 profile|INFO [CalcMotionProfile,2817]: block ready run, id = 0  
20260814-153248:361585808 MacroMove|INFO [move_joint,219]: RTEMS--------move joint end--------- 
20260814-153248:363090472 RobotVDStateMag|INFO [RobotVDStateManagerhandler,348]:  mainSM send motion in progress event 
20260814-153248:363130072 RobotVDSM|INFO [ST_RobotVDMotionInProgressState,1766]: robot vd: motion in progress state  
20260814-153248:363154432 RobotVDSM|INFO [ST_RobotVDMotionInProgressState,1776]: move mode = 6 
20260814-153255:471225568 pre_read|INFO [RobotMotionStateBackToExecutionLayer,295]: receiver msg: state = 0, error id = 0  
20260814-153255:471260808 pre_read|INFO [RobotMotionStateBackToExecutionLayer,313]:  valid_num = 1, 
20260814-153255:471565160 pre_read|INFO [RobotMotionStateBackToExecutionLayer,356]:  send cmd finish event, cmd.packet_id is 14  
20260814-153255:471593848 pre_read|INFO [RobotMotionStateBackToExecutionLayer,368]:  valid_num left = 0,  
20260814-153255:473088912 RobotVDStateMag|INFO [RobotVDStateManagerhandler,415]:  mainSM to motion complete event 
20260814-153255:473128072 RobotVDSM|INFO [ST_RobotVDMotionCompleteState,2404]: robot vd: motion complete state  
20260814-153255:473180280 RobotVDSM|INFO [ST_RobotVDMotionCompleteState,2448]: robot vd: motion complete state     6  
20260814-153255:475080528 RobotVDStateMag|INFO [RobotVDStateManagerhandler,802]:  switch mainSM to ready  
20260814-153255:475118048 RobotVDSM|INFO [ST_RobotVDMotionReadyState,1562]: robot vd: motion ready state 
20260814-153255:475317648 RobotVDSM|INFO [ST_RobotVDMotionReadyState,1625]: robot vd: motion ready state end
20260814-153258:600441792 MacroMove|INFO [move_joint,122]: RTEMS--------move joint start----------- 
20260814-153258:600891800 LocationMag|INFO [PrintJointLocation,29]: MOVE point joint = 35.986000 9.057000 -37.494000 -99.813000 -13.172000 7.695000 -6.244000 
20260814-153258:601076920 RobotVDSM|INFO [ST_RobotVDMotionPrepareState,1664]: robot vd: motion prepare state 
20260814-153258:601105984 RobotVDSM|INFO [ST_RobotVDMotionPrepareState,1670]: move mode = 6  
20260814-153258:601305312 profile|INFO [CalcMotionProfile,2817]: block ready run, id = 0  
20260814-153258:601391688 MacroMove|INFO [move_joint,219]: RTEMS--------move joint end--------- 
20260814-153258:602085688 RobotVDStateMag|INFO [RobotVDStateManagerhandler,348]:  mainSM send motion in progress event 
20260814-153258:602122280 RobotVDSM|INFO [ST_RobotVDMotionInProgressState,1766]: robot vd: motion in progress state  
20260814-153258:602147024 RobotVDSM|INFO [ST_RobotVDMotionInProgressState,1776]: move mode = 6 
20260814-153304:158012752 pre_read|INFO [RobotMotionStateBackToExecutionLayer,295]: receiver msg: state = 0, error id = 0  
20260814-153304:158286232 pre_read|INFO [RobotMotionStateBackToExecutionLayer,313]:  valid_num = 1, 
20260814-153304:158980840 pre_read|INFO [RobotMotionStateBackToExecutionLayer,356]:  send cmd finish event, cmd.packet_id is 15  
20260814-153304:159010240 pre_read|INFO [RobotMotionStateBackToExecutionLayer,368]:  valid_num left = 0,  
20260814-153304:160080760 RobotVDStateMag|INFO [RobotVDStateManagerhandler,415]:  mainSM to motion complete event 
20260814-153304:160119880 RobotVDSM|INFO [ST_RobotVDMotionCompleteState,2404]: robot vd: motion complete state  
20260814-153304:160168704 RobotVDSM|INFO [ST_RobotVDMotionCompleteState,2448]: robot vd: motion complete state     6  
20260814-153304:162073632 RobotVDStateMag|INFO [RobotVDStateManagerhandler,802]:  switch mainSM to ready  
20260814-153304:162110800 RobotVDSM|INFO [ST_RobotVDMotionReadyState,1562]: robot vd: motion ready state 
20260814-153304:162309784 RobotVDSM|INFO [ST_RobotVDMotionReadyState,1625]: robot vd: motion ready state end
20260814-153307:262873072 MacroMove|INFO [move_joint,122]: RTEMS--------move joint start----------- 
20260814-153307:262940848 LocationMag|INFO [PrintJointLocation,29]: MOVE point joint = -16.288000 9.057000 -8.784000 -80.452000 48.891000 -23.282000 -6.244000 
20260814-153307:263116424 RobotVDSM|INFO [ST_RobotVDMotionPrepareState,1664]: robot vd: motion prepare state 
20260814-153307:263142184 RobotVDSM|INFO [ST_RobotVDMotionPrepareState,1670]: move mode = 6  
20260814-153307:263325912 profile|INFO [CalcMotionProfile,2817]: block ready run, id = 0  
20260814-153307:263875720 MacroMove|INFO [move_joint,219]: RTEMS--------move joint end--------- 
20260814-153307:264071272 RobotVDStateMag|INFO [RobotVDStateManagerhandler,348]:  mainSM send motion in progress event 
20260814-153307:264105808 RobotVDSM|INFO [ST_RobotVDMotionInProgressState,1766]: robot vd: motion in progress state  
20260814-153307:264129528 RobotVDSM|INFO [ST_RobotVDMotionInProgressState,1776]: move mode = 6 
20260814-153314:434911912 pre_read|INFO [RobotMotionStateBackToExecutionLayer,295]: receiver msg: state = 0, error id = 0  
20260814-153314:434947304 pre_read|INFO [RobotMotionStateBackToExecutionLayer,313]:  valid_num = 1, 
20260814-153314:435352752 pre_read|INFO [RobotMotionStateBackToExecutionLayer,356]:  send cmd finish event, cmd.packet_id is 16  
20260814-153314:435851024 pre_read|INFO [RobotMotionStateBackToExecutionLayer,368]:  valid_num left = 0,  
20260814-153314:436062272 RobotVDStateMag|INFO [RobotVDStateManagerhandler,415]:  mainSM to motion complete event 
20260814-153314:436097072 RobotVDSM|INFO [ST_RobotVDMotionCompleteState,2404]: robot vd: motion complete state  
20260814-153314:436145312 RobotVDSM|INFO [ST_RobotVDMotionCompleteState,2448]: robot vd: motion complete state     6  
20260814-153314:438059040 RobotVDStateMag|INFO [RobotVDStateManagerhandler,802]:  switch mainSM to ready  
20260814-153314:438096880 RobotVDSM|INFO [ST_RobotVDMotionReadyState,1562]: robot vd: motion ready state 
20260814-153314:438297888 RobotVDSM|INFO [ST_RobotVDMotionReadyState,1625]: robot vd: motion ready state end
20260814-153317:557702392 MacroMove|INFO [move_joint,122]: RTEMS--------move joint start----------- 
20260814-153317:557769192 LocationMag|INFO [PrintJointLocation,29]: MOVE point joint = -25.538000 -6.754000 -8.784000 -62.253000 75.531000 -44.210000 -60.677000 
20260814-153317:557922672 RobotVDSM|INFO [ST_RobotVDMotionPrepareState,1664]: robot vd: motion prepare state 
20260814-153317:557949152 RobotVDSM|INFO [ST_RobotVDMotionPrepareState,1670]: move mode = 6  
20260814-153317:558179712 profile|INFO [CalcMotionProfile,2817]: block ready run, id = 0  
20260814-153317:558266512 MacroMove|INFO [move_joint,219]: RTEMS--------move joint end--------- 
20260814-153317:559064728 RobotVDStateMag|INFO [RobotVDStateManagerhandler,348]:  mainSM send motion in progress event 
20260814-153317:559102752 RobotVDSM|INFO [ST_RobotVDMotionInProgressState,1766]: robot vd: motion in progress state  
20260814-153317:559129880 RobotVDSM|INFO [ST_RobotVDMotionInProgressState,1776]: move mode = 6 
20260814-153324:418826432 pre_read|INFO [RobotMotionStateBackToExecutionLayer,295]: receiver msg: state = 0, error id = 0  
20260814-153324:418862120 pre_read|INFO [RobotMotionStateBackToExecutionLayer,313]:  valid_num = 1, 
20260814-153324:419057192 RobotVDStateMag|INFO [RobotVDStateManagerhandler,415]:  mainSM to motion complete event  
20260814-153324:419090232 RobotVDSM|INFO [ST_RobotVDMotionCompleteState,2404]: robot vd: motion complete state  
20260814-153324:419900248 RobotVDSM|INFO [ST_RobotVDMotionCompleteState,2448]: robot vd: motion complete state     6 
20260814-153324:419937880 pre_read|INFO [RobotMotionStateBackToExecutionLayer,356]:  send cmd finish event, cmd.packet_id is 17  
20260814-153324:419961712 pre_read|INFO [RobotMotionStateBackToExecutionLayer,368]:  valid_num left = 0,  
20260814-153324:421052464 RobotVDStateMag|INFO [RobotVDStateManagerhandler,802]:  switch mainSM to ready  
20260814-153324:421089832 RobotVDSM|INFO [ST_RobotVDMotionReadyState,1562]: robot vd: motion ready state 
20260814-153324:421714664 RobotVDSM|INFO [ST_RobotVDMotionReadyState,1625]: robot vd: motion ready state end
20260814-153327:536678920 MacroMove|INFO [move_joint,122]: RTEMS--------move joint start----------- 
20260814-153327:536746488 LocationMag|INFO [PrintJointLocation,29]: MOVE point joint = -29.539000 -21.916000 12.305000 -62.253000 75.531000 -33.403000 -71.855000 
20260814-153327:536899384 RobotVDSM|INFO [ST_RobotVDMotionPrepareState,1664]: robot vd: motion prepare state 
20260814-153327:536925792 RobotVDSM|INFO [ST_RobotVDMotionPrepareState,1670]: move mode = 6  
20260814-153327:537742544 MacroMove|INFO [move_joint,219]: RTEMS--------move joint end--------- 
20260814-153327:537890400 profile|INFO [CalcMotionProfile,2817]: block ready run, id = 0  
20260814-153327:539052968 RobotVDStateMag|INFO [RobotVDStateManagerhandler,348]:  mainSM send motion in progress event 
20260814-153327:539089304 RobotVDSM|INFO [ST_RobotVDMotionInProgressState,1766]: robot vd: motion in progress state  
20260814-153327:539113344 RobotVDSM|INFO [ST_RobotVDMotionInProgressState,1776]: move mode = 6 
20260814-153332:538763512 pre_read|INFO [RobotMotionStateBackToExecutionLayer,295]: receiver msg: state = 0, error id = 0  
20260814-153332:538799408 pre_read|INFO [RobotMotionStateBackToExecutionLayer,313]:  valid_num = 1, 
20260814-153332:539047608 RobotVDStateMag|INFO [RobotVDStateManagerhandler,415]:  mainSM to motion complete event  
20260814-153332:539082912 RobotVDSM|INFO [ST_RobotVDMotionCompleteState,2404]: robot vd: motion complete state  
20260814-153332:539892440 RobotVDSM|INFO [ST_RobotVDMotionCompleteState,2448]: robot vd: motion complete state     6 
20260814-153332:539929160 pre_read|INFO [RobotMotionStateBackToExecutionLayer,356]:  send cmd finish event, cmd.packet_id is 18  
20260814-153332:539954120 pre_read|INFO [RobotMotionStateBackToExecutionLayer,368]:  valid_num left = 0,  
20260814-153332:541045680 RobotVDStateMag|INFO [RobotVDStateManagerhandler,802]:  switch mainSM to ready  
20260814-153332:541082392 RobotVDSM|INFO [ST_RobotVDMotionReadyState,1562]: robot vd: motion ready state 
20260814-153332:541706264 RobotVDSM|INFO [ST_RobotVDMotionReadyState,1625]: robot vd: motion ready state end
20260814-153337:572808544 MacroMove|INFO [move_joint,122]: RTEMS--------move joint start----------- 
20260814-153337:572876768 LocationMag|INFO [PrintJointLocation,29]: MOVE point joint = -20.081000 -6.159000 10.848000 -80.451000 87.914000 -5.179000 -83.254000 
20260814-153337:573647360 RobotVDSM|INFO [ST_RobotVDMotionPrepareState,1664]: robot vd: motion prepare state 
20260814-153337:573677472 RobotVDSM|INFO [ST_RobotVDMotionPrepareState,1670]: move mode = 6  
20260814-153337:573894408 profile|INFO [CalcMotionProfile,2817]: block ready run, id = 0  
20260814-153337:573982528 MacroMove|INFO [move_joint,219]: RTEMS--------move joint end--------- 
20260814-153337:574031840 RobotVDStateMag|INFO [RobotVDStateManagerhandler,348]:  mainSM send motion in progress event 
20260814-153337:574062528 RobotVDSM|INFO [ST_RobotVDMotionInProgressState,1766]: robot vd: motion in progress state  
20260814-153337:574084928 RobotVDSM|INFO [ST_RobotVDMotionInProgressState,1776]: move mode = 6 
20260814-153343:092663344 pre_read|INFO [RobotMotionStateBackToExecutionLayer,295]: receiver msg: state = 0, error id = 0  
20260814-153343:092697744 pre_read|INFO [RobotMotionStateBackToExecutionLayer,313]:  valid_num = 1, 
20260814-153343:092995408 pre_read|INFO [RobotMotionStateBackToExecutionLayer,356]:  send cmd finish event, cmd.packet_id is 19  
20260814-153343:093758992 pre_read|INFO [RobotMotionStateBackToExecutionLayer,368]:  valid_num left = 0,  
20260814-153343:094027728 RobotVDStateMag|INFO [RobotVDStateManagerhandler,415]:  mainSM to motion complete event 
20260814-153343:094064032 RobotVDSM|INFO [ST_RobotVDMotionCompleteState,2404]: robot vd: motion complete state  
20260814-153343:094584752 RobotVDSM|INFO [ST_RobotVDMotionCompleteState,2448]: robot vd: motion complete state     6  
20260814-153343:096027184 RobotVDStateMag|INFO [RobotVDStateManagerhandler,802]:  switch mainSM to ready  
20260814-153343:096064704 RobotVDSM|INFO [ST_RobotVDMotionReadyState,1562]: robot vd: motion ready state 
20260814-153343:096702104 RobotVDSM|INFO [ST_RobotVDMotionReadyState,1625]: robot vd: motion ready state end
20260814-153346:214729048 MacroMove|INFO [move_joint,122]: RTEMS--------move joint start----------- 
20260814-153346:214787352 LocationMag|INFO [PrintJointLocation,29]: MOVE point joint = -31.983000 -10.464000 17.257000 -82.597000 84.552000 -6.700000 -86.843000 
20260814-153346:214941992 RobotVDSM|INFO [ST_RobotVDMotionPrepareState,1664]: robot vd: motion prepare state 
20260814-153346:214968800 RobotVDSM|INFO [ST_RobotVDMotionPrepareState,1670]: move mode = 6  
20260814-153346:215787952 MacroMove|INFO [move_joint,219]: RTEMS--------move joint end--------- 
20260814-153346:215926760 profile|INFO [CalcMotionProfile,2817]: block ready run, id = 0  
20260814-153346:216025632 RobotVDStateMag|INFO [RobotVDStateManagerhandler,348]:  mainSM send motion in progress event 
20260814-153346:216059328 RobotVDSM|INFO [ST_RobotVDMotionInProgressState,1766]: robot vd: motion in progress state  
20260814-153346:216083992 RobotVDSM|INFO [ST_RobotVDMotionInProgressState,1776]: move mode = 6 
20260814-153350:352801464 pre_read|INFO [RobotMotionStateBackToExecutionLayer,295]: receiver msg: state = 0, error id = 0  
20260814-153350:352837728 pre_read|INFO [RobotMotionStateBackToExecutionLayer,313]:  valid_num = 1, 
20260814-153350:353558840 pre_read|INFO [RobotMotionStateBackToExecutionLayer,356]:  send cmd finish event, cmd.packet_id is 20  
20260814-153350:353589640 pre_read|INFO [RobotMotionStateBackToExecutionLayer,368]:  valid_num left = 0,  
20260814-153350:354031144 RobotVDStateMag|INFO [RobotVDStateManagerhandler,415]:  mainSM to motion complete event 
20260814-153350:354500592 RobotVDSM|INFO [ST_RobotVDMotionCompleteState,2404]: robot vd: motion complete state  
20260814-153350:354549400 RobotVDSM|INFO [ST_RobotVDMotionCompleteState,2448]: robot vd: motion complete state     6  
20260814-153350:356027272 RobotVDStateMag|INFO [RobotVDStateManagerhandler,802]:  switch mainSM to ready  
20260814-153350:356485512 RobotVDSM|INFO [ST_RobotVDMotionReadyState,1562]: robot vd: motion ready state 
20260814-153350:356689080 RobotVDSM|INFO [ST_RobotVDMotionReadyState,1625]: robot vd: motion ready state end
20260814-153353:456644912 MacroMove|INFO [move_joint,122]: RTEMS--------move joint start----------- 
20260814-153353:456703792 LocationMag|INFO [PrintJointLocation,29]: MOVE point joint = -42.588000 -13.775000 21.263000 -81.711000 78.232000 -13.101000 -91.999000 
20260814-153353:456860888 RobotVDSM|INFO [ST_RobotVDMotionPrepareState,1664]: robot vd: motion prepare state 
20260814-153353:456887432 RobotVDSM|INFO [ST_RobotVDMotionPrepareState,1670]: move mode = 6  
20260814-153353:457490840 MacroMove|INFO [move_joint,219]: RTEMS--------move joint end--------- 
20260814-153353:457653040 profile|INFO [CalcMotionProfile,2817]: block ready run, id = 0  
20260814-153353:459017952 RobotVDStateMag|INFO [RobotVDStateManagerhandler,348]:  mainSM send motion in progress event 
20260814-153353:459452672 RobotVDSM|INFO [ST_RobotVDMotionInProgressState,1766]: robot vd: motion in progress state  
20260814-153353:459478408 RobotVDSM|INFO [ST_RobotVDMotionInProgressState,1776]: move mode = 6 
20260814-153357:440787040 pre_read|INFO [RobotMotionStateBackToExecutionLayer,295]: receiver msg: state = 0, error id = 0  
20260814-153357:440824208 pre_read|INFO [RobotMotionStateBackToExecutionLayer,313]:  valid_num = 1, 
20260814-153357:441541032 pre_read|INFO [RobotMotionStateBackToExecutionLayer,356]:  send cmd finish event, cmd.packet_id is 21  
20260814-153357:441572672 pre_read|INFO [RobotMotionStateBackToExecutionLayer,368]:  valid_num left = 0,  
20260814-153357:442455512 RobotVDStateMag|INFO [RobotVDStateManagerhandler,415]:  mainSM to motion complete event 
20260814-153357:442492704 RobotVDSM|INFO [ST_RobotVDMotionCompleteState,2404]: robot vd: motion complete state  
20260814-153357:442540224 RobotVDSM|INFO [ST_RobotVDMotionCompleteState,2448]: robot vd: motion complete state     6  
20260814-153357:444437784 RobotVDStateMag|INFO [RobotVDStateManagerhandler,802]:  switch mainSM to ready  
20260814-153357:444474488 RobotVDSM|INFO [ST_RobotVDMotionReadyState,1562]: robot vd: motion ready state 
20260814-153357:444674664 RobotVDSM|INFO [ST_RobotVDMotionReadyState,1625]: robot vd: motion ready state end
20260814-153400:565939368 MacroMove|INFO [move_joint,122]: RTEMS--------move joint start----------- 
20260814-153400:566613632 LocationMag|INFO [PrintJointLocation,29]: MOVE point joint = -49.243000 -20.003000 28.260000 -76.781000 81.582000 -15.794000 -93.529000 
20260814-153400:566774080 RobotVDSM|INFO [ST_RobotVDMotionPrepareState,1664]: robot vd: motion prepare state 
20260814-153400:566800552 RobotVDSM|INFO [ST_RobotVDMotionPrepareState,1670]: move mode = 6  
20260814-153400:567484904 MacroMove|INFO [move_joint,219]: RTEMS--------move joint end--------- 
20260814-153400:567565104 profile|INFO [CalcMotionProfile,2817]: block ready run, id = 0  
20260814-153400:569402152 RobotVDStateMag|INFO [RobotVDStateManagerhandler,348]:  mainSM send motion in progress event 
20260814-153400:569440448 RobotVDSM|INFO [ST_RobotVDMotionInProgressState,1766]: robot vd: motion in progress state  
20260814-153400:569465768 RobotVDSM|INFO [ST_RobotVDMotionInProgressState,1776]: move mode = 6 
20260814-153404:037523512 pre_read|INFO [RobotMotionStateBackToExecutionLayer,295]: receiver msg: state = 0, error id = 0  
20260814-153404:037559048 pre_read|INFO [RobotMotionStateBackToExecutionLayer,313]:  valid_num = 1, 
20260814-153404:038421288 RobotVDStateMag|INFO [RobotVDStateManagerhandler,415]:  mainSM to motion complete event  
20260814-153404:038459704 RobotVDSM|INFO [ST_RobotVDMotionCompleteState,2404]: robot vd: motion complete state  
20260814-153404:038781784 RobotVDSM|INFO [ST_RobotVDMotionCompleteState,2448]: robot vd: motion complete state     6 
20260814-153404:038815728 pre_read|INFO [RobotMotionStateBackToExecutionLayer,356]:  send cmd finish event, cmd.packet_id is 22  
20260814-153404:038840392 pre_read|INFO [RobotMotionStateBackToExecutionLayer,368]:  valid_num left = 0,  
20260814-153404:040381920 RobotVDStateMag|INFO [RobotVDStateManagerhandler,802]:  switch mainSM to ready  
20260814-153404:040417368 RobotVDSM|INFO [ST_RobotVDMotionReadyState,1562]: robot vd: motion ready state 
20260814-153404:040617440 RobotVDSM|INFO [ST_RobotVDMotionReadyState,1625]: robot vd: motion ready state end
20260814-153407:137373928 MacroMove|INFO [move_joint,122]: RTEMS--------move joint start----------- 
20260814-153407:137431872 LocationMag|INFO [PrintJointLocation,29]: MOVE point joint = -51.149000 -25.900000 38.995000 -75.412000 78.084000 -14.422000 -100.644000 
20260814-153407:137584464 RobotVDSM|INFO [ST_RobotVDMotionPrepareState,1664]: robot vd: motion prepare state 
20260814-153407:137610312 RobotVDSM|INFO [ST_RobotVDMotionPrepareState,1670]: move mode = 6  
20260814-153407:137823128 profile|INFO [CalcMotionProfile,2817]: block ready run, id = 0  
20260814-153407:138584000 MacroMove|INFO [move_joint,219]: RTEMS--------move joint end--------- 
20260814-153407:139343088 RobotVDStateMag|INFO [RobotVDStateManagerhandler,348]:  mainSM send motion in progress event 
20260814-153407:139381480 RobotVDSM|INFO [ST_RobotVDMotionInProgressState,1766]: robot vd: motion in progress state  
20260814-153407:139405352 RobotVDSM|INFO [ST_RobotVDMotionInProgressState,1776]: move mode = 6 
20260814-153411:134461448 pre_read|INFO [RobotMotionStateBackToExecutionLayer,295]: receiver msg: state = 0, error id = 0  
20260814-153411:134497272 pre_read|INFO [RobotMotionStateBackToExecutionLayer,313]:  valid_num = 1, 
20260814-153411:134793968 pre_read|INFO [RobotMotionStateBackToExecutionLayer,356]:  send cmd finish event, cmd.packet_id is 23  
20260814-153411:134821912 pre_read|INFO [RobotMotionStateBackToExecutionLayer,368]:  valid_num left = 0,  
20260814-153411:136326080 RobotVDStateMag|INFO [RobotVDStateManagerhandler,415]:  mainSM to motion complete event 
20260814-153411:136364184 RobotVDSM|INFO [ST_RobotVDMotionCompleteState,2404]: robot vd: motion complete state  
20260814-153411:136414104 RobotVDSM|INFO [ST_RobotVDMotionCompleteState,2448]: robot vd: motion complete state     6  
20260814-153411:138335104 RobotVDStateMag|INFO [RobotVDStateManagerhandler,802]:  switch mainSM to ready  
20260814-153411:138371728 RobotVDSM|INFO [ST_RobotVDMotionReadyState,1562]: robot vd: motion ready state 
20260814-153411:138570688 RobotVDSM|INFO [ST_RobotVDMotionReadyState,1625]: robot vd: motion ready state end
20260814-153414:267627744 MacroMove|INFO [move_joint,122]: RTEMS--------move joint start----------- 
20260814-153414:267688072 LocationMag|INFO [PrintJointLocation,29]: MOVE point joint = -54.040000 -32.669000 39.583000 -69.447000 77.552000 -12.333000 -103.451000 
20260814-153414:267849192 RobotVDSM|INFO [ST_RobotVDMotionPrepareState,1664]: robot vd: motion prepare state 
20260814-153414:267876008 RobotVDSM|INFO [ST_RobotVDMotionPrepareState,1670]: move mode = 6  
20260814-153414:268458344 MacroMove|INFO [move_joint,219]: RTEMS--------move joint end--------- 
20260814-153414:268627568 profile|INFO [CalcMotionProfile,2817]: block ready run, id = 0  
20260814-153414:270007264 RobotVDStateMag|INFO [RobotVDStateManagerhandler,348]:  mainSM send motion in progress event 
20260814-153414:270048104 RobotVDSM|INFO [ST_RobotVDMotionInProgressState,1766]: robot vd: motion in progress state  
20260814-153414:270072448 RobotVDSM|INFO [ST_RobotVDMotionInProgressState,1776]: move mode = 6 
20260814-153417:696769720 pre_read|INFO [RobotMotionStateBackToExecutionLayer,295]: receiver msg: state = 0, error id = 0  
20260814-153417:696805832 pre_read|INFO [RobotMotionStateBackToExecutionLayer,313]:  valid_num = 1, 
20260814-153417:697527952 pre_read|INFO [RobotMotionStateBackToExecutionLayer,356]:  send cmd finish event, cmd.packet_id is 24  
20260814-153417:697558584 pre_read|INFO [RobotMotionStateBackToExecutionLayer,368]:  valid_num left = 0,  
20260814-153417:698458712 RobotVDStateMag|INFO [RobotVDStateManagerhandler,415]:  mainSM to motion complete event 
20260814-153417:698497008 RobotVDSM|INFO [ST_RobotVDMotionCompleteState,2404]: robot vd: motion complete state  
20260814-153417:698544944 RobotVDSM|INFO [ST_RobotVDMotionCompleteState,2448]: robot vd: motion complete state     6  
20260814-153417:700423880 RobotVDStateMag|INFO [RobotVDStateManagerhandler,802]:  switch mainSM to ready  
20260814-153417:700461032 RobotVDSM|INFO [ST_RobotVDMotionReadyState,1562]: robot vd: motion ready state 
20260814-153417:700661360 RobotVDSM|INFO [ST_RobotVDMotionReadyState,1625]: robot vd: motion ready state end
20260814-153420:862656120 MacroMove|INFO [move_joint,122]: RTEMS--------move joint start----------- 
20260814-153420:862724088 LocationMag|INFO [PrintJointLocation,29]: MOVE point joint = -56.188000 -23.191000 39.583000 -70.882000 75.561000 -15.531000 -105.537000 
20260814-153420:863292264 RobotVDSM|INFO [ST_RobotVDMotionPrepareState,1664]: robot vd: motion prepare state 
20260814-153420:863320632 RobotVDSM|INFO [ST_RobotVDMotionPrepareState,1670]: move mode = 6  
20260814-153420:863516960 profile|INFO [CalcMotionProfile,2817]: block ready run, id = 0  
20260814-153420:863618800 MacroMove|INFO [move_joint,219]: RTEMS--------move joint end--------- 
20260814-153420:864202728 RobotVDStateMag|INFO [RobotVDStateManagerhandler,348]:  mainSM send motion in progress event 
20260814-153420:864240408 RobotVDSM|INFO [ST_RobotVDMotionInProgressState,1766]: robot vd: motion in progress state  
20260814-153420:864265384 RobotVDSM|INFO [ST_RobotVDMotionInProgressState,1776]: move mode = 6 
20260814-153424:699325520 pre_read|INFO [RobotMotionStateBackToExecutionLayer,295]: receiver msg: state = 0, error id = 0  
20260814-153424:699361632 pre_read|INFO [RobotMotionStateBackToExecutionLayer,313]:  valid_num = 1, 
20260814-153424:699683680 pre_read|INFO [RobotMotionStateBackToExecutionLayer,356]:  send cmd finish event, cmd.packet_id is 25  
20260814-153424:699711328 pre_read|INFO [RobotMotionStateBackToExecutionLayer,368]:  valid_num left = 0,  
20260814-153424:700248640 RobotVDStateMag|INFO [RobotVDStateManagerhandler,415]:  mainSM to motion complete event 
20260814-153424:700284928 RobotVDSM|INFO [ST_RobotVDMotionCompleteState,2404]: robot vd: motion complete state  
20260814-153424:700336208 RobotVDSM|INFO [ST_RobotVDMotionCompleteState,2448]: robot vd: motion complete state     6  
20260814-153424:702184984 RobotVDStateMag|INFO [RobotVDStateManagerhandler,802]:  switch mainSM to ready  
20260814-153424:702222624 RobotVDSM|INFO [ST_RobotVDMotionReadyState,1562]: robot vd: motion ready state 
20260814-153424:702424104 RobotVDSM|INFO [ST_RobotVDMotionReadyState,1625]: robot vd: motion ready state end
20260814-153427:824377544 MacroMove|INFO [move_joint,122]: RTEMS--------move joint start----------- 
20260814-153427:824439192 LocationMag|INFO [PrintJointLocation,29]: MOVE point joint = -58.066000 -17.912000 39.583000 -72.514000 72.110000 -14.741000 -108.053000 
20260814-153427:824601720 RobotVDSM|INFO [ST_RobotVDMotionPrepareState,1664]: robot vd: motion prepare state 
20260814-153427:824628000 RobotVDSM|INFO [ST_RobotVDMotionPrepareState,1670]: move mode = 6  
20260814-153427:825194608 MacroMove|INFO [move_joint,219]: RTEMS--------move joint end--------- 
20260814-153427:825373960 profile|INFO [CalcMotionProfile,2817]: block ready run, id = 0  
20260814-153427:826156320 RobotVDStateMag|INFO [RobotVDStateManagerhandler,348]:  mainSM send motion in progress event 
20260814-153427:826196640 RobotVDSM|INFO [ST_RobotVDMotionInProgressState,1766]: robot vd: motion in progress state  
20260814-153427:826221704 RobotVDSM|INFO [ST_RobotVDMotionInProgressState,1776]: move mode = 6 
20260814-153430:979265008 pre_read|INFO [RobotMotionStateBackToExecutionLayer,295]: receiver msg: state = 0, error id = 0  
20260814-153430:979301760 pre_read|INFO [RobotMotionStateBackToExecutionLayer,313]:  valid_num = 1, 
20260814-153430:979615152 pre_read|INFO [RobotMotionStateBackToExecutionLayer,356]:  send cmd finish event, cmd.packet_id is 26  
20260814-153430:979643088 pre_read|INFO [RobotMotionStateBackToExecutionLayer,368]:  valid_num left = 0,  
20260814-153430:980168152 RobotVDStateMag|INFO [RobotVDStateManagerhandler,415]:  mainSM to motion complete event 
20260814-153430:980206648 RobotVDSM|INFO [ST_RobotVDMotionCompleteState,2404]: robot vd: motion complete state  
20260814-153430:980256480 RobotVDSM|INFO [ST_RobotVDMotionCompleteState,2448]: robot vd: motion complete state     6  
20260814-153430:982124704 RobotVDStateMag|INFO [RobotVDStateManagerhandler,802]:  switch mainSM to ready  
20260814-153430:982161912 RobotVDSM|INFO [ST_RobotVDMotionReadyState,1562]: robot vd: motion ready state 
20260814-153430:982364592 RobotVDSM|INFO [ST_RobotVDMotionReadyState,1625]: robot vd: motion ready state end
20260814-153434:107103768 MacroMove|INFO [move_joint,122]: RTEMS--------move joint start----------- 
20260814-153434:107166592 LocationMag|INFO [PrintJointLocation,29]: MOVE point joint = -60.004000 -10.844000 39.583000 -79.631000 77.329000 -17.839000 -112.181000 
20260814-153434:107320864 RobotVDSM|INFO [ST_RobotVDMotionPrepareState,1664]: robot vd: motion prepare state 
20260814-153434:107347128 RobotVDSM|INFO [ST_RobotVDMotionPrepareState,1670]: move mode = 6  
20260814-153434:107553648 profile|INFO [CalcMotionProfile,2817]: block ready run, id = 0  
20260814-153434:108080184 MacroMove|INFO [move_joint,219]: RTEMS--------move joint end--------- 
20260814-153434:108114432 RobotVDStateMag|INFO [RobotVDStateManagerhandler,348]:  mainSM send motion in progress event 
20260814-153434:108146008 RobotVDSM|INFO [ST_RobotVDMotionInProgressState,1766]: robot vd: motion in progress state  
20260814-153434:108169632 RobotVDSM|INFO [ST_RobotVDMotionInProgressState,1776]: move mode = 6 
20260814-153437:592409024 pre_read|INFO [RobotMotionStateBackToExecutionLayer,295]: receiver msg: state = 0, error id = 0  
20260814-153437:592445112 pre_read|INFO [RobotMotionStateBackToExecutionLayer,313]:  valid_num = 1, 
20260814-153437:593160248 pre_read|INFO [RobotMotionStateBackToExecutionLayer,356]:  send cmd finish event, cmd.packet_id is 27  
20260814-153437:593190752 pre_read|INFO [RobotMotionStateBackToExecutionLayer,368]:  valid_num left = 0,  
20260814-153437:594100352 RobotVDStateMag|INFO [RobotVDStateManagerhandler,415]:  mainSM to motion complete event 
20260814-153437:594139944 RobotVDSM|INFO [ST_RobotVDMotionCompleteState,2404]: robot vd: motion complete state  
20260814-153437:594192320 RobotVDSM|INFO [ST_RobotVDMotionCompleteState,2448]: robot vd: motion complete state     6  
20260814-153437:596067712 RobotVDStateMag|INFO [RobotVDStateManagerhandler,802]:  switch mainSM to ready  
20260814-153437:596104544 RobotVDSM|INFO [ST_RobotVDMotionReadyState,1562]: robot vd: motion ready state 
20260814-153437:596306648 RobotVDSM|INFO [ST_RobotVDMotionReadyState,1625]: robot vd: motion ready state end
20260814-153440:703033872 MacroMove|INFO [move_joint,122]: RTEMS--------move joint start----------- 
20260814-153440:703101344 LocationMag|INFO [PrintJointLocation,29]: MOVE point joint = -63.478000 -6.177000 37.959000 -82.929000 74.898000 -20.987000 -115.448000 
20260814-153440:703251848 RobotVDSM|INFO [ST_RobotVDMotionPrepareState,1664]: robot vd: motion prepare state 
20260814-153440:703279024 RobotVDSM|INFO [ST_RobotVDMotionPrepareState,1670]: move mode = 6  
20260814-153440:703487672 profile|INFO [CalcMotionProfile,2817]: block ready run, id = 0  
20260814-153440:703569488 MacroMove|INFO [move_joint,219]: RTEMS--------move joint end--------- 
20260814-153440:704035784 RobotVDStateMag|INFO [RobotVDStateManagerhandler,348]:  mainSM send motion in progress event 
20260814-153440:704070792 RobotVDSM|INFO [ST_RobotVDMotionInProgressState,1766]: robot vd: motion in progress state  
20260814-153440:704094408 RobotVDSM|INFO [ST_RobotVDMotionInProgressState,1776]: move mode = 6 
20260814-153443:732341664 pre_read|INFO [RobotMotionStateBackToExecutionLayer,295]: receiver msg: state = 0, error id = 0  
20260814-153443:732379248 pre_read|INFO [RobotMotionStateBackToExecutionLayer,313]:  valid_num = 1, 
20260814-153443:733099800 pre_read|INFO [RobotMotionStateBackToExecutionLayer,356]:  send cmd finish event, cmd.packet_id is 28  
20260814-153443:733131192 pre_read|INFO [RobotMotionStateBackToExecutionLayer,368]:  valid_num left = 0,  
20260814-153443:734033064 RobotVDStateMag|INFO [RobotVDStateManagerhandler,415]:  mainSM to motion complete event 
20260814-153443:734070864 RobotVDSM|INFO [ST_RobotVDMotionCompleteState,2404]: robot vd: motion complete state  
20260814-153443:734120328 RobotVDSM|INFO [ST_RobotVDMotionCompleteState,2448]: robot vd: motion complete state     6  
20260814-153443:736004440 RobotVDStateMag|INFO [RobotVDStateManagerhandler,802]:  switch mainSM to ready  
20260814-153443:736041440 RobotVDSM|INFO [ST_RobotVDMotionReadyState,1562]: robot vd: motion ready state 
20260814-153443:736243568 RobotVDSM|INFO [ST_RobotVDMotionReadyState,1625]: robot vd: motion ready state end
20260814-153446:828981632 MacroMove|INFO [move_joint,122]: RTEMS--------move joint start----------- 
20260814-153446:829041448 LocationMag|INFO [PrintJointLocation,29]: MOVE point joint = -67.058000 -2.953000 38.207000 -84.631000 70.367000 -21.962000 -118.614000 
20260814-153446:829201488 RobotVDSM|INFO [ST_RobotVDMotionPrepareState,1664]: robot vd: motion prepare state 
20260814-153446:829229280 RobotVDSM|INFO [ST_RobotVDMotionPrepareState,1670]: move mode = 6  
20260814-153446:829435088 profile|INFO [CalcMotionProfile,2817]: block ready run, id = 0  
20260814-153446:829978672 RobotVDStateMag|INFO [RobotVDStateManagerhandler,348]:  mainSM send motion in progress event  
20260814-153446:830267200 RobotVDSM|INFO [ST_RobotVDMotionInProgressState,1766]: robot vd: motion in progress state 
20260814-153446:830295352 RobotVDSM|INFO [ST_RobotVDMotionInProgressState,1776]: move mode = 6  
20260814-153446:830350992 MacroMove|INFO [move_joint,219]: RTEMS--------move joint end---------
20260814-153449:826346400 pre_read|INFO [RobotMotionStateBackToExecutionLayer,295]: receiver msg: state = 0, error id = 0  
20260814-153449:826383504 pre_read|INFO [RobotMotionStateBackToExecutionLayer,313]:  valid_num = 1, 
20260814-153449:827132400 pre_read|INFO [RobotMotionStateBackToExecutionLayer,356]:  send cmd finish event, cmd.packet_id is 29  
20260814-153449:827163624 pre_read|INFO [RobotMotionStateBackToExecutionLayer,368]:  valid_num left = 0,  
20260814-153449:828035248 RobotVDStateMag|INFO [RobotVDStateManagerhandler,415]:  mainSM to motion complete event 
20260814-153449:828072928 RobotVDSM|INFO [ST_RobotVDMotionCompleteState,2404]: robot vd: motion complete state  
20260814-153449:828121280 RobotVDSM|INFO [ST_RobotVDMotionCompleteState,2448]: robot vd: motion complete state     6  
20260814-153449:830007200 RobotVDStateMag|INFO [RobotVDStateManagerhandler,802]:  switch mainSM to ready  
20260814-153449:830045824 RobotVDSM|INFO [ST_RobotVDMotionReadyState,1562]: robot vd: motion ready state 
20260814-153449:830248112 RobotVDSM|INFO [ST_RobotVDMotionReadyState,1625]: robot vd: motion ready state end
20260814-153452:942899672 MacroMove|INFO [move_joint,122]: RTEMS--------move joint start----------- 
20260814-153452:942981328 LocationMag|INFO [PrintJointLocation,29]: MOVE point joint = -68.344000 -3.760000 54.967000 -84.631000 70.367000 -5.162000 -115.017000 
20260814-153452:943135352 RobotVDSM|INFO [ST_RobotVDMotionPrepareState,1664]: robot vd: motion prepare state 
20260814-153452:943162480 RobotVDSM|INFO [ST_RobotVDMotionPrepareState,1670]: move mode = 6  
20260814-153452:943348064 profile|INFO [CalcMotionProfile,2817]: block ready run, id = 0  
20260814-153452:943917920 MacroMove|INFO [move_joint,219]: RTEMS--------move joint end--------- 
20260814-153452:943984712 RobotVDStateMag|INFO [RobotVDStateManagerhandler,348]:  mainSM send motion in progress event 
20260814-153452:944016720 RobotVDSM|INFO [ST_RobotVDMotionInProgressState,1766]: robot vd: motion in progress state  
20260814-153452:944040120 RobotVDSM|INFO [ST_RobotVDMotionInProgressState,1776]: move mode = 6 
20260814-153457:580208320 pre_read|INFO [RobotMotionStateBackToExecutionLayer,295]: receiver msg: state = 0, error id = 0  
20260814-153457:580245728 pre_read|INFO [RobotMotionStateBackToExecutionLayer,313]:  valid_num = 1, 
20260814-153457:580972280 pre_read|INFO [RobotMotionStateBackToExecutionLayer,356]:  send cmd finish event, cmd.packet_id is 30  
20260814-153457:581002928 pre_read|INFO [RobotMotionStateBackToExecutionLayer,368]:  valid_num left = 0,  
20260814-153457:581965112 RobotVDStateMag|INFO [RobotVDStateManagerhandler,415]:  mainSM to motion complete event 
20260814-153457:582004032 RobotVDSM|INFO [ST_RobotVDMotionCompleteState,2404]: robot vd: motion complete state  
20260814-153457:582054120 RobotVDSM|INFO [ST_RobotVDMotionCompleteState,2448]: robot vd: motion complete state     6  
20260814-153457:583959472 RobotVDStateMag|INFO [RobotVDStateManagerhandler,802]:  switch mainSM to ready  
20260814-153457:583997760 RobotVDSM|INFO [ST_RobotVDMotionReadyState,1562]: robot vd: motion ready state 
20260814-153457:584199648 RobotVDSM|INFO [ST_RobotVDMotionReadyState,1625]: robot vd: motion ready state end
20260814-153500:710218800 MacroMove|INFO [move_joint,122]: RTEMS--------move joint start----------- 
20260814-153500:710277504 LocationMag|INFO [PrintJointLocation,29]: MOVE point joint = -71.156000 -4.962000 55.330000 -86.067000 70.367000 -7.126000 -111.923000 
20260814-153500:710812312 RobotVDSM|INFO [ST_RobotVDMotionPrepareState,1664]: robot vd: motion prepare state 
20260814-153500:710840448 RobotVDSM|INFO [ST_RobotVDMotionPrepareState,1670]: move mode = 6  
20260814-153500:711060392 profile|INFO [CalcMotionProfile,2817]: block ready run, id = 0  
20260814-153500:711146152 MacroMove|INFO [move_joint,219]: RTEMS--------move joint end--------- 
20260814-153500:711963200 RobotVDStateMag|INFO [RobotVDStateManagerhandler,348]:  mainSM send motion in progress event 
20260814-153500:712001912 RobotVDSM|INFO [ST_RobotVDMotionInProgressState,1766]: robot vd: motion in progress state  
20260814-153500:712025888 RobotVDSM|INFO [ST_RobotVDMotionInProgressState,1776]: move mode = 6 
20260814-153503:352172240 pre_read|INFO [RobotMotionStateBackToExecutionLayer,295]: receiver msg: state = 0, error id = 0  
20260814-153503:352207688 pre_read|INFO [RobotMotionStateBackToExecutionLayer,313]:  valid_num = 1, 
20260814-153503:352908424 pre_read|INFO [RobotMotionStateBackToExecutionLayer,356]:  send cmd finish event, cmd.packet_id is 31  
20260814-153503:352963880 pre_read|INFO [RobotMotionStateBackToExecutionLayer,368]:  valid_num left = 0,  
20260814-153503:353958520 RobotVDStateMag|INFO [RobotVDStateManagerhandler,415]:  mainSM to motion complete event 
20260814-153503:353997312 RobotVDSM|INFO [ST_RobotVDMotionCompleteState,2404]: robot vd: motion complete state  
20260814-153503:354045632 RobotVDSM|INFO [ST_RobotVDMotionCompleteState,2448]: robot vd: motion complete state     6  
20260814-153503:355952808 RobotVDStateMag|INFO [RobotVDStateManagerhandler,802]:  switch mainSM to ready  
20260814-153503:355990032 RobotVDSM|INFO [ST_RobotVDMotionReadyState,1562]: robot vd: motion ready state 
20260814-153503:356191488 RobotVDSM|INFO [ST_RobotVDMotionReadyState,1625]: robot vd: motion ready state end
20260814-153510:321909768 MacroMove|INFO [move_joint,122]: RTEMS--------move joint start----------- 
20260814-153510:322205128 LocationMag|INFO [PrintJointLocation,29]: MOVE point joint = -65.970000 2.403000 55.330000 -89.812000 75.795000 -5.260000 -107.889000 
20260814-153510:322361392 RobotVDSM|INFO [ST_RobotVDMotionPrepareState,1664]: robot vd: motion prepare state 
20260814-153510:322388120 RobotVDSM|INFO [ST_RobotVDMotionPrepareState,1670]: move mode = 6  
20260814-153510:323062928 profile|INFO [CalcMotionProfile,2817]: block ready run, id = 0  
20260814-153510:323097168 MacroMove|INFO [move_joint,219]: RTEMS--------move joint end--------- 
20260814-153510:323953128 RobotVDStateMag|INFO [RobotVDStateManagerhandler,348]:  mainSM send motion in progress event 
20260814-153510:323991600 RobotVDSM|INFO [ST_RobotVDMotionInProgressState,1766]: robot vd: motion in progress state  
20260814-153510:324015832 RobotVDSM|INFO [ST_RobotVDMotionInProgressState,1776]: move mode = 6 
20260814-153513:848873408 pre_read|INFO [RobotMotionStateBackToExecutionLayer,295]: receiver msg: state = 0, error id = 0  
20260814-153513:848908632 pre_read|INFO [RobotMotionStateBackToExecutionLayer,313]:  valid_num = 1, 
20260814-153513:849835192 pre_read|INFO [RobotMotionStateBackToExecutionLayer,356]:  send cmd finish event, cmd.packet_id is 32  
20260814-153513:849865992 pre_read|INFO [RobotMotionStateBackToExecutionLayer,368]:  valid_num left = 0,  
20260814-153513:849942504 RobotVDStateMag|INFO [RobotVDStateManagerhandler,415]:  mainSM to motion complete event 
20260814-153513:849975664 RobotVDSM|INFO [ST_RobotVDMotionCompleteState,2404]: robot vd: motion complete state  
20260814-153513:850019920 RobotVDSM|INFO [ST_RobotVDMotionCompleteState,2448]: robot vd: motion complete state     6  
20260814-153513:851941384 RobotVDStateMag|INFO [RobotVDStateManagerhandler,802]:  switch mainSM to ready  
20260814-153513:851981400 RobotVDSM|INFO [ST_RobotVDMotionReadyState,1562]: robot vd: motion ready state 
20260814-153513:852187088 RobotVDSM|INFO [ST_RobotVDMotionReadyState,1625]: robot vd: motion ready state end
20260814-153518:905663104 MacroMove|INFO [move_joint,122]: RTEMS--------move joint start----------- 
20260814-153518:905723120 LocationMag|INFO [PrintJointLocation,29]: MOVE point joint = -63.912000 3.174000 56.378000 -90.485000 83.736000 -4.068000 -102.954000 
20260814-153518:905877432 RobotVDSM|INFO [ST_RobotVDMotionPrepareState,1664]: robot vd: motion prepare state 
20260814-153518:905905280 RobotVDSM|INFO [ST_RobotVDMotionPrepareState,1670]: move mode = 6  
20260814-153518:906142832 profile|INFO [CalcMotionProfile,2817]: block ready run, id = 0  
20260814-153518:906676288 MacroMove|INFO [move_joint,219]: RTEMS--------move joint end--------- 
20260814-153518:907937272 RobotVDStateMag|INFO [RobotVDStateManagerhandler,348]:  mainSM send motion in progress event 
20260814-153518:907974472 RobotVDSM|INFO [ST_RobotVDMotionInProgressState,1766]: robot vd: motion in progress state  
20260814-153518:907999832 RobotVDSM|INFO [ST_RobotVDMotionInProgressState,1776]: move mode = 6 
20260814-153522:519768768 pre_read|INFO [RobotMotionStateBackToExecutionLayer,295]: receiver msg: state = 0, error id = 0  
20260814-153522:519804600 pre_read|INFO [RobotMotionStateBackToExecutionLayer,313]:  valid_num = 1, 
20260814-153522:520124112 pre_read|INFO [RobotMotionStateBackToExecutionLayer,356]:  send cmd finish event, cmd.packet_id is 33  
20260814-153522:520154472 pre_read|INFO [RobotMotionStateBackToExecutionLayer,368]:  valid_num left = 0,  
20260814-153522:520945744 RobotVDStateMag|INFO [RobotVDStateManagerhandler,415]:  mainSM to motion complete event 
20260814-153522:520984584 RobotVDSM|INFO [ST_RobotVDMotionCompleteState,2404]: robot vd: motion complete state  
20260814-153522:521032432 RobotVDSM|INFO [ST_RobotVDMotionCompleteState,2448]: robot vd: motion complete state     6  
20260814-153522:522936784 RobotVDStateMag|INFO [RobotVDStateManagerhandler,802]:  switch mainSM to ready  
20260814-153522:522975152 RobotVDSM|INFO [ST_RobotVDMotionReadyState,1562]: robot vd: motion ready state 
20260814-153522:523176200 RobotVDSM|INFO [ST_RobotVDMotionReadyState,1625]: robot vd: motion ready state end
20260814-153525:667605808 MacroMove|INFO [move_joint,122]: RTEMS--------move joint start----------- 
20260814-153525:667666064 LocationMag|INFO [PrintJointLocation,29]: MOVE point joint = -57.385000 4.104000 56.652000 -90.485000 84.700000 5.392000 -99.910000 
20260814-153525:667819312 RobotVDSM|INFO [ST_RobotVDMotionPrepareState,1664]: robot vd: motion prepare state 
20260814-153525:667845072 RobotVDSM|INFO [ST_RobotVDMotionPrepareState,1670]: move mode = 6  
20260814-153525:668061680 profile|INFO [CalcMotionProfile,2817]: block ready run, id = 0  
20260814-153525:668166912 MacroMove|INFO [move_joint,219]: RTEMS--------move joint end--------- 
20260814-153525:668938488 RobotVDStateMag|INFO [RobotVDStateManagerhandler,348]:  mainSM send motion in progress event 
20260814-153525:668975040 RobotVDSM|INFO [ST_RobotVDMotionInProgressState,1766]: robot vd: motion in progress state  
20260814-153525:668999264 RobotVDSM|INFO [ST_RobotVDMotionInProgressState,1776]: move mode = 6 
20260814-153529:496690208 pre_read|INFO [RobotMotionStateBackToExecutionLayer,295]: receiver msg: state = 0, error id = 0  
20260814-153529:496726552 pre_read|INFO [RobotMotionStateBackToExecutionLayer,313]:  valid_num = 1, 
20260814-153529:496931392 RobotVDStateMag|INFO [RobotVDStateManagerhandler,415]:  mainSM to motion complete event  
20260814-153529:496964464 RobotVDSM|INFO [ST_RobotVDMotionCompleteState,2404]: robot vd: motion complete state  
20260814-153529:497771504 RobotVDSM|INFO [ST_RobotVDMotionCompleteState,2448]: robot vd: motion complete state     6 
20260814-153529:497809768 pre_read|INFO [RobotMotionStateBackToExecutionLayer,356]:  send cmd finish event, cmd.packet_id is 34  
20260814-153529:497834440 pre_read|INFO [RobotMotionStateBackToExecutionLayer,368]:  valid_num left = 0,  
20260814-153529:498932688 RobotVDStateMag|INFO [RobotVDStateManagerhandler,802]:  switch mainSM to ready  
20260814-153529:498972680 RobotVDSM|INFO [ST_RobotVDMotionReadyState,1562]: robot vd: motion ready state 
20260814-153529:499616024 RobotVDSM|INFO [ST_RobotVDMotionReadyState,1625]: robot vd: motion ready state end
20260814-153534:519881680 MacroMove|INFO [move_joint,122]: RTEMS--------move joint start----------- 
20260814-153534:519971520 LocationMag|INFO [PrintJointLocation,29]: MOVE point joint = -54.884000 -1.582000 55.911000 -90.343000 81.118000 10.042000 -96.435000 
20260814-153534:520510584 RobotVDSM|INFO [ST_RobotVDMotionPrepareState,1664]: robot vd: motion prepare state 
20260814-153534:520540072 RobotVDSM|INFO [ST_RobotVDMotionPrepareState,1670]: move mode = 6  
20260814-153534:520745848 profile|INFO [CalcMotionProfile,2817]: block ready run, id = 0  
20260814-153534:520832784 MacroMove|INFO [move_joint,219]: RTEMS--------move joint end--------- 
20260814-153534:521931264 RobotVDStateMag|INFO [RobotVDStateManagerhandler,348]:  mainSM send motion in progress event 
20260814-153534:521970608 RobotVDSM|INFO [ST_RobotVDMotionInProgressState,1766]: robot vd: motion in progress state  
20260814-153534:521995672 RobotVDSM|INFO [ST_RobotVDMotionInProgressState,1776]: move mode = 6 
20260814-153537:755682480 pre_read|INFO [RobotMotionStateBackToExecutionLayer,295]: receiver msg: state = 0, error id = 0  
20260814-153537:755718800 pre_read|INFO [RobotMotionStateBackToExecutionLayer,313]:  valid_num = 1, 
20260814-153537:755919400 RobotVDStateMag|INFO [RobotVDStateManagerhandler,415]:  mainSM to motion complete event  
20260814-153537:755957008 RobotVDSM|INFO [ST_RobotVDMotionCompleteState,2404]: robot vd: motion complete state  
20260814-153537:756531264 pre_read|INFO [RobotMotionStateBackToExecutionLayer,356]:  send cmd finish event, cmd.packet_id is 35 
20260814-153537:756565624 pre_read|INFO [RobotMotionStateBackToExecutionLayer,368]:  valid_num left = 0,  
20260814-153537:756629232 RobotVDSM|INFO [ST_RobotVDMotionCompleteState,2448]: robot vd: motion complete state     6  
20260814-153537:757912648 RobotVDStateMag|INFO [RobotVDStateManagerhandler,802]:  switch mainSM to ready  
20260814-153537:757950368 RobotVDSM|INFO [ST_RobotVDMotionReadyState,1562]: robot vd: motion ready state 
20260814-153537:758597160 RobotVDSM|INFO [ST_RobotVDMotionReadyState,1625]: robot vd: motion ready state end
20260814-153542:824270288 MacroMove|INFO [move_joint,122]: RTEMS--------move joint start----------- 
20260814-153542:824331560 LocationMag|INFO [PrintJointLocation,29]: MOVE point joint = -48.186000 -2.827000 54.440000 -89.508000 78.669000 13.931000 -92.848000 
20260814-153542:824488912 RobotVDSM|INFO [ST_RobotVDMotionPrepareState,1664]: robot vd: motion prepare state 
20260814-153542:824515200 RobotVDSM|INFO [ST_RobotVDMotionPrepareState,1670]: move mode = 6  
20260814-153542:824722680 profile|INFO [CalcMotionProfile,2817]: block ready run, id = 0  
20260814-153542:824806184 MacroMove|INFO [move_joint,219]: RTEMS--------move joint end--------- 
20260814-153542:825322400 RobotVDStateMag|INFO [RobotVDStateManagerhandler,348]:  mainSM send motion in progress event 
20260814-153542:825369192 RobotVDSM|INFO [ST_RobotVDMotionInProgressState,1766]: robot vd: motion in progress state  
20260814-153542:825394328 RobotVDSM|INFO [ST_RobotVDMotionInProgressState,1776]: move mode = 6 
20260814-153546:239681328 pre_read|INFO [RobotMotionStateBackToExecutionLayer,295]: receiver msg: state = 0, error id = 0  
20260814-153546:239717584 pre_read|INFO [RobotMotionStateBackToExecutionLayer,313]:  valid_num = 1, 
20260814-153546:240510352 pre_read|INFO [RobotMotionStateBackToExecutionLayer,356]:  send cmd finish event, cmd.packet_id is 36  
20260814-153546:240540552 pre_read|INFO [RobotMotionStateBackToExecutionLayer,368]:  valid_num left = 0,  
20260814-153546:240919672 RobotVDStateMag|INFO [RobotVDStateManagerhandler,415]:  mainSM to motion complete event 
20260814-153546:240956528 RobotVDSM|INFO [ST_RobotVDMotionCompleteState,2404]: robot vd: motion complete state  
20260814-153546:241446888 RobotVDSM|INFO [ST_RobotVDMotionCompleteState,2448]: robot vd: motion complete state     6  
20260814-153546:242912248 RobotVDStateMag|INFO [RobotVDStateManagerhandler,802]:  switch mainSM to ready  
20260814-153546:242952320 RobotVDSM|INFO [ST_RobotVDMotionReadyState,1562]: robot vd: motion ready state 
20260814-153546:243591984 RobotVDSM|INFO [ST_RobotVDMotionReadyState,1625]: robot vd: motion ready state end
20260814-153551:274708368 MacroMove|INFO [move_joint,122]: RTEMS--------move joint start----------- 
20260814-153551:274773584 LocationMag|INFO [PrintJointLocation,29]: MOVE point joint = -46.869000 -5.222000 53.547000 -89.507000 77.752000 16.499000 -89.354000 
20260814-153551:275540184 RobotVDSM|INFO [ST_RobotVDMotionPrepareState,1664]: robot vd: motion prepare state 
20260814-153551:275569960 RobotVDSM|INFO [ST_RobotVDMotionPrepareState,1670]: move mode = 6  
20260814-153551:275778600 profile|INFO [CalcMotionProfile,2817]: block ready run, id = 0  
20260814-153551:275863768 MacroMove|INFO [move_joint,219]: RTEMS--------move joint end--------- 
20260814-153551:275911448 RobotVDStateMag|INFO [RobotVDStateManagerhandler,348]:  mainSM send motion in progress event 
20260814-153551:275941088 RobotVDSM|INFO [ST_RobotVDMotionInProgressState,1766]: robot vd: motion in progress state  
20260814-153551:276376272 RobotVDSM|INFO [ST_RobotVDMotionInProgressState,1776]: move mode = 6 
20260814-153554:030491248 pre_read|INFO [RobotMotionStateBackToExecutionLayer,295]: receiver msg: state = 0, error id = 0  
20260814-153554:030524952 pre_read|INFO [RobotMotionStateBackToExecutionLayer,313]:  valid_num = 1, 
20260814-153554:031634168 pre_read|INFO [RobotMotionStateBackToExecutionLayer,356]:  send cmd finish event, cmd.packet_id is 37  
20260814-153554:031664064 pre_read|INFO [RobotMotionStateBackToExecutionLayer,368]:  valid_num left = 0,  
20260814-153554:031903168 RobotVDStateMag|INFO [RobotVDStateManagerhandler,415]:  mainSM to motion complete event 
20260814-153554:032383720 RobotVDSM|INFO [ST_RobotVDMotionCompleteState,2404]: robot vd: motion complete state  
20260814-153554:032435992 RobotVDSM|INFO [ST_RobotVDMotionCompleteState,2448]: robot vd: motion complete state     6  
20260814-153554:033896592 RobotVDStateMag|INFO [RobotVDStateManagerhandler,802]:  switch mainSM to ready  
20260814-153554:034397344 RobotVDSM|INFO [ST_RobotVDMotionReadyState,1562]: robot vd: motion ready state 
20260814-153554:034597992 RobotVDSM|INFO [ST_RobotVDMotionReadyState,1625]: robot vd: motion ready state end
20260814-153557:154439760 MacroMove|INFO [move_joint,122]: RTEMS--------move joint start----------- 
20260814-153557:154505424 LocationMag|INFO [PrintJointLocation,29]: MOVE point joint = -45.163000 -8.544000 53.547000 -87.680000 72.933000 17.995000 -82.463000 
20260814-153557:154657880 RobotVDSM|INFO [ST_RobotVDMotionPrepareState,1664]: robot vd: motion prepare state 
20260814-153557:154684112 RobotVDSM|INFO [ST_RobotVDMotionPrepareState,1670]: move mode = 6  
20260814-153557:154841472 profile|INFO [CalcMotionProfile,2817]: block ready run, id = 0  
20260814-153557:155575368 MacroMove|INFO [move_joint,219]: RTEMS--------move joint end--------- 
20260814-153557:156306888 RobotVDStateMag|INFO [RobotVDStateManagerhandler,348]:  mainSM send motion in progress event 
20260814-153557:156347368 RobotVDSM|INFO [ST_RobotVDMotionInProgressState,1766]: robot vd: motion in progress state  
20260814-153557:156372168 RobotVDSM|INFO [ST_RobotVDMotionInProgressState,1776]: move mode = 6 
20260814-153600:602442032 pre_read|INFO [RobotMotionStateBackToExecutionLayer,295]: receiver msg: state = 0, error id = 0  
20260814-153600:602477592 pre_read|INFO [RobotMotionStateBackToExecutionLayer,313]:  valid_num = 1, 
20260814-153600:602780688 pre_read|INFO [RobotMotionStateBackToExecutionLayer,356]:  send cmd finish event, cmd.packet_id is 38  
20260814-153600:602809464 pre_read|INFO [RobotMotionStateBackToExecutionLayer,368]:  valid_num left = 0,  
20260814-153600:603350704 RobotVDStateMag|INFO [RobotVDStateManagerhandler,415]:  mainSM to motion complete event 
20260814-153600:603387960 RobotVDSM|INFO [ST_RobotVDMotionCompleteState,2404]: robot vd: motion complete state  
20260814-153600:603435600 RobotVDSM|INFO [ST_RobotVDMotionCompleteState,2448]: robot vd: motion complete state     6  
20260814-153600:605295512 RobotVDStateMag|INFO [RobotVDStateManagerhandler,802]:  switch mainSM to ready  
20260814-153600:605332624 RobotVDSM|INFO [ST_RobotVDMotionReadyState,1562]: robot vd: motion ready state 
20260814-153600:605533312 RobotVDSM|INFO [ST_RobotVDMotionReadyState,1625]: robot vd: motion ready state end
20260814-153603:716332568 MacroMove|INFO [move_joint,122]: RTEMS--------move joint start----------- 
20260814-153603:716393432 LocationMag|INFO [PrintJointLocation,29]: MOVE point joint = -41.632000 -10.607000 50.773000 -84.760000 72.366000 19.263000 -77.372000 
20260814-153603:716544208 RobotVDSM|INFO [ST_RobotVDMotionPrepareState,1664]: robot vd: motion prepare state 
20260814-153603:716570448 RobotVDSM|INFO [ST_RobotVDMotionPrepareState,1670]: move mode = 6  
20260814-153603:716776048 profile|INFO [CalcMotionProfile,2817]: block ready run, id = 0  
20260814-153603:716852432 MacroMove|INFO [move_joint,219]: RTEMS--------move joint end--------- 
20260814-153603:717311760 RobotVDStateMag|INFO [RobotVDStateManagerhandler,348]:  mainSM send motion in progress event 
20260814-153603:717344440 RobotVDSM|INFO [ST_RobotVDMotionInProgressState,1766]: robot vd: motion in progress state  
20260814-153603:717368104 RobotVDSM|INFO [ST_RobotVDMotionInProgressState,1776]: move mode = 6 
20260814-153606:834452264 pre_read|INFO [RobotMotionStateBackToExecutionLayer,295]: receiver msg: state = 0, error id = 0  
20260814-153606:834487848 pre_read|INFO [RobotMotionStateBackToExecutionLayer,313]:  valid_num = 1, 
20260814-153606:835352984 RobotVDStateMag|INFO [RobotVDStateManagerhandler,415]:  mainSM to motion complete event  
20260814-153606:835391048 RobotVDSM|INFO [ST_RobotVDMotionCompleteState,2404]: robot vd: motion complete state  
20260814-153606:835439640 RobotVDSM|INFO [ST_RobotVDMotionCompleteState,2448]: robot vd: motion complete state     6 
20260814-153606:835737120 pre_read|INFO [RobotMotionStateBackToExecutionLayer,356]:  send cmd finish event, cmd.packet_id is 39  
20260814-153606:835765288 pre_read|INFO [RobotMotionStateBackToExecutionLayer,368]:  valid_num left = 0,  
20260814-153606:837312400 RobotVDStateMag|INFO [RobotVDStateManagerhandler,802]:  switch mainSM to ready  
20260814-153606:837349912 RobotVDSM|INFO [ST_RobotVDMotionReadyState,1562]: robot vd: motion ready state 
20260814-153606:837546184 RobotVDSM|INFO [ST_RobotVDMotionReadyState,1625]: robot vd: motion ready state end
20260814-153609:986833112 MacroMove|INFO [move_joint,122]: RTEMS--------move joint start----------- 
20260814-153609:987497912 LocationMag|INFO [PrintJointLocation,29]: MOVE point joint = -36.387000 -13.703000 48.445000 -83.658000 67.723000 19.263000 -73.705000 
20260814-153609:987656240 RobotVDSM|INFO [ST_RobotVDMotionPrepareState,1664]: robot vd: motion prepare state 
20260814-153609:987683864 RobotVDSM|INFO [ST_RobotVDMotionPrepareState,1670]: move mode = 6  
20260814-153609:988337080 MacroMove|INFO [move_joint,219]: RTEMS--------move joint end--------- 
20260814-153609:988419024 profile|INFO [CalcMotionProfile,2817]: block ready run, id = 0  
20260814-153609:989294832 RobotVDStateMag|INFO [RobotVDStateManagerhandler,348]:  mainSM send motion in progress event 
20260814-153609:989332864 RobotVDSM|INFO [ST_RobotVDMotionInProgressState,1766]: robot vd: motion in progress state  
20260814-153609:989357504 RobotVDSM|INFO [ST_RobotVDMotionInProgressState,1776]: move mode = 6 
20260814-153613:141445080 pre_read|INFO [RobotMotionStateBackToExecutionLayer,295]: receiver msg: state = 0, error id = 0  
20260814-153613:141478768 pre_read|INFO [RobotMotionStateBackToExecutionLayer,313]:  valid_num = 1, 
20260814-153613:141785864 pre_read|INFO [RobotMotionStateBackToExecutionLayer,356]:  send cmd finish event, cmd.packet_id is 40  
20260814-153613:141813472 pre_read|INFO [RobotMotionStateBackToExecutionLayer,368]:  valid_num left = 0,  
20260814-153613:142347064 RobotVDStateMag|INFO [RobotVDStateManagerhandler,415]:  mainSM to motion complete event 
20260814-153613:142385912 RobotVDSM|INFO [ST_RobotVDMotionCompleteState,2404]: robot vd: motion complete state  
20260814-153613:142432040 RobotVDSM|INFO [ST_RobotVDMotionCompleteState,2448]: robot vd: motion complete state     6  
20260814-153613:144303792 RobotVDStateMag|INFO [RobotVDStateManagerhandler,802]:  switch mainSM to ready  
20260814-153613:144340008 RobotVDSM|INFO [ST_RobotVDMotionReadyState,1562]: robot vd: motion ready state 
20260814-153613:144536008 RobotVDSM|INFO [ST_RobotVDMotionReadyState,1625]: robot vd: motion ready state end
20260814-153618:179798560 MacroMove|INFO [move_joint,122]: RTEMS--------move joint start----------- 
20260814-153618:180459912 LocationMag|INFO [PrintJointLocation,29]: MOVE point joint = -34.029000 -15.485000 47.258000 -82.763000 61.141000 18.899000 -69.664000 
20260814-153618:180618224 RobotVDSM|INFO [ST_RobotVDMotionPrepareState,1664]: robot vd: motion prepare state 
20260814-153618:180644904 RobotVDSM|INFO [ST_RobotVDMotionPrepareState,1670]: move mode = 6  
20260814-153618:181331248 profile|INFO [CalcMotionProfile,2817]: block ready run, id = 0  
20260814-153618:181364792 MacroMove|INFO [move_joint,219]: RTEMS--------move joint end--------- 
20260814-153618:182276160 RobotVDStateMag|INFO [RobotVDStateManagerhandler,348]:  mainSM send motion in progress event 
20260814-153618:182314448 RobotVDSM|INFO [ST_RobotVDMotionInProgressState,1766]: robot vd: motion in progress state  
20260814-153618:182338144 RobotVDSM|INFO [ST_RobotVDMotionInProgressState,1776]: move mode = 6 
20260814-153621:578430872 pre_read|INFO [RobotMotionStateBackToExecutionLayer,295]: receiver msg: state = 0, error id = 0  
20260814-153621:578466120 pre_read|INFO [RobotMotionStateBackToExecutionLayer,313]:  valid_num = 1, 
20260814-153621:578838808 pre_read|INFO [RobotMotionStateBackToExecutionLayer,356]:  send cmd finish event, cmd.packet_id is 41  
20260814-153621:579367784 RobotVDStateMag|INFO [RobotVDStateManagerhandler,415]:  mainSM to motion complete event  
20260814-153621:579403888 RobotVDSM|INFO [ST_RobotVDMotionCompleteState,2404]: robot vd: motion complete state 
20260814-153621:579450960 RobotVDSM|INFO [ST_RobotVDMotionCompleteState,2448]: robot vd: motion complete state     6  
20260814-153621:579737288 pre_read|INFO [RobotMotionStateBackToExecutionLayer,368]:  valid_num left = 0,  
20260814-153621:581301040 RobotVDStateMag|INFO [RobotVDStateManagerhandler,802]:  switch mainSM to ready  
20260814-153621:581338080 RobotVDSM|INFO [ST_RobotVDMotionReadyState,1562]: robot vd: motion ready state 
20260814-153621:581537200 RobotVDSM|INFO [ST_RobotVDMotionReadyState,1625]: robot vd: motion ready state end
20260814-153624:707287824 MacroMove|INFO [move_joint,122]: RTEMS--------move joint start----------- 
20260814-153624:707350272 LocationMag|INFO [PrintJointLocation,29]: MOVE point joint = -31.460000 -16.535000 46.240000 -83.061000 57.494000 23.047000 -64.998000 
20260814-153624:707504312 RobotVDSM|INFO [ST_RobotVDMotionPrepareState,1664]: robot vd: motion prepare state 
20260814-153624:707530720 RobotVDSM|INFO [ST_RobotVDMotionPrepareState,1670]: move mode = 6  
20260814-153624:708114552 MacroMove|INFO [move_joint,219]: RTEMS--------move joint end--------- 
20260814-153624:708294768 profile|INFO [CalcMotionProfile,2817]: block ready run, id = 0  
20260814-153624:709064280 RobotVDStateMag|INFO [RobotVDStateManagerhandler,348]:  mainSM send motion in progress event 
20260814-153624:709102480 RobotVDSM|INFO [ST_RobotVDMotionInProgressState,1766]: robot vd: motion in progress state  
20260814-153624:709126584 RobotVDSM|INFO [ST_RobotVDMotionInProgressState,1776]: move mode = 6 
20260814-153627:737407832 pre_read|INFO [RobotMotionStateBackToExecutionLayer,295]: receiver msg: state = 0, error id = 0  
20260814-153627:737445032 pre_read|INFO [RobotMotionStateBackToExecutionLayer,313]:  valid_num = 1, 
20260814-153627:738167624 pre_read|INFO [RobotMotionStateBackToExecutionLayer,356]:  send cmd finish event, cmd.packet_id is 42  
20260814-153627:738198680 pre_read|INFO [RobotMotionStateBackToExecutionLayer,368]:  valid_num left = 0,  
20260814-153627:739081568 RobotVDStateMag|INFO [RobotVDStateManagerhandler,415]:  mainSM to motion complete event 
20260814-153627:739118944 RobotVDSM|INFO [ST_RobotVDMotionCompleteState,2404]: robot vd: motion complete state  
20260814-153627:739171064 RobotVDSM|INFO [ST_RobotVDMotionCompleteState,2448]: robot vd: motion complete state     6  
20260814-153627:741054584 RobotVDStateMag|INFO [RobotVDStateManagerhandler,802]:  switch mainSM to ready  
20260814-153627:741092440 RobotVDSM|INFO [ST_RobotVDMotionReadyState,1562]: robot vd: motion ready state 
20260814-153627:741291224 RobotVDSM|INFO [ST_RobotVDMotionReadyState,1625]: robot vd: motion ready state end
20260814-153630:890337520 MacroMove|INFO [move_joint,122]: RTEMS--------move joint start----------- 
20260814-153630:890404008 LocationMag|INFO [PrintJointLocation,29]: MOVE point joint = -29.987000 -18.366000 44.276000 -82.358000 57.000000 24.374000 -61.550000 
20260814-153630:890556480 RobotVDSM|INFO [ST_RobotVDMotionPrepareState,1664]: robot vd: motion prepare state 
20260814-153630:891202624 RobotVDSM|INFO [ST_RobotVDMotionPrepareState,1670]: move mode = 6  
20260814-153630:891418160 profile|INFO [CalcMotionProfile,2817]: block ready run, id = 0  
20260814-153630:891503584 MacroMove|INFO [move_joint,219]: RTEMS--------move joint end--------- 
20260814-153630:893005560 RobotVDStateMag|INFO [RobotVDStateManagerhandler,348]:  mainSM send motion in progress event 
20260814-153630:893043520 RobotVDSM|INFO [ST_RobotVDMotionInProgressState,1766]: robot vd: motion in progress state  
20260814-153630:893068472 RobotVDSM|INFO [ST_RobotVDMotionInProgressState,1776]: move mode = 6 
20260814-153633:632152352 pre_read|INFO [RobotMotionStateBackToExecutionLayer,295]: receiver msg: state = 0, error id = 0  
20260814-153633:632188920 pre_read|INFO [RobotMotionStateBackToExecutionLayer,313]:  valid_num = 1, 
20260814-153633:632504608 pre_read|INFO [RobotMotionStateBackToExecutionLayer,356]:  send cmd finish event, cmd.packet_id is 43  
20260814-153633:632534000 pre_read|INFO [RobotMotionStateBackToExecutionLayer,368]:  valid_num left = 0,  
20260814-153633:633060472 RobotVDStateMag|INFO [RobotVDStateManagerhandler,415]:  mainSM to motion complete event 
20260814-153633:633098640 RobotVDSM|INFO [ST_RobotVDMotionCompleteState,2404]: robot vd: motion complete state  
20260814-153633:633148272 RobotVDSM|INFO [ST_RobotVDMotionCompleteState,2448]: robot vd: motion complete state     6  
20260814-153633:635022760 RobotVDStateMag|INFO [RobotVDStateManagerhandler,802]:  switch mainSM to ready  
20260814-153633:635060744 RobotVDSM|INFO [ST_RobotVDMotionReadyState,1562]: robot vd: motion ready state 
20260814-153633:635260392 RobotVDSM|INFO [ST_RobotVDMotionReadyState,1625]: robot vd: motion ready state end
20260814-153638:691114240 MacroMove|INFO [move_joint,122]: RTEMS--------move joint start----------- 
20260814-153638:691174520 LocationMag|INFO [PrintJointLocation,29]: MOVE point joint = -26.228000 -19.733000 42.333000 -82.810000 55.436000 26.280000 -58.955000 
20260814-153638:691328200 RobotVDSM|INFO [ST_RobotVDMotionPrepareState,1664]: robot vd: motion prepare state 
20260814-153638:691355800 RobotVDSM|INFO [ST_RobotVDMotionPrepareState,1670]: move mode = 6  
20260814-153638:692000720 MacroMove|INFO [move_joint,219]: RTEMS--------move joint end--------- 
20260814-153638:692133368 profile|INFO [CalcMotionProfile,2817]: block ready run, id = 0  
20260814-153638:693922472 RobotVDStateMag|INFO [RobotVDStateManagerhandler,348]:  mainSM send motion in progress event 
20260814-153638:693960888 RobotVDSM|INFO [ST_RobotVDMotionInProgressState,1766]: robot vd: motion in progress state  
20260814-153638:693984920 RobotVDSM|INFO [ST_RobotVDMotionInProgressState,1776]: move mode = 6 
20260814-153641:510094512 pre_read|INFO [RobotMotionStateBackToExecutionLayer,295]: receiver msg: state = 0, error id = 0  
20260814-153641:510130088 pre_read|INFO [RobotMotionStateBackToExecutionLayer,313]:  valid_num = 1, 
20260814-153641:511209904 pre_read|INFO [RobotMotionStateBackToExecutionLayer,356]:  send cmd finish event, cmd.packet_id is 44  
20260814-153641:511273552 pre_read|INFO [RobotMotionStateBackToExecutionLayer,368]:  valid_num left = 0,  
20260814-153641:511960720 RobotVDStateMag|INFO [RobotVDStateManagerhandler,415]:  mainSM to motion complete event 
20260814-153641:511999032 RobotVDSM|INFO [ST_RobotVDMotionCompleteState,2404]: robot vd: motion complete state  
20260814-153641:512049160 RobotVDSM|INFO [ST_RobotVDMotionCompleteState,2448]: robot vd: motion complete state     6  
20260814-153641:513953112 RobotVDStateMag|INFO [RobotVDStateManagerhandler,802]:  switch mainSM to ready  
20260814-153641:513991480 RobotVDSM|INFO [ST_RobotVDMotionReadyState,1562]: robot vd: motion ready state 
20260814-153641:514191664 RobotVDSM|INFO [ST_RobotVDMotionReadyState,1625]: robot vd: motion ready state end
20260814-153644:637233832 MacroMove|INFO [move_joint,122]: RTEMS--------move joint start----------- 
20260814-153644:637302712 LocationMag|INFO [PrintJointLocation,29]: MOVE point joint = -23.849000 -21.091000 41.397000 -81.979000 52.867000 27.826000 -54.598000 
20260814-153644:637456128 RobotVDSM|INFO [ST_RobotVDMotionPrepareState,1664]: robot vd: motion prepare state 
20260814-153644:637898064 RobotVDSM|INFO [ST_RobotVDMotionPrepareState,1670]: move mode = 6  
20260814-153644:638105984 profile|INFO [CalcMotionProfile,2817]: block ready run, id = 0  
20260814-153644:638191592 MacroMove|INFO [move_joint,219]: RTEMS--------move joint end--------- 
20260814-153644:639879088 RobotVDStateMag|INFO [RobotVDStateManagerhandler,348]:  mainSM send motion in progress event 
20260814-153644:639918072 RobotVDSM|INFO [ST_RobotVDMotionInProgressState,1766]: robot vd: motion in progress state  
20260814-153644:639942320 RobotVDSM|INFO [ST_RobotVDMotionInProgressState,1776]: move mode = 6 
20260814-153647:596030640 pre_read|INFO [RobotMotionStateBackToExecutionLayer,295]: receiver msg: state = 0, error id = 0  
20260814-153647:596067072 pre_read|INFO [RobotMotionStateBackToExecutionLayer,313]:  valid_num = 1, 
20260814-153647:596376000 pre_read|INFO [RobotMotionStateBackToExecutionLayer,356]:  send cmd finish event, cmd.packet_id is 45  
20260814-153647:596404432 pre_read|INFO [RobotMotionStateBackToExecutionLayer,368]:  valid_num left = 0,  
20260814-153647:597926392 RobotVDStateMag|INFO [RobotVDStateManagerhandler,415]:  mainSM to motion complete event 
20260814-153647:597967960 RobotVDSM|INFO [ST_RobotVDMotionCompleteState,2404]: robot vd: motion complete state  
20260814-153647:598020872 RobotVDSM|INFO [ST_RobotVDMotionCompleteState,2448]: robot vd: motion complete state     6  
20260814-153647:599895312 RobotVDStateMag|INFO [RobotVDStateManagerhandler,802]:  switch mainSM to ready  
20260814-153647:599932712 RobotVDSM|INFO [ST_RobotVDMotionReadyState,1562]: robot vd: motion ready state 
20260814-153647:600131424 RobotVDSM|INFO [ST_RobotVDMotionReadyState,1625]: robot vd: motion ready state end
20260814-153650:729047984 MacroMove|INFO [move_joint,122]: RTEMS--------move joint start----------- 
20260814-153650:729108280 LocationMag|INFO [PrintJointLocation,29]: MOVE point joint = -20.078000 -25.815000 40.232000 -79.755000 50.104000 30.523000 -48.291000 
20260814-153650:729271840 RobotVDSM|INFO [ST_RobotVDMotionPrepareState,1664]: robot vd: motion prepare state 
20260814-153650:729299048 RobotVDSM|INFO [ST_RobotVDMotionPrepareState,1670]: move mode = 6  
20260814-153650:729888280 MacroMove|INFO [move_joint,219]: RTEMS--------move joint end--------- 
20260814-153650:730071080 profile|INFO [CalcMotionProfile,2817]: block ready run, id = 0  
20260814-153650:731845384 RobotVDStateMag|INFO [RobotVDStateManagerhandler,348]:  mainSM send motion in progress event 
20260814-153650:731884280 RobotVDSM|INFO [ST_RobotVDMotionInProgressState,1766]: robot vd: motion in progress state  
20260814-153650:731907888 RobotVDSM|INFO [ST_RobotVDMotionInProgressState,1776]: move mode = 6 
20260814-153654:075972920 pre_read|INFO [RobotMotionStateBackToExecutionLayer,295]: receiver msg: state = 0, error id = 0  
20260814-153654:076007880 pre_read|INFO [RobotMotionStateBackToExecutionLayer,313]:  valid_num = 1, 
20260814-153654:077117952 pre_read|INFO [RobotMotionStateBackToExecutionLayer,356]:  send cmd finish event, cmd.packet_id is 46  
20260814-153654:077148448 pre_read|INFO [RobotMotionStateBackToExecutionLayer,368]:  valid_num left = 0,  
20260814-153654:077849392 RobotVDStateMag|INFO [RobotVDStateManagerhandler,415]:  mainSM to motion complete event 
20260814-153654:077887184 RobotVDSM|INFO [ST_RobotVDMotionCompleteState,2404]: robot vd: motion complete state  
20260814-153654:077936080 RobotVDSM|INFO [ST_RobotVDMotionCompleteState,2448]: robot vd: motion complete state     6  
20260814-153654:079841040 RobotVDStateMag|INFO [RobotVDStateManagerhandler,802]:  switch mainSM to ready  
20260814-153654:079878664 RobotVDSM|INFO [ST_RobotVDMotionReadyState,1562]: robot vd: motion ready state 
20260814-153654:080079088 RobotVDSM|INFO [ST_RobotVDMotionReadyState,1625]: robot vd: motion ready state end
20260814-153659:123097360 MacroMove|INFO [move_joint,122]: RTEMS--------move joint start----------- 
20260814-153659:123157192 LocationMag|INFO [PrintJointLocation,29]: MOVE point joint = -16.604000 -29.173000 38.278000 -77.022000 47.800000 33.862000 -43.512000 
20260814-153659:123311192 RobotVDSM|INFO [ST_RobotVDMotionPrepareState,1664]: robot vd: motion prepare state 
20260814-153659:123722464 RobotVDSM|INFO [ST_RobotVDMotionPrepareState,1670]: move mode = 6  
20260814-153659:124011688 MacroMove|INFO [move_joint,219]: RTEMS--------move joint end--------- 
20260814-153659:124057472 profile|INFO [CalcMotionProfile,2817]: block ready run, id = 0  
20260814-153659:124846728 RobotVDStateMag|INFO [RobotVDStateManagerhandler,348]:  mainSM send motion in progress event 
20260814-153659:124883680 RobotVDSM|INFO [ST_RobotVDMotionInProgressState,1766]: robot vd: motion in progress state  
20260814-153659:124908360 RobotVDSM|INFO [ST_RobotVDMotionInProgressState,1776]: move mode = 6 
20260814-153702:177097064 pre_read|INFO [RobotMotionStateBackToExecutionLayer,295]: receiver msg: state = 0, error id = 0  
20260814-153702:177133744 pre_read|INFO [RobotMotionStateBackToExecutionLayer,313]:  valid_num = 1, 
20260814-153702:177850208 pre_read|INFO [RobotMotionStateBackToExecutionLayer,356]:  send cmd finish event, cmd.packet_id is 47  
20260814-153702:177880912 pre_read|INFO [RobotMotionStateBackToExecutionLayer,368]:  valid_num left = 0,  
20260814-153702:178839832 RobotVDStateMag|INFO [RobotVDStateManagerhandler,415]:  mainSM to motion complete event 
20260814-153702:178876984 RobotVDSM|INFO [ST_RobotVDMotionCompleteState,2404]: robot vd: motion complete state  
20260814-153702:178923432 RobotVDSM|INFO [ST_RobotVDMotionCompleteState,2448]: robot vd: motion complete state     6  
20260814-153702:180835112 RobotVDStateMag|INFO [RobotVDStateManagerhandler,802]:  switch mainSM to ready  
20260814-153702:180871984 RobotVDSM|INFO [ST_RobotVDMotionReadyState,1562]: robot vd: motion ready state 
20260814-153702:181071552 RobotVDSM|INFO [ST_RobotVDMotionReadyState,1625]: robot vd: motion ready state end
20260814-153705:291909488 MacroMove|INFO [move_joint,122]: RTEMS--------move joint start----------- 
20260814-153705:291975792 LocationMag|INFO [PrintJointLocation,29]: MOVE point joint = -10.000000 -34.363000 28.398000 -75.170000 43.931000 37.298000 -35.884000 
20260814-153705:292132952 RobotVDSM|INFO [ST_RobotVDMotionPrepareState,1664]: robot vd: motion prepare state 
20260814-153705:292159800 RobotVDSM|INFO [ST_RobotVDMotionPrepareState,1670]: move mode = 6  
20260814-153705:292741744 MacroMove|INFO [move_joint,219]: RTEMS--------move joint end--------- 
20260814-153705:293142304 profile|INFO [CalcMotionProfile,2817]: block ready run, id = 0  
20260814-153705:294837104 RobotVDStateMag|INFO [RobotVDStateManagerhandler,348]:  mainSM send motion in progress event 
20260814-153705:294875208 RobotVDSM|INFO [ST_RobotVDMotionInProgressState,1766]: robot vd: motion in progress state  
20260814-153705:294898840 RobotVDSM|INFO [ST_RobotVDMotionInProgressState,1776]: move mode = 6 
20260814-153709:178788672 pre_read|INFO [RobotMotionStateBackToExecutionLayer,295]: receiver msg: state = 0, error id = 0  
20260814-153709:179059800 pre_read|INFO [RobotMotionStateBackToExecutionLayer,313]:  valid_num = 1, 
20260814-153709:179764744 pre_read|INFO [RobotMotionStateBackToExecutionLayer,356]:  send cmd finish event, cmd.packet_id is 48  
20260814-153709:179795344 pre_read|INFO [RobotMotionStateBackToExecutionLayer,368]:  valid_num left = 0,  
20260814-153709:180833824 RobotVDStateMag|INFO [RobotVDStateManagerhandler,415]:  mainSM to motion complete event 
20260814-153709:180873120 RobotVDSM|INFO [ST_RobotVDMotionCompleteState,2404]: robot vd: motion complete state  
20260814-153709:180921880 RobotVDSM|INFO [ST_RobotVDMotionCompleteState,2448]: robot vd: motion complete state     6  
20260814-153709:182827512 RobotVDStateMag|INFO [RobotVDStateManagerhandler,802]:  switch mainSM to ready  
20260814-153709:182864488 RobotVDSM|INFO [ST_RobotVDMotionReadyState,1562]: robot vd: motion ready state 
20260814-153709:183063472 RobotVDSM|INFO [ST_RobotVDMotionReadyState,1625]: robot vd: motion ready state end
20260814-153712:301636752 MacroMove|INFO [move_joint,122]: RTEMS--------move joint start----------- 
20260814-153712:301696664 LocationMag|INFO [PrintJointLocation,29]: MOVE point joint = 4.003000 -37.741000 20.941000 -79.268000 38.625000 42.341000 -15.248000 
20260814-153712:301871064 RobotVDSM|INFO [ST_RobotVDMotionPrepareState,1664]: robot vd: motion prepare state 
20260814-153712:301896152 RobotVDSM|INFO [ST_RobotVDMotionPrepareState,1670]: move mode = 6  
20260814-153712:302094224 profile|INFO [CalcMotionProfile,2817]: block ready run, id = 0  
20260814-153712:302660568 MacroMove|INFO [move_joint,219]: RTEMS--------move joint end--------- 
20260814-153712:302830784 RobotVDStateMag|INFO [RobotVDStateManagerhandler,348]:  mainSM send motion in progress event 
20260814-153712:302865120 RobotVDSM|INFO [ST_RobotVDMotionInProgressState,1766]: robot vd: motion in progress state  
20260814-153712:302889304 RobotVDSM|INFO [ST_RobotVDMotionInProgressState,1776]: move mode = 6 
20260814-153717:266726544 pre_read|INFO [RobotMotionStateBackToExecutionLayer,295]: receiver msg: state = 0, error id = 0  
20260814-153717:266760744 pre_read|INFO [RobotMotionStateBackToExecutionLayer,313]:  valid_num = 1,  
20260814-153717:266821728 RobotVDStateMag|INFO [RobotVDStateManagerhandler,415]:  mainSM to motion complete event  
20260814-153717:266850800 RobotVDSM|INFO [ST_RobotVDMotionCompleteState,2404]: robot vd: motion complete state 
20260814-153717:267159872 RobotVDSM|INFO [ST_RobotVDMotionCompleteState,2448]: robot vd: motion complete state     6  
20260814-153717:267919640 pre_read|INFO [RobotMotionStateBackToExecutionLayer,356]:  send cmd finish event, cmd.packet_id is 49  
20260814-153717:267948632 pre_read|INFO [RobotMotionStateBackToExecutionLayer,368]:  valid_num left = 0, 
20260814-153717:268824200 RobotVDStateMag|INFO [RobotVDStateManagerhandler,802]:  switch mainSM to ready  
20260814-153717:268860320 RobotVDSM|INFO [ST_RobotVDMotionReadyState,1562]: robot vd: motion ready state  
20260814-153717:269060512 RobotVDSM|INFO [ST_RobotVDMotionReadyState,1625]: robot vd: motion ready state end
20260814-153720:415572232 MacroMove|INFO [move_joint,122]: RTEMS--------move joint start----------- 
20260814-153720:415634872 LocationMag|INFO [PrintJointLocation,29]: MOVE point joint = -41.214000 -18.156000 43.914000 -88.248000 62.625000 14.668000 -78.622000 
20260814-153720:415830208 RobotVDSM|INFO [ST_RobotVDMotionPrepareState,1664]: robot vd: motion prepare state 
20260814-153720:415858160 RobotVDSM|INFO [ST_RobotVDMotionPrepareState,1670]: move mode = 6  
20260814-153720:416071552 profile|INFO [CalcMotionProfile,2817]: block ready run, id = 0  
20260814-153720:416572408 MacroMove|INFO [move_joint,219]: RTEMS--------move joint end--------- 
20260814-153720:416820264 RobotVDStateMag|INFO [RobotVDStateManagerhandler,348]:  mainSM send motion in progress event 
20260814-153720:416855384 RobotVDSM|INFO [ST_RobotVDMotionInProgressState,1766]: robot vd: motion in progress state  
20260814-153720:416880064 RobotVDSM|INFO [ST_RobotVDMotionInProgressState,1776]: move mode = 6 
20260814-153727:632639024 pre_read|INFO [RobotMotionStateBackToExecutionLayer,295]: receiver msg: state = 0, error id = 0  
20260814-153727:632673672 pre_read|INFO [RobotMotionStateBackToExecutionLayer,313]:  valid_num = 1,  
20260814-153727:632812040 RobotVDStateMag|INFO [RobotVDStateManagerhandler,415]:  mainSM to motion complete event  
20260814-153727:632848048 RobotVDSM|INFO [ST_RobotVDMotionCompleteState,2404]: robot vd: motion complete state 
20260814-153727:633622320 RobotVDSM|INFO [ST_RobotVDMotionCompleteState,2448]: robot vd: motion complete state     6  
20260814-153727:633661080 pre_read|INFO [RobotMotionStateBackToExecutionLayer,356]:  send cmd finish event, cmd.packet_id is 50  
20260814-153727:633685568 pre_read|INFO [RobotMotionStateBackToExecutionLayer,368]:  valid_num left = 0, 
20260814-153727:634815400 RobotVDStateMag|INFO [RobotVDStateManagerhandler,802]:  switch mainSM to ready  
20260814-153727:634852288 RobotVDSM|INFO [ST_RobotVDMotionReadyState,1562]: robot vd: motion ready state  
20260814-153727:635055648 RobotVDSM|INFO [ST_RobotVDMotionReadyState,1625]: robot vd: motion ready state end
20260814-153732:666485848 MacroMove|INFO [move_joint,122]: RTEMS--------move joint start----------- 
20260814-153732:666547672 LocationMag|INFO [PrintJointLocation,29]: MOVE point joint = -39.025000 -20.163000 42.888000 -87.450000 56.110000 13.269000 -74.020000 
20260814-153732:666706160 RobotVDSM|INFO [ST_RobotVDMotionPrepareState,1664]: robot vd: motion prepare state 
20260814-153732:666733584 RobotVDSM|INFO [ST_RobotVDMotionPrepareState,1670]: move mode = 6  
20260814-153732:667487904 MacroMove|INFO [move_joint,219]: RTEMS--------move joint end--------- 
20260814-153732:667692504 profile|INFO [CalcMotionProfile,2817]: block ready run, id = 0  
20260814-153732:667798672 RobotVDStateMag|INFO [RobotVDStateManagerhandler,348]:  mainSM send motion in progress event 
20260814-153732:667832168 RobotVDSM|INFO [ST_RobotVDMotionInProgressState,1766]: robot vd: motion in progress state  
20260814-153732:667855552 RobotVDSM|INFO [ST_RobotVDMotionInProgressState,1776]: move mode = 6 
20260814-153736:047565992 pre_read|INFO [RobotMotionStateBackToExecutionLayer,295]: receiver msg: state = 0, error id = 0  
20260814-153736:047600920 pre_read|INFO [RobotMotionStateBackToExecutionLayer,313]:  valid_num = 1, 
20260814-153736:047799304 RobotVDStateMag|INFO [RobotVDStateManagerhandler,415]:  mainSM to motion complete event  
20260814-153736:047833800 RobotVDSM|INFO [ST_RobotVDMotionCompleteState,2404]: robot vd: motion complete state  
20260814-153736:047936208 RobotVDSM|INFO [ST_RobotVDMotionCompleteState,2448]: robot vd: motion complete state     6 
20260814-153736:047967168 pre_read|INFO [RobotMotionStateBackToExecutionLayer,356]:  send cmd finish event, cmd.packet_id is 51  
20260814-153736:047990464 pre_read|INFO [RobotMotionStateBackToExecutionLayer,368]:  valid_num left = 0,  
20260814-153736:049796848 RobotVDStateMag|INFO [RobotVDStateManagerhandler,802]:  switch mainSM to ready  
20260814-153736:049833304 RobotVDSM|INFO [ST_RobotVDMotionReadyState,1562]: robot vd: motion ready state 
20260814-153736:050473712 RobotVDSM|INFO [ST_RobotVDMotionReadyState,1625]: robot vd: motion ready state end
20260814-153739:184403160 MacroMove|INFO [move_joint,122]: RTEMS--------move joint start----------- 
20260814-153739:184462568 LocationMag|INFO [PrintJointLocation,29]: MOVE point joint = -36.737000 -21.183000 41.962000 -88.504000 52.365000 18.510000 -70.269000 
20260814-153739:184614464 RobotVDSM|INFO [ST_RobotVDMotionPrepareState,1664]: robot vd: motion prepare state 
20260814-153739:184640760 RobotVDSM|INFO [ST_RobotVDMotionPrepareState,1670]: move mode = 6  
20260814-153739:185494064 MacroMove|INFO [move_joint,219]: RTEMS--------move joint end--------- 
20260814-153739:185622600 profile|INFO [CalcMotionProfile,2817]: block ready run, id = 0  
20260814-153739:186801144 RobotVDStateMag|INFO [RobotVDStateManagerhandler,348]:  mainSM send motion in progress event 
20260814-153739:186839168 RobotVDSM|INFO [ST_RobotVDMotionInProgressState,1766]: robot vd: motion in progress state  
20260814-153739:186862608 RobotVDSM|INFO [ST_RobotVDMotionInProgressState,1776]: move mode = 6 
20260814-153742:330515320 pre_read|INFO [RobotMotionStateBackToExecutionLayer,295]: receiver msg: state = 0, error id = 0  
20260814-153742:330550208 pre_read|INFO [RobotMotionStateBackToExecutionLayer,313]:  valid_num = 1, 
20260814-153742:330804344 RobotVDStateMag|INFO [RobotVDStateManagerhandler,415]:  mainSM to motion complete event  
20260814-153742:330840248 RobotVDSM|INFO [ST_RobotVDMotionCompleteState,2404]: robot vd: motion complete state  
20260814-153742:331632264 RobotVDSM|INFO [ST_RobotVDMotionCompleteState,2448]: robot vd: motion complete state     6 
20260814-153742:331693592 pre_read|INFO [RobotMotionStateBackToExecutionLayer,356]:  send cmd finish event, cmd.packet_id is 52  
20260814-153742:331720512 pre_read|INFO [RobotMotionStateBackToExecutionLayer,368]:  valid_num left = 0,  
20260814-153742:332796304 RobotVDStateMag|INFO [RobotVDStateManagerhandler,802]:  switch mainSM to ready  
20260814-153742:332832824 RobotVDSM|INFO [ST_RobotVDMotionReadyState,1562]: robot vd: motion ready state 
20260814-153742:333472232 RobotVDSM|INFO [ST_RobotVDMotionReadyState,1625]: robot vd: motion ready state end
20260814-153745:478682072 MacroMove|INFO [move_joint,122]: RTEMS--------move joint start----------- 
20260814-153745:478750088 LocationMag|INFO [PrintJointLocation,29]: MOVE point joint = -35.379000 -23.318000 39.114000 -87.106000 52.381000 19.196000 -66.482000 
20260814-153745:479527720 RobotVDSM|INFO [ST_RobotVDMotionPrepareState,1664]: robot vd: motion prepare state 
20260814-153745:479555624 RobotVDSM|INFO [ST_RobotVDMotionPrepareState,1670]: move mode = 6  
20260814-153745:479787480 profile|INFO [CalcMotionProfile,2817]: block ready run, id = 0  
20260814-153745:479822400 RobotVDStateMag|INFO [RobotVDStateManagerhandler,348]:  mainSM send motion in progress event  
20260814-153745:480321760 RobotVDSM|INFO [ST_RobotVDMotionInProgressState,1766]: robot vd: motion in progress state 
20260814-153745:480349568 RobotVDSM|INFO [ST_RobotVDMotionInProgressState,1776]: move mode = 6  
20260814-153745:480403512 MacroMove|INFO [move_joint,219]: RTEMS--------move joint end---------
20260814-153748:308456344 pre_read|INFO [RobotMotionStateBackToExecutionLayer,295]: receiver msg: state = 0, error id = 0  
20260814-153748:308491920 pre_read|INFO [RobotMotionStateBackToExecutionLayer,313]:  valid_num = 1, 
20260814-153748:309546328 pre_read|INFO [RobotMotionStateBackToExecutionLayer,356]:  send cmd finish event, cmd.packet_id is 53  
20260814-153748:309576352 pre_read|INFO [RobotMotionStateBackToExecutionLayer,368]:  valid_num left = 0,  
20260814-153748:309783920 RobotVDStateMag|INFO [RobotVDStateManagerhandler,415]:  mainSM to motion complete event 
20260814-153748:309819832 RobotVDSM|INFO [ST_RobotVDMotionCompleteState,2404]: robot vd: motion complete state  
20260814-153748:309866400 RobotVDSM|INFO [ST_RobotVDMotionCompleteState,2448]: robot vd: motion complete state     6  
20260814-153748:311784720 RobotVDStateMag|INFO [RobotVDStateManagerhandler,802]:  switch mainSM to ready  
20260814-153748:311821720 RobotVDSM|INFO [ST_RobotVDMotionReadyState,1562]: robot vd: motion ready state 
20260814-153748:312454768 RobotVDSM|INFO [ST_RobotVDMotionReadyState,1625]: robot vd: motion ready state end
20260814-153751:437131768 MacroMove|INFO [move_joint,122]: RTEMS--------move joint start----------- 
20260814-153751:437193800 LocationMag|INFO [PrintJointLocation,29]: MOVE point joint = -31.454000 -25.563000 37.824000 -87.245000 50.820000 21.116000 -63.226000 
20260814-153751:437351504 RobotVDSM|INFO [ST_RobotVDMotionPrepareState,1664]: robot vd: motion prepare state 
20260814-153751:437377568 RobotVDSM|INFO [ST_RobotVDMotionPrepareState,1670]: move mode = 6  
20260814-153751:437933320 MacroMove|INFO [move_joint,219]: RTEMS--------move joint end--------- 
20260814-153751:438133712 profile|INFO [CalcMotionProfile,2817]: block ready run, id = 0  
20260814-153751:438909232 RobotVDStateMag|INFO [RobotVDStateManagerhandler,348]:  mainSM send motion in progress event 
20260814-153751:438947160 RobotVDSM|INFO [ST_RobotVDMotionInProgressState,1766]: robot vd: motion in progress state  
20260814-153751:438971000 RobotVDSM|INFO [ST_RobotVDMotionInProgressState,1776]: move mode = 6 
20260814-153754:298403272 pre_read|INFO [RobotMotionStateBackToExecutionLayer,295]: receiver msg: state = 0, error id = 0  
20260814-153754:298439848 pre_read|INFO [RobotMotionStateBackToExecutionLayer,313]:  valid_num = 1, 
20260814-153754:298791232 RobotVDStateMag|INFO [RobotVDStateManagerhandler,415]:  mainSM to motion complete event  
20260814-153754:298827248 RobotVDSM|INFO [ST_RobotVDMotionCompleteState,2404]: robot vd: motion complete state  
20260814-153754:299621240 RobotVDSM|INFO [ST_RobotVDMotionCompleteState,2448]: robot vd: motion complete state     6 
20260814-153754:299657568 pre_read|INFO [RobotMotionStateBackToExecutionLayer,356]:  send cmd finish event, cmd.packet_id is 54  
20260814-153754:299682400 pre_read|INFO [RobotMotionStateBackToExecutionLayer,368]:  valid_num left = 0,  
20260814-153754:300781408 RobotVDStateMag|INFO [RobotVDStateManagerhandler,802]:  switch mainSM to ready  
20260814-153754:300818080 RobotVDSM|INFO [ST_RobotVDMotionReadyState,1562]: robot vd: motion ready state 
20260814-153754:301447872 RobotVDSM|INFO [ST_RobotVDMotionReadyState,1625]: robot vd: motion ready state end
20260814-153757:416246432 MacroMove|INFO [move_joint,122]: RTEMS--------move joint start----------- 
20260814-153757:416305440 LocationMag|INFO [PrintJointLocation,29]: MOVE point joint = -28.427000 -26.087000 35.923000 -86.295000 47.580000 22.102000 -59.486000 
20260814-153757:416457792 RobotVDSM|INFO [ST_RobotVDMotionPrepareState,1664]: robot vd: motion prepare state 
20260814-153757:416484392 RobotVDSM|INFO [ST_RobotVDMotionPrepareState,1670]: move mode = 6  
20260814-153757:416650872 profile|INFO [CalcMotionProfile,2817]: block ready run, id = 0  
20260814-153757:417497888 MacroMove|INFO [move_joint,219]: RTEMS--------move joint end--------- 
20260814-153757:417777272 RobotVDStateMag|INFO [RobotVDStateManagerhandler,348]:  mainSM send motion in progress event 
20260814-153757:417814120 RobotVDSM|INFO [ST_RobotVDMotionInProgressState,1766]: robot vd: motion in progress state  
20260814-153757:418248712 RobotVDSM|INFO [ST_RobotVDMotionInProgressState,1776]: move mode = 6 
20260814-153800:234543128 pre_read|INFO [RobotMotionStateBackToExecutionLayer,295]: receiver msg: state = 0, error id = 0  
20260814-153800:234579344 pre_read|INFO [RobotMotionStateBackToExecutionLayer,313]:  valid_num = 1, 
20260814-153800:235318328 pre_read|INFO [RobotMotionStateBackToExecutionLayer,356]:  send cmd finish event, cmd.packet_id is 55  
20260814-153800:235347352 pre_read|INFO [RobotMotionStateBackToExecutionLayer,368]:  valid_num left = 0,  
20260814-153800:235787008 RobotVDStateMag|INFO [RobotVDStateManagerhandler,415]:  mainSM to motion complete event 
20260814-153800:236260248 RobotVDSM|INFO [ST_RobotVDMotionCompleteState,2404]: robot vd: motion complete state  
20260814-153800:236310480 RobotVDSM|INFO [ST_RobotVDMotionCompleteState,2448]: robot vd: motion complete state     6  
20260814-153800:237777320 RobotVDStateMag|INFO [RobotVDStateManagerhandler,802]:  switch mainSM to ready  
20260814-153800:238234504 RobotVDSM|INFO [ST_RobotVDMotionReadyState,1562]: robot vd: motion ready state 
20260814-153800:238434208 RobotVDSM|INFO [ST_RobotVDMotionReadyState,1625]: robot vd: motion ready state end
20260814-153803:352342040 MacroMove|INFO [move_joint,122]: RTEMS--------move joint start----------- 
20260814-153803:352403912 LocationMag|INFO [PrintJointLocation,29]: MOVE point joint = -25.562000 -30.061000 35.637000 -85.579000 45.761000 25.288000 -53.310000 
20260814-153803:352559872 RobotVDSM|INFO [ST_RobotVDMotionPrepareState,1664]: robot vd: motion prepare state 
20260814-153803:352586752 RobotVDSM|INFO [ST_RobotVDMotionPrepareState,1670]: move mode = 6  
20260814-153803:353236592 MacroMove|INFO [move_joint,219]: RTEMS--------move joint end--------- 
20260814-153803:353343160 profile|INFO [CalcMotionProfile,2817]: block ready run, id = 0  
20260814-153803:355158104 RobotVDStateMag|INFO [RobotVDStateManagerhandler,348]:  mainSM send motion in progress event 
20260814-153803:355196880 RobotVDSM|INFO [ST_RobotVDMotionInProgressState,1766]: robot vd: motion in progress state  
20260814-153803:355220920 RobotVDSM|INFO [ST_RobotVDMotionInProgressState,1776]: move mode = 6 
20260814-153806:682036544 pre_read|INFO [RobotMotionStateBackToExecutionLayer,295]: receiver msg: state = 0, error id = 0  
20260814-153806:682073200 pre_read|INFO [RobotMotionStateBackToExecutionLayer,313]:  valid_num = 1,  
20260814-153806:682768672 pre_read|INFO [RobotMotionStateBackToExecutionLayer,356]:  send cmd finish event, cmd.packet_id is 56 
20260814-153806:682800344 pre_read|INFO [RobotMotionStateBackToExecutionLayer,368]:  valid_num left = 0,  
20260814-153806:683775584 RobotVDStateMag|INFO [RobotVDStateManagerhandler,415]:  mainSM to motion complete event  
20260814-153806:683813552 RobotVDSM|INFO [ST_RobotVDMotionCompleteState,2404]: robot vd: motion complete state  
20260814-153806:683862584 RobotVDSM|INFO [ST_RobotVDMotionCompleteState,2448]: robot vd: motion complete state     6 
20260814-153806:685775568 RobotVDStateMag|INFO [RobotVDStateManagerhandler,802]:  switch mainSM to ready  
20260814-153806:685813272 RobotVDSM|INFO [ST_RobotVDMotionReadyState,1562]: robot vd: motion ready state  
20260814-153806:686015624 RobotVDSM|INFO [ST_RobotVDMotionReadyState,1625]: robot vd: motion ready state end
20260814-153809:779288464 MacroMove|INFO [move_joint,122]: RTEMS--------move joint start----------- 
20260814-153809:779355688 LocationMag|INFO [PrintJointLocation,29]: MOVE point joint = -21.290000 -34.722000 33.956000 -82.307000 42.383000 28.099000 -48.241000 
20260814-153809:779509224 RobotVDSM|INFO [ST_RobotVDMotionPrepareState,1664]: robot vd: motion prepare state 
20260814-153809:779535520 RobotVDSM|INFO [ST_RobotVDMotionPrepareState,1670]: move mode = 6  
20260814-153809:779702088 profile|INFO [CalcMotionProfile,2817]: block ready run, id = 0  
20260814-153809:780190792 RobotVDStateMag|INFO [RobotVDStateManagerhandler,348]:  mainSM send motion in progress event  
20260814-153809:780490784 RobotVDSM|INFO [ST_RobotVDMotionInProgressState,1766]: robot vd: motion in progress state 
20260814-153809:780517688 RobotVDSM|INFO [ST_RobotVDMotionInProgressState,1776]: move mode = 6  
20260814-153809:780570752 MacroMove|INFO [move_joint,219]: RTEMS--------move joint end---------
20260814-153812:894334032 pre_read|INFO [RobotMotionStateBackToExecutionLayer,295]: receiver msg: state = 0, error id = 0  
20260814-153812:894369288 pre_read|INFO [RobotMotionStateBackToExecutionLayer,313]:  valid_num = 1, 
20260814-153812:894668704 pre_read|INFO [RobotMotionStateBackToExecutionLayer,356]:  send cmd finish event, cmd.packet_id is 57  
20260814-153812:894698760 pre_read|INFO [RobotMotionStateBackToExecutionLayer,368]:  valid_num left = 0,  
20260814-153812:896225472 RobotVDStateMag|INFO [RobotVDStateManagerhandler,415]:  mainSM to motion complete event 
20260814-153812:896267424 RobotVDSM|INFO [ST_RobotVDMotionCompleteState,2404]: robot vd: motion complete state  
20260814-153812:896319744 RobotVDSM|INFO [ST_RobotVDMotionCompleteState,2448]: robot vd: motion complete state     6  
20260814-153812:898193944 RobotVDStateMag|INFO [RobotVDStateManagerhandler,802]:  switch mainSM to ready  
20260814-153812:898231624 RobotVDSM|INFO [ST_RobotVDMotionReadyState,1562]: robot vd: motion ready state 
20260814-153812:898430800 RobotVDSM|INFO [ST_RobotVDMotionReadyState,1625]: robot vd: motion ready state end
20260814-153817:937368840 MacroMove|INFO [move_joint,122]: RTEMS--------move joint start----------- 
20260814-153817:937428800 LocationMag|INFO [PrintJointLocation,29]: MOVE point joint = -15.528000 -39.214000 23.305000 -80.627000 38.623000 32.200000 -40.449000 
20260814-153817:937583024 RobotVDSM|INFO [ST_RobotVDMotionPrepareState,1664]: robot vd: motion prepare state 
20260814-153817:937610048 RobotVDSM|INFO [ST_RobotVDMotionPrepareState,1670]: move mode = 6  
20260814-153817:938226160 MacroMove|INFO [move_joint,219]: RTEMS--------move joint end--------- 
20260814-153817:938375424 profile|INFO [CalcMotionProfile,2817]: block ready run, id = 0  
20260814-153817:940146568 RobotVDStateMag|INFO [RobotVDStateManagerhandler,348]:  mainSM send motion in progress event 
20260814-153817:940187792 RobotVDSM|INFO [ST_RobotVDMotionInProgressState,1766]: robot vd: motion in progress state  
20260814-153817:940212048 RobotVDSM|INFO [ST_RobotVDMotionInProgressState,1776]: move mode = 6 
20260814-153821:928664248 pre_read|INFO [RobotMotionStateBackToExecutionLayer,295]: receiver msg: state = 0, error id = 0  
20260814-153821:928699288 pre_read|INFO [RobotMotionStateBackToExecutionLayer,313]:  valid_num = 1,  
20260814-153821:928759208 RobotVDStateMag|INFO [RobotVDStateManagerhandler,415]:  mainSM to motion complete event  
20260814-153821:928798560 RobotVDSM|INFO [ST_RobotVDMotionCompleteState,2404]: robot vd: motion complete state 
20260814-153821:929565920 RobotVDSM|INFO [ST_RobotVDMotionCompleteState,2448]: robot vd: motion complete state     6  
20260814-153821:929856200 pre_read|INFO [RobotMotionStateBackToExecutionLayer,356]:  send cmd finish event, cmd.packet_id is 58  
20260814-153821:929886840 pre_read|INFO [RobotMotionStateBackToExecutionLayer,368]:  valid_num left = 0, 
20260814-153821:930760224 RobotVDStateMag|INFO [RobotVDStateManagerhandler,802]:  switch mainSM to ready  
20260814-153821:930796968 RobotVDSM|INFO [ST_RobotVDMotionReadyState,1562]: robot vd: motion ready state  
20260814-153821:930999784 RobotVDSM|INFO [ST_RobotVDMotionReadyState,1625]: robot vd: motion ready state end
20260814-153825:023238904 MacroMove|INFO [move_joint,122]: RTEMS--------move joint start----------- 
20260814-153825:023304408 LocationMag|INFO [PrintJointLocation,29]: MOVE point joint = -1.068000 -42.484000 15.618000 -84.293000 33.404000 38.414000 -20.363000 
20260814-153825:023462944 RobotVDSM|INFO [ST_RobotVDMotionPrepareState,1664]: robot vd: motion prepare state 
20260814-153825:023488704 RobotVDSM|INFO [ST_RobotVDMotionPrepareState,1670]: move mode = 6  
20260814-153825:024040784 MacroMove|INFO [move_joint,219]: RTEMS--------move joint end--------- 
20260814-153825:024209032 profile|INFO [CalcMotionProfile,2817]: block ready run, id = 0  
20260814-153825:025001720 RobotVDStateMag|INFO [RobotVDStateManagerhandler,348]:  mainSM send motion in progress event 
20260814-153825:025038248 RobotVDSM|INFO [ST_RobotVDMotionInProgressState,1766]: robot vd: motion in progress state  
20260814-153825:025061728 RobotVDSM|INFO [ST_RobotVDMotionInProgressState,1776]: move mode = 6 
20260814-153829:950319152 pre_read|INFO [RobotMotionStateBackToExecutionLayer,295]: receiver msg: state = 0, error id = 0  
20260814-153829:950354944 pre_read|INFO [RobotMotionStateBackToExecutionLayer,313]:  valid_num = 1, 
20260814-153829:950711320 pre_read|INFO [RobotMotionStateBackToExecutionLayer,356]:  send cmd finish event, cmd.packet_id is 59  
20260814-153829:951235968 RobotVDStateMag|INFO [RobotVDStateManagerhandler,415]:  mainSM to motion complete event  
20260814-153829:951271848 RobotVDSM|INFO [ST_RobotVDMotionCompleteState,2404]: robot vd: motion complete state 
20260814-153829:951322344 RobotVDSM|INFO [ST_RobotVDMotionCompleteState,2448]: robot vd: motion complete state     6  
20260814-153829:951573872 pre_read|INFO [RobotMotionStateBackToExecutionLayer,368]:  valid_num left = 0,  
20260814-153829:953181264 RobotVDStateMag|INFO [RobotVDStateManagerhandler,802]:  switch mainSM to ready  
20260814-153829:953218760 RobotVDSM|INFO [ST_RobotVDMotionReadyState,1562]: robot vd: motion ready state 
20260814-153829:953417744 RobotVDSM|INFO [ST_RobotVDMotionReadyState,1625]: robot vd: motion ready state end
20260814-153833:055126448 MacroRobot|INFO [robot_poweroff,118]: RTEMS---------------robot_poweroff start-------------- 
20260814-153833:055167224 PWRCTL|INFO [PowerControlPowerOff,230]: macro robot PowerOff: send PowerOffCmd event to mainSM  
20260814-153833:055201688 RobotVDSM|INFO [ST_RobotVDPowerOffInProgressState,2466]: robot vd: power off in progress state 
20260814-153833:055955584 RobotVDSM|INFO [ST_RobotVDPowerOffInProgressState,2474]: robot VD: main SM send enable motors decelerate event to sub SM  
20260814-153833:055989312 PwrOffSeqSM|INFO [ST_PwrOffSeqDecelerateMotorsInProgressState,360]: POWRE OFF: motor decelerate in progress state
20260814-153833:056782768 BackToPath|INFO [BackToPathRecordCMDPose,394]: need_back_to_path_flag is 1, current joint cmd is [-1.068000, -42.484000, 15.618000, -84.293000, 33.404000, 38.414000]  
20260814-153833:056837808 RapidStop|INFO [CfgRobotRapidStop,674]: rapid stop joint  
20260814-153833:057926352 RCTASKS|INFO [RobotWaitRapidStopFinishTask,405]: get rapid stop finished semaphore 
20260814-153833:081082552 PWR_SEQ|INFO [GetStatePeriodBeforeTimeout,316]: get state successful!  
20260814-153833:081113624 PWR_SEQ|INFO [RobotPwrSeqhandler,1749]: Power sequence: send motors decelerated event  
20260814-153833:081144320 PwrOffSeqSM|INFO [ST_PwrOffSeqMotorsDeceleratedState,382]: POWRE OFF: motor decelerated state 
20260814-153833:083120632 PWR_SEQ|INFO [RobotPwrSeqhandler,1766]: Power sequence: send enable engage brakes event 
20260814-153833:083155768 PwrOffSeqSM|INFO [ST_PwrOffSeqEngageBrakesInProgressState,403]: POWRE OFF: engage brakes in progress state 
20260814-153833:085096072 PWR_SEQ|INFO [RobotPwrSeqhandler,1817]: Power sequence: send brakes engaged event  
20260814-153833:085131768 PwrOffSeqSM|INFO [ST_PwrOffSeqBrakesEngagedState,429]: POWRE OFF: brakes engaged state
20260814-153833:087099040 PWR_SEQ|INFO [RobotPwrSeqhandler,1839]: Power sequence: send enable servo off event  
20260814-153833:087134344 PwrOffSeqSM|INFO [ST_PwrOffSeqDisableServosInProgressState,450]: POWRE OFF: disable servos in progress state  
20260814-153833:087377592 EtherCAT|INFO [CoESrv_StateCommand,968]: StateCommand[0][0] set cmd is 5.  
20260814-153833:087405152 EtherCAT|INFO [CoESrv_StateCommand,968]: StateCommand[0][1] set cmd is 5. 
20260814-153833:087427464 EtherCAT|INFO [CoESrv_StateCommand,968]: StateCommand[0][2] set cmd is 5.  
20260814-153833:087447840 EtherCAT|INFO [CoESrv_StateCommand,968]: StateCommand[0][3] set cmd is 5.  
20260814-153833:087468832 EtherCAT|INFO [CoESrv_StateCommand,968]: StateCommand[0][4] set cmd is 5.  
20260814-153833:087489144 EtherCAT|INFO [CoESrv_StateCommand,968]: StateCommand[0][5] set cmd is 5. 
20260814-153833:087925504 EtherCAT|INFO [CoESrv_StateCommand,968]: StateCommand[0][6] set cmd is 5.  
20260814-153833:113898968 PWR_SEQ|INFO [GetStatePeriodBeforeTimeout,316]: get state successful!  
20260814-153833:113928240 PWR_SEQ|INFO [RobotPwrSeqhandler,1888]: Power sequence: send servos off event  
20260814-153833:113958744 PwrOffSeqSM|INFO [ST_PwrOffSeqServosDisabledState,477]: POWRE OFF: servos disabled state 
20260814-153833:115897880 PWR_SEQ|INFO [RobotPwrSeqhandler,1905]: Power sequence: send enable disable amplifiers event  
20260814-153833:115933152 PwrOffSeqSM|INFO [ST_PwrOffSeqDisableAmplifiersInProgressState,498]: POWRE OFF: disable amplifiers in progress state  
20260814-153833:117899272 PWR_SEQ|INFO [RobotPwrSeqhandler,1956]: Power sequence: send amplifiers off event 
20260814-153833:117933120 PwrOffSeqSM|INFO [ST_PwrOffSeqAmplifiersDisabledState,523]: POWRE OFF: amplifiers disabled state  
20260814-153833:119899520 PWR_SEQ|INFO [RobotPwrSeqhandler,1973]: Power sequence: send disable high power event  
20260814-153833:119935064 PwrOffSeqSM|INFO [ST_PwrOffSeqHighPowerDisableInProgressState,544]: POWRE OFF: high power disable in progress state 
20260814-153833:121897000 PWR_SEQ|INFO [RobotPwrSeqhandler,2030]: Power sequence: send high power disabled event  
20260814-153833:121932008 PwrOffSeqSM|INFO [ST_PwrOffSeqHighPowerDisabledState,566]: POWRE OFF: high power disable state  
20260814-153833:123897344 PWR_SEQ|INFO [PwrSeqSendMsgToMacroCmd,2238]: Send msg to macro status = 0,code = 0 ! 
20260814-153833:123930192 PWR_SEQ|INFO [PwrSeqSendMsgToMacroCmd,2260]: Send power off message to power off cmd !  
20260814-153833:123953768 PWR_SEQ|INFO [RobotPwrSeqhandler,2051]: Power sequence: power off subSM back to idle  
20260814-153833:123981848 PwrOffSeqSM|INFO [ST_PwrOffSeqIdleState,325]: POWRE OFF: idle state  
20260814-153833:124009032 PWR_SEQ|INFO [RobotPwrSeqhandler,2060]: Power sequence: power off subSM back to mainSM 
20260814-153833:124034904 RobotVDSM|INFO [ST_RobotVDPowerOffState,1441]: robot vd: power off state  
20260814-153833:124084200 MacroRobot|INFO [robot_poweroff,133]: RTEMS---------------robot_poweroff end--------------
20260814-154038:507282640 MacroSys|INFO [system_stop,265]: RTEMS------------system_stop--------------------- 
20260814-154038:507321688 MacroSys|INFO [system_stop,347]: Recive stop status is 3 
