20260817-135617:734696712 EtherCAT|INFO [si_PDOassign,2044]: [EtherCATDriver ]   [0x0032.0] 0x6071:0x00 0x10 INTEGER16    Targe Torque 
20260817-135617:736695328 EtherCAT|INFO [si_PDOassign,2044]: [EtherCATDriver ]   [0x0034.0] 0x607A:0x00 0x20 INTEGER32    Target position
20260817-135617:738695128 EtherCAT|INFO [si_PDOassign,2044]: [EtherCATDriver ]   [0x0038.0] 0x60B2:0x00 0x10 INTEGER16    Torque Offset 
20260817-135617:740697528 EtherCAT|INFO [si_PDOassign,2044]: [EtherCATDriver ]   [0x003A.0] 0x6060:0x00 0x08 INTEGER8     Modes of Operation 
20260817-135617:741711184 EtherCAT|INFO [si_PDOassign,2044]: [EtherCATDriver ]   [0x003B.0] 0x0000:0x00 0x08 INTEGER8     Modes of Operation
20260817-135617:741742112 EtherCAT|INFO [si_PDOassign,2050]:  
20260817-135617:741765800 EtherCAT|INFO [si_map_sdo,1959]: [EtherCATDriver ]   SM3 inputs 
20260817-135617:741787968 EtherCAT|INFO [si_map_sdo,1960]: [EtherCATDriver ]      addr b   index: sub bitl data_type    name 
20260817-135617:746697488 EtherCAT|INFO [si_PDOassign,2044]: [EtherCATDriver ]   [0x00AC.0] 0x6041:0x00 0x10 UNSIGNED16   Status Word
20260817-135617:748710664 EtherCAT|INFO [si_PDOassign,2044]: [EtherCATDriver ]   [0x00AE.0] 0x603F:0x00 0x10 UNSIGNED16   Error Code 
20260817-135617:750715032 EtherCAT|INFO [si_PDOassign,2044]: [EtherCATDriver ]   [0x00B0.0] 0x6064:0x00 0x20 INTEGER32    Position Actual Value 
20260817-135617:752697752 EtherCAT|INFO [si_PDOassign,2044]: [EtherCATDriver ]   [0x00B4.0] 0x6077:0x00 0x10 INTEGER16    Torque actual value
20260817-135617:754714648 EtherCAT|INFO [si_PDOassign,2044]: [EtherCATDriver ]   [0x00B6.0] 0x6078:0x00 0x10 INTEGER16    Current actual value 
20260817-135617:756695632 EtherCAT|INFO [si_PDOassign,2044]: [EtherCATDriver ]   [0x00B8.0] 0x606C:0x00 0x20 INTEGER32    Velocity Actual Value 
20260817-135617:758694480 EtherCAT|INFO [si_PDOassign,2044]: [EtherCATDriver ]   [0x00BC.0] 0x60F4:0x00 0x20 INTEGER32    Following Error Actual Value
20260817-135617:760697648 EtherCAT|INFO [si_PDOassign,2044]: [EtherCATDriver ]   [0x00C0.0] 0x6061:0x00 0x08 INTEGER8     Modes of Operation Display 
20260817-135617:761707832 EtherCAT|INFO [si_PDOassign,2044]: [EtherCATDriver ]   [0x00C1.0] 0x0000:0x00 0x08 INTEGER8     Modes of Operation Display 
20260817-135617:761739448 EtherCAT|INFO [si_PDOassign,2050]:  
20260817-135617:761763568 EtherCAT|INFO [EcatDrv_Task,779]: [EtherCATDriver ] Slave:6
20260817-135617:761785504 EtherCAT|INFO [si_map_sdo,1898]: [EtherCATDriver ] PDO mapping according to CoE : 
20260817-135617:763702624 EtherCAT|INFO [si_map_sdo,1948]: [EtherCATDriver ]   SM2 outputs 
20260817-135617:763729672 EtherCAT|INFO [si_map_sdo,1949]: [EtherCATDriver ]      addr b   index: sub bitl data_type    name
20260817-135617:768695984 EtherCAT|INFO [si_PDOassign,2044]: [EtherCATDriver ]   [0x003C.0] 0x6040:0x00 0x10 UNSIGNED16   Control Word 
20260817-135617:770697080 EtherCAT|INFO [si_PDOassign,2044]: [EtherCATDriver ]   [0x003E.0] 0x6071:0x00 0x10 INTEGER16    Targe Torque 
20260817-135617:772696352 EtherCAT|INFO [si_PDOassign,2044]: [EtherCATDriver ]   [0x0040.0] 0x607A:0x00 0x20 INTEGER32    Target position
20260817-135617:774695520 EtherCAT|INFO [si_PDOassign,2044]: [EtherCATDriver ]   [0x0044.0] 0x60B2:0x00 0x10 INTEGER16    Torque Offset 
20260817-135617:776696360 EtherCAT|INFO [si_PDOassign,2044]: [EtherCATDriver ]   [0x0046.0] 0x6060:0x00 0x08 INTEGER8     Modes of Operation 
20260817-135617:777704128 EtherCAT|INFO [si_PDOassign,2044]: [EtherCATDriver ]   [0x0047.0] 0x0000:0x00 0x08 INTEGER8     Modes of Operation
20260817-135617:777735600 EtherCAT|INFO [si_PDOassign,2050]:  
20260817-135617:777758272 EtherCAT|INFO [si_map_sdo,1959]: [EtherCATDriver ]   SM3 inputs 
20260817-135617:777781784 EtherCAT|INFO [si_map_sdo,1960]: [EtherCATDriver ]      addr b   index: sub bitl data_type    name 
20260817-135617:782696472 EtherCAT|INFO [si_PDOassign,2044]: [EtherCATDriver ]   [0x00C2.0] 0x6041:0x00 0x10 UNSIGNED16   Status Word
20260817-135617:784695008 EtherCAT|INFO [si_PDOassign,2044]: [EtherCATDriver ]   [0x00C4.0] 0x603F:0x00 0x10 UNSIGNED16   Error Code 
20260817-135617:786696904 EtherCAT|INFO [si_PDOassign,2044]: [EtherCATDriver ]   [0x00C6.0] 0x6064:0x00 0x20 INTEGER32    Position Actual Value 
20260817-135617:788694272 EtherCAT|INFO [si_PDOassign,2044]: [EtherCATDriver ]   [0x00CA.0] 0x6077:0x00 0x10 INTEGER16    Torque actual value
20260817-135617:790697968 EtherCAT|INFO [si_PDOassign,2044]: [EtherCATDriver ]   [0x00CC.0] 0x6078:0x00 0x10 INTEGER16    Current actual value 
20260817-135617:792696784 EtherCAT|INFO [si_PDOassign,2044]: [EtherCATDriver ]   [0x00CE.0] 0x606C:0x00 0x20 INTEGER32    Velocity Actual Value 
20260817-135617:794695504 EtherCAT|INFO [si_PDOassign,2044]: [EtherCATDriver ]   [0x00D2.0] 0x60F4:0x00 0x20 INTEGER32    Following Error Actual Value
20260817-135617:796695280 EtherCAT|INFO [si_PDOassign,2044]: [EtherCATDriver ]   [0x00D6.0] 0x6061:0x00 0x08 INTEGER8     Modes of Operation Display 
20260817-135617:797704264 EtherCAT|INFO [si_PDOassign,2044]: [EtherCATDriver ]   [0x00D7.0] 0x0000:0x00 0x08 INTEGER8     Modes of Operation Display 
20260817-135617:797735184 EtherCAT|INFO [si_PDOassign,2050]:  
20260817-135617:797757424 EtherCAT|INFO [EcatDrv_Task,779]: [EtherCATDriver ] Slave:7
20260817-135617:797779080 EtherCAT|INFO [si_map_sdo,1898]: [EtherCATDriver ] PDO mapping according to CoE : 
20260817-135617:798694344 EtherCAT|INFO [si_map_sdo,1948]: [EtherCATDriver ]   SM2 outputs 
20260817-135617:798720248 EtherCAT|INFO [si_map_sdo,1949]: [EtherCATDriver ]      addr b   index: sub bitl data_type    name
20260817-135617:803704160 EtherCAT|INFO [si_PDOassign,2044]: [EtherCATDriver ]   [0x0048.0] 0x6040:0x00 0x10 UNSIGNED16   Control Word 
20260817-135617:805706352 EtherCAT|INFO [si_PDOassign,2044]: [EtherCATDriver ]   [0x004A.0] 0x6071:0x00 0x10 INTEGER16    Targe Torque 
20260817-135617:807702680 EtherCAT|INFO [si_PDOassign,2044]: [EtherCATDriver ]   [0x004C.0] 0x607A:0x00 0x20 INTEGER32    Target position
20260817-135617:809706680 EtherCAT|INFO [si_PDOassign,2044]: [EtherCATDriver ]   [0x0050.0] 0x60B2:0x00 0x10 INTEGER16    Torque Offset 
20260817-135617:811709832 EtherCAT|INFO [si_PDOassign,2044]: [EtherCATDriver ]   [0x0052.0] 0x6060:0x00 0x08 INTEGER8     Modes of Operation 
20260817-135617:812696088 EtherCAT|INFO [si_PDOassign,2044]: [EtherCATDriver ]   [0x0053.0] 0x0000:0x00 0x08 INTEGER8     Modes of Operation
20260817-135617:812728264 EtherCAT|INFO [si_PDOassign,2050]:  
20260817-135617:812751720 EtherCAT|INFO [si_map_sdo,1959]: [EtherCATDriver ]   SM3 inputs 
20260817-135617:812773608 EtherCAT|INFO [si_map_sdo,1960]: [EtherCATDriver ]      addr b   index: sub bitl data_type    name 
20260817-135617:816714640 EtherCAT|INFO [si_PDOassign,2044]: [EtherCATDriver ]   [0x00D8.0] 0x6041:0x00 0x10 UNSIGNED16   Status Word
20260817-135617:818713200 EtherCAT|INFO [si_PDOassign,2044]: [EtherCATDriver ]   [0x00DA.0] 0x603F:0x00 0x10 UNSIGNED16   Error Code 
20260817-135617:820699464 EtherCAT|INFO [si_PDOassign,2044]: [EtherCATDriver ]   [0x00DC.0] 0x6064:0x00 0x20 INTEGER32    Position Actual Value 
20260817-135617:822714800 EtherCAT|INFO [si_PDOassign,2044]: [EtherCATDriver ]   [0x00E0.0] 0x6077:0x00 0x10 INTEGER16    Torque actual value
20260817-135617:824695040 EtherCAT|INFO [si_PDOassign,2044]: [EtherCATDriver ]   [0x00E2.0] 0x6078:0x00 0x10 INTEGER16    Current actual value 
20260817-135617:826695584 EtherCAT|INFO [si_PDOassign,2044]: [EtherCATDriver ]   [0x00E4.0] 0x606C:0x00 0x20 INTEGER32    Velocity Actual Value 
20260817-135617:828693824 EtherCAT|INFO [si_PDOassign,2044]: [EtherCATDriver ]   [0x00E8.0] 0x60F4:0x00 0x20 INTEGER32    Following Error Actual Value
20260817-135617:830696144 EtherCAT|INFO [si_PDOassign,2044]: [EtherCATDriver ]   [0x00EC.0] 0x6061:0x00 0x08 INTEGER8     Modes of Operation Display 
20260817-135617:831708008 EtherCAT|INFO [si_PDOassign,2044]: [EtherCATDriver ]   [0x00ED.0] 0x0000:0x00 0x08 INTEGER8     Modes of Operation Display 
20260817-135617:831738960 EtherCAT|INFO [si_PDOassign,2050]: 
20260817-135617:831786752 EtherCAT|INFO [EcatDrv_Task,822]: [EtherCATDriver ] Set running flag  
20260817-135617:831833608 EtherCAT|ERROR [EcatStack_PDOReceive,334]: CommInterruptTimes is 1, print count is 0. 
20260817-135618:035709120 EtherCAT|INFO [EcatDrv_Task,829]: [EtherCATDriver ] All slaves reach in OP status successful!  
20260817-135618:035737840 EtherCAT|INFO [EcatDrv_Task,835]: [EtherCATDriver ] Task state is CONFIG turn to NORMAL
20260817-135618:035762640 EtherCAT|INFO [EcatDrv_CheckEvent,1232]: coe_event is 4, pre is 1  
20260817-135618:035784584 EtherCAT|INFO [EcatDrv_Task,943]: [EtherCATDriver ] Task state is NORMAL turn to IDLE  
20260817-135618:038772912 EtherCAT|INFO [NrtData_ReadSwVersion_VEICHI,569]: slave : 1 Sw-Vesrion : VEICHI1-SW_V13458_01213. 
20260817-135618:038802144 EtherCAT|INFO [CANopenModule_GetVersion,848]: [CANopenModule  ] slave : 0 Sw-Vesrion : VEICHI1-SW_V13458_01213  
20260817-135618:040846464 EtherCAT|INFO [NrtData_ReadSwVersion_VEICHI,569]: slave : 2 Sw-Vesrion : VEICHI2-SW_V13458_01714.  
20260817-135618:040874528 EtherCAT|INFO [CANopenModule_GetVersion,848]: [CANopenModule  ] slave : 1 Sw-Vesrion : VEICHI2-SW_V13458_01714
20260817-135618:042852232 EtherCAT|INFO [NrtData_ReadSwVersion_VEICHI,569]: slave : 3 Sw-Vesrion : VEICHI3-SW_V13458_01213.  
20260817-135618:042879992 EtherCAT|INFO [CANopenModule_GetVersion,848]: [CANopenModule  ] slave : 2 Sw-Vesrion : VEICHI3-SW_V13458_01213  
20260817-135618:045744824 EtherCAT|INFO [NrtData_ReadSwVersion_VEICHI,569]: slave : 4 Sw-Vesrion : VEICHI4-SW_V13458_01213. 
20260817-135618:045773200 EtherCAT|INFO [CANopenModule_GetVersion,848]: [CANopenModule  ] slave : 3 Sw-Vesrion : VEICHI4-SW_V13458_01213  
20260817-135618:047850888 EtherCAT|INFO [NrtData_ReadSwVersion_VEICHI,569]: slave : 5 Sw-Vesrion : VEICHI5-SW_V13458_01213.  
20260817-135618:047877968 EtherCAT|INFO [CANopenModule_GetVersion,848]: [CANopenModule  ] slave : 4 Sw-Vesrion : VEICHI5-SW_V13458_01213
20260817-135618:049845280 EtherCAT|INFO [NrtData_ReadSwVersion_VEICHI,569]: slave : 6 Sw-Vesrion : VEICHI6-SW_V13458_01714.  
20260817-135618:049872184 EtherCAT|INFO [CANopenModule_GetVersion,848]: [CANopenModule  ] slave : 5 Sw-Vesrion : VEICHI6-SW_V13458_01714  
20260817-135618:052744320 EtherCAT|INFO [NrtData_ReadSwVersion_VEICHI,569]: slave : 7 Sw-Vesrion : VEICHI7-SW_V13458_01213. 
20260817-135618:052772768 EtherCAT|INFO [CANopenModule_GetVersion,848]: [CANopenModule  ] slave : 6 Sw-Vesrion : VEICHI7-SW_V13458_01213  
20260817-135618:054848792 EtherCAT|INFO [NrtData_ReadHwVersion_VEICHI,528]: slave : 1 Hw-Vesrion : VEICHI1-HW_VA1.2  
20260817-135618:054876264 EtherCAT|INFO [CANopenModule_GetVersion,853]: [CANopenModule  ] slave : 0 Hw-Vesrion : VEICHI1-HW_VA1.2
20260817-135618:056846744 EtherCAT|INFO [NrtData_ReadHwVersion_VEICHI,528]: slave : 2 Hw-Vesrion : VEICHI2-HW_VA1.0  
20260817-135618:056873624 EtherCAT|INFO [CANopenModule_GetVersion,853]: [CANopenModule  ] slave : 1 Hw-Vesrion : VEICHI2-HW_VA1.0  
20260817-135618:058848128 EtherCAT|INFO [NrtData_ReadHwVersion_VEICHI,528]: slave : 3 Hw-Vesrion : VEICHI3-HW_VA1.2
20260817-135618:058876328 EtherCAT|INFO [CANopenModule_GetVersion,853]: [CANopenModule  ] slave : 2 Hw-Vesrion : VEICHI3-HW_VA1.2  
20260817-135618:060845152 EtherCAT|INFO [NrtData_ReadHwVersion_VEICHI,528]: slave : 4 Hw-Vesrion : VEICHI4-HW_VA1.2  
20260817-135618:060872312 EtherCAT|INFO [CANopenModule_GetVersion,853]: [CANopenModule  ] slave : 3 Hw-Vesrion : VEICHI4-HW_VA1.2
20260817-135618:062846200 EtherCAT|INFO [NrtData_ReadHwVersion_VEICHI,528]: slave : 5 Hw-Vesrion : VEICHI5-HW_VA1.2  
20260817-135618:062873152 EtherCAT|INFO [CANopenModule_GetVersion,853]: [CANopenModule  ] slave : 4 Hw-Vesrion : VEICHI5-HW_VA1.2  
20260817-135618:064845088 EtherCAT|INFO [NrtData_ReadHwVersion_VEICHI,528]: slave : 6 Hw-Vesrion : VEICHI6-HW_VA1.0
20260817-135618:064871568 EtherCAT|INFO [CANopenModule_GetVersion,853]: [CANopenModule  ] slave : 5 Hw-Vesrion : VEICHI6-HW_VA1.0  
20260817-135618:066850128 EtherCAT|INFO [NrtData_ReadHwVersion_VEICHI,528]: slave : 7 Hw-Vesrion : VEICHI7-HW_VA1.2  
20260817-135618:066877280 EtherCAT|INFO [CANopenModule_GetVersion,853]: [CANopenModule  ] slave : 6 Hw-Vesrion : VEICHI7-HW_VA1.2
20260817-135618:068614168 MCLink|INFO [mclink_set_system_status,171]: ----------------------system enter status 5 ------------------------ 
20260817-135618:069168328 EtherCAT|INFO [CANopenModule_ThreadEntry,422]: [CANopenModule  ] Get slave Version is done  
20260817-135618:069193560 EtherCAT|INFO [CANopenModule_ThreadEntry,423]: [CANopenModule  ] Task state is RESOURCE_CHK turn to RUN
20260817-135618:071093920 Macro|INFO [ReadRatedCurAll,300]: rated_current axis 1 = 8900   
20260817-135618:074052184 Macro|INFO [ReadRatedCurAll,300]: rated_current axis 2 = 10000   
20260817-135618:075389720 CP-IP|INFO [IPCommission_FunctionInit,1144]: Comm-E is init finish.  
20260817-135618:075418120 CP-IP|INFO [IPCommission_FunctionInit,1162]: wait linux netcard，no timeout, use time = 0.000000 sec 
20260817-135618:077048328 Macro|INFO [ReadRatedCurAll,300]: rated_current axis 3 = 3500   
20260817-135618:080038712 Macro|INFO [ReadRatedCurAll,300]: rated_current axis 4 = 3500   
20260817-135618:083038704 Macro|INFO [ReadRatedCurAll,300]: rated_current axis 5 = 3500   
20260817-135618:086055848 Macro|INFO [ReadRatedCurAll,300]: rated_current axis 6 = 3000   
20260817-135618:089026184 Macro|INFO [ReadRatedCurAll,300]: rated_current axis 7 = 3500 
20260817-135618:099031864 Macro|INFO [ReadPIDAll,365]: pos_kp axis 1 = 80   
20260817-135618:099061560 Macro|INFO [ReadPIDAll,366]: vel_kp axis 1 = 400   
20260817-135618:099085328 Macro|INFO [ReadPIDAll,367]: vel_ki axis 1 = 500   
20260817-135618:108032712 Macro|INFO [ReadPIDAll,365]: pos_kp axis 2 = 80   
20260817-135618:108062048 Macro|INFO [ReadPIDAll,366]: vel_kp axis 2 = 400 
20260817-135618:108086112 Macro|INFO [ReadPIDAll,367]: vel_ki axis 2 = 500   
20260817-135618:117037512 Macro|INFO [ReadPIDAll,365]: pos_kp axis 3 = 80   
20260817-135618:117066480 Macro|INFO [ReadPIDAll,366]: vel_kp axis 3 = 400   
20260817-135618:117090144 Macro|INFO [ReadPIDAll,367]: vel_ki axis 3 = 500   
20260817-135618:125033448 Macro|INFO [ReadPIDAll,365]: pos_kp axis 4 = 80 
20260817-135618:125063160 Macro|INFO [ReadPIDAll,366]: vel_kp axis 4 = 400   
20260817-135618:125087272 Macro|INFO [ReadPIDAll,367]: vel_ki axis 4 = 500   
20260817-135618:133029912 Macro|INFO [ReadPIDAll,365]: pos_kp axis 5 = 80   
20260817-135618:133059504 Macro|INFO [ReadPIDAll,366]: vel_kp axis 5 = 400   
20260817-135618:133083912 Macro|INFO [ReadPIDAll,367]: vel_ki axis 5 = 500 
20260817-135618:142073400 Macro|INFO [ReadPIDAll,365]: pos_kp axis 6 = 80   
20260817-135618:142102672 Macro|INFO [ReadPIDAll,366]: vel_kp axis 6 = 400   
20260817-135618:142126488 Macro|INFO [ReadPIDAll,367]: vel_ki axis 6 = 500   
20260817-135618:151045744 Macro|INFO [ReadPIDAll,365]: pos_kp axis 7 = 80   
20260817-135618:151075624 Macro|INFO [ReadPIDAll,366]: vel_kp axis 7 = 400 
20260817-135618:151099152 Macro|INFO [ReadPIDAll,367]: vel_ki axis 7 = 500   
20260817-135618:154057328 Macro|INFO [ReadPosTrackingErrAll,615]: pos_tracking_err axis 1 = 50000.  
20260817-135618:157043552 Macro|INFO [ReadPosTrackingErrAll,615]: pos_tracking_err axis 2 = 50000.  
20260817-135618:160049112 Macro|INFO [ReadPosTrackingErrAll,615]: pos_tracking_err axis 3 = 50000. 
20260817-135618:163044744 Macro|INFO [ReadPosTrackingErrAll,615]: pos_tracking_err axis 4 = 50000.  
20260817-135618:166052088 Macro|INFO [ReadPosTrackingErrAll,615]: pos_tracking_err axis 5 = 50000.  
20260817-135618:169033040 Macro|INFO [ReadPosTrackingErrAll,615]: pos_tracking_err axis 6 = 50000.  
20260817-135618:172064128 Macro|INFO [ReadPosTrackingErrAll,615]: pos_tracking_err axis 7 = 50000. 
20260817-135618:175063864 EC_IDN|ERROR [NrtData_IdnRead,479]: The IDN data only support ZERO ERROR module!  
20260817-135618:175093928 Macro|INFO [ReadCanAll,420]: read velocity integral limit error -1502, will set default value is 80000.  
20260817-135618:188119440 EC_IDN|INFO [NrtData_IdnCallback_VEICHI,256]: 0x2002: 65h is 10000, 1  
20260817-135618:188333880 EC_IDN|INFO [NrtData_IdnCallback_VEICHI,267]: 0x2002: 66h is 0, 1 
20260817-135618:196051192 Macro|INFO [ReadCanAll,557]: hard pos_tracking_err axis 1 = 50000   
20260817-135618:196083912 Macro|INFO [ReadCanAll,558]: hard spd_tracking_err axis 1 = 10   
20260817-135618:196108104 Macro|INFO [ReadCanAll,559]: vel_integal_lim axis 1 = 80000   
20260817-135618:196133224 Macro|INFO [ReadCanAll,560]: stall current axis 1 = 1100   
20260817-135618:196155368 Macro|INFO [ReadCanAll,561]: stall speed axis 1 = 10 
20260817-135618:196175928 Macro|INFO [ReadCanAll,562]: stall time axis 1 = 500   
20260817-135618:196196760 Macro|INFO [ReadCanAll,564]: soft pos_tracking_err axis 1 = 5242944   
20260817-135618:196221600 Macro|INFO [ReadCanAll,565]: soft spd_tracking_err axis 1 = 10   
20260817-135618:196243392 Macro|INFO [ReadCanAll,566]: soft stall current axis 1 = 900   
20260817-135618:196264760 Macro|INFO [ReadCanAll,567]: soft stall speed axis 1 = 50 
20260817-135618:196285168 Macro|INFO [ReadCanAll,568]: soft stall time axis 1 = 250   
20260817-135618:200069832 EC_IDN|ERROR [NrtData_IdnRead,479]: The IDN data only support ZERO ERROR module!  
20260817-135618:200100744 Macro|INFO [ReadCanAll,420]: read velocity integral limit error -1502, will set default value is 80000.  
20260817-135618:212151968 EC_IDN|INFO [NrtData_IdnCallback_VEICHI,256]: 0x2002: 65h is 10000, 1 
20260817-135618:213122024 EC_IDN|INFO [NrtData_IdnCallback_VEICHI,267]: 0x2002: 66h is 0, 1  
20260817-135618:222082320 Macro|INFO [ReadCanAll,557]: hard pos_tracking_err axis 2 = 50000   
20260817-135618:222114928 Macro|INFO [ReadCanAll,558]: hard spd_tracking_err axis 2 = 10   
20260817-135618:222138792 Macro|INFO [ReadCanAll,559]: vel_integal_lim axis 2 = 80000 
20260817-135618:222164512 Macro|INFO [ReadCanAll,560]: stall current axis 2 = 1100   
20260817-135618:222186904 Macro|INFO [ReadCanAll,561]: stall speed axis 2 = 10   
20260817-135618:222208704 Macro|INFO [ReadCanAll,562]: stall time axis 2 = 500   
20260817-135618:222230352 Macro|INFO [ReadCanAll,564]: soft pos_tracking_err axis 2 = 5242944   
20260817-135618:222255864 Macro|INFO [ReadCanAll,565]: soft spd_tracking_err axis 2 = 10 
20260817-135618:222276624 Macro|INFO [ReadCanAll,566]: soft stall current axis 2 = 900   
20260817-135618:222298152 Macro|INFO [ReadCanAll,567]: soft stall speed axis 2 = 50   
20260817-135618:222318288 Macro|INFO [ReadCanAll,568]: soft stall time axis 2 = 250   
20260817-135618:226079632 EC_IDN|ERROR [NrtData_IdnRead,479]: The IDN data only support ZERO ERROR module! 
20260817-135618:226110840 Macro|INFO [ReadCanAll,420]: read velocity integral limit error -1502, will set default value is 80000.  
20260817-135618:239113744 EC_IDN|INFO [NrtData_IdnCallback_VEICHI,256]: 0x2002: 65h is 10000, 1  
20260817-135618:240122584 EC_IDN|INFO [NrtData_IdnCallback_VEICHI,267]: 0x2002: 66h is 0, 1  
20260817-135618:249025808 Macro|INFO [ReadCanAll,557]: hard pos_tracking_err axis 3 = 50000 
20260817-135618:249057712 Macro|INFO [ReadCanAll,558]: hard spd_tracking_err axis 3 = 10   
20260817-135618:249081200 Macro|INFO [ReadCanAll,559]: vel_integal_lim axis 3 = 80000   
20260817-135618:249104968 Macro|INFO [ReadCanAll,560]: stall current axis 3 = 1100   
20260817-135618:249126768 Macro|INFO [ReadCanAll,561]: stall speed axis 3 = 10   
20260817-135618:249148608 Macro|INFO [ReadCanAll,562]: stall time axis 3 = 500 
20260817-135618:249169832 Macro|INFO [ReadCanAll,564]: soft pos_tracking_err axis 3 = 5242944   
20260817-135618:249194320 Macro|INFO [ReadCanAll,565]: soft spd_tracking_err axis 3 = 10   
20260817-135618:249214688 Macro|INFO [ReadCanAll,566]: soft stall current axis 3 = 900   
20260817-135618:249236008 Macro|INFO [ReadCanAll,567]: soft stall speed axis 3 = 50   
20260817-135618:249256832 Macro|INFO [ReadCanAll,568]: soft stall time axis 3 = 250 
20260817-135618:253066640 EC_IDN|ERROR [NrtData_IdnRead,479]: The IDN data only support ZERO ERROR module!  
20260817-135618:253097752 Macro|INFO [ReadCanAll,420]: read velocity integral limit error -1502, will set default value is 80000.  
20260817-135618:265114000 EC_IDN|INFO [NrtData_IdnCallback_VEICHI,256]: 0x2002: 65h is 10000, 1  
20260817-135618:265326920 EC_IDN|INFO [NrtData_IdnCallback_VEICHI,267]: 0x2002: 66h is 0, 1 
20260817-135618:273032240 Macro|INFO [ReadCanAll,557]: hard pos_tracking_err axis 4 = 50000   
20260817-135618:273063688 Macro|INFO [ReadCanAll,558]: hard spd_tracking_err axis 4 = 10   
20260817-135618:273086160 Macro|INFO [ReadCanAll,559]: vel_integal_lim axis 4 = 80000   
20260817-135618:273109960 Macro|INFO [ReadCanAll,560]: stall current axis 4 = 1100   
20260817-135618:273132864 Macro|INFO [ReadCanAll,561]: stall speed axis 4 = 10 
20260817-135618:273153432 Macro|INFO [ReadCanAll,562]: stall time axis 4 = 500   
20260817-135618:273174144 Macro|INFO [ReadCanAll,564]: soft pos_tracking_err axis 4 = 5242944   
20260817-135618:273198672 Macro|INFO [ReadCanAll,565]: soft spd_tracking_err axis 4 = 10   
20260817-135618:273219848 Macro|INFO [ReadCanAll,566]: soft stall current axis 4 = 900   
20260817-135618:273242568 Macro|INFO [ReadCanAll,567]: soft stall speed axis 4 = 50 
20260817-135618:273263312 Macro|INFO [ReadCanAll,568]: soft stall time axis 4 = 250   
20260817-135618:277065544 EC_IDN|ERROR [NrtData_IdnRead,479]: The IDN data only support ZERO ERROR module!  
20260817-135618:277096488 Macro|INFO [ReadCanAll,420]: read velocity integral limit error -1502, will set default value is 80000.  
20260817-135618:289108720 EC_IDN|INFO [NrtData_IdnCallback_VEICHI,256]: 0x2002: 65h is 10000, 1 
20260817-135618:290132880 EC_IDN|INFO [NrtData_IdnCallback_VEICHI,267]: 0x2002: 66h is 0, 1  
20260817-135618:299027520 Macro|INFO [ReadCanAll,557]: hard pos_tracking_err axis 5 = 50000   
20260817-135618:299059704 Macro|INFO [ReadCanAll,558]: hard spd_tracking_err axis 5 = 10   
20260817-135618:299083048 Macro|INFO [ReadCanAll,559]: vel_integal_lim axis 5 = 80000 
20260817-135618:299107040 Macro|INFO [ReadCanAll,560]: stall current axis 5 = 1100   
20260817-135618:299128968 Macro|INFO [ReadCanAll,561]: stall speed axis 5 = 10   
20260817-135618:299149304 Macro|INFO [ReadCanAll,562]: stall time axis 5 = 500   
20260817-135618:299170184 Macro|INFO [ReadCanAll,564]: soft pos_tracking_err axis 5 = 5242944   
20260817-135618:299194872 Macro|INFO [ReadCanAll,565]: soft spd_tracking_err axis 5 = 10 
20260817-135618:299215184 Macro|INFO [ReadCanAll,566]: soft stall current axis 5 = 900   
20260817-135618:299236592 Macro|INFO [ReadCanAll,567]: soft stall speed axis 5 = 50   
20260817-135618:299258344 Macro|INFO [ReadCanAll,568]: soft stall time axis 5 = 250   
20260817-135618:303068104 EC_IDN|ERROR [NrtData_IdnRead,479]: The IDN data only support ZERO ERROR module! 
20260817-135618:303099640 Macro|INFO [ReadCanAll,420]: read velocity integral limit error -1502, will set default value is 80000.  
20260817-135618:315113200 EC_IDN|INFO [NrtData_IdnCallback_VEICHI,256]: 0x2002: 65h is 10000, 1  
20260817-135618:316123312 EC_IDN|INFO [NrtData_IdnCallback_VEICHI,267]: 0x2002: 66h is 0, 1  
20260817-135618:325028520 Macro|INFO [ReadCanAll,557]: hard pos_tracking_err axis 6 = 50000 
20260817-135618:325061904 Macro|INFO [ReadCanAll,558]: hard spd_tracking_err axis 6 = 10   
20260817-135618:325085728 Macro|INFO [ReadCanAll,559]: vel_integal_lim axis 6 = 80000   
20260817-135618:325109264 Macro|INFO [ReadCanAll,560]: stall current axis 6 = 1100   
20260817-135618:325133504 Macro|INFO [ReadCanAll,561]: stall speed axis 6 = 10   
20260817-135618:325155184 Macro|INFO [ReadCanAll,562]: stall time axis 6 = 500 
20260817-135618:325176432 Macro|INFO [ReadCanAll,564]: soft pos_tracking_err axis 6 = 5242944   
20260817-135618:325202064 Macro|INFO [ReadCanAll,565]: soft spd_tracking_err axis 6 = 10   
20260817-135618:325223424 Macro|INFO [ReadCanAll,566]: soft stall current axis 6 = 900   
20260817-135618:325245392 Macro|INFO [ReadCanAll,567]: soft stall speed axis 6 = 50   
20260817-135618:325266088 Macro|INFO [ReadCanAll,568]: soft stall time axis 6 = 250 
20260817-135618:329057840 EC_IDN|ERROR [NrtData_IdnRead,479]: The IDN data only support ZERO ERROR module!  
20260817-135618:329089248 Macro|INFO [ReadCanAll,420]: read velocity integral limit error -1502, will set default value is 80000.  
20260817-135618:342160840 EC_IDN|INFO [NrtData_IdnCallback_VEICHI,256]: 0x2002: 65h is 10000, 1  
20260817-135618:343120552 EC_IDN|INFO [NrtData_IdnCallback_VEICHI,267]: 0x2002: 66h is 0, 1 
20260817-135618:352083448 Macro|INFO [ReadCanAll,557]: hard pos_tracking_err axis 7 = 50000   
20260817-135618:352114840 Macro|INFO [ReadCanAll,558]: hard spd_tracking_err axis 7 = 10   
20260817-135618:352139608 Macro|INFO [ReadCanAll,559]: vel_integal_lim axis 7 = 80000   
20260817-135618:352164744 Macro|INFO [ReadCanAll,560]: stall current axis 7 = 1100   
20260817-135618:352188944 Macro|INFO [ReadCanAll,561]: stall speed axis 7 = 10 
20260817-135618:352210440 Macro|INFO [ReadCanAll,562]: stall time axis 7 = 500   
20260817-135618:352232368 Macro|INFO [ReadCanAll,564]: soft pos_tracking_err axis 7 = 5242944   
20260817-135618:352258368 Macro|INFO [ReadCanAll,565]: soft spd_tracking_err axis 7 = 10   
20260817-135618:352280168 Macro|INFO [ReadCanAll,566]: soft stall current axis 7 = 900   
20260817-135618:352301752 Macro|INFO [ReadCanAll,567]: soft stall speed axis 7 = 50 
20260817-135618:352323408 Macro|INFO [ReadCanAll,568]: soft stall time axis 7 = 250   
20260817-135618:850264552 CP-IP|INFO [IPCommission_LoadEthernetInfo,1105]: Load nvram net mapping table successful. crc = 0xa37c  
20260817-135618:850312080 CP-IP|INFO [IPCommission_UpdateSysConfig,1317]: Node 0 load IP from nvram， port0 ip:192.168.10.120, port1 ip: 192.168.10.100 
20260817-135618:850349752 CP-IP|INFO [IPCommission_SetRobotName,1453]: Write nvram's robot name to IDN: Robot1  
20260817-135618:958433520 CP-IP|INFO [IPCommission_SetEthernetInfo,826]: use nvram value to re-update RTEMS(port1) gateway = 192.168.10.254  
20260817-135618:958467048 LogicAddr|INFO [LgAddr_GetHardwareType,1173]: hardware type is Comm-E 
20260817-135618:958520768 CP-IP|INFO [IPCommission_SetIP,377]: use nvram value to re-update Linux(port0) gateway = 192.168.10.254  
20260817-135619:170293312 CP-IP|INFO [IPCommission_SetIP,386]: use nvram value to set remote linux ip successful, node = 1 IP0 = 192.168.10.120  
20260817-135619:170342904 LogicAddr|INFO [LgAddr_GetHardwareType,1173]: hardware type is Comm-E 
20260817-135619:171422680 LogicAddr|INFO [LgAddr_Config,333]: LgAddr Update port 1 bd addr 192.168.10.255  
20260817-135619:171465024 LogicAddr|INFO [LgAddr_GetHardwareType,1173]: hardware type is Comm-E  
20260817-135619:171497160 CP-IP|INFO [IPCommission_SetIP,390]: use nvram value to set local rtems ip, node = 1, IP1 = 192.168.10.100  
20260817-135619:171530232 LogicAddr|INFO [LgAddr_GetHardwareType,1173]: hardware type is Comm-E 
20260817-135619:171566480 LogicAddr|INFO [LgAddr_GetHardwareType,1173]: hardware type is Comm-E  
20260817-135619:181252888 ctrlinfo|INFO [ctrlinfo_idn_handler,151]: Comm System version QRTOS_V2.4.697141004; FPGA_V1.10.9; COMM_CFG_V2.5.0.0 
20260817-135619:205447720 CP-IP|INFO [IPCommission_SetIP,397]: use nvram value to set local rtems ip successful,node = 1, and change broadcast addr to 192.168.10.255 
20260817-135619:205494360 LogicAddr|INFO [LgAddr_GetHardwareType,1173]: hardware type is Comm-E  
20260817-135619:327927752 LogicAddr|INFO [LgAddr_GetHardwareType,1173]: hardware type is Comm-E  
20260817-135619:327973504 LogicAddr|INFO [LgAddr_GetHardwareType,1173]: hardware type is Comm-E  
20260817-135619:348933368 LogicAddr|INFO [LgAddr_GetLinuxIp,1242]: Get Linux IP success = 192.168.10.120, 0x780aa8c0
20260817-135619:348989712 LogicAddr|INFO [LgAddr_GetHardwareType,1173]: hardware type is Comm-E  
20260817-135619:349030144 LogicAddr|INFO [LgAddr_GetHardwareType,1173]: hardware type is Comm-E  
20260817-135619:360986072 Upgrade|INFO [SystemUpgrade_flag_control,1389]: magic 5343 boot 0 start_up 0 upgrade 0 auto_update_flag 0
20260817-135619:470137760 CP-IP|INFO [IPCommission_SetIP,401]: use nvram value to set local rtems gateway successful, node = 1 gateway = 192.168.10.254  
20260817-135619:470172168 CP-IP|INFO [IPCommission_SetIPResult,514]: Set node1 IP result=2  
20260817-135619:470196904 CP-IP|INFO [IPCommission_SaveCommandDistribute,568]: Start to save local network mapping table 
20260817-135619:470226360 LogicAddr|INFO [LgAddr_GetHardwareType,1173]: hardware type is Comm-E  
20260817-135619:470262760 LogicAddr|INFO [LgAddr_GetHardwareType,1173]: hardware type is Comm-E  
20260817-135619:550100128 LogicAddr|INFO [LgAddr_GetLinuxIp,1242]: Get Linux IP success = 192.168.10.120, 0x780aa8c0  
20260817-135619:550161128 LogicAddr|INFO [LgAddr_GetHardwareType,1173]: hardware type is Comm-E 
20260817-135619:550200744 LogicAddr|INFO [LgAddr_GetHardwareType,1173]: hardware type is Comm-E  
20260817-135619:550246160 CP-IP|INFO [IPCommission_SaveEthernetInfo,980]:  mac0 = B4:A2:EB:00:A3:90, mac1 = B4:A2:EB:00:A3:91  
20260817-135620:464092032 CP-IP|INFO [IPCommission_SaveEthernetInfo,1039]:  Save Ethernet info success write crc=0xa37c
20260817-135620:464128408 CP-IP|INFO [IPCommission_SetIPResult,538]: save all node network mapping table successful  
20260817-135620:464154904 CP-IP|INFO [IPCommission_UpdateSysConfig,1367]: Re-config mac ip result = 0x2  
20260817-135620:464182872 CP-IP|INFO [IPCommission_FunctionInit,1168]:  Load & distribute net mapping table success.  
20260817-135620:464207072 LogicAddr|INFO [LgAddr_GetHardwareType,1173]: hardware type is Comm-E 
20260817-135620:464245128 LogicAddr|INFO [LgAddr_GetHardwareType,1173]: hardware type is Comm-E  
20260817-135620:543552272 LogicAddr|INFO [LgAddr_GetLinuxIp,1242]: Get Linux IP success = 192.168.10.120, 0x780aa8c0  
20260817-135620:579123152 LogicAddr|INFO [LgAddr_GetHardwareType,1173]: hardware type is Comm-E  
20260817-135620:579169608 LogicAddr|INFO [LgAddr_GetHardwareType,1173]: hardware type is Comm-E 
20260817-135620:579209248 MCLink|INFO [mclink_set_system_status,171]: ----------------------system enter status 4 ------------------------ 
20260817-135620:614098560 APPMAIN|INFO [app_main,262]: Robot calibration is [0, 0, 0, 0, 0, 0] 
20260817-135620:825075352 MCLink|INFO [mclink_set_system_status,171]: ----------------------system enter status 5 ------------------------
20260817-135620:860089112 PMAIN|INFO [rest_task_entry,179]: HalGetkeyState is 1   
20260817-135620:860128840 ConfigFile|WARN [ConfigFile_CompareFilename,5098]: illegal Controller file name:Controller  
20260817-135620:860154560 ConfigFile|FATAL [ConfigFile_CheckNodeConsistency,5205]: On node1 config files name conflict: Controller , Robot1 file, Calibration, Commission 
20260817-135620:860183120 CTL_RES|INFO [controller_resource_efuse_prepare,201]: efuse enable=0 silicon ver=3 
20260817-135621:629306232 PMAIN|INFO [rest_task_entry,195]: rtems system initial ready  
20260817-135621:630112352 RobotExcepMonitor|ERROR [KeyStateDistribute,1010]: switch from auto to auto   
20260817-135621:630971008 RobotVDStateMag|INFO [RobotVDStateManagerhandler,79]:  finish Subroutine init 
20260817-135621:630999784 RobotVDStateMag|INFO [RobotVDStateManagerhandler,81]:  Subroutine InitFinish event  
20260817-135621:631032024 RobotVDSM|INFO [ST_RobotVDInitializedState,1419]: robot vd: initialized state  
20260817-135621:632959920 RobotVDStateMag|INFO [RobotVDStateManagerhandler,112]:  finish VD initialization  
20260817-135621:632988648 RobotVDStateMag|INFO [RobotVDStateManagerhandler,114]:  robotVD Init Finished event 
20260817-135621:633019752 RobotVDSM|INFO [ST_RobotVDPowerOffState,1441]: robot vd: power off state  
20260817-135622:859246208 ConfigFile|WARN [ConfigFile_ParseIDNArraySize,5466]: Shell IDN module 242.50 array_module 242.0 read error = -1502  
20260817-135622:859305112 ConfigFile|WARN [ConfigFile_ParseIDNArraySize,5466]: Shell IDN module 242.51 array_module 242.0 read error = -1502
20260817-135622:859356144 ConfigFile|WARN [ConfigFile_ParseIDNArraySize,5466]: Shell IDN module 242.52 array_module 242.0 read error = -1502  
20260817-135622:859403560 ConfigFile|WARN [ConfigFile_ParseIDNArraySize,5466]: Shell IDN module 242.53 array_module 242.0 read error = -1502  
20260817-135622:859449424 ConfigFile|WARN [ConfigFile_ParseIDNArraySize,5466]: Shell IDN module 242.54 array_module 242.0 read error = -1502
20260817-135622:892301704 ConfigFile|WARN [ConfigFile_ParseIDNArraySize,5466]: Shell IDN module 242.55 array_module 242.0 read error = -1502  
20260817-135622:892359064 ConfigFile|WARN [ConfigFile_ParseIDNArraySize,5466]: Shell IDN module 242.56 array_module 242.0 read error = -1502  
20260817-135622:892407352 ConfigFile|WARN [ConfigFile_ParseIDNArraySize,5466]: Shell IDN module 242.57 array_module 242.0 read error = -1502
20260817-135622:892453464 ConfigFile|WARN [ConfigFile_ParseIDNArraySize,5466]: Shell IDN module 242.58 array_module 242.0 read error = -1502  
20260817-135622:927133464 ConfigFile|WARN [ConfigFile_ParseIDNArraySize,5466]: Shell IDN module 242.59 array_module 242.0 read error = -1502  
20260817-135622:927188752 ConfigFile|WARN [ConfigFile_ParseIDNArraySize,5466]: Shell IDN module 242.60 array_module 242.0 read error = -1502
20260817-135622:927238944 ConfigFile|WARN [ConfigFile_ParseIDNArraySize,5466]: Shell IDN module 242.61 array_module 242.0 read error = -1502  
20260817-135622:927287152 ConfigFile|WARN [ConfigFile_ParseIDNArraySize,5466]: Shell IDN module 242.62 array_module 242.0 read error = -1502  
20260817-135622:963184192 ConfigFile|WARN [ConfigFile_ParseIDNArraySize,5466]: Shell IDN module 242.63 array_module 242.0 read error = -1502
20260817-135622:963425040 ctrlinfo|INFO [ctrlinfo_idn_handler,179]: node_num 0 gCtlSys.NodesOfController 9 
20260817-135623:455466008 ConfigFile|INFO [ConfigFile_CheckAndReportModelInfoInvalid,5301]: g_model_errcode 0
20260817-135644:423257992 MCLink|INFO [block_task_bind,123]: bind robot0 to bind_chl0
20260817-135644:603890904 MACRO_PRF|INFO [setProfile,73]: RTEMS------------------------profile_set---------------------  
20260817-135644:603928968 MACRO_PRF|INFO [setProfile,202]: set profile end 
20260817-135652:834627680 MacroSys|INFO [system_abort,109]: RTEMS-------------system_abort--------------------- 
20260817-135652:834669040 MacroSys|INFO [system_abort,138]: send motion abort cmd event 
20260817-135652:834735712 MacroSys|INFO [system_abort,246]: Macro system abort exit. 
20260817-135652:835477832 BackToPath|INFO [BackToPathRecordCMDPose,394]: need_back_to_path_flag is 0, current joint cmd is [0.000000, 0.000000, 0.000000, 0.000000, 0.000000, 0.000000]  
20260817-135652:835517488 RapidStop|INFO [CfgRobotRapidStop,674]: rapid stop joint  
20260817-135652:836063688 MCLink|INFO [block_task_unbind,170]: unbind robot0 from bind_chl0
20260817-135652:836627160 RCTASKS|INFO [RobotWaitRapidStopFinishTask,405]: get rapid stop finished semaphore 
20260817-135652:933796152 MCLink|INFO [block_task_bind,123]: bind robot0 to bind_chl0
20260817-135652:978662232 MacroRobot|INFO [robot_poweron,80]: RTEMS-------------robot_poweron start--------------- 
20260817-135652:978816544 FZERO|INFO [ExitForceZeroMode1,403]: Set servo to position mode success. 
20260817-135652:978843072 PWRCTL|INFO [PowerControlPowerOn,97]: macro robot PowerOn: send PowerOn cmd event to robot VD mainSM 
20260817-135652:978878184 RobotVDSM|INFO [ST_RobotVDPowerOnInProgressState,1463]: robot vd: power on in progress state  
20260817-135652:979867040 RobotVDSM|INFO [ST_RobotVDPowerOnInProgressState,1471]: robot vd: send PowerOn cmd event from mainSM to Pwrseq subSM  
20260817-135652:979905088 PwrOnSeqSM|INFO [ST_PwrOnSeqClearFaultsInProgressState,524]: POWRE ON: clear faults in progress state 
20260817-135652:979987584 PwrOnSeqSM|ERROR [PwrSeqClrErr,857]: power on reset servo warning  
20260817-135652:980012824 EtherCAT|INFO [CoESrv_StateCommand,968]: StateCommand[0][0] set cmd is 1.  
20260817-135652:980037608 EtherCAT|INFO [CoESrv_StateCommand,968]: StateCommand[0][1] set cmd is 1.  
20260817-135652:980059800 EtherCAT|INFO [CoESrv_StateCommand,968]: StateCommand[0][2] set cmd is 1. 
20260817-135652:980081352 EtherCAT|INFO [CoESrv_StateCommand,968]: StateCommand[0][3] set cmd is 1.  
20260817-135652:980103240 EtherCAT|INFO [CoESrv_StateCommand,968]: StateCommand[0][4] set cmd is 1.  
20260817-135652:980125024 EtherCAT|INFO [CoESrv_StateCommand,968]: StateCommand[0][5] set cmd is 1.  
20260817-135652:980147728 EtherCAT|INFO [CoESrv_StateCommand,968]: StateCommand[0][6] set cmd is 1. 
20260817-135652:981783224 PWR_SEQ|INFO [RobotPwrSeqhandler,1003]: Power sequence: PowerOn subSM send clear faults ok event  
20260817-135652:981819688 PwrOnSeqSM|INFO [ST_PwrOnSeqFaultsClearedState,551]: POWRE ON: faults cleared state  
20260817-135652:983774440 PWR_SEQ|INFO [RobotPwrSeqhandler,1015]: Power sequence: PowerOn subSM send enable dcbus event 
20260817-135652:983811048 PwrOnSeqSM|INFO [ST_PwrOnSeqHighPowerEnableInProgressState,572]: POWRE ON: high power enable in progress state  
20260817-135652:985780648 PWR_SEQ|INFO [RobotPwrSeqhandler,1102]: Power sequence: PowerOn subSM send dcbus enable ok event  
20260817-135652:985817592 PwrOnSeqSM|INFO [ST_PwrOnSeqHighPowerEnabledState,594]: POWRE ON: high power enabled state 
20260817-135652:987779624 PWR_SEQ|INFO [RobotPwrSeqhandler,1115]: Power sequence: PowerOn subSM send enable amplifiers event  
20260817-135652:987816592 PwrOnSeqSM|INFO [ST_PwrOnSeqEnableAmplifiersInProgressState,615]: POWRE ON: enable amplifiers in progress state  
20260817-135652:988074688 PwrOnSeqSM|INFO [ST_PwrOnSeqEnableAmplifiersInProgressState,622]: POWRE ON: send enable pwm event from PowerOn subSM to EnAmp subSM 
20260817-135652:988107480 PwrOnSeqEnAmpSM|INFO [ST_PwrOnSeqEnAmpChildEnablePwmInProgressState,316]: POWRE ON enamp: enable pwm in progress state  
20260817-135652:989777232 PWR_SEQ|INFO [RobotPwrSeqhandler,1174]: Power sequence: PowerOn EnAmp subSM send pwm enabled ok event  
20260817-135652:989813000 PwrOnSeqEnAmpSM|INFO [ST_PwrOnSeqEnAmpChildPwmEnabledState,337]: POWRE ON enamp: pwm enabled state 
20260817-135652:991778504 PWR_SEQ|INFO [RobotPwrSeqhandler,1214]: Power sequence: PowerOn EnAmp subSM send adc already done event  
20260817-135652:991816248 PwrOnSeqEnAmpSM|INFO [ST_PwrOnSeqEnAmpChildCurrentOffsetCalibratedState,378]: POWRE ON enamp: adc calibrated state  
20260817-135652:993775120 PWR_SEQ|INFO [RobotPwrSeqhandler,1292]: Power sequence: PowerOn EnAmp subSM send uvw break already check event 
20260817-135652:993811304 PwrOnSeqEnAmpSM|INFO [ST_PwrOnSeqEnAmpChildCheckUVWBreakFinishedState,419]: POWRE ON enamp: check uvw break finished state  
20260817-135652:995775968 PWR_SEQ|INFO [RobotPwrSeqhandler,1354]: Power sequence: PowerOn EnAmp subSM send enable currentloop event  
20260817-135652:995811392 PwrOnSeqEnAmpSM|INFO [ST_PwrOnSeqEnAmpChildEnableCurrentloopInProgressState,438]: POWRE ON enamp: enable currentloop in progress state 
20260817-135652:997775520 PWR_SEQ|INFO [RobotPwrSeqhandler,1406]: Power sequence: PowerOn EnAmp subSM send currentloop enabled ok event  
20260817-135652:997812160 PwrOnSeqEnAmpSM|INFO [ST_PwrOnSeqEnAmpChildCurrentloopEnabledState,460]: POWRE ON enamp: currentloop enabled state  
20260817-135652:999772160 PWR_SEQ|INFO [RobotPwrSeqhandler,1421]: Power sequence: PowerOn EnAmp subSM back to idle event 
20260817-135652:999808752 PwrOnSeqEnAmpSM|INFO [ST_PwrOnSeqEnAmpChildIdleState,297]: POWRE ON enamp: idle state  
20260817-135652:999836184 PWR_SEQ|INFO [RobotPwrSeqhandler,1431]: Power sequence: from PowerOn EnAmp subSM back to PowerOn subSM amplifiers on ok event  
20260817-135652:999862808 PwrOnSeqSM|INFO [ST_PwrOnSeqAmplifiersEnabledState,645]: POWRE ON: amplifiers enabled state 
20260817-135653:001780200 PWR_SEQ|INFO [RobotPwrSeqhandler,1473]: Power sequence: PowerOn subSM motors already commutated event  
20260817-135653:001814360 PwrOnSeqSM|INFO [ST_PwrOnSeqMotorsCommutatedState,689]: POWRE ON: motors commutation finished state  
20260817-135653:003781032 Jog|INFO [InitRobotJog,82]: [JOG_DIAG] init robot=0 Td=0.100000 t_seg=100 Speed=0.000000 limit_per=10.000000 cart_trans_spd_limit=250.000000 cart_rot_spd_limit=36.000000
20260817-135653:003832312 Jog|INFO [InitRobotJog,92]: [JOG_DIAG] init_profile robot=0 prf.acc=50.000000 prf.dec=50.000000 prf.accramp=0.100000 prf.decramp=0.100000 acc_delta_per=10.000000 anticipation_enable=1 anticipation_dis=0.500000  
20260817-135653:003923240 PWR_SEQ|INFO [RobotPwrSeqhandler,1538]: Power sequence: PowerOn subSM enable servos event 
20260817-135653:003950832 PwrOnSeqSM|INFO [ST_PwrOnSeqEnableServosInProgressState,710]: POWRE ON: enable servos in progress state  
20260817-135653:004622288 EtherCAT|INFO [CoESrv_StateCommand,968]: StateCommand[0][0] set cmd is 2.  
20260817-135653:004649320 EtherCAT|INFO [CoESrv_StateCommand,968]: StateCommand[0][1] set cmd is 2.  
20260817-135653:004671352 EtherCAT|INFO [CoESrv_StateCommand,968]: StateCommand[0][2] set cmd is 2. 
20260817-135653:004692208 EtherCAT|INFO [CoESrv_StateCommand,968]: StateCommand[0][3] set cmd is 2.  
20260817-135653:004711552 EtherCAT|INFO [CoESrv_StateCommand,968]: StateCommand[0][4] set cmd is 2.  
20260817-135653:004731040 EtherCAT|INFO [CoESrv_StateCommand,968]: StateCommand[0][5] set cmd is 2.  
20260817-135653:004750264 EtherCAT|INFO [CoESrv_StateCommand,968]: StateCommand[0][6] set cmd is 2. 
20260817-135653:024591704 EtherCAT|INFO [CoESrv_StateCommand,968]: StateCommand[0][0] set cmd is 3.  
20260817-135653:024621248 EtherCAT|INFO [CoESrv_StateCommand,968]: StateCommand[0][1] set cmd is 3.  
20260817-135653:424593112 EtherCAT|INFO [CoESrv_StateCommand,968]: StateCommand[0][2] set cmd is 3.  
20260817-135653:424625480 EtherCAT|INFO [CoESrv_StateCommand,968]: StateCommand[0][3] set cmd is 3. 
20260817-135653:824592648 EtherCAT|INFO [CoESrv_StateCommand,968]: StateCommand[0][4] set cmd is 3.  
20260817-135653:824627808 EtherCAT|INFO [CoESrv_StateCommand,968]: StateCommand[0][5] set cmd is 3.  
20260817-135653:824653544 EtherCAT|INFO [CoESrv_StateCommand,968]: StateCommand[0][6] set cmd is 3.  
20260817-135653:824677400 PwrOnSeqSM|INFO [PwrSeqCheckServoOnEtherCAT,928]: Start to check 
20260817-135653:824756672 PwrOnSeqSM|INFO [PwrSeqCheckServoOnEtherCAT,968]: EtherCAT servo on success!  
20260817-135653:834590344 PwrOnSeqSM|INFO [PwrSeqCheckServoOnEtherCAT,974]: EtherCAT servo on  axis is 0, status word is [5687, 1637], error code is 0.  
20260817-135653:844592072 PwrOnSeqSM|INFO [PwrSeqCheckServoOnEtherCAT,974]: EtherCAT servo on  axis is 1, status word is [5687, 1637], error code is 0. 
20260817-135653:854590928 PwrOnSeqSM|INFO [PwrSeqCheckServoOnEtherCAT,974]: EtherCAT servo on  axis is 2, status word is [4663, 1237], error code is 0.  
20260817-135653:864591280 PwrOnSeqSM|INFO [PwrSeqCheckServoOnEtherCAT,974]: EtherCAT servo on  axis is 3, status word is [4663, 1237], error code is 0. 
20260817-135653:874590408 PwrOnSeqSM|INFO [PwrSeqCheckServoOnEtherCAT,974]: EtherCAT servo on  axis is 4, status word is [567, 237], error code is 0.  
20260817-135653:884590744 PwrOnSeqSM|INFO [PwrSeqCheckServoOnEtherCAT,974]: EtherCAT servo on  axis is 5, status word is [4663, 1237], error code is 0. 
20260817-135653:894591008 PwrOnSeqSM|INFO [PwrSeqCheckServoOnEtherCAT,974]: EtherCAT servo on  axis is 6, status word is [4663, 1237], error code is 0.  
20260817-135653:896593344 PWR_SEQ|INFO [RobotPwrSeqhandler,1603]: Power sequence: PowerOn subSM servos enabled ok event  
20260817-135653:896631424 PwrOnSeqSM|INFO [ST_PwrOnSeqServosEnabledState,737]: POWRE ON: servos enabled state 
20260817-135653:898597048 PWR_SEQ|INFO [RobotPwrSeqhandler,1619]: Power sequence: PowerOn subSM release brakes event  
20260817-135653:898633488 PwrOnSeqSM|INFO [ST_PwrOnSeqReleaseBrakesInProgressState,758]: POWRE ON: release brakes in progress state  
20260817-135653:900593392 PWR_SEQ|INFO [RobotPwrSeqhandler,1671]: Power sequence: PowerOn subSM brakes released ok event 
20260817-135653:900630888 PwrOnSeqSM|INFO [ST_PwrOnSeqBrakesReleasedState,786]: POWRE ON: brakes released state  
20260817-135653:902591464 PWR_SEQ|INFO [PwrSeqSendMsgToMacroCmd,2238]: Send msg to macro status = 13,code = 0 !  
20260817-135653:902625168 PWR_SEQ|INFO [PwrSeqSendMsgToMacroCmd,2246]: Send power on message to power on cmd ! 
20260817-135653:902649168 PWR_SEQ|INFO [RobotPwrSeqhandler,1686]: Power sequence: PowerOn subSM back to idle event  
20260817-135653:902678720 PwrOnSeqSM|INFO [ST_PwrOnSeqIdleState,455]: POWRE ON: idle state  
20260817-135653:902706064 PWR_SEQ|INFO [RobotPwrSeqhandler,1695]: Power sequence: from PowerOn subSM back to robot VDSM power on finished event  
20260817-135653:902732192 RobotVDSM|INFO [ST_RobotVDPowerOnState,1493]: robot vd: power on state 
20260817-135653:904598088 RobotVDStateMag|INFO [RobotVDStateManagerhandler,172]:  mainSM auto home to call robot home  
20260817-135653:904629304 RobotHome|INFO [robot_home_cmd,44]:  check axis home flag  
20260817-135653:904652128 RobotHome|INFO [robot_home_cmd,67]:  send already calibrated event  
20260817-135653:904682184 RobotVDSM|INFO [ST_RobotVDCalibratedState,1540]: robot vd: calibrated state 
20260817-135653:904874488 MacroRobot|INFO [robot_poweron,95]: RTEMS-------------robot_poweron end--------------- 
20260817-135653:906600352 RobotVDStateMag|INFO [RobotVDStateManagerhandler,241]:  valid_num = 0,  
20260817-135653:906631392 RobotVDStateMag|INFO [RobotVDStateManagerhandler,246]:  mainSM to ready event  
20260817-135653:906663488 RobotVDSM|INFO [ST_RobotVDMotionReadyState,1562]: robot vd: motion ready state 
20260817-135653:906862328 RobotVDSM|INFO [ST_RobotVDMotionReadyState,1625]: robot vd: motion ready state end 
20260817-135653:907883312 MacroRobot|INFO [robot_home,147]: RTEMS--------------------robot_home start------------------ 
20260817-135653:907914280 MacroRobot|INFO [robot_home,161]: RTEMS----------robot_home end---------
20260817-135657:221932864 MacroRobot|INFO [robot_spd_set,617]: RTEMS------------------------robot_speed_set --------------------- 
20260817-135657:221969120 MacroRobot|INFO [robot_spd_set,640]: robot 0 speed_set end,speed=20.000000 
20260817-135659:342740344 MacroMove|INFO [move_joint,122]: RTEMS--------move joint start----------- 
20260817-135659:342807312 LocationMag|INFO [PrintJointLocation,29]: MOVE point joint = 0.000000 0.000000 0.000000 -90.000000 0.000000 0.000000 0.000000 
20260817-135659:342952424 RobotVDSM|INFO [ST_RobotVDMotionPrepareState,1664]: robot vd: motion prepare state 
20260817-135659:342978424 RobotVDSM|INFO [ST_RobotVDMotionPrepareState,1670]: move mode = 6  
20260817-135659:343579288 profile|INFO [CalcMotionProfile,2817]: block ready run, id = 0  
20260817-135659:343614072 RobotVDStateMag|INFO [RobotVDStateManagerhandler,348]:  mainSM send motion in progress event  
20260817-135659:343880704 RobotVDSM|INFO [ST_RobotVDMotionInProgressState,1766]: robot vd: motion in progress state 
20260817-135659:343908072 RobotVDSM|INFO [ST_RobotVDMotionInProgressState,1776]: move mode = 6  
20260817-135659:343962232 MacroMove|INFO [move_joint,219]: RTEMS--------move joint end---------
20260817-135707:994619128 pre_read|INFO [RobotMotionStateBackToExecutionLayer,295]: receiver msg: state = 0, error id = 0  
20260817-135707:994655360 pre_read|INFO [RobotMotionStateBackToExecutionLayer,313]:  valid_num = 1, 
20260817-135707:994999832 pre_read|INFO [RobotMotionStateBackToExecutionLayer,356]:  send cmd finish event, cmd.packet_id is 0  
20260817-135707:995027488 pre_read|INFO [RobotMotionStateBackToExecutionLayer,368]:  valid_num left = 0,  
20260817-135707:995570648 RobotVDStateMag|INFO [RobotVDStateManagerhandler,415]:  mainSM to motion complete event 
20260817-135707:995607960 RobotVDSM|INFO [ST_RobotVDMotionCompleteState,2404]: robot vd: motion complete state  
20260817-135707:995656168 RobotVDSM|INFO [ST_RobotVDMotionCompleteState,2448]: robot vd: motion complete state     6  
20260817-135707:997562880 RobotVDStateMag|INFO [RobotVDStateManagerhandler,802]:  switch mainSM to ready  
20260817-135707:997601808 RobotVDSM|INFO [ST_RobotVDMotionReadyState,1562]: robot vd: motion ready state 
20260817-135707:997797640 RobotVDSM|INFO [ST_RobotVDMotionReadyState,1625]: robot vd: motion ready state end
20260817-135711:136521128 MacroMove|INFO [move_joint,122]: RTEMS--------move joint start----------- 
20260817-135711:136608320 LocationMag|INFO [PrintJointLocation,29]: MOVE point joint = -12.101000 -2.786000 5.069000 -84.841000 -17.710000 -3.976000 -5.034000 
20260817-135711:136758088 RobotVDSM|INFO [ST_RobotVDMotionPrepareState,1664]: robot vd: motion prepare state 
20260817-135711:136784688 RobotVDSM|INFO [ST_RobotVDMotionPrepareState,1670]: move mode = 6  
20260817-135711:136990528 profile|INFO [CalcMotionProfile,2817]: block ready run, id = 0  
20260817-135711:137517408 MacroMove|INFO [move_joint,219]: RTEMS--------move joint end--------- 
20260817-135711:137578112 RobotVDStateMag|INFO [RobotVDStateManagerhandler,348]:  mainSM send motion in progress event 
20260817-135711:137611960 RobotVDSM|INFO [ST_RobotVDMotionInProgressState,1766]: robot vd: motion in progress state  
20260817-135711:137635352 RobotVDSM|INFO [ST_RobotVDMotionInProgressState,1776]: move mode = 6 
20260817-135715:857512112 pre_read|INFO [RobotMotionStateBackToExecutionLayer,295]: receiver msg: state = 0, error id = 0  
20260817-135715:857773088 pre_read|INFO [RobotMotionStateBackToExecutionLayer,313]:  valid_num = 1, 
20260817-135715:858472432 pre_read|INFO [RobotMotionStateBackToExecutionLayer,356]:  send cmd finish event, cmd.packet_id is 1  
20260817-135715:858503152 pre_read|INFO [RobotMotionStateBackToExecutionLayer,368]:  valid_num left = 0,  
20260817-135715:859560280 RobotVDStateMag|INFO [RobotVDStateManagerhandler,415]:  mainSM to motion complete event 
20260817-135715:859598224 RobotVDSM|INFO [ST_RobotVDMotionCompleteState,2404]: robot vd: motion complete state  
20260817-135715:859646848 RobotVDSM|INFO [ST_RobotVDMotionCompleteState,2448]: robot vd: motion complete state     6  
20260817-135715:861553832 RobotVDStateMag|INFO [RobotVDStateManagerhandler,802]:  switch mainSM to ready  
20260817-135715:861590664 RobotVDSM|INFO [ST_RobotVDMotionReadyState,1562]: robot vd: motion ready state 
20260817-135715:861789328 RobotVDSM|INFO [ST_RobotVDMotionReadyState,1625]: robot vd: motion ready state end
20260817-135718:973355872 MacroMove|INFO [move_joint,122]: RTEMS--------move joint start----------- 
20260817-135718:973419920 LocationMag|INFO [PrintJointLocation,29]: MOVE point joint = -4.812000 9.147000 7.722000 -100.703000 -39.196000 -2.924000 16.186000 
20260817-135718:973805208 RobotVDSM|INFO [ST_RobotVDMotionPrepareState,1664]: robot vd: motion prepare state 
20260817-135718:973834232 RobotVDSM|INFO [ST_RobotVDMotionPrepareState,1670]: move mode = 6  
20260817-135718:974389440 MacroMove|INFO [move_joint,219]: RTEMS--------move joint end--------- 
20260817-135718:974606632 profile|INFO [CalcMotionProfile,2817]: block ready run, id = 0  
20260817-135718:975559344 RobotVDStateMag|INFO [RobotVDStateManagerhandler,348]:  mainSM send motion in progress event 
20260817-135718:975598648 RobotVDSM|INFO [ST_RobotVDMotionInProgressState,1766]: robot vd: motion in progress state  
20260817-135718:975624344 RobotVDSM|INFO [ST_RobotVDMotionInProgressState,1776]: move mode = 6 
20260817-135724:007427840 pre_read|INFO [RobotMotionStateBackToExecutionLayer,295]: receiver msg: state = 0, error id = 0  
20260817-135724:007460120 pre_read|INFO [RobotMotionStateBackToExecutionLayer,313]:  valid_num = 1,  
20260817-135724:007549088 RobotVDStateMag|INFO [RobotVDStateManagerhandler,415]:  mainSM to motion complete event  
20260817-135724:007582112 RobotVDSM|INFO [ST_RobotVDMotionCompleteState,2404]: robot vd: motion complete state 
20260817-135724:008357168 RobotVDSM|INFO [ST_RobotVDMotionCompleteState,2448]: robot vd: motion complete state     6  
20260817-135724:008393400 pre_read|INFO [RobotMotionStateBackToExecutionLayer,356]:  send cmd finish event, cmd.packet_id is 2  
20260817-135724:008417192 pre_read|INFO [RobotMotionStateBackToExecutionLayer,368]:  valid_num left = 0, 
20260817-135724:009552800 RobotVDStateMag|INFO [RobotVDStateManagerhandler,802]:  switch mainSM to ready  
20260817-135724:009588320 RobotVDSM|INFO [ST_RobotVDMotionReadyState,1562]: robot vd: motion ready state  
20260817-135724:009788432 RobotVDSM|INFO [ST_RobotVDMotionReadyState,1625]: robot vd: motion ready state end
20260817-135727:110688304 MacroMove|INFO [move_joint,122]: RTEMS--------move joint start----------- 
20260817-135727:110755712 LocationMag|INFO [PrintJointLocation,29]: MOVE point joint = -0.240000 23.091000 5.819000 -109.649000 -48.700000 -7.476000 27.835000 
20260817-135727:111286120 RobotVDSM|INFO [ST_RobotVDMotionPrepareState,1664]: robot vd: motion prepare state 
20260817-135727:111316104 RobotVDSM|INFO [ST_RobotVDMotionPrepareState,1670]: move mode = 6  
20260817-135727:111484032 profile|INFO [CalcMotionProfile,2817]: block ready run, id = 0  
20260817-135727:111547248 RobotVDStateMag|INFO [RobotVDStateManagerhandler,348]:  mainSM send motion in progress event  
20260817-135727:111844128 RobotVDSM|INFO [ST_RobotVDMotionInProgressState,1766]: robot vd: motion in progress state 
20260817-135727:112262568 RobotVDSM|INFO [ST_RobotVDMotionInProgressState,1776]: move mode = 6  
20260817-135727:112321408 MacroMove|INFO [move_joint,219]: RTEMS--------move joint end---------
20260817-135731:469356008 pre_read|INFO [RobotMotionStateBackToExecutionLayer,295]: receiver msg: state = 0, error id = 0  
20260817-135731:469391792 pre_read|INFO [RobotMotionStateBackToExecutionLayer,313]:  valid_num = 1, 
20260817-135731:469541904 RobotVDStateMag|INFO [RobotVDStateManagerhandler,415]:  mainSM to motion complete event  
20260817-135731:469576560 RobotVDSM|INFO [ST_RobotVDMotionCompleteState,2404]: robot vd: motion complete state  
20260817-135731:470368432 RobotVDSM|INFO [ST_RobotVDMotionCompleteState,2448]: robot vd: motion complete state     6 
20260817-135731:470406760 pre_read|INFO [RobotMotionStateBackToExecutionLayer,356]:  send cmd finish event, cmd.packet_id is 3  
20260817-135731:470432488 pre_read|INFO [RobotMotionStateBackToExecutionLayer,368]:  valid_num left = 0,  
20260817-135731:471540320 RobotVDStateMag|INFO [RobotVDStateManagerhandler,802]:  switch mainSM to ready  
20260817-135731:471578152 RobotVDSM|INFO [ST_RobotVDMotionReadyState,1562]: robot vd: motion ready state 
20260817-135731:471778528 RobotVDSM|INFO [ST_RobotVDMotionReadyState,1625]: robot vd: motion ready state end
20260817-135734:600221400 MacroMove|INFO [move_joint,122]: RTEMS--------move joint start----------- 
20260817-135734:600289680 LocationMag|INFO [PrintJointLocation,29]: MOVE point joint = -10.961000 18.215000 6.987000 -99.146000 -27.162000 -10.637000 44.325000 
20260817-135734:600441592 RobotVDSM|INFO [ST_RobotVDMotionPrepareState,1664]: robot vd: motion prepare state 
20260817-135734:600468768 RobotVDSM|INFO [ST_RobotVDMotionPrepareState,1670]: move mode = 6  
20260817-135734:600751568 MacroMove|INFO [move_joint,219]: RTEMS--------move joint end--------- 
20260817-135734:601225368 profile|INFO [CalcMotionProfile,2817]: block ready run, id = 0  
20260817-135734:601538528 RobotVDStateMag|INFO [RobotVDStateManagerhandler,348]:  mainSM send motion in progress event 
20260817-135734:601578960 RobotVDSM|INFO [ST_RobotVDMotionInProgressState,1766]: robot vd: motion in progress state  
20260817-135734:601602480 RobotVDSM|INFO [ST_RobotVDMotionInProgressState,1776]: move mode = 6 
20260817-135739:645142888 pre_read|INFO [RobotMotionStateBackToExecutionLayer,295]: receiver msg: state = 0, error id = 0  
20260817-135739:645179680 pre_read|INFO [RobotMotionStateBackToExecutionLayer,313]:  valid_num = 1, 
20260817-135739:645541024 RobotVDStateMag|INFO [RobotVDStateManagerhandler,415]:  mainSM to motion complete event  
20260817-135739:645577640 RobotVDSM|INFO [ST_RobotVDMotionCompleteState,2404]: robot vd: motion complete state  
20260817-135739:646361104 RobotVDSM|INFO [ST_RobotVDMotionCompleteState,2448]: robot vd: motion complete state     6 
20260817-135739:646398952 pre_read|INFO [RobotMotionStateBackToExecutionLayer,356]:  send cmd finish event, cmd.packet_id is 4  
20260817-135739:646424384 pre_read|INFO [RobotMotionStateBackToExecutionLayer,368]:  valid_num left = 0,  
20260817-135739:647530848 RobotVDStateMag|INFO [RobotVDStateManagerhandler,802]:  switch mainSM to ready  
20260817-135739:647569288 RobotVDSM|INFO [ST_RobotVDMotionReadyState,1562]: robot vd: motion ready state 
20260817-135739:648193584 RobotVDSM|INFO [ST_RobotVDMotionReadyState,1625]: robot vd: motion ready state end
20260817-135742:792356368 MacroMove|INFO [move_joint,122]: RTEMS--------move joint start----------- 
20260817-135742:792425472 LocationMag|INFO [PrintJointLocation,29]: MOVE point joint = -16.666000 14.511000 12.469000 -97.407000 -22.731000 -2.363000 69.038000 
20260817-135742:792614480 RobotVDSM|INFO [ST_RobotVDMotionPrepareState,1664]: robot vd: motion prepare state 
20260817-135742:792642528 RobotVDSM|INFO [ST_RobotVDMotionPrepareState,1670]: move mode = 6  
20260817-135742:793142632 MacroMove|INFO [move_joint,219]: RTEMS--------move joint end--------- 
20260817-135742:793344088 profile|INFO [CalcMotionProfile,2817]: block ready run, id = 0  
20260817-135742:794526720 RobotVDStateMag|INFO [RobotVDStateManagerhandler,348]:  mainSM send motion in progress event 
20260817-135742:794564504 RobotVDSM|INFO [ST_RobotVDMotionInProgressState,1766]: robot vd: motion in progress state  
20260817-135742:794590088 RobotVDSM|INFO [ST_RobotVDMotionInProgressState,1776]: move mode = 6 
20260817-135748:076277608 pre_read|INFO [RobotMotionStateBackToExecutionLayer,295]: receiver msg: state = 0, error id = 0  
20260817-135748:076312208 pre_read|INFO [RobotMotionStateBackToExecutionLayer,313]:  valid_num = 1, 
20260817-135748:076521880 RobotVDStateMag|INFO [RobotVDStateManagerhandler,415]:  mainSM to motion complete event  
20260817-135748:076557280 RobotVDSM|INFO [ST_RobotVDMotionCompleteState,2404]: robot vd: motion complete state  
20260817-135748:076670424 RobotVDSM|INFO [ST_RobotVDMotionCompleteState,2448]: robot vd: motion complete state     6 
20260817-135748:077178320 pre_read|INFO [RobotMotionStateBackToExecutionLayer,356]:  send cmd finish event, cmd.packet_id is 5  
20260817-135748:077203328 pre_read|INFO [RobotMotionStateBackToExecutionLayer,368]:  valid_num left = 0,  
20260817-135748:078528480 RobotVDStateMag|INFO [RobotVDStateManagerhandler,802]:  switch mainSM to ready  
20260817-135748:078565952 RobotVDSM|INFO [ST_RobotVDMotionReadyState,1562]: robot vd: motion ready state 
20260817-135748:079204552 RobotVDSM|INFO [ST_RobotVDMotionReadyState,1625]: robot vd: motion ready state end
20260817-135755:077355600 MacroMove|INFO [move_joint,122]: RTEMS--------move joint start----------- 
20260817-135755:077421400 LocationMag|INFO [PrintJointLocation,29]: MOVE point joint = -11.501000 15.234000 10.804000 -103.701000 -14.711000 1.594000 44.812000 
20260817-135755:078194648 RobotVDSM|INFO [ST_RobotVDMotionPrepareState,1664]: robot vd: motion prepare state 
20260817-135755:078223720 RobotVDSM|INFO [ST_RobotVDMotionPrepareState,1670]: move mode = 6  
20260817-135755:078431032 profile|INFO [CalcMotionProfile,2817]: block ready run, id = 0  
20260817-135755:078531048 MacroMove|INFO [move_joint,219]: RTEMS--------move joint end--------- 
20260817-135755:079522304 RobotVDStateMag|INFO [RobotVDStateManagerhandler,348]:  mainSM send motion in progress event 
20260817-135755:079558944 RobotVDSM|INFO [ST_RobotVDMotionInProgressState,1766]: robot vd: motion in progress state  
20260817-135755:079582360 RobotVDSM|INFO [ST_RobotVDMotionInProgressState,1776]: move mode = 6 
20260817-135800:330266648 pre_read|INFO [RobotMotionStateBackToExecutionLayer,295]: receiver msg: state = 0, error id = 0  
20260817-135800:330302872 pre_read|INFO [RobotMotionStateBackToExecutionLayer,313]:  valid_num = 1, 
20260817-135800:331040408 pre_read|INFO [RobotMotionStateBackToExecutionLayer,356]:  send cmd finish event, cmd.packet_id is 6  
20260817-135800:331070984 pre_read|INFO [RobotMotionStateBackToExecutionLayer,368]:  valid_num left = 0,  
20260817-135800:331949952 RobotVDStateMag|INFO [RobotVDStateManagerhandler,415]:  mainSM to motion complete event 
20260817-135800:331986864 RobotVDSM|INFO [ST_RobotVDMotionCompleteState,2404]: robot vd: motion complete state  
20260817-135800:332036064 RobotVDSM|INFO [ST_RobotVDMotionCompleteState,2448]: robot vd: motion complete state     6  
20260817-135800:333508832 RobotVDStateMag|INFO [RobotVDStateManagerhandler,802]:  switch mainSM to ready  
20260817-135800:333964080 RobotVDSM|INFO [ST_RobotVDMotionReadyState,1562]: robot vd: motion ready state 
20260817-135800:334160808 RobotVDSM|INFO [ST_RobotVDMotionReadyState,1625]: robot vd: motion ready state end
20260817-135803:460910672 MacroMove|INFO [move_joint,122]: RTEMS--------move joint start----------- 
20260817-135803:460969304 LocationMag|INFO [PrintJointLocation,29]: MOVE point joint = -7.091000 5.821000 6.987000 -93.371000 -24.414000 6.579000 69.059000 
20260817-135803:461122280 RobotVDSM|INFO [ST_RobotVDMotionPrepareState,1664]: robot vd: motion prepare state 
20260817-135803:461148680 RobotVDSM|INFO [ST_RobotVDMotionPrepareState,1670]: move mode = 6  
20260817-135803:461350960 profile|INFO [CalcMotionProfile,2817]: block ready run, id = 0  
20260817-135803:461916840 RobotVDStateMag|INFO [RobotVDStateManagerhandler,348]:  mainSM send motion in progress event  
20260817-135803:462188312 RobotVDSM|INFO [ST_RobotVDMotionInProgressState,1766]: robot vd: motion in progress state 
20260817-135803:462215488 RobotVDSM|INFO [ST_RobotVDMotionInProgressState,1776]: move mode = 6  
20260817-135803:462249880 MacroMove|INFO [move_joint,219]: RTEMS--------move joint end---------
20260817-135808:708120432 pre_read|INFO [RobotMotionStateBackToExecutionLayer,295]: receiver msg: state = 0, error id = 0  
20260817-135808:708157072 pre_read|INFO [RobotMotionStateBackToExecutionLayer,313]:  valid_num = 1, 
20260817-135808:708882440 pre_read|INFO [RobotMotionStateBackToExecutionLayer,356]:  send cmd finish event, cmd.packet_id is 7  
20260817-135808:708912280 pre_read|INFO [RobotMotionStateBackToExecutionLayer,368]:  valid_num left = 0,  
20260817-135808:709817040 RobotVDStateMag|INFO [RobotVDStateManagerhandler,415]:  mainSM to motion complete event 
20260817-135808:709853640 RobotVDSM|INFO [ST_RobotVDMotionCompleteState,2404]: robot vd: motion complete state  
20260817-135808:709902312 RobotVDSM|INFO [ST_RobotVDMotionCompleteState,2448]: robot vd: motion complete state     6  
20260817-135808:711800328 RobotVDStateMag|INFO [RobotVDStateManagerhandler,802]:  switch mainSM to ready  
20260817-135808:711838648 RobotVDSM|INFO [ST_RobotVDMotionReadyState,1562]: robot vd: motion ready state 
20260817-135808:712036608 RobotVDSM|INFO [ST_RobotVDMotionReadyState,1625]: robot vd: motion ready state end
20260817-135811:842166840 MacroMove|INFO [move_joint,122]: RTEMS--------move joint start----------- 
20260817-135811:842235912 LocationMag|INFO [PrintJointLocation,29]: MOVE point joint = 0.462000 9.896000 -2.834000 -106.090000 -14.804000 7.525000 48.008000 
20260817-135811:842390528 RobotVDSM|INFO [ST_RobotVDMotionPrepareState,1664]: robot vd: motion prepare state 
20260817-135811:842416312 RobotVDSM|INFO [ST_RobotVDMotionPrepareState,1670]: move mode = 6  
20260817-135811:842950472 MacroMove|INFO [move_joint,219]: RTEMS--------move joint end--------- 
20260817-135811:843151432 profile|INFO [CalcMotionProfile,2817]: block ready run, id = 0  
20260817-135811:843910304 RobotVDStateMag|INFO [RobotVDStateManagerhandler,348]:  mainSM send motion in progress event 
20260817-135811:843947888 RobotVDSM|INFO [ST_RobotVDMotionInProgressState,1766]: robot vd: motion in progress state  
20260817-135811:843971920 RobotVDSM|INFO [ST_RobotVDMotionInProgressState,1776]: move mode = 6 
20260817-135816:853014488 pre_read|INFO [RobotMotionStateBackToExecutionLayer,295]: receiver msg: state = 0, error id = 0  
20260817-135816:853051352 pre_read|INFO [RobotMotionStateBackToExecutionLayer,313]:  valid_num = 1, 
20260817-135816:853768744 pre_read|INFO [RobotMotionStateBackToExecutionLayer,356]:  send cmd finish event, cmd.packet_id is 8  
20260817-135816:853800280 pre_read|INFO [RobotMotionStateBackToExecutionLayer,368]:  valid_num left = 0,  
20260817-135816:854702088 RobotVDStateMag|INFO [RobotVDStateManagerhandler,415]:  mainSM to motion complete event 
20260817-135816:854739304 RobotVDSM|INFO [ST_RobotVDMotionCompleteState,2404]: robot vd: motion complete state  
20260817-135816:854787648 RobotVDSM|INFO [ST_RobotVDMotionCompleteState,2448]: robot vd: motion complete state     6  
20260817-135816:856689432 RobotVDStateMag|INFO [RobotVDStateManagerhandler,802]:  switch mainSM to ready  
20260817-135816:856727032 RobotVDSM|INFO [ST_RobotVDMotionReadyState,1562]: robot vd: motion ready state 
20260817-135816:856924280 RobotVDSM|INFO [ST_RobotVDMotionReadyState,1625]: robot vd: motion ready state end
20260817-135819:967294328 MacroMove|INFO [move_joint,122]: RTEMS--------move joint start----------- 
20260817-135819:967362712 LocationMag|INFO [PrintJointLocation,29]: MOVE point joint = 6.706000 -0.242000 -0.520000 -93.544000 -4.039000 8.365000 28.565000 
20260817-135819:967924168 RobotVDSM|INFO [ST_RobotVDMotionPrepareState,1664]: robot vd: motion prepare state 
20260817-135819:967953232 RobotVDSM|INFO [ST_RobotVDMotionPrepareState,1670]: move mode = 6  
20260817-135819:968167832 profile|INFO [CalcMotionProfile,2817]: block ready run, id = 0  
20260817-135819:968256584 MacroMove|INFO [move_joint,219]: RTEMS--------move joint end--------- 
20260817-135819:969874328 RobotVDStateMag|INFO [RobotVDStateManagerhandler,348]:  mainSM send motion in progress event 
20260817-135819:969915784 RobotVDSM|INFO [ST_RobotVDMotionInProgressState,1766]: robot vd: motion in progress state  
20260817-135819:969940680 RobotVDSM|INFO [ST_RobotVDMotionInProgressState,1776]: move mode = 6 
20260817-135824:847054480 pre_read|INFO [RobotMotionStateBackToExecutionLayer,295]: receiver msg: state = 0, error id = 0  
20260817-135824:847090272 pre_read|INFO [RobotMotionStateBackToExecutionLayer,313]:  valid_num = 1, 
20260817-135824:847808872 pre_read|INFO [RobotMotionStateBackToExecutionLayer,356]:  send cmd finish event, cmd.packet_id is 9  
20260817-135824:847838320 pre_read|INFO [RobotMotionStateBackToExecutionLayer,368]:  valid_num left = 0,  
20260817-135824:848739264 RobotVDStateMag|INFO [RobotVDStateManagerhandler,415]:  mainSM to motion complete event 
20260817-135824:848776464 RobotVDSM|INFO [ST_RobotVDMotionCompleteState,2404]: robot vd: motion complete state  
20260817-135824:848826432 RobotVDSM|INFO [ST_RobotVDMotionCompleteState,2448]: robot vd: motion complete state     6  
20260817-135824:850734408 RobotVDStateMag|INFO [RobotVDStateManagerhandler,802]:  switch mainSM to ready  
20260817-135824:850772840 RobotVDSM|INFO [ST_RobotVDMotionReadyState,1562]: robot vd: motion ready state 
20260817-135824:850969528 RobotVDSM|INFO [ST_RobotVDMotionReadyState,1625]: robot vd: motion ready state end
20260817-135827:972878160 MacroMove|INFO [move_joint,122]: RTEMS--------move joint start----------- 
20260817-135827:972943704 LocationMag|INFO [PrintJointLocation,29]: MOVE point joint = 13.173000 -15.296000 -16.433000 -57.966000 -4.039000 -11.275000 52.901000 
20260817-135827:973099512 RobotVDSM|INFO [ST_RobotVDMotionPrepareState,1664]: robot vd: motion prepare state 
20260817-135827:973125912 RobotVDSM|INFO [ST_RobotVDMotionPrepareState,1670]: move mode = 6  
20260817-135827:973704624 MacroMove|INFO [move_joint,219]: RTEMS--------move joint end--------- 
20260817-135827:973880672 profile|INFO [CalcMotionProfile,2817]: block ready run, id = 0  
20260817-135827:974679584 RobotVDStateMag|INFO [RobotVDStateManagerhandler,348]:  mainSM send motion in progress event 
20260817-135827:974718824 RobotVDSM|INFO [ST_RobotVDMotionInProgressState,1766]: robot vd: motion in progress state  
20260817-135827:974743384 RobotVDSM|INFO [ST_RobotVDMotionInProgressState,1776]: move mode = 6 
20260817-135833:936227288 pre_read|INFO [RobotMotionStateBackToExecutionLayer,295]: receiver msg: state = 0, error id = 0  
20260817-135833:936264024 pre_read|INFO [RobotMotionStateBackToExecutionLayer,313]:  valid_num = 1, 
20260817-135833:936994520 pre_read|INFO [RobotMotionStateBackToExecutionLayer,356]:  send cmd finish event, cmd.packet_id is 10  
20260817-135833:937024584 pre_read|INFO [RobotMotionStateBackToExecutionLayer,368]:  valid_num left = 0,  
20260817-135833:937906672 RobotVDStateMag|INFO [RobotVDStateManagerhandler,415]:  mainSM to motion complete event 
20260817-135833:937943672 RobotVDSM|INFO [ST_RobotVDMotionCompleteState,2404]: robot vd: motion complete state  
20260817-135833:937992368 RobotVDSM|INFO [ST_RobotVDMotionCompleteState,2448]: robot vd: motion complete state     6  
20260817-135833:939887040 RobotVDStateMag|INFO [RobotVDStateManagerhandler,802]:  switch mainSM to ready  
20260817-135833:939923824 RobotVDSM|INFO [ST_RobotVDMotionReadyState,1562]: robot vd: motion ready state 
20260817-135833:940125560 RobotVDSM|INFO [ST_RobotVDMotionReadyState,1625]: robot vd: motion ready state end
20260817-135837:047770488 MacroMove|INFO [move_joint,122]: RTEMS--------move joint start----------- 
20260817-135837:047828128 LocationMag|INFO [PrintJointLocation,29]: MOVE point joint = 5.923000 -28.959000 -16.433000 -59.882000 -25.510000 -0.293000 81.517000 
20260817-135837:047985992 RobotVDSM|INFO [ST_RobotVDMotionPrepareState,1664]: robot vd: motion prepare state 
20260817-135837:048011640 RobotVDSM|INFO [ST_RobotVDMotionPrepareState,1670]: move mode = 6  
20260817-135837:048625768 MacroMove|INFO [move_joint,219]: RTEMS--------move joint end--------- 
20260817-135837:048783632 profile|INFO [CalcMotionProfile,2817]: block ready run, id = 0  
20260817-135837:050544048 RobotVDStateMag|INFO [RobotVDStateManagerhandler,348]:  mainSM send motion in progress event 
20260817-135837:050582744 RobotVDSM|INFO [ST_RobotVDMotionInProgressState,1766]: robot vd: motion in progress state  
20260817-135837:050606440 RobotVDSM|INFO [ST_RobotVDMotionInProgressState,1776]: move mode = 6 
20260817-135842:592683528 pre_read|INFO [RobotMotionStateBackToExecutionLayer,295]: receiver msg: state = 0, error id = 0  
20260817-135842:592719112 pre_read|INFO [RobotMotionStateBackToExecutionLayer,313]:  valid_num = 1, 
20260817-135842:593071304 pre_read|INFO [RobotMotionStateBackToExecutionLayer,356]:  send cmd finish event, cmd.packet_id is 11  
20260817-135842:593840560 pre_read|INFO [RobotMotionStateBackToExecutionLayer,368]:  valid_num left = 0,  
20260817-135842:594551480 RobotVDStateMag|INFO [RobotVDStateManagerhandler,415]:  mainSM to motion complete event 
20260817-135842:594589312 RobotVDSM|INFO [ST_RobotVDMotionCompleteState,2404]: robot vd: motion complete state  
20260817-135842:594637368 RobotVDSM|INFO [ST_RobotVDMotionCompleteState,2448]: robot vd: motion complete state     6  
20260817-135842:596543000 RobotVDStateMag|INFO [RobotVDStateManagerhandler,802]:  switch mainSM to ready  
20260817-135842:596579728 RobotVDSM|INFO [ST_RobotVDMotionReadyState,1562]: robot vd: motion ready state 
20260817-135842:596779440 RobotVDSM|INFO [ST_RobotVDMotionReadyState,1625]: robot vd: motion ready state end
20260817-135849:543427184 MacroMove|INFO [move_joint,122]: RTEMS--------move joint start----------- 
20260817-135849:543718240 LocationMag|INFO [PrintJointLocation,29]: MOVE point joint = 5.923000 -14.438000 -12.820000 -74.805000 -2.745000 5.299000 60.987000 
20260817-135849:543873144 RobotVDSM|INFO [ST_RobotVDMotionPrepareState,1664]: robot vd: motion prepare state 
20260817-135849:543900168 RobotVDSM|INFO [ST_RobotVDMotionPrepareState,1670]: move mode = 6  
20260817-135849:544506552 MacroMove|INFO [move_joint,219]: RTEMS--------move joint end--------- 
20260817-135849:544665720 profile|INFO [CalcMotionProfile,2817]: block ready run, id = 0  
20260817-135849:546459152 RobotVDStateMag|INFO [RobotVDStateManagerhandler,348]:  mainSM send motion in progress event 
20260817-135849:546496872 RobotVDSM|INFO [ST_RobotVDMotionInProgressState,1766]: robot vd: motion in progress state  
20260817-135849:546521720 RobotVDSM|INFO [ST_RobotVDMotionInProgressState,1776]: move mode = 6 
20260817-135854:679551120 pre_read|INFO [RobotMotionStateBackToExecutionLayer,295]: receiver msg: state = 0, error id = 0  
20260817-135854:679587232 pre_read|INFO [RobotMotionStateBackToExecutionLayer,313]:  valid_num = 1, 
20260817-135854:679930672 pre_read|INFO [RobotMotionStateBackToExecutionLayer,356]:  send cmd finish event, cmd.packet_id is 12  
20260817-135854:679960288 pre_read|INFO [RobotMotionStateBackToExecutionLayer,368]:  valid_num left = 0,  
20260817-135854:680488400 RobotVDStateMag|INFO [RobotVDStateManagerhandler,415]:  mainSM to motion complete event 
20260817-135854:680524712 RobotVDSM|INFO [ST_RobotVDMotionCompleteState,2404]: robot vd: motion complete state  
20260817-135854:680574000 RobotVDSM|INFO [ST_RobotVDMotionCompleteState,2448]: robot vd: motion complete state     6  
20260817-135854:682458648 RobotVDStateMag|INFO [RobotVDStateManagerhandler,802]:  switch mainSM to ready  
20260817-135854:682496920 RobotVDSM|INFO [ST_RobotVDMotionReadyState,1562]: robot vd: motion ready state 
20260817-135854:682694712 RobotVDSM|INFO [ST_RobotVDMotionReadyState,1625]: robot vd: motion ready state end
20260817-135857:824668344 MacroMove|INFO [move_joint,122]: RTEMS--------move joint start----------- 
20260817-135857:824734880 LocationMag|INFO [PrintJointLocation,29]: MOVE point joint = 9.779000 4.033000 -12.820000 -91.327000 -26.480000 9.864000 83.245000 
20260817-135857:824892232 RobotVDSM|INFO [ST_RobotVDMotionPrepareState,1664]: robot vd: motion prepare state 
20260817-135857:824919208 RobotVDSM|INFO [ST_RobotVDMotionPrepareState,1670]: move mode = 6  
20260817-135857:825417664 MacroMove|INFO [move_joint,219]: RTEMS--------move joint end--------- 
20260817-135857:825618840 profile|INFO [CalcMotionProfile,2817]: block ready run, id = 0  
20260817-135857:826458064 RobotVDStateMag|INFO [RobotVDStateManagerhandler,348]:  mainSM send motion in progress event 
20260817-135857:826498064 RobotVDSM|INFO [ST_RobotVDMotionInProgressState,1766]: robot vd: motion in progress state  
20260817-135857:826522448 RobotVDSM|INFO [ST_RobotVDMotionInProgressState,1776]: move mode = 6 
20260817-135903:034657712 pre_read|INFO [RobotMotionStateBackToExecutionLayer,295]: receiver msg: state = 0, error id = 0  
20260817-135903:034693184 pre_read|INFO [RobotMotionStateBackToExecutionLayer,313]:  valid_num = 1, 
20260817-135903:035399872 pre_read|INFO [RobotMotionStateBackToExecutionLayer,356]:  send cmd finish event, cmd.packet_id is 13  
20260817-135903:035456160 pre_read|INFO [RobotMotionStateBackToExecutionLayer,368]:  valid_num left = 0,  
20260817-135903:036454232 RobotVDStateMag|INFO [RobotVDStateManagerhandler,415]:  mainSM to motion complete event 
20260817-135903:036491288 RobotVDSM|INFO [ST_RobotVDMotionCompleteState,2404]: robot vd: motion complete state  
20260817-135903:036539344 RobotVDSM|INFO [ST_RobotVDMotionCompleteState,2448]: robot vd: motion complete state     6  
20260817-135903:038452488 RobotVDStateMag|INFO [RobotVDStateManagerhandler,802]:  switch mainSM to ready  
20260817-135903:038488584 RobotVDSM|INFO [ST_RobotVDMotionReadyState,1562]: robot vd: motion ready state 
20260817-135903:038687152 RobotVDSM|INFO [ST_RobotVDMotionReadyState,1625]: robot vd: motion ready state end
20260817-135906:163532688 MacroMove|INFO [move_joint,122]: RTEMS--------move joint start----------- 
20260817-135906:163597448 LocationMag|INFO [PrintJointLocation,29]: MOVE point joint = 26.003000 9.057000 -26.432000 -98.591000 -9.833000 3.563000 22.674000 
20260817-135906:163748328 RobotVDSM|INFO [ST_RobotVDMotionPrepareState,1664]: robot vd: motion prepare state 
20260817-135906:163773688 RobotVDSM|INFO [ST_RobotVDMotionPrepareState,1670]: move mode = 6  
20260817-135906:164296512 MacroMove|INFO [move_joint,219]: RTEMS--------move joint end--------- 
20260817-135906:164724792 profile|INFO [CalcMotionProfile,2817]: block ready run, id = 0  
20260817-135906:166443672 RobotVDStateMag|INFO [RobotVDStateManagerhandler,348]:  mainSM send motion in progress event 
20260817-135906:166481624 RobotVDSM|INFO [ST_RobotVDMotionInProgressState,1766]: robot vd: motion in progress state  
20260817-135906:166505848 RobotVDSM|INFO [ST_RobotVDMotionInProgressState,1776]: move mode = 6 
20260817-135913:274317448 pre_read|INFO [RobotMotionStateBackToExecutionLayer,295]: receiver msg: state = 0, error id = 0  
20260817-135913:274352760 pre_read|INFO [RobotMotionStateBackToExecutionLayer,313]:  valid_num = 1,  
20260817-135913:274440160 RobotVDStateMag|INFO [RobotVDStateManagerhandler,415]:  mainSM to motion complete event  
20260817-135913:274473824 RobotVDSM|INFO [ST_RobotVDMotionCompleteState,2404]: robot vd: motion complete state 
20260817-135913:275265328 RobotVDSM|INFO [ST_RobotVDMotionCompleteState,2448]: robot vd: motion complete state     6  
20260817-135913:275302744 pre_read|INFO [RobotMotionStateBackToExecutionLayer,356]:  send cmd finish event, cmd.packet_id is 14  
20260817-135913:275327304 pre_read|INFO [RobotMotionStateBackToExecutionLayer,368]:  valid_num left = 0, 
20260817-135913:276439064 RobotVDStateMag|INFO [RobotVDStateManagerhandler,802]:  switch mainSM to ready  
20260817-135913:276476192 RobotVDSM|INFO [ST_RobotVDMotionReadyState,1562]: robot vd: motion ready state  
20260817-135913:276676000 RobotVDSM|INFO [ST_RobotVDMotionReadyState,1625]: robot vd: motion ready state end
20260817-135916:415175200 MacroMove|INFO [move_joint,122]: RTEMS--------move joint start----------- 
20260817-135916:415238288 LocationMag|INFO [PrintJointLocation,29]: MOVE point joint = 35.986000 9.057000 -37.494000 -99.813000 -13.172000 7.695000 -6.244000 
20260817-135916:415390712 RobotVDSM|INFO [ST_RobotVDMotionPrepareState,1664]: robot vd: motion prepare state 
20260817-135916:415440464 RobotVDSM|INFO [ST_RobotVDMotionPrepareState,1670]: move mode = 6  
20260817-135916:415637888 profile|INFO [CalcMotionProfile,2817]: block ready run, id = 0  
20260817-135916:415720952 MacroMove|INFO [move_joint,219]: RTEMS--------move joint end--------- 
20260817-135916:416438128 RobotVDStateMag|INFO [RobotVDStateManagerhandler,348]:  mainSM send motion in progress event 
20260817-135916:416477640 RobotVDSM|INFO [ST_RobotVDMotionInProgressState,1766]: robot vd: motion in progress state  
20260817-135916:416501448 RobotVDSM|INFO [ST_RobotVDMotionInProgressState,1776]: move mode = 6 
20260817-135921:972231600 pre_read|INFO [RobotMotionStateBackToExecutionLayer,295]: receiver msg: state = 0, error id = 0  
20260817-135921:972268472 pre_read|INFO [RobotMotionStateBackToExecutionLayer,313]:  valid_num = 1, 
20260817-135921:972433472 RobotVDStateMag|INFO [RobotVDStateManagerhandler,415]:  mainSM to motion complete event  
20260817-135921:972466984 RobotVDSM|INFO [ST_RobotVDMotionCompleteState,2404]: robot vd: motion complete state  
20260817-135921:973258520 RobotVDSM|INFO [ST_RobotVDMotionCompleteState,2448]: robot vd: motion complete state     6 
20260817-135921:973295664 pre_read|INFO [RobotMotionStateBackToExecutionLayer,356]:  send cmd finish event, cmd.packet_id is 15  
20260817-135921:973321392 pre_read|INFO [RobotMotionStateBackToExecutionLayer,368]:  valid_num left = 0,  
20260817-135921:974430312 RobotVDStateMag|INFO [RobotVDStateManagerhandler,802]:  switch mainSM to ready  
20260817-135921:974468112 RobotVDSM|INFO [ST_RobotVDMotionReadyState,1562]: robot vd: motion ready state 
20260817-135921:974668560 RobotVDSM|INFO [ST_RobotVDMotionReadyState,1625]: robot vd: motion ready state end
20260817-135925:090079168 MacroMove|INFO [move_joint,122]: RTEMS--------move joint start----------- 
20260817-135925:090137384 LocationMag|INFO [PrintJointLocation,29]: MOVE point joint = -16.288000 9.057000 -8.784000 -80.452000 48.891000 -23.282000 -6.244000 
20260817-135925:090287952 RobotVDSM|INFO [ST_RobotVDMotionPrepareState,1664]: robot vd: motion prepare state 
20260817-135925:090313248 RobotVDSM|INFO [ST_RobotVDMotionPrepareState,1670]: move mode = 6  
20260817-135925:091116752 MacroMove|INFO [move_joint,219]: RTEMS--------move joint end--------- 
20260817-135925:091270952 profile|INFO [CalcMotionProfile,2817]: block ready run, id = 0  
20260817-135925:092428880 RobotVDStateMag|INFO [RobotVDStateManagerhandler,348]:  mainSM send motion in progress event 
20260817-135925:092465608 RobotVDSM|INFO [ST_RobotVDMotionInProgressState,1766]: robot vd: motion in progress state  
20260817-135925:092488840 RobotVDSM|INFO [ST_RobotVDMotionInProgressState,1776]: move mode = 6 
20260817-135932:260145728 pre_read|INFO [RobotMotionStateBackToExecutionLayer,295]: receiver msg: state = 0, error id = 0  
20260817-135932:260181592 pre_read|INFO [RobotMotionStateBackToExecutionLayer,313]:  valid_num = 1, 
20260817-135932:260422312 RobotVDStateMag|INFO [RobotVDStateManagerhandler,415]:  mainSM to motion complete event  
20260817-135932:260455000 RobotVDSM|INFO [ST_RobotVDMotionCompleteState,2404]: robot vd: motion complete state  
20260817-135932:261262312 RobotVDSM|INFO [ST_RobotVDMotionCompleteState,2448]: robot vd: motion complete state     6 
20260817-135932:261301080 pre_read|INFO [RobotMotionStateBackToExecutionLayer,356]:  send cmd finish event, cmd.packet_id is 16  
20260817-135932:261327048 pre_read|INFO [RobotMotionStateBackToExecutionLayer,368]:  valid_num left = 0,  
20260817-135932:262419688 RobotVDStateMag|INFO [RobotVDStateManagerhandler,802]:  switch mainSM to ready  
20260817-135932:262456840 RobotVDSM|INFO [ST_RobotVDMotionReadyState,1562]: robot vd: motion ready state 
20260817-135932:263080704 RobotVDSM|INFO [ST_RobotVDMotionReadyState,1625]: robot vd: motion ready state end
20260817-135935:363041848 MacroMove|INFO [move_joint,122]: RTEMS--------move joint start----------- 
20260817-135935:363101072 LocationMag|INFO [PrintJointLocation,29]: MOVE point joint = -25.538000 -6.754000 -8.784000 -62.253000 75.531000 -44.210000 -60.677000 
20260817-135935:363255232 RobotVDSM|INFO [ST_RobotVDMotionPrepareState,1664]: robot vd: motion prepare state 
20260817-135935:363281904 RobotVDSM|INFO [ST_RobotVDMotionPrepareState,1670]: move mode = 6  
20260817-135935:363504248 profile|INFO [CalcMotionProfile,2817]: block ready run, id = 0  
20260817-135935:364023424 MacroMove|INFO [move_joint,219]: RTEMS--------move joint end--------- 
20260817-135935:364418952 RobotVDStateMag|INFO [RobotVDStateManagerhandler,348]:  mainSM send motion in progress event 
20260817-135935:364454592 RobotVDSM|INFO [ST_RobotVDMotionInProgressState,1766]: robot vd: motion in progress state  
20260817-135935:364479248 RobotVDSM|INFO [ST_RobotVDMotionInProgressState,1776]: move mode = 6 
20260817-135942:235174544 pre_read|INFO [RobotMotionStateBackToExecutionLayer,295]: receiver msg: state = 0, error id = 0  
20260817-135942:235210608 pre_read|INFO [RobotMotionStateBackToExecutionLayer,313]:  valid_num = 1, 
20260817-135942:236002888 pre_read|INFO [RobotMotionStateBackToExecutionLayer,356]:  send cmd finish event, cmd.packet_id is 17  
20260817-135942:236035408 pre_read|INFO [RobotMotionStateBackToExecutionLayer,368]:  valid_num left = 0,  
20260817-135942:236411632 RobotVDStateMag|INFO [RobotVDStateManagerhandler,415]:  mainSM to motion complete event 
20260817-135942:236446624 RobotVDSM|INFO [ST_RobotVDMotionCompleteState,2404]: robot vd: motion complete state  
20260817-135942:236949160 RobotVDSM|INFO [ST_RobotVDMotionCompleteState,2448]: robot vd: motion complete state     6  
20260817-135942:238414680 RobotVDStateMag|INFO [RobotVDStateManagerhandler,802]:  switch mainSM to ready  
20260817-135942:238453408 RobotVDSM|INFO [ST_RobotVDMotionReadyState,1562]: robot vd: motion ready state 
20260817-135942:239073304 RobotVDSM|INFO [ST_RobotVDMotionReadyState,1625]: robot vd: motion ready state end
20260817-135947:279256688 MacroMove|INFO [move_joint,122]: RTEMS--------move joint start----------- 
20260817-135947:279322752 LocationMag|INFO [PrintJointLocation,29]: MOVE point joint = -29.539000 -21.916000 12.305000 -62.253000 75.531000 -33.403000 -71.855000 
20260817-135947:279899920 RobotVDSM|INFO [ST_RobotVDMotionPrepareState,1664]: robot vd: motion prepare state 
20260817-135947:279928168 RobotVDSM|INFO [ST_RobotVDMotionPrepareState,1670]: move mode = 6  
20260817-135947:280120352 profile|INFO [CalcMotionProfile,2817]: block ready run, id = 0  
20260817-135947:280221504 MacroMove|INFO [move_joint,219]: RTEMS--------move joint end--------- 
20260817-135947:281402328 RobotVDStateMag|INFO [RobotVDStateManagerhandler,348]:  mainSM send motion in progress event 
20260817-135947:281834304 RobotVDSM|INFO [ST_RobotVDMotionInProgressState,1766]: robot vd: motion in progress state  
20260817-135947:281861488 RobotVDSM|INFO [ST_RobotVDMotionInProgressState,1776]: move mode = 6 
20260817-135952:282158168 pre_read|INFO [RobotMotionStateBackToExecutionLayer,295]: receiver msg: state = 0, error id = 0  
20260817-135952:282196328 pre_read|INFO [RobotMotionStateBackToExecutionLayer,313]:  valid_num = 1, 
20260817-135952:282930952 pre_read|INFO [RobotMotionStateBackToExecutionLayer,356]:  send cmd finish event, cmd.packet_id is 18  
20260817-135952:282962048 pre_read|INFO [RobotMotionStateBackToExecutionLayer,368]:  valid_num left = 0,  
20260817-135952:283831872 RobotVDStateMag|INFO [RobotVDStateManagerhandler,415]:  mainSM to motion complete event 
20260817-135952:283867752 RobotVDSM|INFO [ST_RobotVDMotionCompleteState,2404]: robot vd: motion complete state  
20260817-135952:283916320 RobotVDSM|INFO [ST_RobotVDMotionCompleteState,2448]: robot vd: motion complete state     6  
20260817-135952:285815280 RobotVDStateMag|INFO [RobotVDStateManagerhandler,802]:  switch mainSM to ready  
20260817-135952:285854472 RobotVDSM|INFO [ST_RobotVDMotionReadyState,1562]: robot vd: motion ready state 
20260817-135952:286055648 RobotVDSM|INFO [ST_RobotVDMotionReadyState,1625]: robot vd: motion ready state end
20260817-135957:350819000 MacroMove|INFO [move_joint,122]: RTEMS--------move joint start----------- 
20260817-135957:350878400 LocationMag|INFO [PrintJointLocation,29]: MOVE point joint = -20.081000 -6.159000 10.848000 -80.451000 87.914000 -5.179000 -83.254000 
20260817-135957:351030512 RobotVDSM|INFO [ST_RobotVDMotionPrepareState,1664]: robot vd: motion prepare state 
20260817-135957:351057080 RobotVDSM|INFO [ST_RobotVDMotionPrepareState,1670]: move mode = 6  
20260817-135957:351255288 profile|INFO [CalcMotionProfile,2817]: block ready run, id = 0  
20260817-135957:351811792 MacroMove|INFO [move_joint,219]: RTEMS--------move joint end--------- 
20260817-135957:351843728 RobotVDStateMag|INFO [RobotVDStateManagerhandler,348]:  mainSM send motion in progress event 
20260817-135957:351875392 RobotVDSM|INFO [ST_RobotVDMotionInProgressState,1766]: robot vd: motion in progress state  
20260817-135957:351898232 RobotVDSM|INFO [ST_RobotVDMotionInProgressState,1776]: move mode = 6 
20260817-140002:870875248 pre_read|INFO [RobotMotionStateBackToExecutionLayer,295]: receiver msg: state = 0, error id = 0  
20260817-140002:870910064 pre_read|INFO [RobotMotionStateBackToExecutionLayer,313]:  valid_num = 1, 
20260817-140002:871239480 pre_read|INFO [RobotMotionStateBackToExecutionLayer,356]:  send cmd finish event, cmd.packet_id is 19  
20260817-140002:871267528 pre_read|INFO [RobotMotionStateBackToExecutionLayer,368]:  valid_num left = 0,  
20260817-140002:871786608 RobotVDStateMag|INFO [RobotVDStateManagerhandler,415]:  mainSM to motion complete event 
20260817-140002:871822312 RobotVDSM|INFO [ST_RobotVDMotionCompleteState,2404]: robot vd: motion complete state  
20260817-140002:871870304 RobotVDSM|INFO [ST_RobotVDMotionCompleteState,2448]: robot vd: motion complete state     6  
20260817-140002:873747568 RobotVDStateMag|INFO [RobotVDStateManagerhandler,802]:  switch mainSM to ready  
20260817-140002:873784648 RobotVDSM|INFO [ST_RobotVDMotionReadyState,1562]: robot vd: motion ready state 
20260817-140002:873982424 RobotVDSM|INFO [ST_RobotVDMotionReadyState,1625]: robot vd: motion ready state end
20260817-140006:002002704 MacroMove|INFO [move_joint,122]: RTEMS--------move joint start----------- 
20260817-140006:002065872 LocationMag|INFO [PrintJointLocation,29]: MOVE point joint = -31.983000 -10.464000 17.257000 -82.597000 84.552000 -6.700000 -86.843000 
20260817-140006:002217848 RobotVDSM|INFO [ST_RobotVDMotionPrepareState,1664]: robot vd: motion prepare state 
20260817-140006:002241568 RobotVDSM|INFO [ST_RobotVDMotionPrepareState,1670]: move mode = 6  
20260817-140006:002845272 MacroMove|INFO [move_joint,219]: RTEMS--------move joint end--------- 
20260817-140006:002988512 profile|INFO [CalcMotionProfile,2817]: block ready run, id = 0  
20260817-140006:004756280 RobotVDStateMag|INFO [RobotVDStateManagerhandler,348]:  mainSM send motion in progress event 
20260817-140006:004790984 RobotVDSM|INFO [ST_RobotVDMotionInProgressState,1766]: robot vd: motion in progress state  
20260817-140006:004812752 RobotVDSM|INFO [ST_RobotVDMotionInProgressState,1776]: move mode = 6 
20260817-140010:141145384 pre_read|INFO [RobotMotionStateBackToExecutionLayer,295]: receiver msg: state = 0, error id = 0  
20260817-140010:141179952 pre_read|INFO [RobotMotionStateBackToExecutionLayer,313]:  valid_num = 1, 
20260817-140010:141909992 pre_read|INFO [RobotMotionStateBackToExecutionLayer,356]:  send cmd finish event, cmd.packet_id is 20  
20260817-140010:141940208 pre_read|INFO [RobotMotionStateBackToExecutionLayer,368]:  valid_num left = 0,  
20260817-140010:142830048 RobotVDStateMag|INFO [RobotVDStateManagerhandler,415]:  mainSM to motion complete event 
20260817-140010:142867408 RobotVDSM|INFO [ST_RobotVDMotionCompleteState,2404]: robot vd: motion complete state  
20260817-140010:142914688 RobotVDSM|INFO [ST_RobotVDMotionCompleteState,2448]: robot vd: motion complete state     6  
20260817-140010:144794824 RobotVDStateMag|INFO [RobotVDStateManagerhandler,802]:  switch mainSM to ready  
20260817-140010:144831432 RobotVDSM|INFO [ST_RobotVDMotionReadyState,1562]: robot vd: motion ready state 
20260817-140010:145030592 RobotVDSM|INFO [ST_RobotVDMotionReadyState,1625]: robot vd: motion ready state end
20260817-140015:212185512 MacroMove|INFO [move_joint,122]: RTEMS--------move joint start----------- 
20260817-140015:212253304 LocationMag|INFO [PrintJointLocation,29]: MOVE point joint = -42.588000 -13.775000 21.263000 -81.711000 78.232000 -13.101000 -91.999000 
20260817-140015:213034152 RobotVDSM|INFO [ST_RobotVDMotionPrepareState,1664]: robot vd: motion prepare state 
20260817-140015:213062952 RobotVDSM|INFO [ST_RobotVDMotionPrepareState,1670]: move mode = 6  
20260817-140015:213272072 profile|INFO [CalcMotionProfile,2817]: block ready run, id = 0  
20260817-140015:213803200 MacroMove|INFO [move_joint,219]: RTEMS--------move joint end--------- 
20260817-140015:214781720 RobotVDStateMag|INFO [RobotVDStateManagerhandler,348]:  mainSM send motion in progress event 
20260817-140015:214818664 RobotVDSM|INFO [ST_RobotVDMotionInProgressState,1766]: robot vd: motion in progress state  
20260817-140015:214841800 RobotVDSM|INFO [ST_RobotVDMotionInProgressState,1776]: move mode = 6 
20260817-140019:194943448 pre_read|INFO [RobotMotionStateBackToExecutionLayer,295]: receiver msg: state = 0, error id = 0  
20260817-140019:194977880 pre_read|INFO [RobotMotionStateBackToExecutionLayer,313]:  valid_num = 1, 
20260817-140019:195320792 pre_read|INFO [RobotMotionStateBackToExecutionLayer,356]:  send cmd finish event, cmd.packet_id is 21  
20260817-140019:195852664 RobotVDStateMag|INFO [RobotVDStateManagerhandler,415]:  mainSM to motion complete event  
20260817-140019:195887544 RobotVDSM|INFO [ST_RobotVDMotionCompleteState,2404]: robot vd: motion complete state 
20260817-140019:195935928 RobotVDSM|INFO [ST_RobotVDMotionCompleteState,2448]: robot vd: motion complete state     6  
20260817-140019:196220592 pre_read|INFO [RobotMotionStateBackToExecutionLayer,368]:  valid_num left = 0,  
20260817-140019:197786792 RobotVDStateMag|INFO [RobotVDStateManagerhandler,802]:  switch mainSM to ready  
20260817-140019:197822560 RobotVDSM|INFO [ST_RobotVDMotionReadyState,1562]: robot vd: motion ready state 
20260817-140019:198024400 RobotVDSM|INFO [ST_RobotVDMotionReadyState,1625]: robot vd: motion ready state end
20260817-140022:332533352 MacroMove|INFO [move_joint,122]: RTEMS--------move joint start----------- 
20260817-140022:332592832 LocationMag|INFO [PrintJointLocation,29]: MOVE point joint = -49.243000 -20.003000 28.260000 -76.781000 81.582000 -15.794000 -93.529000 
20260817-140022:332745064 RobotVDSM|INFO [ST_RobotVDMotionPrepareState,1664]: robot vd: motion prepare state 
20260817-140022:332771552 RobotVDSM|INFO [ST_RobotVDMotionPrepareState,1670]: move mode = 6  
20260817-140022:332979688 profile|INFO [CalcMotionProfile,2817]: block ready run, id = 0  
20260817-140022:333076304 MacroMove|INFO [move_joint,219]: RTEMS--------move joint end--------- 
20260817-140022:333552360 RobotVDStateMag|INFO [RobotVDStateManagerhandler,348]:  mainSM send motion in progress event 
20260817-140022:333585568 RobotVDSM|INFO [ST_RobotVDMotionInProgressState,1766]: robot vd: motion in progress state  
20260817-140022:333609120 RobotVDSM|INFO [ST_RobotVDMotionInProgressState,1776]: move mode = 6 
20260817-140025:798644384 pre_read|INFO [RobotMotionStateBackToExecutionLayer,295]: receiver msg: state = 0, error id = 0  
20260817-140025:798679904 pre_read|INFO [RobotMotionStateBackToExecutionLayer,313]:  valid_num = 1, 
20260817-140025:798991352 pre_read|INFO [RobotMotionStateBackToExecutionLayer,356]:  send cmd finish event, cmd.packet_id is 22  
20260817-140025:799021552 pre_read|INFO [RobotMotionStateBackToExecutionLayer,368]:  valid_num left = 0,  
20260817-140025:799547160 RobotVDStateMag|INFO [RobotVDStateManagerhandler,415]:  mainSM to motion complete event 
20260817-140025:799586160 RobotVDSM|INFO [ST_RobotVDMotionCompleteState,2404]: robot vd: motion complete state  
20260817-140025:799633600 RobotVDSM|INFO [ST_RobotVDMotionCompleteState,2448]: robot vd: motion complete state     6  
20260817-140025:801505848 RobotVDStateMag|INFO [RobotVDStateManagerhandler,802]:  switch mainSM to ready  
20260817-140025:801542992 RobotVDSM|INFO [ST_RobotVDMotionReadyState,1562]: robot vd: motion ready state 
20260817-140025:801743920 RobotVDSM|INFO [ST_RobotVDMotionReadyState,1625]: robot vd: motion ready state end
20260817-140028:915983368 MacroMove|INFO [move_joint,122]: RTEMS--------move joint start----------- 
20260817-140028:916449680 LocationMag|INFO [PrintJointLocation,29]: MOVE point joint = -51.149000 -25.900000 38.995000 -75.412000 78.084000 -14.422000 -100.644000 
20260817-140028:916607944 RobotVDSM|INFO [ST_RobotVDMotionPrepareState,1664]: robot vd: motion prepare state 
20260817-140028:916635128 RobotVDSM|INFO [ST_RobotVDMotionPrepareState,1670]: move mode = 6  
20260817-140028:916841152 profile|INFO [CalcMotionProfile,2817]: block ready run, id = 0  
20260817-140028:916927064 MacroMove|INFO [move_joint,219]: RTEMS--------move joint end--------- 
20260817-140028:917451512 RobotVDStateMag|INFO [RobotVDStateManagerhandler,348]:  mainSM send motion in progress event 
20260817-140028:917487832 RobotVDSM|INFO [ST_RobotVDMotionInProgressState,1766]: robot vd: motion in progress state  
20260817-140028:917511272 RobotVDSM|INFO [ST_RobotVDMotionInProgressState,1776]: move mode = 6 
20260817-140032:909771600 pre_read|INFO [RobotMotionStateBackToExecutionLayer,295]: receiver msg: state = 0, error id = 0  
20260817-140032:909809208 pre_read|INFO [RobotMotionStateBackToExecutionLayer,313]:  valid_num = 1, 
20260817-140032:910529112 pre_read|INFO [RobotMotionStateBackToExecutionLayer,356]:  send cmd finish event, cmd.packet_id is 23  
20260817-140032:910560648 pre_read|INFO [RobotMotionStateBackToExecutionLayer,368]:  valid_num left = 0,  
20260817-140032:911448000 RobotVDStateMag|INFO [RobotVDStateManagerhandler,415]:  mainSM to motion complete event 
20260817-140032:911485952 RobotVDSM|INFO [ST_RobotVDMotionCompleteState,2404]: robot vd: motion complete state  
20260817-140032:911535792 RobotVDSM|INFO [ST_RobotVDMotionCompleteState,2448]: robot vd: motion complete state     6  
20260817-140032:913428928 RobotVDStateMag|INFO [RobotVDStateManagerhandler,802]:  switch mainSM to ready  
20260817-140032:913466584 RobotVDSM|INFO [ST_RobotVDMotionReadyState,1562]: robot vd: motion ready state 
20260817-140032:913667304 RobotVDSM|INFO [ST_RobotVDMotionReadyState,1625]: robot vd: motion ready state end
20260817-140037:945914704 MacroMove|INFO [move_joint,122]: RTEMS--------move joint start----------- 
20260817-140037:945983912 LocationMag|INFO [PrintJointLocation,29]: MOVE point joint = -54.040000 -32.669000 39.583000 -69.447000 77.552000 -12.333000 -103.451000 
20260817-140037:946558520 RobotVDSM|INFO [ST_RobotVDMotionPrepareState,1664]: robot vd: motion prepare state 
20260817-140037:946586688 RobotVDSM|INFO [ST_RobotVDMotionPrepareState,1670]: move mode = 6  
20260817-140037:946796304 profile|INFO [CalcMotionProfile,2817]: block ready run, id = 0  
20260817-140037:946882488 MacroMove|INFO [move_joint,219]: RTEMS--------move joint end--------- 
20260817-140037:947443352 RobotVDStateMag|INFO [RobotVDStateManagerhandler,348]:  mainSM send motion in progress event 
20260817-140037:947492280 RobotVDSM|INFO [ST_RobotVDMotionInProgressState,1766]: robot vd: motion in progress state  
20260817-140037:947517408 RobotVDSM|INFO [ST_RobotVDMotionInProgressState,1776]: move mode = 6 
20260817-140041:371675152 pre_read|INFO [RobotMotionStateBackToExecutionLayer,295]: receiver msg: state = 0, error id = 0  
20260817-140041:371711112 pre_read|INFO [RobotMotionStateBackToExecutionLayer,313]:  valid_num = 1, 
20260817-140041:372450528 pre_read|INFO [RobotMotionStateBackToExecutionLayer,356]:  send cmd finish event, cmd.packet_id is 24  
20260817-140041:372480384 pre_read|INFO [RobotMotionStateBackToExecutionLayer,368]:  valid_num left = 0,  
20260817-140041:373421960 RobotVDStateMag|INFO [RobotVDStateManagerhandler,415]:  mainSM to motion complete event 
20260817-140041:373460024 RobotVDSM|INFO [ST_RobotVDMotionCompleteState,2404]: robot vd: motion complete state  
20260817-140041:373510200 RobotVDSM|INFO [ST_RobotVDMotionCompleteState,2448]: robot vd: motion complete state     6  
20260817-140041:375400208 RobotVDStateMag|INFO [RobotVDStateManagerhandler,802]:  switch mainSM to ready  
20260817-140041:375438264 RobotVDSM|INFO [ST_RobotVDMotionReadyState,1562]: robot vd: motion ready state 
20260817-140041:375638248 RobotVDSM|INFO [ST_RobotVDMotionReadyState,1625]: robot vd: motion ready state end
20260817-140044:517540144 MacroMove|INFO [move_joint,122]: RTEMS--------move joint start----------- 
20260817-140044:517600232 LocationMag|INFO [PrintJointLocation,29]: MOVE point joint = -56.188000 -23.191000 39.583000 -70.882000 75.561000 -15.531000 -105.537000 
20260817-140044:517758360 RobotVDSM|INFO [ST_RobotVDMotionPrepareState,1664]: robot vd: motion prepare state 
20260817-140044:517785184 RobotVDSM|INFO [ST_RobotVDMotionPrepareState,1670]: move mode = 6  
20260817-140044:518311560 MacroMove|INFO [move_joint,219]: RTEMS--------move joint end--------- 
20260817-140044:518507432 profile|INFO [CalcMotionProfile,2817]: block ready run, id = 0  
20260817-140044:520344784 RobotVDStateMag|INFO [RobotVDStateManagerhandler,348]:  mainSM send motion in progress event 
20260817-140044:520383968 RobotVDSM|INFO [ST_RobotVDMotionInProgressState,1766]: robot vd: motion in progress state  
20260817-140044:520408720 RobotVDSM|INFO [ST_RobotVDMotionInProgressState,1776]: move mode = 6 
20260817-140048:352417808 pre_read|INFO [RobotMotionStateBackToExecutionLayer,295]: receiver msg: state = 0, error id = 0  
20260817-140048:352452960 pre_read|INFO [RobotMotionStateBackToExecutionLayer,313]:  valid_num = 1, 
20260817-140048:352769272 pre_read|INFO [RobotMotionStateBackToExecutionLayer,356]:  send cmd finish event, cmd.packet_id is 25  
20260817-140048:352797024 pre_read|INFO [RobotMotionStateBackToExecutionLayer,368]:  valid_num left = 0,  
20260817-140048:354344480 RobotVDStateMag|INFO [RobotVDStateManagerhandler,415]:  mainSM to motion complete event 
20260817-140048:354382608 RobotVDSM|INFO [ST_RobotVDMotionCompleteState,2404]: robot vd: motion complete state  
20260817-140048:354433392 RobotVDSM|INFO [ST_RobotVDMotionCompleteState,2448]: robot vd: motion complete state     6  
20260817-140048:356338632 RobotVDStateMag|INFO [RobotVDStateManagerhandler,802]:  switch mainSM to ready  
20260817-140048:356376144 RobotVDSM|INFO [ST_RobotVDMotionReadyState,1562]: robot vd: motion ready state 
20260817-140048:356577888 RobotVDSM|INFO [ST_RobotVDMotionReadyState,1625]: robot vd: motion ready state end
20260817-140051:492261128 MacroMove|INFO [move_joint,122]: RTEMS--------move joint start----------- 
20260817-140051:492355944 LocationMag|INFO [PrintJointLocation,29]: MOVE point joint = -58.066000 -17.912000 39.583000 -72.514000 72.110000 -14.741000 -108.053000 
20260817-140051:492508952 RobotVDSM|INFO [ST_RobotVDMotionPrepareState,1664]: robot vd: motion prepare state 
20260817-140051:492536320 RobotVDSM|INFO [ST_RobotVDMotionPrepareState,1670]: move mode = 6  
20260817-140051:492730872 profile|INFO [CalcMotionProfile,2817]: block ready run, id = 0  
20260817-140051:493230840 MacroMove|INFO [move_joint,219]: RTEMS--------move joint end--------- 
20260817-140051:494343800 RobotVDStateMag|INFO [RobotVDStateManagerhandler,348]:  mainSM send motion in progress event 
20260817-140051:494383568 RobotVDSM|INFO [ST_RobotVDMotionInProgressState,1766]: robot vd: motion in progress state  
20260817-140051:494407600 RobotVDSM|INFO [ST_RobotVDMotionInProgressState,1776]: move mode = 6 
20260817-140054:646348040 pre_read|INFO [RobotMotionStateBackToExecutionLayer,295]: receiver msg: state = 0, error id = 0  
20260817-140054:646382744 pre_read|INFO [RobotMotionStateBackToExecutionLayer,313]:  valid_num = 1, 
20260817-140054:646703672 pre_read|INFO [RobotMotionStateBackToExecutionLayer,356]:  send cmd finish event, cmd.packet_id is 26  
20260817-140054:646733912 pre_read|INFO [RobotMotionStateBackToExecutionLayer,368]:  valid_num left = 0,  
20260817-140054:648336048 RobotVDStateMag|INFO [RobotVDStateManagerhandler,415]:  mainSM to motion complete event 
20260817-140054:648374688 RobotVDSM|INFO [ST_RobotVDMotionCompleteState,2404]: robot vd: motion complete state  
20260817-140054:648424112 RobotVDSM|INFO [ST_RobotVDMotionCompleteState,2448]: robot vd: motion complete state     6  
20260817-140054:650332704 RobotVDStateMag|INFO [RobotVDStateManagerhandler,802]:  switch mainSM to ready  
20260817-140054:650369800 RobotVDSM|INFO [ST_RobotVDMotionReadyState,1562]: robot vd: motion ready state 
20260817-140054:650571624 RobotVDSM|INFO [ST_RobotVDMotionReadyState,1625]: robot vd: motion ready state end
20260817-140057:775148504 MacroMove|INFO [move_joint,122]: RTEMS--------move joint start----------- 
20260817-140057:775206408 LocationMag|INFO [PrintJointLocation,29]: MOVE point joint = -60.004000 -10.844000 39.583000 -79.631000 77.329000 -17.839000 -112.181000 
20260817-140057:775598280 RobotVDSM|INFO [ST_RobotVDMotionPrepareState,1664]: robot vd: motion prepare state 
20260817-140057:775626640 RobotVDSM|INFO [ST_RobotVDMotionPrepareState,1670]: move mode = 6  
20260817-140057:776199992 MacroMove|INFO [move_joint,219]: RTEMS--------move joint end--------- 
20260817-140057:776392000 profile|INFO [CalcMotionProfile,2817]: block ready run, id = 0  
20260817-140057:778331960 RobotVDStateMag|INFO [RobotVDStateManagerhandler,348]:  mainSM send motion in progress event 
20260817-140057:778370992 RobotVDSM|INFO [ST_RobotVDMotionInProgressState,1766]: robot vd: motion in progress state  
20260817-140057:778395080 RobotVDSM|INFO [ST_RobotVDMotionInProgressState,1776]: move mode = 6 
20260817-140101:263248904 pre_read|INFO [RobotMotionStateBackToExecutionLayer,295]: receiver msg: state = 0, error id = 0  
20260817-140101:263282952 pre_read|INFO [RobotMotionStateBackToExecutionLayer,313]:  valid_num = 1,  
20260817-140101:264230712 pre_read|INFO [RobotMotionStateBackToExecutionLayer,356]:  send cmd finish event, cmd.packet_id is 27 
20260817-140101:264261312 pre_read|INFO [RobotMotionStateBackToExecutionLayer,368]:  valid_num left = 0,  
20260817-140101:264328392 RobotVDStateMag|INFO [RobotVDStateManagerhandler,415]:  mainSM to motion complete event  
20260817-140101:264359760 RobotVDSM|INFO [ST_RobotVDMotionCompleteState,2404]: robot vd: motion complete state  
20260817-140101:264470528 RobotVDSM|INFO [ST_RobotVDMotionCompleteState,2448]: robot vd: motion complete state     6 
20260817-140101:266325104 RobotVDStateMag|INFO [RobotVDStateManagerhandler,802]:  switch mainSM to ready  
20260817-140101:266362648 RobotVDSM|INFO [ST_RobotVDMotionReadyState,1562]: robot vd: motion ready state  
20260817-140101:266563264 RobotVDSM|INFO [ST_RobotVDMotionReadyState,1625]: robot vd: motion ready state end
20260817-140104:381603024 MacroMove|INFO [move_joint,122]: RTEMS--------move joint start----------- 
20260817-140104:381668280 LocationMag|INFO [PrintJointLocation,29]: MOVE point joint = -63.478000 -6.177000 37.959000 -82.929000 74.898000 -20.987000 -115.448000 
20260817-140104:381827952 RobotVDSM|INFO [ST_RobotVDMotionPrepareState,1664]: robot vd: motion prepare state 
20260817-140104:381854072 RobotVDSM|INFO [ST_RobotVDMotionPrepareState,1670]: move mode = 6  
20260817-140104:382504392 MacroMove|INFO [move_joint,219]: RTEMS--------move joint end--------- 
20260817-140104:382567720 profile|INFO [CalcMotionProfile,2817]: block ready run, id = 0  
20260817-140104:384326240 RobotVDStateMag|INFO [RobotVDStateManagerhandler,348]:  mainSM send motion in progress event 
20260817-140104:384366224 RobotVDSM|INFO [ST_RobotVDMotionInProgressState,1766]: robot vd: motion in progress state  
20260817-140104:384390112 RobotVDSM|INFO [ST_RobotVDMotionInProgressState,1776]: move mode = 6 
20260817-140107:416237280 pre_read|INFO [RobotMotionStateBackToExecutionLayer,295]: receiver msg: state = 0, error id = 0  
20260817-140107:416271664 pre_read|INFO [RobotMotionStateBackToExecutionLayer,313]:  valid_num = 1,  
20260817-140107:416320024 RobotVDStateMag|INFO [RobotVDStateManagerhandler,415]:  mainSM to motion complete event  
20260817-140107:416352384 RobotVDSM|INFO [ST_RobotVDMotionCompleteState,2404]: robot vd: motion complete state 
20260817-140107:417138384 RobotVDSM|INFO [ST_RobotVDMotionCompleteState,2448]: robot vd: motion complete state     6  
20260817-140107:418173624 pre_read|INFO [RobotMotionStateBackToExecutionLayer,356]:  send cmd finish event, cmd.packet_id is 28  
20260817-140107:418205072 pre_read|INFO [RobotMotionStateBackToExecutionLayer,368]:  valid_num left = 0, 
20260817-140107:418319392 RobotVDStateMag|INFO [RobotVDStateManagerhandler,802]:  switch mainSM to ready  
20260817-140107:418349448 RobotVDSM|INFO [ST_RobotVDMotionReadyState,1562]: robot vd: motion ready state  
20260817-140107:418551952 RobotVDSM|INFO [ST_RobotVDMotionReadyState,1625]: robot vd: motion ready state end
20260817-140110:529570904 MacroMove|INFO [move_joint,122]: RTEMS--------move joint start----------- 
20260817-140110:530007200 LocationMag|INFO [PrintJointLocation,29]: MOVE point joint = -67.058000 -2.953000 38.207000 -84.631000 70.367000 -21.962000 -118.614000 
20260817-140110:530162928 RobotVDSM|INFO [ST_RobotVDMotionPrepareState,1664]: robot vd: motion prepare state 
20260817-140110:530188840 RobotVDSM|INFO [ST_RobotVDMotionPrepareState,1670]: move mode = 6  
20260817-140110:530472912 MacroMove|INFO [move_joint,219]: RTEMS--------move joint end--------- 
20260817-140110:530516648 profile|INFO [CalcMotionProfile,2817]: block ready run, id = 0  
20260817-140110:532318088 RobotVDStateMag|INFO [RobotVDStateManagerhandler,348]:  mainSM send motion in progress event 
20260817-140110:532357648 RobotVDSM|INFO [ST_RobotVDMotionInProgressState,1766]: robot vd: motion in progress state  
20260817-140110:532380904 RobotVDSM|INFO [ST_RobotVDMotionInProgressState,1776]: move mode = 6 
20260817-140113:533133928 pre_read|INFO [RobotMotionStateBackToExecutionLayer,295]: receiver msg: state = 0, error id = 0  
20260817-140113:533169672 pre_read|INFO [RobotMotionStateBackToExecutionLayer,313]:  valid_num = 1, 
20260817-140113:533332304 RobotVDStateMag|INFO [RobotVDStateManagerhandler,415]:  mainSM to motion complete event  
20260817-140113:533368032 RobotVDSM|INFO [ST_RobotVDMotionCompleteState,2404]: robot vd: motion complete state  
20260817-140113:534157488 pre_read|INFO [RobotMotionStateBackToExecutionLayer,356]:  send cmd finish event, cmd.packet_id is 29 
20260817-140113:534187928 pre_read|INFO [RobotMotionStateBackToExecutionLayer,368]:  valid_num left = 0,  
20260817-140113:534350768 RobotVDSM|INFO [ST_RobotVDMotionCompleteState,2448]: robot vd: motion complete state     6  
20260817-140113:536313280 RobotVDStateMag|INFO [RobotVDStateManagerhandler,802]:  switch mainSM to ready  
20260817-140113:536351288 RobotVDSM|INFO [ST_RobotVDMotionReadyState,1562]: robot vd: motion ready state 
20260817-140113:536553512 RobotVDSM|INFO [ST_RobotVDMotionReadyState,1625]: robot vd: motion ready state end
20260817-140116:633133648 MacroMove|INFO [move_joint,122]: RTEMS--------move joint start----------- 
20260817-140116:633200768 LocationMag|INFO [PrintJointLocation,29]: MOVE point joint = -68.344000 -3.760000 54.967000 -84.631000 70.367000 -5.162000 -115.017000 
20260817-140116:633982312 RobotVDSM|INFO [ST_RobotVDMotionPrepareState,1664]: robot vd: motion prepare state 
20260817-140116:634012352 RobotVDSM|INFO [ST_RobotVDMotionPrepareState,1670]: move mode = 6  
20260817-140116:634211800 profile|INFO [CalcMotionProfile,2817]: block ready run, id = 0  
20260817-140116:634305704 RobotVDStateMag|INFO [RobotVDStateManagerhandler,348]:  mainSM send motion in progress event  
20260817-140116:634349768 RobotVDSM|INFO [ST_RobotVDMotionInProgressState,1766]: robot vd: motion in progress state 
20260817-140116:634373200 RobotVDSM|INFO [ST_RobotVDMotionInProgressState,1776]: move mode = 6  
20260817-140116:634421208 MacroMove|INFO [move_joint,219]: RTEMS--------move joint end---------
20260817-140121:270066520 pre_read|INFO [RobotMotionStateBackToExecutionLayer,295]: receiver msg: state = 0, error id = 0  
20260817-140121:270101384 pre_read|INFO [RobotMotionStateBackToExecutionLayer,313]:  valid_num = 1, 
20260817-140121:270307840 RobotVDStateMag|INFO [RobotVDStateManagerhandler,415]:  mainSM to motion complete event  
20260817-140121:270343904 RobotVDSM|INFO [ST_RobotVDMotionCompleteState,2404]: robot vd: motion complete state  
20260817-140121:270446440 RobotVDSM|INFO [ST_RobotVDMotionCompleteState,2448]: robot vd: motion complete state     6 
20260817-140121:270479120 pre_read|INFO [RobotMotionStateBackToExecutionLayer,356]:  send cmd finish event, cmd.packet_id is 30  
20260817-140121:270502992 pre_read|INFO [RobotMotionStateBackToExecutionLayer,368]:  valid_num left = 0,  
20260817-140121:272305832 RobotVDStateMag|INFO [RobotVDStateManagerhandler,802]:  switch mainSM to ready  
20260817-140121:272342792 RobotVDSM|INFO [ST_RobotVDMotionReadyState,1562]: robot vd: motion ready state 
20260817-140121:272984888 RobotVDSM|INFO [ST_RobotVDMotionReadyState,1625]: robot vd: motion ready state end
20260817-140124:377262792 MacroMove|INFO [move_joint,122]: RTEMS--------move joint start----------- 
20260817-140124:377926640 LocationMag|INFO [PrintJointLocation,29]: MOVE point joint = -71.156000 -4.962000 55.330000 -86.067000 70.367000 -7.126000 -111.923000 
20260817-140124:378081280 RobotVDSM|INFO [ST_RobotVDMotionPrepareState,1664]: robot vd: motion prepare state 
20260817-140124:378108184 RobotVDSM|INFO [ST_RobotVDMotionPrepareState,1670]: move mode = 6  
20260817-140124:378394400 profile|INFO [CalcMotionProfile,2817]: block ready run, id = 0  
20260817-140124:378424752 MacroMove|INFO [move_joint,219]: RTEMS--------move joint end--------- 
20260817-140124:379311480 RobotVDStateMag|INFO [RobotVDStateManagerhandler,348]:  mainSM send motion in progress event 
20260817-140124:379348968 RobotVDSM|INFO [ST_RobotVDMotionInProgressState,1766]: robot vd: motion in progress state  
20260817-140124:379373200 RobotVDSM|INFO [ST_RobotVDMotionInProgressState,1776]: move mode = 6 
20260817-140127:019140248 pre_read|INFO [RobotMotionStateBackToExecutionLayer,295]: receiver msg: state = 0, error id = 0  
20260817-140127:019174824 pre_read|INFO [RobotMotionStateBackToExecutionLayer,313]:  valid_num = 1, 
20260817-140127:019308552 RobotVDStateMag|INFO [RobotVDStateManagerhandler,415]:  mainSM to motion complete event  
20260817-140127:019340080 RobotVDSM|INFO [ST_RobotVDMotionCompleteState,2404]: robot vd: motion complete state  
20260817-140127:020136240 RobotVDSM|INFO [ST_RobotVDMotionCompleteState,2448]: robot vd: motion complete state     6 
20260817-140127:020170592 pre_read|INFO [RobotMotionStateBackToExecutionLayer,356]:  send cmd finish event, cmd.packet_id is 31  
20260817-140127:020193952 pre_read|INFO [RobotMotionStateBackToExecutionLayer,368]:  valid_num left = 0,  
20260817-140127:021303608 RobotVDStateMag|INFO [RobotVDStateManagerhandler,802]:  switch mainSM to ready  
20260817-140127:021338912 RobotVDSM|INFO [ST_RobotVDMotionReadyState,1562]: robot vd: motion ready state 
20260817-140127:021536392 RobotVDSM|INFO [ST_RobotVDMotionReadyState,1625]: robot vd: motion ready state end
20260817-140132:078976128 MacroMove|INFO [move_joint,122]: RTEMS--------move joint start----------- 
20260817-140132:079039408 LocationMag|INFO [PrintJointLocation,29]: MOVE point joint = -65.970000 2.403000 55.330000 -89.812000 75.795000 -5.260000 -107.889000 
20260817-140132:079191024 RobotVDSM|INFO [ST_RobotVDMotionPrepareState,1664]: robot vd: motion prepare state 
20260817-140132:079217192 RobotVDSM|INFO [ST_RobotVDMotionPrepareState,1670]: move mode = 6  
20260817-140132:079990960 MacroMove|INFO [move_joint,219]: RTEMS--------move joint end--------- 
20260817-140132:080181408 profile|INFO [CalcMotionProfile,2817]: block ready run, id = 0  
20260817-140132:081302968 RobotVDStateMag|INFO [RobotVDStateManagerhandler,348]:  mainSM send motion in progress event 
20260817-140132:081340400 RobotVDSM|INFO [ST_RobotVDMotionInProgressState,1766]: robot vd: motion in progress state  
20260817-140132:081363008 RobotVDSM|INFO [ST_RobotVDMotionInProgressState,1776]: move mode = 6 
20260817-140135:610071920 pre_read|INFO [RobotMotionStateBackToExecutionLayer,295]: receiver msg: state = 0, error id = 0  
20260817-140135:610108080 pre_read|INFO [RobotMotionStateBackToExecutionLayer,313]:  valid_num = 1, 
20260817-140135:610888360 pre_read|INFO [RobotMotionStateBackToExecutionLayer,356]:  send cmd finish event, cmd.packet_id is 32  
20260817-140135:610919752 pre_read|INFO [RobotMotionStateBackToExecutionLayer,368]:  valid_num left = 0,  
20260817-140135:611298208 RobotVDStateMag|INFO [RobotVDStateManagerhandler,415]:  mainSM to motion complete event 
20260817-140135:611332472 RobotVDSM|INFO [ST_RobotVDMotionCompleteState,2404]: robot vd: motion complete state  
20260817-140135:611835960 RobotVDSM|INFO [ST_RobotVDMotionCompleteState,2448]: robot vd: motion complete state     6  
20260817-140135:613299824 RobotVDStateMag|INFO [RobotVDStateManagerhandler,802]:  switch mainSM to ready  
20260817-140135:613337792 RobotVDSM|INFO [ST_RobotVDMotionReadyState,1562]: robot vd: motion ready state 
20260817-140135:613962200 RobotVDSM|INFO [ST_RobotVDMotionReadyState,1625]: robot vd: motion ready state end
20260817-140138:762787064 MacroMove|INFO [move_joint,122]: RTEMS--------move joint start----------- 
20260817-140138:762854064 LocationMag|INFO [PrintJointLocation,29]: MOVE point joint = -63.912000 3.174000 56.378000 -90.485000 83.736000 -4.068000 -102.954000 
20260817-140138:763006232 RobotVDSM|INFO [ST_RobotVDMotionPrepareState,1664]: robot vd: motion prepare state 
20260817-140138:763033008 RobotVDSM|INFO [ST_RobotVDMotionPrepareState,1670]: move mode = 6  
20260817-140138:763199632 profile|INFO [CalcMotionProfile,2817]: block ready run, id = 0  
20260817-140138:764008112 MacroMove|INFO [move_joint,219]: RTEMS--------move joint end--------- 
20260817-140138:764296360 RobotVDStateMag|INFO [RobotVDStateManagerhandler,348]:  mainSM send motion in progress event 
20260817-140138:764332784 RobotVDSM|INFO [ST_RobotVDMotionInProgressState,1766]: robot vd: motion in progress state  
20260817-140138:764766792 RobotVDSM|INFO [ST_RobotVDMotionInProgressState,1776]: move mode = 6 
20260817-140142:377060688 pre_read|INFO [RobotMotionStateBackToExecutionLayer,295]: receiver msg: state = 0, error id = 0  
20260817-140142:377096880 pre_read|INFO [RobotMotionStateBackToExecutionLayer,313]:  valid_num = 1, 
20260817-140142:377826328 pre_read|INFO [RobotMotionStateBackToExecutionLayer,356]:  send cmd finish event, cmd.packet_id is 33  
20260817-140142:377857272 pre_read|INFO [RobotMotionStateBackToExecutionLayer,368]:  valid_num left = 0,  
20260817-140142:378295408 RobotVDStateMag|INFO [RobotVDStateManagerhandler,415]:  mainSM to motion complete event 
20260817-140142:378772728 RobotVDSM|INFO [ST_RobotVDMotionCompleteState,2404]: robot vd: motion complete state  
20260817-140142:378822520 RobotVDSM|INFO [ST_RobotVDMotionCompleteState,2448]: robot vd: motion complete state     6  
20260817-140142:380287184 RobotVDStateMag|INFO [RobotVDStateManagerhandler,802]:  switch mainSM to ready  
20260817-140142:380746120 RobotVDSM|INFO [ST_RobotVDMotionReadyState,1562]: robot vd: motion ready state 
20260817-140142:380946160 RobotVDSM|INFO [ST_RobotVDMotionReadyState,1625]: robot vd: motion ready state end
20260817-140145:525717704 MacroMove|INFO [move_joint,122]: RTEMS--------move joint start----------- 
20260817-140145:525777672 LocationMag|INFO [PrintJointLocation,29]: MOVE point joint = -57.385000 4.104000 56.652000 -90.485000 84.700000 5.392000 -99.910000 
20260817-140145:525930504 RobotVDSM|INFO [ST_RobotVDMotionPrepareState,1664]: robot vd: motion prepare state 
20260817-140145:525956120 RobotVDSM|INFO [ST_RobotVDMotionPrepareState,1670]: move mode = 6  
20260817-140145:526146520 profile|INFO [CalcMotionProfile,2817]: block ready run, id = 0  
20260817-140145:526929904 MacroMove|INFO [move_joint,219]: RTEMS--------move joint end--------- 
20260817-140145:527690024 RobotVDStateMag|INFO [RobotVDStateManagerhandler,348]:  mainSM send motion in progress event 
20260817-140145:527730784 RobotVDSM|INFO [ST_RobotVDMotionInProgressState,1766]: robot vd: motion in progress state  
20260817-140145:527755832 RobotVDSM|INFO [ST_RobotVDMotionInProgressState,1776]: move mode = 6 
20260817-140149:357844392 pre_read|INFO [RobotMotionStateBackToExecutionLayer,295]: receiver msg: state = 0, error id = 0  
20260817-140149:357879744 pre_read|INFO [RobotMotionStateBackToExecutionLayer,313]:  valid_num = 1, 
20260817-140149:359018352 pre_read|INFO [RobotMotionStateBackToExecutionLayer,356]:  send cmd finish event, cmd.packet_id is 34  
20260817-140149:359049448 pre_read|INFO [RobotMotionStateBackToExecutionLayer,368]:  valid_num left = 0,  
20260817-140149:359745504 RobotVDStateMag|INFO [RobotVDStateManagerhandler,415]:  mainSM to motion complete event 
20260817-140149:359784888 RobotVDSM|INFO [ST_RobotVDMotionCompleteState,2404]: robot vd: motion complete state  
20260817-140149:359834648 RobotVDSM|INFO [ST_RobotVDMotionCompleteState,2448]: robot vd: motion complete state     6  
20260817-140149:361703600 RobotVDStateMag|INFO [RobotVDStateManagerhandler,802]:  switch mainSM to ready  
20260817-140149:361742160 RobotVDSM|INFO [ST_RobotVDMotionReadyState,1562]: robot vd: motion ready state 
20260817-140149:361943128 RobotVDSM|INFO [ST_RobotVDMotionReadyState,1625]: robot vd: motion ready state end
20260817-140154:412830440 MacroMove|INFO [move_joint,122]: RTEMS--------move joint start----------- 
20260817-140154:412890952 LocationMag|INFO [PrintJointLocation,29]: MOVE point joint = -54.884000 -1.582000 55.911000 -90.343000 81.118000 10.042000 -96.435000 
20260817-140154:413051968 RobotVDSM|INFO [ST_RobotVDMotionPrepareState,1664]: robot vd: motion prepare state 
20260817-140154:413078832 RobotVDSM|INFO [ST_RobotVDMotionPrepareState,1670]: move mode = 6  
20260817-140154:413247424 profile|INFO [CalcMotionProfile,2817]: block ready run, id = 0  
20260817-140154:413728424 RobotVDStateMag|INFO [RobotVDStateManagerhandler,348]:  mainSM send motion in progress event  
20260817-140154:414026432 RobotVDSM|INFO [ST_RobotVDMotionInProgressState,1766]: robot vd: motion in progress state 
20260817-140154:414053800 RobotVDSM|INFO [ST_RobotVDMotionInProgressState,1776]: move mode = 6  
20260817-140154:414108512 MacroMove|INFO [move_joint,219]: RTEMS--------move joint end---------
20260817-140157:650048960 pre_read|INFO [RobotMotionStateBackToExecutionLayer,295]: receiver msg: state = 0, error id = 0  
20260817-140157:650085824 pre_read|INFO [RobotMotionStateBackToExecutionLayer,313]:  valid_num = 1, 
20260817-140157:650794168 pre_read|INFO [RobotMotionStateBackToExecutionLayer,356]:  send cmd finish event, cmd.packet_id is 35  
20260817-140157:650825240 pre_read|INFO [RobotMotionStateBackToExecutionLayer,368]:  valid_num left = 0,  
20260817-140157:651705472 RobotVDStateMag|INFO [RobotVDStateManagerhandler,415]:  mainSM to motion complete event 
20260817-140157:651743904 RobotVDSM|INFO [ST_RobotVDMotionCompleteState,2404]: robot vd: motion complete state  
20260817-140157:651793840 RobotVDSM|INFO [ST_RobotVDMotionCompleteState,2448]: robot vd: motion complete state     6  
20260817-140157:653696312 RobotVDStateMag|INFO [RobotVDStateManagerhandler,802]:  switch mainSM to ready  
20260817-140157:653734944 RobotVDSM|INFO [ST_RobotVDMotionReadyState,1562]: robot vd: motion ready state 
20260817-140157:653935000 RobotVDSM|INFO [ST_RobotVDMotionReadyState,1625]: robot vd: motion ready state end
20260817-140200:773066224 MacroMove|INFO [move_joint,122]: RTEMS--------move joint start----------- 
20260817-140200:773129464 LocationMag|INFO [PrintJointLocation,29]: MOVE point joint = -48.186000 -2.827000 54.440000 -89.508000 78.669000 13.931000 -92.848000 
20260817-140200:773906288 RobotVDSM|INFO [ST_RobotVDMotionPrepareState,1664]: robot vd: motion prepare state 
20260817-140200:773935840 RobotVDSM|INFO [ST_RobotVDMotionPrepareState,1670]: move mode = 6  
20260817-140200:774146440 profile|INFO [CalcMotionProfile,2817]: block ready run, id = 0  
20260817-140200:774233288 MacroMove|INFO [move_joint,219]: RTEMS--------move joint end--------- 
20260817-140200:775662104 RobotVDStateMag|INFO [RobotVDStateManagerhandler,348]:  mainSM send motion in progress event 
20260817-140200:775700968 RobotVDSM|INFO [ST_RobotVDMotionInProgressState,1766]: robot vd: motion in progress state  
20260817-140200:775725312 RobotVDSM|INFO [ST_RobotVDMotionInProgressState,1776]: move mode = 6 
20260817-140204:192693120 pre_read|INFO [RobotMotionStateBackToExecutionLayer,295]: receiver msg: state = 0, error id = 0  
20260817-140204:192728248 pre_read|INFO [RobotMotionStateBackToExecutionLayer,313]:  valid_num = 1, 
20260817-140204:193590440 RobotVDStateMag|INFO [RobotVDStateManagerhandler,415]:  mainSM to motion complete event  
20260817-140204:193627528 RobotVDSM|INFO [ST_RobotVDMotionCompleteState,2404]: robot vd: motion complete state  
20260817-140204:193945960 RobotVDSM|INFO [ST_RobotVDMotionCompleteState,2448]: robot vd: motion complete state     6 
20260817-140204:193980680 pre_read|INFO [RobotMotionStateBackToExecutionLayer,356]:  send cmd finish event, cmd.packet_id is 36  
20260817-140204:194004624 pre_read|INFO [RobotMotionStateBackToExecutionLayer,368]:  valid_num left = 0,  
20260817-140204:195563624 RobotVDStateMag|INFO [RobotVDStateManagerhandler,802]:  switch mainSM to ready  
20260817-140204:195599144 RobotVDSM|INFO [ST_RobotVDMotionReadyState,1562]: robot vd: motion ready state 
20260817-140204:195801088 RobotVDSM|INFO [ST_RobotVDMotionReadyState,1625]: robot vd: motion ready state end
20260817-140209:234966392 MacroMove|INFO [move_joint,122]: RTEMS--------move joint start----------- 
20260817-140209:235032464 LocationMag|INFO [PrintJointLocation,29]: MOVE point joint = -46.869000 -5.222000 53.547000 -89.507000 77.752000 16.499000 -89.354000 
20260817-140209:235185704 RobotVDSM|INFO [ST_RobotVDMotionPrepareState,1664]: robot vd: motion prepare state 
20260817-140209:235211424 RobotVDSM|INFO [ST_RobotVDMotionPrepareState,1670]: move mode = 6  
20260817-140209:236037968 profile|INFO [CalcMotionProfile,2817]: block ready run, id = 0  
20260817-140209:236127640 MacroMove|INFO [move_joint,219]: RTEMS--------move joint end--------- 
20260817-140209:236660768 RobotVDStateMag|INFO [RobotVDStateManagerhandler,348]:  mainSM send motion in progress event 
20260817-140209:236695888 RobotVDSM|INFO [ST_RobotVDMotionInProgressState,1766]: robot vd: motion in progress state  
20260817-140209:236719704 RobotVDSM|INFO [ST_RobotVDMotionInProgressState,1776]: move mode = 6 
20260817-140211:988014960 pre_read|INFO [RobotMotionStateBackToExecutionLayer,295]: receiver msg: state = 0, error id = 0  
20260817-140211:988051744 pre_read|INFO [RobotMotionStateBackToExecutionLayer,313]:  valid_num = 1, 
20260817-140211:988776744 pre_read|INFO [RobotMotionStateBackToExecutionLayer,356]:  send cmd finish event, cmd.packet_id is 37  
20260817-140211:988807704 pre_read|INFO [RobotMotionStateBackToExecutionLayer,368]:  valid_num left = 0,  
20260817-140211:989710192 RobotVDStateMag|INFO [RobotVDStateManagerhandler,415]:  mainSM to motion complete event 
20260817-140211:989747760 RobotVDSM|INFO [ST_RobotVDMotionCompleteState,2404]: robot vd: motion complete state  
20260817-140211:989793688 RobotVDSM|INFO [ST_RobotVDMotionCompleteState,2448]: robot vd: motion complete state     6  
20260817-140211:991674224 RobotVDStateMag|INFO [RobotVDStateManagerhandler,802]:  switch mainSM to ready  
20260817-140211:991711520 RobotVDSM|INFO [ST_RobotVDMotionReadyState,1562]: robot vd: motion ready state 
20260817-140211:991912472 RobotVDSM|INFO [ST_RobotVDMotionReadyState,1625]: robot vd: motion ready state end
20260817-140215:092671264 MacroMove|INFO [move_joint,122]: RTEMS--------move joint start----------- 
20260817-140215:092729680 LocationMag|INFO [PrintJointLocation,29]: MOVE point joint = -45.163000 -8.544000 53.547000 -87.680000 72.933000 17.995000 -82.463000 
20260817-140215:092880928 RobotVDSM|INFO [ST_RobotVDMotionPrepareState,1664]: robot vd: motion prepare state 
20260817-140215:092906464 RobotVDSM|INFO [ST_RobotVDMotionPrepareState,1670]: move mode = 6  
20260817-140215:093100864 profile|INFO [CalcMotionProfile,2817]: block ready run, id = 0  
20260817-140215:093668352 RobotVDStateMag|INFO [RobotVDStateManagerhandler,348]:  mainSM send motion in progress event  
20260817-140215:093934552 RobotVDSM|INFO [ST_RobotVDMotionInProgressState,1766]: robot vd: motion in progress state 
20260817-140215:093960712 RobotVDSM|INFO [ST_RobotVDMotionInProgressState,1776]: move mode = 6  
20260817-140215:094014120 MacroMove|INFO [move_joint,219]: RTEMS--------move joint end---------
20260817-140218:541749024 pre_read|INFO [RobotMotionStateBackToExecutionLayer,295]: receiver msg: state = 0, error id = 0  
20260817-140218:541785088 pre_read|INFO [RobotMotionStateBackToExecutionLayer,313]:  valid_num = 1, 
20260817-140218:542504920 pre_read|INFO [RobotMotionStateBackToExecutionLayer,356]:  send cmd finish event, cmd.packet_id is 38  
20260817-140218:542536480 pre_read|INFO [RobotMotionStateBackToExecutionLayer,368]:  valid_num left = 0,  
20260817-140218:543418848 RobotVDStateMag|INFO [RobotVDStateManagerhandler,415]:  mainSM to motion complete event 
20260817-140218:543456368 RobotVDSM|INFO [ST_RobotVDMotionCompleteState,2404]: robot vd: motion complete state  
20260817-140218:543505928 RobotVDSM|INFO [ST_RobotVDMotionCompleteState,2448]: robot vd: motion complete state     6  
20260817-140218:545413192 RobotVDStateMag|INFO [RobotVDStateManagerhandler,802]:  switch mainSM to ready  
20260817-140218:545451080 RobotVDSM|INFO [ST_RobotVDMotionReadyState,1562]: robot vd: motion ready state 
20260817-140218:545651400 RobotVDSM|INFO [ST_RobotVDMotionReadyState,1625]: robot vd: motion ready state end
20260817-140221:652652504 MacroMove|INFO [move_joint,122]: RTEMS--------move joint start----------- 
20260817-140221:652718168 LocationMag|INFO [PrintJointLocation,29]: MOVE point joint = -41.632000 -10.607000 50.773000 -84.760000 72.366000 19.263000 -77.372000 
20260817-140221:652873112 RobotVDSM|INFO [ST_RobotVDMotionPrepareState,1664]: robot vd: motion prepare state 
20260817-140221:652899272 RobotVDSM|INFO [ST_RobotVDMotionPrepareState,1670]: move mode = 6  
20260817-140221:653730392 profile|INFO [CalcMotionProfile,2817]: block ready run, id = 0  
20260817-140221:653825128 MacroMove|INFO [move_joint,219]: RTEMS--------move joint end--------- 
20260817-140221:654374632 RobotVDStateMag|INFO [RobotVDStateManagerhandler,348]:  mainSM send motion in progress event 
20260817-140221:654411712 RobotVDSM|INFO [ST_RobotVDMotionInProgressState,1766]: robot vd: motion in progress state  
20260817-140221:654435664 RobotVDSM|INFO [ST_RobotVDMotionInProgressState,1776]: move mode = 6 
20260817-140224:770503392 pre_read|INFO [RobotMotionStateBackToExecutionLayer,295]: receiver msg: state = 0, error id = 0  
20260817-140224:770538992 pre_read|INFO [RobotMotionStateBackToExecutionLayer,313]:  valid_num = 1, 
20260817-140224:770872944 pre_read|INFO [RobotMotionStateBackToExecutionLayer,356]:  send cmd finish event, cmd.packet_id is 39  
20260817-140224:771636664 pre_read|INFO [RobotMotionStateBackToExecutionLayer,368]:  valid_num left = 0,  
20260817-140224:772368488 RobotVDStateMag|INFO [RobotVDStateManagerhandler,415]:  mainSM to motion complete event 
20260817-140224:772407584 RobotVDSM|INFO [ST_RobotVDMotionCompleteState,2404]: robot vd: motion complete state  
20260817-140224:772457072 RobotVDSM|INFO [ST_RobotVDMotionCompleteState,2448]: robot vd: motion complete state     6  
20260817-140224:774358624 RobotVDStateMag|INFO [RobotVDStateManagerhandler,802]:  switch mainSM to ready  
20260817-140224:774395344 RobotVDSM|INFO [ST_RobotVDMotionReadyState,1562]: robot vd: motion ready state 
20260817-140224:774593568 RobotVDSM|INFO [ST_RobotVDMotionReadyState,1625]: robot vd: motion ready state end
20260817-140229:845505288 MacroMove|INFO [move_joint,122]: RTEMS--------move joint start----------- 
20260817-140229:845567032 LocationMag|INFO [PrintJointLocation,29]: MOVE point joint = -36.387000 -13.703000 48.445000 -83.658000 67.723000 19.263000 -73.705000 
20260817-140229:845725984 RobotVDSM|INFO [ST_RobotVDMotionPrepareState,1664]: robot vd: motion prepare state 
20260817-140229:845753584 RobotVDSM|INFO [ST_RobotVDMotionPrepareState,1670]: move mode = 6  
20260817-140229:846332328 MacroMove|INFO [move_joint,219]: RTEMS--------move joint end--------- 
20260817-140229:846510680 profile|INFO [CalcMotionProfile,2817]: block ready run, id = 0  
20260817-140229:848263528 RobotVDStateMag|INFO [RobotVDStateManagerhandler,348]:  mainSM send motion in progress event 
20260817-140229:848302272 RobotVDSM|INFO [ST_RobotVDMotionInProgressState,1766]: robot vd: motion in progress state  
20260817-140229:848327024 RobotVDSM|INFO [ST_RobotVDMotionInProgressState,1776]: move mode = 6 
20260817-140232:996411192 pre_read|INFO [RobotMotionStateBackToExecutionLayer,295]: receiver msg: state = 0, error id = 0  
20260817-140232:996446600 pre_read|INFO [RobotMotionStateBackToExecutionLayer,313]:  valid_num = 1, 
20260817-140232:997591992 pre_read|INFO [RobotMotionStateBackToExecutionLayer,356]:  send cmd finish event, cmd.packet_id is 40  
20260817-140232:997622704 pre_read|INFO [RobotMotionStateBackToExecutionLayer,368]:  valid_num left = 0,  
20260817-140232:998294704 RobotVDStateMag|INFO [RobotVDStateManagerhandler,415]:  mainSM to motion complete event 
20260817-140232:998332320 RobotVDSM|INFO [ST_RobotVDMotionCompleteState,2404]: robot vd: motion complete state  
20260817-140232:998384528 RobotVDSM|INFO [ST_RobotVDMotionCompleteState,2448]: robot vd: motion complete state     6  
20260817-140233:000288552 RobotVDStateMag|INFO [RobotVDStateManagerhandler,802]:  switch mainSM to ready  
20260817-140233:000322080 RobotVDSM|INFO [ST_RobotVDMotionReadyState,1562]: robot vd: motion ready state 
20260817-140233:000518624 RobotVDSM|INFO [ST_RobotVDMotionReadyState,1625]: robot vd: motion ready state end
20260817-140238:006481112 MacroMove|INFO [move_joint,122]: RTEMS--------move joint start----------- 
20260817-140238:006543984 LocationMag|INFO [PrintJointLocation,29]: MOVE point joint = -34.029000 -15.485000 47.258000 -82.763000 61.141000 18.899000 -69.664000 
20260817-140238:006696368 RobotVDSM|INFO [ST_RobotVDMotionPrepareState,1664]: robot vd: motion prepare state 
20260817-140238:006721160 RobotVDSM|INFO [ST_RobotVDMotionPrepareState,1670]: move mode = 6  
20260817-140238:007459400 MacroMove|INFO [move_joint,219]: RTEMS--------move joint end--------- 
20260817-140238:007658728 profile|INFO [CalcMotionProfile,2817]: block ready run, id = 0  
20260817-140238:008235888 RobotVDStateMag|INFO [RobotVDStateManagerhandler,348]:  mainSM send motion in progress event 
20260817-140238:008271832 RobotVDSM|INFO [ST_RobotVDMotionInProgressState,1766]: robot vd: motion in progress state  
20260817-140238:008294432 RobotVDSM|INFO [ST_RobotVDMotionInProgressState,1776]: move mode = 6 
20260817-140241:400341648 pre_read|INFO [RobotMotionStateBackToExecutionLayer,295]: receiver msg: state = 0, error id = 0  
20260817-140241:400376200 pre_read|INFO [RobotMotionStateBackToExecutionLayer,313]:  valid_num = 1, 
20260817-140241:400728512 pre_read|INFO [RobotMotionStateBackToExecutionLayer,356]:  send cmd finish event, cmd.packet_id is 41  
20260817-140241:401488600 pre_read|INFO [RobotMotionStateBackToExecutionLayer,368]:  valid_num left = 0,  
20260817-140241:402228704 RobotVDStateMag|INFO [RobotVDStateManagerhandler,415]:  mainSM to motion complete event 
20260817-140241:402267032 RobotVDSM|INFO [ST_RobotVDMotionCompleteState,2404]: robot vd: motion complete state  
20260817-140241:402316120 RobotVDSM|INFO [ST_RobotVDMotionCompleteState,2448]: robot vd: motion complete state     6  
20260817-140241:404228064 RobotVDStateMag|INFO [RobotVDStateManagerhandler,802]:  switch mainSM to ready  
20260817-140241:404264952 RobotVDSM|INFO [ST_RobotVDMotionReadyState,1562]: robot vd: motion ready state 
20260817-140241:404465864 RobotVDSM|INFO [ST_RobotVDMotionReadyState,1625]: robot vd: motion ready state end
20260817-140246:434248704 MacroMove|INFO [move_joint,122]: RTEMS--------move joint start----------- 
20260817-140246:434308872 LocationMag|INFO [PrintJointLocation,29]: MOVE point joint = -31.460000 -16.535000 46.240000 -83.061000 57.494000 23.047000 -64.998000 
20260817-140246:434468504 RobotVDSM|INFO [ST_RobotVDMotionPrepareState,1664]: robot vd: motion prepare state 
20260817-140246:434495528 RobotVDSM|INFO [ST_RobotVDMotionPrepareState,1670]: move mode = 6  
20260817-140246:435154280 MacroMove|INFO [move_joint,219]: RTEMS--------move joint end--------- 
20260817-140246:435481600 profile|INFO [CalcMotionProfile,2817]: block ready run, id = 0  
20260817-140246:436227232 RobotVDStateMag|INFO [RobotVDStateManagerhandler,348]:  mainSM send motion in progress event 
20260817-140246:436266168 RobotVDSM|INFO [ST_RobotVDMotionInProgressState,1766]: robot vd: motion in progress state  
20260817-140246:436289608 RobotVDSM|INFO [ST_RobotVDMotionInProgressState,1776]: move mode = 6 
20260817-140249:460260984 pre_read|INFO [RobotMotionStateBackToExecutionLayer,295]: receiver msg: state = 0, error id = 0  
20260817-140249:460295432 pre_read|INFO [RobotMotionStateBackToExecutionLayer,313]:  valid_num = 1, 
20260817-140249:461129240 pre_read|INFO [RobotMotionStateBackToExecutionLayer,356]:  send cmd finish event, cmd.packet_id is 42  
20260817-140249:461163928 pre_read|INFO [RobotMotionStateBackToExecutionLayer,368]:  valid_num left = 0,  
20260817-140249:462221304 RobotVDStateMag|INFO [RobotVDStateManagerhandler,415]:  mainSM to motion complete event 
20260817-140249:462259944 RobotVDSM|INFO [ST_RobotVDMotionCompleteState,2404]: robot vd: motion complete state  
20260817-140249:462311520 RobotVDSM|INFO [ST_RobotVDMotionCompleteState,2448]: robot vd: motion complete state     6  
20260817-140249:464219768 RobotVDStateMag|INFO [RobotVDStateManagerhandler,802]:  switch mainSM to ready  
20260817-140249:464257592 RobotVDSM|INFO [ST_RobotVDMotionReadyState,1562]: robot vd: motion ready state 
20260817-140249:464457624 RobotVDSM|INFO [ST_RobotVDMotionReadyState,1625]: robot vd: motion ready state end
20260817-140252:560510264 MacroMove|INFO [move_joint,122]: RTEMS--------move joint start----------- 
20260817-140252:560577128 LocationMag|INFO [PrintJointLocation,29]: MOVE point joint = -29.987000 -18.366000 44.276000 -82.358000 57.000000 24.374000 -61.550000 
20260817-140252:561112064 RobotVDSM|INFO [ST_RobotVDMotionPrepareState,1664]: robot vd: motion prepare state 
20260817-140252:561139728 RobotVDSM|INFO [ST_RobotVDMotionPrepareState,1670]: move mode = 6  
20260817-140252:561487528 MacroMove|INFO [move_joint,219]: RTEMS--------move joint end--------- 
20260817-140252:562095384 profile|INFO [CalcMotionProfile,2817]: block ready run, id = 0  
20260817-140252:562213184 RobotVDStateMag|INFO [RobotVDStateManagerhandler,348]:  mainSM send motion in progress event 
20260817-140252:562247360 RobotVDSM|INFO [ST_RobotVDMotionInProgressState,1766]: robot vd: motion in progress state  
20260817-140252:562271944 RobotVDSM|INFO [ST_RobotVDMotionInProgressState,1776]: move mode = 6 
20260817-140255:301183272 pre_read|INFO [RobotMotionStateBackToExecutionLayer,295]: receiver msg: state = 0, error id = 0  
20260817-140255:301241344 pre_read|INFO [RobotMotionStateBackToExecutionLayer,313]:  valid_num = 1, 
20260817-140255:301567808 pre_read|INFO [RobotMotionStateBackToExecutionLayer,356]:  send cmd finish event, cmd.packet_id is 43  
20260817-140255:301596192 pre_read|INFO [RobotMotionStateBackToExecutionLayer,368]:  valid_num left = 0,  
20260817-140255:302223288 RobotVDStateMag|INFO [RobotVDStateManagerhandler,415]:  mainSM to motion complete event 
20260817-140255:302262600 RobotVDSM|INFO [ST_RobotVDMotionCompleteState,2404]: robot vd: motion complete state  
20260817-140255:302310360 RobotVDSM|INFO [ST_RobotVDMotionCompleteState,2448]: robot vd: motion complete state     6  
20260817-140255:304215952 RobotVDStateMag|INFO [RobotVDStateManagerhandler,802]:  switch mainSM to ready  
20260817-140255:304252880 RobotVDSM|INFO [ST_RobotVDMotionReadyState,1562]: robot vd: motion ready state 
20260817-140255:304451104 RobotVDSM|INFO [ST_RobotVDMotionReadyState,1625]: robot vd: motion ready state end
20260817-140300:340993464 MacroMove|INFO [move_joint,122]: RTEMS--------move joint start----------- 
20260817-140300:341051352 LocationMag|INFO [PrintJointLocation,29]: MOVE point joint = -26.228000 -19.733000 42.333000 -82.810000 55.436000 26.280000 -58.955000 
20260817-140300:341229760 RobotVDSM|INFO [ST_RobotVDMotionPrepareState,1664]: robot vd: motion prepare state 
20260817-140300:341255984 RobotVDSM|INFO [ST_RobotVDMotionPrepareState,1670]: move mode = 6  
20260817-140300:341457520 profile|INFO [CalcMotionProfile,2817]: block ready run, id = 0  
20260817-140300:341538320 MacroMove|INFO [move_joint,219]: RTEMS--------move joint end--------- 
20260817-140300:342213264 RobotVDStateMag|INFO [RobotVDStateManagerhandler,348]:  mainSM send motion in progress event 
20260817-140300:342248848 RobotVDSM|INFO [ST_RobotVDMotionInProgressState,1766]: robot vd: motion in progress state  
20260817-140300:342272208 RobotVDSM|INFO [ST_RobotVDMotionInProgressState,1776]: move mode = 6 
20260817-140303:160999488 pre_read|INFO [RobotMotionStateBackToExecutionLayer,295]: receiver msg: state = 0, error id = 0  
20260817-140303:161035840 pre_read|INFO [RobotMotionStateBackToExecutionLayer,313]:  valid_num = 1, 
20260817-140303:161814648 pre_read|INFO [RobotMotionStateBackToExecutionLayer,356]:  send cmd finish event, cmd.packet_id is 44  
20260817-140303:161844168 pre_read|INFO [RobotMotionStateBackToExecutionLayer,368]:  valid_num left = 0,  
20260817-140303:162212224 RobotVDStateMag|INFO [RobotVDStateManagerhandler,415]:  mainSM to motion complete event 
20260817-140303:162248992 RobotVDSM|INFO [ST_RobotVDMotionCompleteState,2404]: robot vd: motion complete state  
20260817-140303:162292280 RobotVDSM|INFO [ST_RobotVDMotionCompleteState,2448]: robot vd: motion complete state     6  
20260817-140303:164208552 RobotVDStateMag|INFO [RobotVDStateManagerhandler,802]:  switch mainSM to ready  
20260817-140303:164245368 RobotVDSM|INFO [ST_RobotVDMotionReadyState,1562]: robot vd: motion ready state 
20260817-140303:164871432 RobotVDSM|INFO [ST_RobotVDMotionReadyState,1625]: robot vd: motion ready state end
20260817-140306:253929568 MacroMove|INFO [move_joint,122]: RTEMS--------move joint start----------- 
20260817-140306:253988608 LocationMag|INFO [PrintJointLocation,29]: MOVE point joint = -23.849000 -21.091000 41.397000 -81.979000 52.867000 27.826000 -54.598000 
20260817-140306:254138832 RobotVDSM|INFO [ST_RobotVDMotionPrepareState,1664]: robot vd: motion prepare state 
20260817-140306:254165224 RobotVDSM|INFO [ST_RobotVDMotionPrepareState,1670]: move mode = 6  
20260817-140306:254975872 MacroMove|INFO [move_joint,219]: RTEMS--------move joint end--------- 
20260817-140306:255126648 profile|INFO [CalcMotionProfile,2817]: block ready run, id = 0  
20260817-140306:256211832 RobotVDStateMag|INFO [RobotVDStateManagerhandler,348]:  mainSM send motion in progress event 
20260817-140306:256249984 RobotVDSM|INFO [ST_RobotVDMotionInProgressState,1766]: robot vd: motion in progress state  
20260817-140306:256273528 RobotVDSM|INFO [ST_RobotVDMotionInProgressState,1776]: move mode = 6 
20260817-140309:212044968 pre_read|INFO [RobotMotionStateBackToExecutionLayer,295]: receiver msg: state = 0, error id = 0  
20260817-140309:212080432 pre_read|INFO [RobotMotionStateBackToExecutionLayer,313]:  valid_num = 1, 
20260817-140309:212206544 RobotVDStateMag|INFO [RobotVDStateManagerhandler,415]:  mainSM to motion complete event  
20260817-140309:212239408 RobotVDSM|INFO [ST_RobotVDMotionCompleteState,2404]: robot vd: motion complete state  
20260817-140309:213042592 RobotVDSM|INFO [ST_RobotVDMotionCompleteState,2448]: robot vd: motion complete state     6 
20260817-140309:213078960 pre_read|INFO [RobotMotionStateBackToExecutionLayer,356]:  send cmd finish event, cmd.packet_id is 45  
20260817-140309:213103160 pre_read|INFO [RobotMotionStateBackToExecutionLayer,368]:  valid_num left = 0,  
20260817-140309:214203992 RobotVDStateMag|INFO [RobotVDStateManagerhandler,802]:  switch mainSM to ready  
20260817-140309:214240784 RobotVDSM|INFO [ST_RobotVDMotionReadyState,1562]: robot vd: motion ready state 
20260817-140309:214443720 RobotVDSM|INFO [ST_RobotVDMotionReadyState,1625]: robot vd: motion ready state end
20260817-140314:257814968 MacroMove|INFO [move_joint,122]: RTEMS--------move joint start----------- 
20260817-140314:257874840 LocationMag|INFO [PrintJointLocation,29]: MOVE point joint = -20.078000 -25.815000 40.232000 -79.755000 50.104000 30.523000 -48.291000 
20260817-140314:258028080 RobotVDSM|INFO [ST_RobotVDMotionPrepareState,1664]: robot vd: motion prepare state 
20260817-140314:258054664 RobotVDSM|INFO [ST_RobotVDMotionPrepareState,1670]: move mode = 6  
20260817-140314:258888128 MacroMove|INFO [move_joint,219]: RTEMS--------move joint end--------- 
20260817-140314:259027800 profile|INFO [CalcMotionProfile,2817]: block ready run, id = 0  
20260817-140314:260209304 RobotVDStateMag|INFO [RobotVDStateManagerhandler,348]:  mainSM send motion in progress event 
20260817-140314:260247768 RobotVDSM|INFO [ST_RobotVDMotionInProgressState,1766]: robot vd: motion in progress state  
20260817-140314:260271872 RobotVDSM|INFO [ST_RobotVDMotionInProgressState,1776]: move mode = 6 
20260817-140317:603954528 pre_read|INFO [RobotMotionStateBackToExecutionLayer,295]: receiver msg: state = 0, error id = 0  
20260817-140317:603991352 pre_read|INFO [RobotMotionStateBackToExecutionLayer,313]:  valid_num = 1, 
20260817-140317:604195192 RobotVDStateMag|INFO [RobotVDStateManagerhandler,415]:  mainSM to motion complete event  
20260817-140317:604228504 RobotVDSM|INFO [ST_RobotVDMotionCompleteState,2404]: robot vd: motion complete state  
20260817-140317:605031064 RobotVDSM|INFO [ST_RobotVDMotionCompleteState,2448]: robot vd: motion complete state     6 
20260817-140317:605068608 pre_read|INFO [RobotMotionStateBackToExecutionLayer,356]:  send cmd finish event, cmd.packet_id is 46  
20260817-140317:605094160 pre_read|INFO [RobotMotionStateBackToExecutionLayer,368]:  valid_num left = 0,  
20260817-140317:606195072 RobotVDStateMag|INFO [RobotVDStateManagerhandler,802]:  switch mainSM to ready  
20260817-140317:606232800 RobotVDSM|INFO [ST_RobotVDMotionReadyState,1562]: robot vd: motion ready state 
20260817-140317:606860912 RobotVDSM|INFO [ST_RobotVDMotionReadyState,1625]: robot vd: motion ready state end
20260817-140322:652565424 MacroMove|INFO [move_joint,122]: RTEMS--------move joint start----------- 
20260817-140322:652626720 LocationMag|INFO [PrintJointLocation,29]: MOVE point joint = -16.604000 -29.173000 38.278000 -77.022000 47.800000 33.862000 -43.512000 
20260817-140322:652782592 RobotVDSM|INFO [ST_RobotVDMotionPrepareState,1664]: robot vd: motion prepare state 
20260817-140322:652808600 RobotVDSM|INFO [ST_RobotVDMotionPrepareState,1670]: move mode = 6  
20260817-140322:653376944 MacroMove|INFO [move_joint,219]: RTEMS--------move joint end--------- 
20260817-140322:653568664 profile|INFO [CalcMotionProfile,2817]: block ready run, id = 0  
20260817-140322:655344040 RobotVDStateMag|INFO [RobotVDStateManagerhandler,348]:  mainSM send motion in progress event 
20260817-140322:655381400 RobotVDSM|INFO [ST_RobotVDMotionInProgressState,1766]: robot vd: motion in progress state  
20260817-140322:655405304 RobotVDSM|INFO [ST_RobotVDMotionInProgressState,1776]: move mode = 6 
20260817-140325:712947328 pre_read|INFO [RobotMotionStateBackToExecutionLayer,295]: receiver msg: state = 0, error id = 0  
20260817-140325:712983448 pre_read|INFO [RobotMotionStateBackToExecutionLayer,313]:  valid_num = 1, 
20260817-140325:713182840 RobotVDStateMag|INFO [RobotVDStateManagerhandler,415]:  mainSM to motion complete event  
20260817-140325:713219504 RobotVDSM|INFO [ST_RobotVDMotionCompleteState,2404]: robot vd: motion complete state  
20260817-140325:713802200 pre_read|INFO [RobotMotionStateBackToExecutionLayer,356]:  send cmd finish event, cmd.packet_id is 47 
20260817-140325:713831912 pre_read|INFO [RobotMotionStateBackToExecutionLayer,368]:  valid_num left = 0,  
20260817-140325:713894920 RobotVDSM|INFO [ST_RobotVDMotionCompleteState,2448]: robot vd: motion complete state     6  
20260817-140325:715182328 RobotVDStateMag|INFO [RobotVDStateManagerhandler,802]:  switch mainSM to ready  
20260817-140325:715223280 RobotVDSM|INFO [ST_RobotVDMotionReadyState,1562]: robot vd: motion ready state 
20260817-140325:715881728 RobotVDSM|INFO [ST_RobotVDMotionReadyState,1625]: robot vd: motion ready state end
20260817-140330:766055424 MacroMove|INFO [move_joint,122]: RTEMS--------move joint start----------- 
20260817-140330:766119080 LocationMag|INFO [PrintJointLocation,29]: MOVE point joint = -10.000000 -34.363000 28.398000 -75.170000 43.931000 37.298000 -35.884000 
20260817-140330:766898680 RobotVDSM|INFO [ST_RobotVDMotionPrepareState,1664]: robot vd: motion prepare state 
20260817-140330:766926512 RobotVDSM|INFO [ST_RobotVDMotionPrepareState,1670]: move mode = 6  
20260817-140330:767133920 profile|INFO [CalcMotionProfile,2817]: block ready run, id = 0  
20260817-140330:767235960 MacroMove|INFO [move_joint,219]: RTEMS--------move joint end--------- 
20260817-140330:768187664 RobotVDStateMag|INFO [RobotVDStateManagerhandler,348]:  mainSM send motion in progress event 
20260817-140330:768224384 RobotVDSM|INFO [ST_RobotVDMotionInProgressState,1766]: robot vd: motion in progress state  
20260817-140330:768248224 RobotVDSM|INFO [ST_RobotVDMotionInProgressState,1776]: move mode = 6 
20260817-140334:657215880 pre_read|INFO [RobotMotionStateBackToExecutionLayer,295]: receiver msg: state = 0, error id = 0  
20260817-140334:657250920 pre_read|INFO [RobotMotionStateBackToExecutionLayer,313]:  valid_num = 1, 
20260817-140334:657595232 pre_read|INFO [RobotMotionStateBackToExecutionLayer,356]:  send cmd finish event, cmd.packet_id is 48  
20260817-140334:658087968 pre_read|INFO [RobotMotionStateBackToExecutionLayer,368]:  valid_num left = 0,  
20260817-140334:658179168 RobotVDStateMag|INFO [RobotVDStateManagerhandler,415]:  mainSM to motion complete event 
20260817-140334:658212120 RobotVDSM|INFO [ST_RobotVDMotionCompleteState,2404]: robot vd: motion complete state  
20260817-140334:658265024 RobotVDSM|INFO [ST_RobotVDMotionCompleteState,2448]: robot vd: motion complete state     6  
20260817-140334:660177304 RobotVDStateMag|INFO [RobotVDStateManagerhandler,802]:  switch mainSM to ready  
20260817-140334:660216072 RobotVDSM|INFO [ST_RobotVDMotionReadyState,1562]: robot vd: motion ready state 
20260817-140334:660413400 RobotVDSM|INFO [ST_RobotVDMotionReadyState,1625]: robot vd: motion ready state end
20260817-140339:707653160 MacroMove|INFO [move_joint,122]: RTEMS--------move joint start----------- 
20260817-140339:707720544 LocationMag|INFO [PrintJointLocation,29]: MOVE point joint = 4.003000 -37.741000 20.941000 -79.268000 38.625000 42.341000 -15.248000 
20260817-140339:707871088 RobotVDSM|INFO [ST_RobotVDMotionPrepareState,1664]: robot vd: motion prepare state 
20260817-140339:707898200 RobotVDSM|INFO [ST_RobotVDMotionPrepareState,1670]: move mode = 6  
20260817-140339:708063144 profile|INFO [CalcMotionProfile,2817]: block ready run, id = 0  
20260817-140339:708181040 RobotVDStateMag|INFO [RobotVDStateManagerhandler,348]:  mainSM send motion in progress event  
20260817-140339:708907464 RobotVDSM|INFO [ST_RobotVDMotionInProgressState,1766]: robot vd: motion in progress state 
20260817-140339:708936312 RobotVDSM|INFO [ST_RobotVDMotionInProgressState,1776]: move mode = 6  
20260817-140339:708990368 MacroMove|INFO [move_joint,219]: RTEMS--------move joint end---------
20260817-140344:674808752 pre_read|INFO [RobotMotionStateBackToExecutionLayer,295]: receiver msg: state = 0, error id = 0  
20260817-140344:674844512 pre_read|INFO [RobotMotionStateBackToExecutionLayer,313]:  valid_num = 1, 
20260817-140344:675173720 pre_read|INFO [RobotMotionStateBackToExecutionLayer,356]:  send cmd finish event, cmd.packet_id is 49  
20260817-140344:675205504 RobotVDStateMag|INFO [RobotVDStateManagerhandler,415]:  mainSM to motion complete event  
20260817-140344:675236504 RobotVDSM|INFO [ST_RobotVDMotionCompleteState,2404]: robot vd: motion complete state 
20260817-140344:675747160 RobotVDSM|INFO [ST_RobotVDMotionCompleteState,2448]: robot vd: motion complete state     6  
20260817-140344:676030280 pre_read|INFO [RobotMotionStateBackToExecutionLayer,368]:  valid_num left = 0,  
20260817-140344:677165912 RobotVDStateMag|INFO [RobotVDStateManagerhandler,802]:  switch mainSM to ready  
20260817-140344:677202528 RobotVDSM|INFO [ST_RobotVDMotionReadyState,1562]: robot vd: motion ready state 
20260817-140344:677823984 RobotVDSM|INFO [ST_RobotVDMotionReadyState,1625]: robot vd: motion ready state end
20260817-140347:811054320 MacroMove|INFO [move_joint,122]: RTEMS--------move joint start----------- 
20260817-140347:811120504 LocationMag|INFO [PrintJointLocation,29]: MOVE point joint = -41.214000 -18.156000 43.914000 -88.248000 62.625000 14.668000 -78.622000 
20260817-140347:811902768 RobotVDSM|INFO [ST_RobotVDMotionPrepareState,1664]: robot vd: motion prepare state 
20260817-140347:811931304 RobotVDSM|INFO [ST_RobotVDMotionPrepareState,1670]: move mode = 6  
20260817-140347:812216584 MacroMove|INFO [move_joint,219]: RTEMS--------move joint end--------- 
20260817-140347:812265664 profile|INFO [CalcMotionProfile,2817]: block ready run, id = 0  
20260817-140347:813167640 RobotVDStateMag|INFO [RobotVDStateManagerhandler,348]:  mainSM send motion in progress event 
20260817-140347:813205000 RobotVDSM|INFO [ST_RobotVDMotionInProgressState,1766]: robot vd: motion in progress state  
20260817-140347:813229064 RobotVDSM|INFO [ST_RobotVDMotionInProgressState,1776]: move mode = 6 
20260817-140355:034644568 pre_read|INFO [RobotMotionStateBackToExecutionLayer,295]: receiver msg: state = 0, error id = 0  
20260817-140355:034678352 pre_read|INFO [RobotMotionStateBackToExecutionLayer,313]:  valid_num = 1, 
20260817-140355:035042888 pre_read|INFO [RobotMotionStateBackToExecutionLayer,356]:  send cmd finish event, cmd.packet_id is 50  
20260817-140355:035573424 RobotVDStateMag|INFO [RobotVDStateManagerhandler,415]:  mainSM to motion complete event  
20260817-140355:035608192 RobotVDSM|INFO [ST_RobotVDMotionCompleteState,2404]: robot vd: motion complete state 
20260817-140355:035657872 RobotVDSM|INFO [ST_RobotVDMotionCompleteState,2448]: robot vd: motion complete state     6  
20260817-140355:035940304 pre_read|INFO [RobotMotionStateBackToExecutionLayer,368]:  valid_num left = 0,  
20260817-140355:037522344 RobotVDStateMag|INFO [RobotVDStateManagerhandler,802]:  switch mainSM to ready  
20260817-140355:037557624 RobotVDSM|INFO [ST_RobotVDMotionReadyState,1562]: robot vd: motion ready state 
20260817-140355:037758952 RobotVDSM|INFO [ST_RobotVDMotionReadyState,1625]: robot vd: motion ready state end
20260817-140400:106579280 MacroMove|INFO [move_joint,122]: RTEMS--------move joint start----------- 
20260817-140400:106640952 LocationMag|INFO [PrintJointLocation,29]: MOVE point joint = -39.025000 -20.163000 42.888000 -87.450000 56.110000 13.269000 -74.020000 
20260817-140400:106795784 RobotVDSM|INFO [ST_RobotVDMotionPrepareState,1664]: robot vd: motion prepare state 
20260817-140400:106821600 RobotVDSM|INFO [ST_RobotVDMotionPrepareState,1670]: move mode = 6  
20260817-140400:107031648 profile|INFO [CalcMotionProfile,2817]: block ready run, id = 0  
20260817-140400:107114848 MacroMove|INFO [move_joint,219]: RTEMS--------move joint end--------- 
20260817-140400:108569728 RobotVDStateMag|INFO [RobotVDStateManagerhandler,348]:  mainSM send motion in progress event 
20260817-140400:108608840 RobotVDSM|INFO [ST_RobotVDMotionInProgressState,1766]: robot vd: motion in progress state  
20260817-140400:108631808 RobotVDSM|INFO [ST_RobotVDMotionInProgressState,1776]: move mode = 6 
20260817-140403:491565864 pre_read|INFO [RobotMotionStateBackToExecutionLayer,295]: receiver msg: state = 0, error id = 0  
20260817-140403:491599832 pre_read|INFO [RobotMotionStateBackToExecutionLayer,313]:  valid_num = 1, 
20260817-140403:492466160 RobotVDStateMag|INFO [RobotVDStateManagerhandler,415]:  mainSM to motion complete event  
20260817-140403:492506088 RobotVDSM|INFO [ST_RobotVDMotionCompleteState,2404]: robot vd: motion complete state  
20260817-140403:492841064 RobotVDSM|INFO [ST_RobotVDMotionCompleteState,2448]: robot vd: motion complete state     6 
20260817-140403:492875408 pre_read|INFO [RobotMotionStateBackToExecutionLayer,356]:  send cmd finish event, cmd.packet_id is 51  
20260817-140403:492900672 pre_read|INFO [RobotMotionStateBackToExecutionLayer,368]:  valid_num left = 0,  
20260817-140403:494425752 RobotVDStateMag|INFO [RobotVDStateManagerhandler,802]:  switch mainSM to ready  
20260817-140403:494462232 RobotVDSM|INFO [ST_RobotVDMotionReadyState,1562]: robot vd: motion ready state 
20260817-140403:494663608 RobotVDSM|INFO [ST_RobotVDMotionReadyState,1625]: robot vd: motion ready state end
20260817-140406:613068728 MacroMove|INFO [move_joint,122]: RTEMS--------move joint start----------- 
20260817-140406:613538808 LocationMag|INFO [PrintJointLocation,29]: MOVE point joint = -36.737000 -21.183000 41.962000 -88.504000 52.365000 18.510000 -70.269000 
20260817-140406:613693864 RobotVDSM|INFO [ST_RobotVDMotionPrepareState,1664]: robot vd: motion prepare state 
20260817-140406:613720720 RobotVDSM|INFO [ST_RobotVDMotionPrepareState,1670]: move mode = 6  
20260817-140406:613931672 profile|INFO [CalcMotionProfile,2817]: block ready run, id = 0  
20260817-140406:614015608 MacroMove|INFO [move_joint,219]: RTEMS--------move joint end--------- 
20260817-140406:614546520 RobotVDStateMag|INFO [RobotVDStateManagerhandler,348]:  mainSM send motion in progress event 
20260817-140406:614582872 RobotVDSM|INFO [ST_RobotVDMotionInProgressState,1766]: robot vd: motion in progress state  
20260817-140406:614605880 RobotVDSM|INFO [ST_RobotVDMotionInProgressState,1776]: move mode = 6 
20260817-140409:763704192 pre_read|INFO [RobotMotionStateBackToExecutionLayer,295]: receiver msg: state = 0, error id = 0  
20260817-140409:763739712 pre_read|INFO [RobotMotionStateBackToExecutionLayer,313]:  valid_num = 1, 
20260817-140409:764068648 pre_read|INFO [RobotMotionStateBackToExecutionLayer,356]:  send cmd finish event, cmd.packet_id is 52  
20260817-140409:764096872 pre_read|INFO [RobotMotionStateBackToExecutionLayer,368]:  valid_num left = 0,  
20260817-140409:764622608 RobotVDStateMag|INFO [RobotVDStateManagerhandler,415]:  mainSM to motion complete event 
20260817-140409:764657272 RobotVDSM|INFO [ST_RobotVDMotionCompleteState,2404]: robot vd: motion complete state  
20260817-140409:764704688 RobotVDSM|INFO [ST_RobotVDMotionCompleteState,2448]: robot vd: motion complete state     6  
20260817-140409:766555848 RobotVDStateMag|INFO [RobotVDStateManagerhandler,802]:  switch mainSM to ready  
20260817-140409:766592712 RobotVDSM|INFO [ST_RobotVDMotionReadyState,1562]: robot vd: motion ready state 
20260817-140409:766795592 RobotVDSM|INFO [ST_RobotVDMotionReadyState,1625]: robot vd: motion ready state end
20260817-140412:861653104 MacroMove|INFO [move_joint,122]: RTEMS--------move joint start----------- 
20260817-140412:861720160 LocationMag|INFO [PrintJointLocation,29]: MOVE point joint = -35.379000 -23.318000 39.114000 -87.106000 52.381000 19.196000 -66.482000 
20260817-140412:861872168 RobotVDSM|INFO [ST_RobotVDMotionPrepareState,1664]: robot vd: motion prepare state 
20260817-140412:861897904 RobotVDSM|INFO [ST_RobotVDMotionPrepareState,1670]: move mode = 6  
20260817-140412:862063608 profile|INFO [CalcMotionProfile,2817]: block ready run, id = 0  
20260817-140412:862553432 RobotVDStateMag|INFO [RobotVDStateManagerhandler,348]:  mainSM send motion in progress event  
20260817-140412:862862584 RobotVDSM|INFO [ST_RobotVDMotionInProgressState,1766]: robot vd: motion in progress state 
20260817-140412:862889640 RobotVDSM|INFO [ST_RobotVDMotionInProgressState,1776]: move mode = 6  
20260817-140412:862942064 MacroMove|INFO [move_joint,219]: RTEMS--------move joint end---------
20260817-140415:689450328 pre_read|INFO [RobotMotionStateBackToExecutionLayer,295]: receiver msg: state = 0, error id = 0  
20260817-140415:689486792 pre_read|INFO [RobotMotionStateBackToExecutionLayer,313]:  valid_num = 1, 
20260817-140415:689788144 pre_read|INFO [RobotMotionStateBackToExecutionLayer,356]:  send cmd finish event, cmd.packet_id is 53  
20260817-140415:689816368 pre_read|INFO [RobotMotionStateBackToExecutionLayer,368]:  valid_num left = 0,  
20260817-140415:690349912 RobotVDStateMag|INFO [RobotVDStateManagerhandler,415]:  mainSM to motion complete event 
20260817-140415:690388480 RobotVDSM|INFO [ST_RobotVDMotionCompleteState,2404]: robot vd: motion complete state  
20260817-140415:690804304 RobotVDSM|INFO [ST_RobotVDMotionCompleteState,2448]: robot vd: motion complete state     6  
20260817-140415:692314728 RobotVDStateMag|INFO [RobotVDStateManagerhandler,802]:  switch mainSM to ready  
20260817-140415:692351328 RobotVDSM|INFO [ST_RobotVDMotionReadyState,1562]: robot vd: motion ready state 
20260817-140415:692553192 RobotVDSM|INFO [ST_RobotVDMotionReadyState,1625]: robot vd: motion ready state end
20260817-140418:830586848 MacroMove|INFO [move_joint,122]: RTEMS--------move joint start----------- 
20260817-140418:830652728 LocationMag|INFO [PrintJointLocation,29]: MOVE point joint = -31.454000 -25.563000 37.824000 -87.245000 50.820000 21.116000 -63.226000 
20260817-140418:831233880 RobotVDSM|INFO [ST_RobotVDMotionPrepareState,1664]: robot vd: motion prepare state 
20260817-140418:831262400 RobotVDSM|INFO [ST_RobotVDMotionPrepareState,1670]: move mode = 6  
20260817-140418:831469504 profile|INFO [CalcMotionProfile,2817]: block ready run, id = 0  
20260817-140418:831554352 MacroMove|INFO [move_joint,219]: RTEMS--------move joint end--------- 
20260817-140418:833209904 RobotVDStateMag|INFO [RobotVDStateManagerhandler,348]:  mainSM send motion in progress event 
20260817-140418:833248280 RobotVDSM|INFO [ST_RobotVDMotionInProgressState,1766]: robot vd: motion in progress state  
20260817-140418:833273440 RobotVDSM|INFO [ST_RobotVDMotionInProgressState,1776]: move mode = 6 
20260817-140421:691396688 pre_read|INFO [RobotMotionStateBackToExecutionLayer,295]: receiver msg: state = 0, error id = 0  
20260817-140421:691433632 pre_read|INFO [RobotMotionStateBackToExecutionLayer,313]:  valid_num = 1, 
20260817-140421:691734208 pre_read|INFO [RobotMotionStateBackToExecutionLayer,356]:  send cmd finish event, cmd.packet_id is 54  
20260817-140421:691761784 pre_read|INFO [RobotMotionStateBackToExecutionLayer,368]:  valid_num left = 0,  
20260817-140421:692299640 RobotVDStateMag|INFO [RobotVDStateManagerhandler,415]:  mainSM to motion complete event 
20260817-140421:692337104 RobotVDSM|INFO [ST_RobotVDMotionCompleteState,2404]: robot vd: motion complete state  
20260817-140421:692385392 RobotVDSM|INFO [ST_RobotVDMotionCompleteState,2448]: robot vd: motion complete state     6  
20260817-140421:694255544 RobotVDStateMag|INFO [RobotVDStateManagerhandler,802]:  switch mainSM to ready  
20260817-140421:694293744 RobotVDSM|INFO [ST_RobotVDMotionReadyState,1562]: robot vd: motion ready state 
20260817-140421:694495648 RobotVDSM|INFO [ST_RobotVDMotionReadyState,1625]: robot vd: motion ready state end
20260817-140424:844907288 MacroMove|INFO [move_joint,122]: RTEMS--------move joint start----------- 
20260817-140424:845366184 LocationMag|INFO [PrintJointLocation,29]: MOVE point joint = -28.427000 -26.087000 35.923000 -86.295000 47.580000 22.102000 -59.486000 
20260817-140424:845523112 RobotVDSM|INFO [ST_RobotVDMotionPrepareState,1664]: robot vd: motion prepare state 
20260817-140424:845550664 RobotVDSM|INFO [ST_RobotVDMotionPrepareState,1670]: move mode = 6  
20260817-140424:845760144 profile|INFO [CalcMotionProfile,2817]: block ready run, id = 0  
20260817-140424:845846328 MacroMove|INFO [move_joint,219]: RTEMS--------move joint end--------- 
20260817-140424:846378992 RobotVDStateMag|INFO [RobotVDStateManagerhandler,348]:  mainSM send motion in progress event 
20260817-140424:846415568 RobotVDSM|INFO [ST_RobotVDMotionInProgressState,1766]: robot vd: motion in progress state  
20260817-140424:846439352 RobotVDSM|INFO [ST_RobotVDMotionInProgressState,1776]: move mode = 6 
20260817-140427:658552744 pre_read|INFO [RobotMotionStateBackToExecutionLayer,295]: receiver msg: state = 0, error id = 0  
20260817-140427:658590320 pre_read|INFO [RobotMotionStateBackToExecutionLayer,313]:  valid_num = 1,  
20260817-140427:659286088 pre_read|INFO [RobotMotionStateBackToExecutionLayer,356]:  send cmd finish event, cmd.packet_id is 55 
20260817-140427:659317504 pre_read|INFO [RobotMotionStateBackToExecutionLayer,368]:  valid_num left = 0,  
20260817-140427:660245248 RobotVDStateMag|INFO [RobotVDStateManagerhandler,415]:  mainSM to motion complete event  
20260817-140427:660284072 RobotVDSM|INFO [ST_RobotVDMotionCompleteState,2404]: robot vd: motion complete state  
20260817-140427:660334008 RobotVDSM|INFO [ST_RobotVDMotionCompleteState,2448]: robot vd: motion complete state     6 
20260817-140427:662206104 RobotVDStateMag|INFO [RobotVDStateManagerhandler,802]:  switch mainSM to ready  
20260817-140427:662244344 RobotVDSM|INFO [ST_RobotVDMotionReadyState,1562]: robot vd: motion ready state  
20260817-140427:662443800 RobotVDSM|INFO [ST_RobotVDMotionReadyState,1625]: robot vd: motion ready state end
20260817-140432:712557384 MacroMove|INFO [move_joint,122]: RTEMS--------move joint start----------- 
20260817-140432:712620784 LocationMag|INFO [PrintJointLocation,29]: MOVE point joint = -25.562000 -30.061000 35.637000 -85.579000 45.761000 25.288000 -53.310000 
20260817-140432:713191440 RobotVDSM|INFO [ST_RobotVDMotionPrepareState,1664]: robot vd: motion prepare state 
20260817-140432:713220912 RobotVDSM|INFO [ST_RobotVDMotionPrepareState,1670]: move mode = 6  
20260817-140432:713432840 profile|INFO [CalcMotionProfile,2817]: block ready run, id = 0  
20260817-140432:713525960 MacroMove|INFO [move_joint,219]: RTEMS--------move joint end--------- 
20260817-140432:714137384 RobotVDStateMag|INFO [RobotVDStateManagerhandler,348]:  mainSM send motion in progress event 
20260817-140432:714174400 RobotVDSM|INFO [ST_RobotVDMotionInProgressState,1766]: robot vd: motion in progress state  
20260817-140432:714198184 RobotVDSM|INFO [ST_RobotVDMotionInProgressState,1776]: move mode = 6 
20260817-140436:038469760 pre_read|INFO [RobotMotionStateBackToExecutionLayer,295]: receiver msg: state = 0, error id = 0  
20260817-140436:038504728 pre_read|INFO [RobotMotionStateBackToExecutionLayer,313]:  valid_num = 1, 
20260817-140436:039216368 pre_read|INFO [RobotMotionStateBackToExecutionLayer,356]:  send cmd finish event, cmd.packet_id is 56  
20260817-140436:039245688 pre_read|INFO [RobotMotionStateBackToExecutionLayer,368]:  valid_num left = 0,  
20260817-140436:040145072 RobotVDStateMag|INFO [RobotVDStateManagerhandler,415]:  mainSM to motion complete event 
20260817-140436:040181008 RobotVDSM|INFO [ST_RobotVDMotionCompleteState,2404]: robot vd: motion complete state  
20260817-140436:040225888 RobotVDSM|INFO [ST_RobotVDMotionCompleteState,2448]: robot vd: motion complete state     6  
20260817-140436:042126824 RobotVDStateMag|INFO [RobotVDStateManagerhandler,802]:  switch mainSM to ready  
20260817-140436:042164104 RobotVDSM|INFO [ST_RobotVDMotionReadyState,1562]: robot vd: motion ready state 
20260817-140436:042374632 RobotVDSM|INFO [ST_RobotVDMotionReadyState,1625]: robot vd: motion ready state end
20260817-140439:184573272 MacroMove|INFO [move_joint,122]: RTEMS--------move joint start----------- 
20260817-140439:185019352 LocationMag|INFO [PrintJointLocation,29]: MOVE point joint = -21.290000 -34.722000 33.956000 -82.307000 42.383000 28.099000 -48.241000 
20260817-140439:185201560 RobotVDSM|INFO [ST_RobotVDMotionPrepareState,1664]: robot vd: motion prepare state 
20260817-140439:185227928 RobotVDSM|INFO [ST_RobotVDMotionPrepareState,1670]: move mode = 6  
20260817-140439:185431952 profile|INFO [CalcMotionProfile,2817]: block ready run, id = 0  
20260817-140439:185512184 MacroMove|INFO [move_joint,219]: RTEMS--------move joint end--------- 
20260817-140439:186116984 RobotVDStateMag|INFO [RobotVDStateManagerhandler,348]:  mainSM send motion in progress event 
20260817-140439:186153904 RobotVDSM|INFO [ST_RobotVDMotionInProgressState,1766]: robot vd: motion in progress state  
20260817-140439:186177232 RobotVDSM|INFO [ST_RobotVDMotionInProgressState,1776]: move mode = 6 
20260817-140442:298389472 pre_read|INFO [RobotMotionStateBackToExecutionLayer,295]: receiver msg: state = 0, error id = 0  
20260817-140442:298425960 pre_read|INFO [RobotMotionStateBackToExecutionLayer,313]:  valid_num = 1, 
20260817-140442:299158760 pre_read|INFO [RobotMotionStateBackToExecutionLayer,356]:  send cmd finish event, cmd.packet_id is 57  
20260817-140442:299189120 pre_read|INFO [RobotMotionStateBackToExecutionLayer,368]:  valid_num left = 0,  
20260817-140442:300111272 RobotVDStateMag|INFO [RobotVDStateManagerhandler,415]:  mainSM to motion complete event 
20260817-140442:300149424 RobotVDSM|INFO [ST_RobotVDMotionCompleteState,2404]: robot vd: motion complete state  
20260817-140442:300197688 RobotVDSM|INFO [ST_RobotVDMotionCompleteState,2448]: robot vd: motion complete state     6  
20260817-140442:302108984 RobotVDStateMag|INFO [RobotVDStateManagerhandler,802]:  switch mainSM to ready  
20260817-140442:302145984 RobotVDSM|INFO [ST_RobotVDMotionReadyState,1562]: robot vd: motion ready state 
20260817-140442:302346592 RobotVDSM|INFO [ST_RobotVDMotionReadyState,1625]: robot vd: motion ready state end
20260817-140445:432982920 MacroMove|INFO [move_joint,122]: RTEMS--------move joint start----------- 
20260817-140445:433042448 LocationMag|INFO [PrintJointLocation,29]: MOVE point joint = -15.528000 -39.214000 23.305000 -80.627000 38.623000 32.200000 -40.449000 
20260817-140445:433221352 RobotVDSM|INFO [ST_RobotVDMotionPrepareState,1664]: robot vd: motion prepare state 
20260817-140445:433247272 RobotVDSM|INFO [ST_RobotVDMotionPrepareState,1670]: move mode = 6  
20260817-140445:433455040 profile|INFO [CalcMotionProfile,2817]: block ready run, id = 0  
20260817-140445:433539024 MacroMove|INFO [move_joint,219]: RTEMS--------move joint end--------- 
20260817-140445:434109224 RobotVDStateMag|INFO [RobotVDStateManagerhandler,348]:  mainSM send motion in progress event 
20260817-140445:434147440 RobotVDSM|INFO [ST_RobotVDMotionInProgressState,1766]: robot vd: motion in progress state  
20260817-140445:434171320 RobotVDSM|INFO [ST_RobotVDMotionInProgressState,1776]: move mode = 6 
20260817-140449:418361792 pre_read|INFO [RobotMotionStateBackToExecutionLayer,295]: receiver msg: state = 0, error id = 0  
20260817-140449:418397808 pre_read|INFO [RobotMotionStateBackToExecutionLayer,313]:  valid_num = 1, 
20260817-140449:419130584 pre_read|INFO [RobotMotionStateBackToExecutionLayer,356]:  send cmd finish event, cmd.packet_id is 58  
20260817-140449:419160288 pre_read|INFO [RobotMotionStateBackToExecutionLayer,368]:  valid_num left = 0,  
20260817-140449:420104744 RobotVDStateMag|INFO [RobotVDStateManagerhandler,415]:  mainSM to motion complete event 
20260817-140449:420141568 RobotVDSM|INFO [ST_RobotVDMotionCompleteState,2404]: robot vd: motion complete state  
20260817-140449:420189664 RobotVDSM|INFO [ST_RobotVDMotionCompleteState,2448]: robot vd: motion complete state     6  
20260817-140449:422102592 RobotVDStateMag|INFO [RobotVDStateManagerhandler,802]:  switch mainSM to ready  
20260817-140449:422140088 RobotVDSM|INFO [ST_RobotVDMotionReadyState,1562]: robot vd: motion ready state 
20260817-140449:422341720 RobotVDSM|INFO [ST_RobotVDMotionReadyState,1625]: robot vd: motion ready state end
20260817-140452:553155408 MacroMove|INFO [move_joint,122]: RTEMS--------move joint start----------- 
20260817-140452:553222024 LocationMag|INFO [PrintJointLocation,29]: MOVE point joint = -1.068000 -42.484000 15.618000 -84.293000 33.404000 38.414000 -20.363000 
20260817-140452:553374440 RobotVDSM|INFO [ST_RobotVDMotionPrepareState,1664]: robot vd: motion prepare state 
20260817-140452:553401472 RobotVDSM|INFO [ST_RobotVDMotionPrepareState,1670]: move mode = 6  
20260817-140452:553976128 MacroMove|INFO [move_joint,219]: RTEMS--------move joint end--------- 
20260817-140452:554400712 profile|INFO [CalcMotionProfile,2817]: block ready run, id = 0  
20260817-140452:556101640 RobotVDStateMag|INFO [RobotVDStateManagerhandler,348]:  mainSM send motion in progress event 
20260817-140452:556139440 RobotVDSM|INFO [ST_RobotVDMotionInProgressState,1766]: robot vd: motion in progress state  
20260817-140452:556164032 RobotVDSM|INFO [ST_RobotVDMotionInProgressState,1776]: move mode = 6 
20260817-140457:477013488 pre_read|INFO [RobotMotionStateBackToExecutionLayer,295]: receiver msg: state = 0, error id = 0  
20260817-140457:477048024 pre_read|INFO [RobotMotionStateBackToExecutionLayer,313]:  valid_num = 1, 
20260817-140457:477984592 pre_read|INFO [RobotMotionStateBackToExecutionLayer,356]:  send cmd finish event, cmd.packet_id is 59  
20260817-140457:478016368 pre_read|INFO [RobotMotionStateBackToExecutionLayer,368]:  valid_num left = 0,  
20260817-140457:478092600 RobotVDStateMag|INFO [RobotVDStateManagerhandler,415]:  mainSM to motion complete event 
20260817-140457:478125512 RobotVDSM|INFO [ST_RobotVDMotionCompleteState,2404]: robot vd: motion complete state  
20260817-140457:478173568 RobotVDSM|INFO [ST_RobotVDMotionCompleteState,2448]: robot vd: motion complete state     6  
20260817-140457:480093360 RobotVDStateMag|INFO [RobotVDStateManagerhandler,802]:  switch mainSM to ready  
20260817-140457:480132552 RobotVDSM|INFO [ST_RobotVDMotionReadyState,1562]: robot vd: motion ready state 
20260817-140457:480335248 RobotVDSM|INFO [ST_RobotVDMotionReadyState,1625]: robot vd: motion ready state end
20260817-140500:560845168 MacroRobot|INFO [robot_poweroff,118]: RTEMS---------------robot_poweroff start-------------- 
20260817-140500:560885984 PWRCTL|INFO [PowerControlPowerOff,230]: macro robot PowerOff: send PowerOffCmd event to mainSM  
20260817-140500:560921200 RobotVDSM|INFO [ST_RobotVDPowerOffInProgressState,2466]: robot vd: power off in progress state 
20260817-140500:561894168 RobotVDSM|INFO [ST_RobotVDPowerOffInProgressState,2474]: robot VD: main SM send enable motors decelerate event to sub SM  
20260817-140500:561954112 PwrOffSeqSM|INFO [ST_PwrOffSeqDecelerateMotorsInProgressState,360]: POWRE OFF: motor decelerate in progress state
20260817-140500:562707504 BackToPath|INFO [BackToPathRecordCMDPose,394]: need_back_to_path_flag is 1, current joint cmd is [-1.068000, -42.484000, 15.618000, -84.293000, 33.404000, 38.414000]  
20260817-140500:562763368 RapidStop|INFO [CfgRobotRapidStop,674]: rapid stop joint  
20260817-140500:563821304 RCTASKS|INFO [RobotWaitRapidStopFinishTask,405]: get rapid stop finished semaphore 
20260817-140500:587287192 PWR_SEQ|INFO [GetStatePeriodBeforeTimeout,316]: get state successful!  
20260817-140500:587318208 PWR_SEQ|INFO [RobotPwrSeqhandler,1749]: Power sequence: send motors decelerated event  
20260817-140500:587348232 PwrOffSeqSM|INFO [ST_PwrOffSeqMotorsDeceleratedState,382]: POWRE OFF: motor decelerated state 
20260817-140500:589308784 PWR_SEQ|INFO [RobotPwrSeqhandler,1766]: Power sequence: send enable engage brakes event 
20260817-140500:589346552 PwrOffSeqSM|INFO [ST_PwrOffSeqEngageBrakesInProgressState,403]: POWRE OFF: engage brakes in progress state 
20260817-140500:591292720 PWR_SEQ|INFO [RobotPwrSeqhandler,1817]: Power sequence: send brakes engaged event  
20260817-140500:591329112 PwrOffSeqSM|INFO [ST_PwrOffSeqBrakesEngagedState,429]: POWRE OFF: brakes engaged state
20260817-140500:593295952 PWR_SEQ|INFO [RobotPwrSeqhandler,1839]: Power sequence: send enable servo off event  
20260817-140500:593332104 PwrOffSeqSM|INFO [ST_PwrOffSeqDisableServosInProgressState,450]: POWRE OFF: disable servos in progress state  
20260817-140500:593871680 EtherCAT|INFO [CoESrv_StateCommand,968]: StateCommand[0][0] set cmd is 5.  
20260817-140500:593899904 EtherCAT|INFO [CoESrv_StateCommand,968]: StateCommand[0][1] set cmd is 5. 
20260817-140500:593924264 EtherCAT|INFO [CoESrv_StateCommand,968]: StateCommand[0][2] set cmd is 5.  
20260817-140500:593946808 EtherCAT|INFO [CoESrv_StateCommand,968]: StateCommand[0][3] set cmd is 5.  
20260817-140500:593967320 EtherCAT|INFO [CoESrv_StateCommand,968]: StateCommand[0][4] set cmd is 5.  
20260817-140500:593988560 EtherCAT|INFO [CoESrv_StateCommand,968]: StateCommand[0][5] set cmd is 5. 
20260817-140500:594008904 EtherCAT|INFO [CoESrv_StateCommand,968]: StateCommand[0][6] set cmd is 5.  
20260817-140500:619305208 PWR_SEQ|INFO [GetStatePeriodBeforeTimeout,316]: get state successful!  
20260817-140500:619335624 PWR_SEQ|INFO [RobotPwrSeqhandler,1888]: Power sequence: send servos off event  
20260817-140500:619367024 PwrOffSeqSM|INFO [ST_PwrOffSeqServosDisabledState,477]: POWRE OFF: servos disabled state 
20260817-140500:621288960 PWR_SEQ|INFO [RobotPwrSeqhandler,1905]: Power sequence: send enable disable amplifiers event  
20260817-140500:621324880 PwrOffSeqSM|INFO [ST_PwrOffSeqDisableAmplifiersInProgressState,498]: POWRE OFF: disable amplifiers in progress state  
20260817-140500:623292304 PWR_SEQ|INFO [RobotPwrSeqhandler,1956]: Power sequence: send amplifiers off event 
20260817-140500:623326728 PwrOffSeqSM|INFO [ST_PwrOffSeqAmplifiersDisabledState,523]: POWRE OFF: amplifiers disabled state  
20260817-140500:625287960 PWR_SEQ|INFO [RobotPwrSeqhandler,1973]: Power sequence: send disable high power event  
20260817-140500:625323520 PwrOffSeqSM|INFO [ST_PwrOffSeqHighPowerDisableInProgressState,544]: POWRE OFF: high power disable in progress state 
20260817-140500:627290808 PWR_SEQ|INFO [RobotPwrSeqhandler,2030]: Power sequence: send high power disabled event  
20260817-140500:627326952 PwrOffSeqSM|INFO [ST_PwrOffSeqHighPowerDisabledState,566]: POWRE OFF: high power disable state  
20260817-140500:629306200 PWR_SEQ|INFO [PwrSeqSendMsgToMacroCmd,2238]: Send msg to macro status = 0,code = 0 ! 
20260817-140500:629339744 PWR_SEQ|INFO [PwrSeqSendMsgToMacroCmd,2260]: Send power off message to power off cmd !  
20260817-140500:629363688 PWR_SEQ|INFO [RobotPwrSeqhandler,2051]: Power sequence: power off subSM back to idle  
20260817-140500:629390984 PwrOffSeqSM|INFO [ST_PwrOffSeqIdleState,325]: POWRE OFF: idle state  
20260817-140500:629418680 PWR_SEQ|INFO [RobotPwrSeqhandler,2060]: Power sequence: power off subSM back to mainSM 
20260817-140500:629444592 RobotVDSM|INFO [ST_RobotVDPowerOffState,1441]: robot vd: power off state  
20260817-140500:629864608 MacroRobot|INFO [robot_poweroff,133]: RTEMS---------------robot_poweroff end--------------
20260817-140552:491637872 MacroSys|INFO [system_abort,109]: RTEMS-------------system_abort--------------------- 
20260817-140552:491677928 MacroSys|INFO [system_abort,138]: send motion abort cmd event 
20260817-140552:491741384 MacroSys|INFO [system_abort,246]: Macro system abort exit. 
20260817-140552:492335552 BackToPath|INFO [BackToPathRecordCMDPose,394]: need_back_to_path_flag is 0, current joint cmd is [-1.068000, -42.484000, 15.618000, -84.293000, 33.404000, 38.414000]  
20260817-140552:492385104 RapidStop|INFO [CfgRobotRapidStop,674]: rapid stop joint  
20260817-140552:493010408 MCLink|INFO [block_task_unbind,170]: unbind robot0 from bind_chl0
20260817-140552:493697192 RCTASKS|INFO [RobotWaitRapidStopFinishTask,405]: get rapid stop finished semaphore 
20260817-140552:591847760 MCLink|INFO [block_task_bind,123]: bind robot0 to bind_chl0
20260817-140552:624454920 MacroRobot|INFO [robot_poweron,80]: RTEMS-------------robot_poweron start--------------- 
20260817-140552:624608760 FZERO|INFO [ExitForceZeroMode1,403]: Set servo to position mode success. 
20260817-140552:624633832 PWRCTL|INFO [PowerControlPowerOn,97]: macro robot PowerOn: send PowerOn cmd event to robot VD mainSM 
20260817-140552:624668720 RobotVDSM|INFO [ST_RobotVDPowerOnInProgressState,1463]: robot vd: power on in progress state  
20260817-140552:625701240 RobotVDSM|INFO [ST_RobotVDPowerOnInProgressState,1471]: robot vd: send PowerOn cmd event from mainSM to Pwrseq subSM  
20260817-140552:625738440 PwrOnSeqSM|INFO [ST_PwrOnSeqClearFaultsInProgressState,524]: POWRE ON: clear faults in progress state 
20260817-140552:625818040 PwrOnSeqSM|ERROR [PwrSeqClrErr,857]: power on reset servo warning  
20260817-140552:625843144 EtherCAT|INFO [CoESrv_StateCommand,968]: StateCommand[0][0] set cmd is 1.  
20260817-140552:625868360 EtherCAT|INFO [CoESrv_StateCommand,968]: StateCommand[0][1] set cmd is 1.  
20260817-140552:625889440 EtherCAT|INFO [CoESrv_StateCommand,968]: StateCommand[0][2] set cmd is 1. 
20260817-140552:625911760 EtherCAT|INFO [CoESrv_StateCommand,968]: StateCommand[0][3] set cmd is 1.  
20260817-140552:625933368 EtherCAT|INFO [CoESrv_StateCommand,968]: StateCommand[0][4] set cmd is 1.  
20260817-140552:625954608 EtherCAT|INFO [CoESrv_StateCommand,968]: StateCommand[0][5] set cmd is 1.  
20260817-140552:625976632 EtherCAT|INFO [CoESrv_StateCommand,968]: StateCommand[0][6] set cmd is 1. 
20260817-140552:626030520 PWR_SEQ|INFO [RobotPwrSeqhandler,1003]: Power sequence: PowerOn subSM send clear faults ok event  
20260817-140552:626432168 PwrOnSeqSM|INFO [ST_PwrOnSeqFaultsClearedState,551]: POWRE ON: faults cleared state  
20260817-140552:628404608 PWR_SEQ|INFO [RobotPwrSeqhandler,1015]: Power sequence: PowerOn subSM send enable dcbus event 
20260817-140552:628441264 PwrOnSeqSM|INFO [ST_PwrOnSeqHighPowerEnableInProgressState,572]: POWRE ON: high power enable in progress state  
20260817-140552:630418392 PWR_SEQ|INFO [RobotPwrSeqhandler,1102]: Power sequence: PowerOn subSM send dcbus enable ok event  
20260817-140552:630455024 PwrOnSeqSM|INFO [ST_PwrOnSeqHighPowerEnabledState,594]: POWRE ON: high power enabled state 
20260817-140552:632406312 PWR_SEQ|INFO [RobotPwrSeqhandler,1115]: Power sequence: PowerOn subSM send enable amplifiers event  
20260817-140552:632442992 PwrOnSeqSM|INFO [ST_PwrOnSeqEnableAmplifiersInProgressState,615]: POWRE ON: enable amplifiers in progress state  
20260817-140552:632687200 PwrOnSeqSM|INFO [ST_PwrOnSeqEnableAmplifiersInProgressState,622]: POWRE ON: send enable pwm event from PowerOn subSM to EnAmp subSM 
20260817-140552:632719448 PwrOnSeqEnAmpSM|INFO [ST_PwrOnSeqEnAmpChildEnablePwmInProgressState,316]: POWRE ON enamp: enable pwm in progress state  
20260817-140552:634405672 PWR_SEQ|INFO [RobotPwrSeqhandler,1174]: Power sequence: PowerOn EnAmp subSM send pwm enabled ok event  
20260817-140552:634441304 PwrOnSeqEnAmpSM|INFO [ST_PwrOnSeqEnAmpChildPwmEnabledState,337]: POWRE ON enamp: pwm enabled state 
20260817-140552:636404184 PWR_SEQ|INFO [RobotPwrSeqhandler,1214]: Power sequence: PowerOn EnAmp subSM send adc already done event  
20260817-140552:636439032 PwrOnSeqEnAmpSM|INFO [ST_PwrOnSeqEnAmpChildCurrentOffsetCalibratedState,378]: POWRE ON enamp: adc calibrated state  
20260817-140552:638400768 PWR_SEQ|INFO [RobotPwrSeqhandler,1292]: Power sequence: PowerOn EnAmp subSM send uvw break already check event 
20260817-140552:638436688 PwrOnSeqEnAmpSM|INFO [ST_PwrOnSeqEnAmpChildCheckUVWBreakFinishedState,419]: POWRE ON enamp: check uvw break finished state  
20260817-140552:640409224 PWR_SEQ|INFO [RobotPwrSeqhandler,1354]: Power sequence: PowerOn EnAmp subSM send enable currentloop event  
20260817-140552:640444784 PwrOnSeqEnAmpSM|INFO [ST_PwrOnSeqEnAmpChildEnableCurrentloopInProgressState,438]: POWRE ON enamp: enable currentloop in progress state 
20260817-140552:642404048 PWR_SEQ|INFO [RobotPwrSeqhandler,1406]: Power sequence: PowerOn EnAmp subSM send currentloop enabled ok event  
20260817-140552:642439424 PwrOnSeqEnAmpSM|INFO [ST_PwrOnSeqEnAmpChildCurrentloopEnabledState,460]: POWRE ON enamp: currentloop enabled state  
20260817-140552:644401328 PWR_SEQ|INFO [RobotPwrSeqhandler,1421]: Power sequence: PowerOn EnAmp subSM back to idle event 
20260817-140552:644435224 PwrOnSeqEnAmpSM|INFO [ST_PwrOnSeqEnAmpChildIdleState,297]: POWRE ON enamp: idle state  
20260817-140552:644460592 PWR_SEQ|INFO [RobotPwrSeqhandler,1431]: Power sequence: from PowerOn EnAmp subSM back to PowerOn subSM amplifiers on ok event  
20260817-140552:644486080 PwrOnSeqSM|INFO [ST_PwrOnSeqAmplifiersEnabledState,645]: POWRE ON: amplifiers enabled state 
20260817-140552:646405440 PWR_SEQ|INFO [RobotPwrSeqhandler,1473]: Power sequence: PowerOn subSM motors already commutated event  
20260817-140552:646441328 PwrOnSeqSM|INFO [ST_PwrOnSeqMotorsCommutatedState,689]: POWRE ON: motors commutation finished state  
20260817-140552:648407952 Jog|INFO [InitRobotJog,82]: [JOG_DIAG] init robot=0 Td=0.100000 t_seg=100 Speed=0.000000 limit_per=10.000000 cart_trans_spd_limit=250.000000 cart_rot_spd_limit=36.000000
20260817-140552:648451360 Jog|INFO [InitRobotJog,92]: [JOG_DIAG] init_profile robot=0 prf.acc=50.000000 prf.dec=50.000000 prf.accramp=0.100000 prf.decramp=0.100000 acc_delta_per=10.000000 anticipation_enable=1 anticipation_dis=0.500000  
20260817-140552:648541440 PWR_SEQ|INFO [RobotPwrSeqhandler,1538]: Power sequence: PowerOn subSM enable servos event 
20260817-140552:648572472 PwrOnSeqSM|INFO [ST_PwrOnSeqEnableServosInProgressState,710]: POWRE ON: enable servos in progress state  
20260817-140552:648819288 EtherCAT|INFO [CoESrv_StateCommand,968]: StateCommand[0][0] set cmd is 2.  
20260817-140552:648847272 EtherCAT|INFO [CoESrv_StateCommand,968]: StateCommand[0][1] set cmd is 2.  
20260817-140552:648868984 EtherCAT|INFO [CoESrv_StateCommand,968]: StateCommand[0][2] set cmd is 2. 
20260817-140552:648890040 EtherCAT|INFO [CoESrv_StateCommand,968]: StateCommand[0][3] set cmd is 2.  
20260817-140552:648912144 EtherCAT|INFO [CoESrv_StateCommand,968]: StateCommand[0][4] set cmd is 2.  
20260817-140552:648934120 EtherCAT|INFO [CoESrv_StateCommand,968]: StateCommand[0][5] set cmd is 2.  
20260817-140552:648954608 EtherCAT|INFO [CoESrv_StateCommand,968]: StateCommand[0][6] set cmd is 2. 
20260817-140552:668397864 EtherCAT|INFO [CoESrv_StateCommand,968]: StateCommand[0][0] set cmd is 3.  
20260817-140552:668428864 EtherCAT|INFO [CoESrv_StateCommand,968]: StateCommand[0][1] set cmd is 3.  
20260817-140553:068397712 EtherCAT|INFO [CoESrv_StateCommand,968]: StateCommand[0][2] set cmd is 3.  
20260817-140553:068429048 EtherCAT|INFO [CoESrv_StateCommand,968]: StateCommand[0][3] set cmd is 3. 
20260817-140553:468520592 EtherCAT|INFO [CoESrv_StateCommand,968]: StateCommand[0][4] set cmd is 3.  
20260817-140553:468555720 EtherCAT|INFO [CoESrv_StateCommand,968]: StateCommand[0][5] set cmd is 3.  
20260817-140553:468581088 EtherCAT|INFO [CoESrv_StateCommand,968]: StateCommand[0][6] set cmd is 3.  
20260817-140553:468604152 PwrOnSeqSM|INFO [PwrSeqCheckServoOnEtherCAT,928]: Start to check 
20260817-140553:468680400 PwrOnSeqSM|INFO [PwrSeqCheckServoOnEtherCAT,968]: EtherCAT servo on success!  
20260817-140553:478526264 PwrOnSeqSM|INFO [PwrSeqCheckServoOnEtherCAT,974]: EtherCAT servo on  axis is 0, status word is [5687, 1637], error code is 0.  
20260817-140553:488519392 PwrOnSeqSM|INFO [PwrSeqCheckServoOnEtherCAT,974]: EtherCAT servo on  axis is 1, status word is [5687, 1637], error code is 0. 
20260817-140553:498521408 PwrOnSeqSM|INFO [PwrSeqCheckServoOnEtherCAT,974]: EtherCAT servo on  axis is 2, status word is [5687, 1637], error code is 0.  
20260817-140553:508527760 PwrOnSeqSM|INFO [PwrSeqCheckServoOnEtherCAT,974]: EtherCAT servo on  axis is 3, status word is [5687, 1637], error code is 0. 
20260817-140553:518521200 PwrOnSeqSM|INFO [PwrSeqCheckServoOnEtherCAT,974]: EtherCAT servo on  axis is 4, status word is [567, 237], error code is 0.  
20260817-140553:528520792 PwrOnSeqSM|INFO [PwrSeqCheckServoOnEtherCAT,974]: EtherCAT servo on  axis is 5, status word is [5687, 1637], error code is 0. 
20260817-140553:538524640 PwrOnSeqSM|INFO [PwrSeqCheckServoOnEtherCAT,974]: EtherCAT servo on  axis is 6, status word is [5687, 1637], error code is 0.  
20260817-140553:540536328 PWR_SEQ|INFO [RobotPwrSeqhandler,1603]: Power sequence: PowerOn subSM servos enabled ok event  
20260817-140553:540574160 PwrOnSeqSM|INFO [ST_PwrOnSeqServosEnabledState,737]: POWRE ON: servos enabled state 
20260817-140553:542534064 PWR_SEQ|INFO [RobotPwrSeqhandler,1619]: Power sequence: PowerOn subSM release brakes event  
20260817-140553:542570232 PwrOnSeqSM|INFO [ST_PwrOnSeqReleaseBrakesInProgressState,758]: POWRE ON: release brakes in progress state  
20260817-140553:544530560 PWR_SEQ|INFO [RobotPwrSeqhandler,1671]: Power sequence: PowerOn subSM brakes released ok event 
20260817-140553:544565672 PwrOnSeqSM|INFO [ST_PwrOnSeqBrakesReleasedState,786]: POWRE ON: brakes released state  
20260817-140553:546529080 PWR_SEQ|INFO [PwrSeqSendMsgToMacroCmd,2238]: Send msg to macro status = 13,code = 0 !  
20260817-140553:546563448 PWR_SEQ|INFO [PwrSeqSendMsgToMacroCmd,2246]: Send power on message to power on cmd ! 
20260817-140553:546587032 PWR_SEQ|INFO [RobotPwrSeqhandler,1686]: Power sequence: PowerOn subSM back to idle event  
20260817-140553:546616640 PwrOnSeqSM|INFO [ST_PwrOnSeqIdleState,455]: POWRE ON: idle state  
20260817-140553:546644032 PWR_SEQ|INFO [RobotPwrSeqhandler,1695]: Power sequence: from PowerOn subSM back to robot VDSM power on finished event  
20260817-140553:546670288 RobotVDSM|INFO [ST_RobotVDPowerOnState,1493]: robot vd: power on state 
20260817-140553:548378624 RobotVDStateMag|INFO [RobotVDStateManagerhandler,160]:  mainSM already calibrated event  
20260817-140553:548420504 RobotVDSM|INFO [ST_RobotVDCalibratedState,1540]: robot vd: calibrated state  
20260817-140553:548840760 MacroRobot|INFO [robot_poweron,95]: RTEMS-------------robot_poweron end--------------- 
20260817-140553:550369448 RobotVDStateMag|INFO [RobotVDStateManagerhandler,241]:  valid_num = 0, 
20260817-140553:550398928 RobotVDStateMag|INFO [RobotVDStateManagerhandler,246]:  mainSM to ready event  
20260817-140553:550429888 RobotVDSM|INFO [ST_RobotVDMotionReadyState,1562]: robot vd: motion ready state  
20260817-140553:550632000 RobotVDSM|INFO [ST_RobotVDMotionReadyState,1625]: robot vd: motion ready state end 
20260817-140553:551445480 MacroRobot|INFO [robot_home,147]: RTEMS--------------------robot_home start------------------
20260817-140553:551476872 MacroRobot|INFO [robot_home,161]: RTEMS----------robot_home end---------
20260817-140554:419644040 MacroRobot|INFO [robot_spd_set,617]: RTEMS------------------------robot_speed_set --------------------- 
20260817-140554:419681928 MacroRobot|INFO [robot_spd_set,640]: robot 0 speed_set end,speed=20.000000 
20260817-140556:551657024 MacroMove|INFO [move_joint,122]: RTEMS--------move joint start----------- 
20260817-140556:551717952 LocationMag|INFO [PrintJointLocation,29]: MOVE point joint = 0.000000 0.000000 0.000000 -90.000000 0.000000 0.000000 0.000000 
20260817-140556:551863432 RobotVDSM|INFO [ST_RobotVDMotionPrepareState,1664]: robot vd: motion prepare state 
20260817-140556:551890752 RobotVDSM|INFO [ST_RobotVDMotionPrepareState,1670]: move mode = 6  
20260817-140556:552491304 MacroMove|INFO [move_joint,219]: RTEMS--------move joint end--------- 
20260817-140556:552638952 profile|INFO [CalcMotionProfile,2817]: block ready run, id = 0  
20260817-140556:553431704 RobotVDStateMag|INFO [RobotVDStateManagerhandler,348]:  mainSM send motion in progress event 
20260817-140556:553469544 RobotVDSM|INFO [ST_RobotVDMotionInProgressState,1766]: robot vd: motion in progress state  
20260817-140556:553493488 RobotVDSM|INFO [ST_RobotVDMotionInProgressState,1776]: move mode = 6 
20260817-140602:874887608 pre_read|INFO [RobotMotionStateBackToExecutionLayer,295]: receiver msg: state = 0, error id = 0  
20260817-140602:874924440 pre_read|INFO [RobotMotionStateBackToExecutionLayer,313]:  valid_num = 1, 
20260817-140602:875328392 pre_read|INFO [RobotMotionStateBackToExecutionLayer,356]:  send cmd finish event, cmd.packet_id is 60  
20260817-140602:875356504 pre_read|INFO [RobotMotionStateBackToExecutionLayer,368]:  valid_num left = 0,  
20260817-140602:876033680 RobotVDStateMag|INFO [RobotVDStateManagerhandler,415]:  mainSM to motion complete event 
20260817-140602:876069520 RobotVDSM|INFO [ST_RobotVDMotionCompleteState,2404]: robot vd: motion complete state  
20260817-140602:876117432 RobotVDSM|INFO [ST_RobotVDMotionCompleteState,2448]: robot vd: motion complete state     6  
20260817-140602:878030024 RobotVDStateMag|INFO [RobotVDStateManagerhandler,802]:  switch mainSM to ready  
20260817-140602:878068784 RobotVDSM|INFO [ST_RobotVDMotionReadyState,1562]: robot vd: motion ready state 
20260817-140602:878266712 RobotVDSM|INFO [ST_RobotVDMotionReadyState,1625]: robot vd: motion ready state end
20260817-140605:973644984 MacroMove|INFO [move_joint,122]: RTEMS--------move joint start----------- 
20260817-140605:973711384 LocationMag|INFO [PrintJointLocation,29]: MOVE point joint = -12.101000 -2.786000 5.069000 -84.841000 -17.710000 -3.976000 -5.034000 
20260817-140605:973862312 RobotVDSM|INFO [ST_RobotVDMotionPrepareState,1664]: robot vd: motion prepare state 
20260817-140605:973888384 RobotVDSM|INFO [ST_RobotVDMotionPrepareState,1670]: move mode = 6  
20260817-140605:974712968 MacroMove|INFO [move_joint,219]: RTEMS--------move joint end--------- 
20260817-140605:974869568 profile|INFO [CalcMotionProfile,2817]: block ready run, id = 0  
20260817-140605:976390184 RobotVDStateMag|INFO [RobotVDStateManagerhandler,348]:  mainSM send motion in progress event 
20260817-140605:976427768 RobotVDSM|INFO [ST_RobotVDMotionInProgressState,1766]: robot vd: motion in progress state  
20260817-140605:976452528 RobotVDSM|INFO [ST_RobotVDMotionInProgressState,1776]: move mode = 6 
20260817-140610:700787712 pre_read|INFO [RobotMotionStateBackToExecutionLayer,295]: receiver msg: state = 0, error id = 0  
20260817-140610:700825000 pre_read|INFO [RobotMotionStateBackToExecutionLayer,313]:  valid_num = 1, 
20260817-140610:701536432 pre_read|INFO [RobotMotionStateBackToExecutionLayer,356]:  send cmd finish event, cmd.packet_id is 61  
20260817-140610:701567080 pre_read|INFO [RobotMotionStateBackToExecutionLayer,368]:  valid_num left = 0,  
20260817-140610:702455000 RobotVDStateMag|INFO [RobotVDStateManagerhandler,415]:  mainSM to motion complete event 
20260817-140610:702491752 RobotVDSM|INFO [ST_RobotVDMotionCompleteState,2404]: robot vd: motion complete state  
20260817-140610:702539848 RobotVDSM|INFO [ST_RobotVDMotionCompleteState,2448]: robot vd: motion complete state     6  
20260817-140610:704432648 RobotVDStateMag|INFO [RobotVDStateManagerhandler,802]:  switch mainSM to ready  
20260817-140610:704469304 RobotVDSM|INFO [ST_RobotVDMotionReadyState,1562]: robot vd: motion ready state 
20260817-140610:704667472 RobotVDSM|INFO [ST_RobotVDMotionReadyState,1625]: robot vd: motion ready state end
20260817-140613:830421944 MacroMove|INFO [move_joint,122]: RTEMS--------move joint start----------- 
20260817-140613:830489920 LocationMag|INFO [PrintJointLocation,29]: MOVE point joint = -4.812000 9.147000 7.722000 -100.703000 -39.196000 -2.924000 16.186000 
20260817-140613:830642160 RobotVDSM|INFO [ST_RobotVDMotionPrepareState,1664]: robot vd: motion prepare state 
20260817-140613:830669312 RobotVDSM|INFO [ST_RobotVDMotionPrepareState,1670]: move mode = 6  
20260817-140613:831232760 MacroMove|INFO [move_joint,219]: RTEMS--------move joint end--------- 
20260817-140613:831426168 profile|INFO [CalcMotionProfile,2817]: block ready run, id = 0  
20260817-140613:832187864 RobotVDStateMag|INFO [RobotVDStateManagerhandler,348]:  mainSM send motion in progress event 
20260817-140613:832225520 RobotVDSM|INFO [ST_RobotVDMotionInProgressState,1766]: robot vd: motion in progress state  
20260817-140613:832249760 RobotVDSM|INFO [ST_RobotVDMotionInProgressState,1776]: move mode = 6 
20260817-140618:869293688 pre_read|INFO [RobotMotionStateBackToExecutionLayer,295]: receiver msg: state = 0, error id = 0  
20260817-140618:869329992 pre_read|INFO [RobotMotionStateBackToExecutionLayer,313]:  valid_num = 1, 
20260817-140618:869643824 pre_read|INFO [RobotMotionStateBackToExecutionLayer,356]:  send cmd finish event, cmd.packet_id is 62  
20260817-140618:869674040 pre_read|INFO [RobotMotionStateBackToExecutionLayer,368]:  valid_num left = 0,  
20260817-140618:870200264 RobotVDStateMag|INFO [RobotVDStateManagerhandler,415]:  mainSM to motion complete event 
20260817-140618:870238400 RobotVDSM|INFO [ST_RobotVDMotionCompleteState,2404]: robot vd: motion complete state  
20260817-140618:870288888 RobotVDSM|INFO [ST_RobotVDMotionCompleteState,2448]: robot vd: motion complete state     6  
20260817-140618:872181712 RobotVDStateMag|INFO [RobotVDStateManagerhandler,802]:  switch mainSM to ready  
20260817-140618:872219560 RobotVDSM|INFO [ST_RobotVDMotionReadyState,1562]: robot vd: motion ready state 
20260817-140618:872416752 RobotVDSM|INFO [ST_RobotVDMotionReadyState,1625]: robot vd: motion ready state end
20260817-140622:012310088 MacroMove|INFO [move_joint,122]: RTEMS--------move joint start----------- 
20260817-140622:012367608 LocationMag|INFO [PrintJointLocation,29]: MOVE point joint = -0.240000 23.091000 5.819000 -109.649000 -48.700000 -7.476000 27.835000 
20260817-140622:012520632 RobotVDSM|INFO [ST_RobotVDMotionPrepareState,1664]: robot vd: motion prepare state 
20260817-140622:012545912 RobotVDSM|INFO [ST_RobotVDMotionPrepareState,1670]: move mode = 6  
20260817-140622:013156872 MacroMove|INFO [move_joint,219]: RTEMS--------move joint end--------- 
20260817-140622:013308048 profile|INFO [CalcMotionProfile,2817]: block ready run, id = 0  
20260817-140622:015079448 RobotVDStateMag|INFO [RobotVDStateManagerhandler,348]:  mainSM send motion in progress event 
20260817-140622:015115952 RobotVDSM|INFO [ST_RobotVDMotionInProgressState,1766]: robot vd: motion in progress state  
20260817-140622:015138968 RobotVDSM|INFO [ST_RobotVDMotionInProgressState,1776]: move mode = 6 
20260817-140626:371240352 pre_read|INFO [RobotMotionStateBackToExecutionLayer,295]: receiver msg: state = 0, error id = 0  
20260817-140626:371276280 pre_read|INFO [RobotMotionStateBackToExecutionLayer,313]:  valid_num = 1, 
20260817-140626:372379632 pre_read|INFO [RobotMotionStateBackToExecutionLayer,356]:  send cmd finish event, cmd.packet_id is 63  
20260817-140626:372410552 pre_read|INFO [RobotMotionStateBackToExecutionLayer,368]:  valid_num left = 0,  
20260817-140626:373105752 RobotVDStateMag|INFO [RobotVDStateManagerhandler,415]:  mainSM to motion complete event 
20260817-140626:373143240 RobotVDSM|INFO [ST_RobotVDMotionCompleteState,2404]: robot vd: motion complete state  
20260817-140626:373193624 RobotVDSM|INFO [ST_RobotVDMotionCompleteState,2448]: robot vd: motion complete state     6  
20260817-140626:375097320 RobotVDStateMag|INFO [RobotVDStateManagerhandler,802]:  switch mainSM to ready  
20260817-140626:375134400 RobotVDSM|INFO [ST_RobotVDMotionReadyState,1562]: robot vd: motion ready state 
20260817-140626:375334944 RobotVDSM|INFO [ST_RobotVDMotionReadyState,1625]: robot vd: motion ready state end
20260817-140629:522242464 MacroMove|INFO [move_joint,122]: RTEMS--------move joint start----------- 
20260817-140629:522302152 LocationMag|INFO [PrintJointLocation,29]: MOVE point joint = -10.961000 18.215000 6.987000 -99.146000 -27.162000 -10.637000 44.325000 
20260817-140629:522460904 RobotVDSM|INFO [ST_RobotVDMotionPrepareState,1664]: robot vd: motion prepare state 
20260817-140629:522487472 RobotVDSM|INFO [ST_RobotVDMotionPrepareState,1670]: move mode = 6  
20260817-140629:523087280 MacroMove|INFO [move_joint,219]: RTEMS--------move joint end--------- 
20260817-140629:523259304 profile|INFO [CalcMotionProfile,2817]: block ready run, id = 0  
20260817-140629:525014904 RobotVDStateMag|INFO [RobotVDStateManagerhandler,348]:  mainSM send motion in progress event 
20260817-140629:525052672 RobotVDSM|INFO [ST_RobotVDMotionInProgressState,1766]: robot vd: motion in progress state  
20260817-140629:525076568 RobotVDSM|INFO [ST_RobotVDMotionInProgressState,1776]: move mode = 6 
20260817-140634:561152800 pre_read|INFO [RobotMotionStateBackToExecutionLayer,295]: receiver msg: state = 0, error id = 0  
20260817-140634:561188872 pre_read|INFO [RobotMotionStateBackToExecutionLayer,313]:  valid_num = 1, 
20260817-140634:561502368 pre_read|INFO [RobotMotionStateBackToExecutionLayer,356]:  send cmd finish event, cmd.packet_id is 64  
20260817-140634:561530680 pre_read|INFO [RobotMotionStateBackToExecutionLayer,368]:  valid_num left = 0,  
20260817-140634:563045712 RobotVDStateMag|INFO [RobotVDStateManagerhandler,415]:  mainSM to motion complete event 
20260817-140634:563087272 RobotVDSM|INFO [ST_RobotVDMotionCompleteState,2404]: robot vd: motion complete state  
20260817-140634:563137368 RobotVDSM|INFO [ST_RobotVDMotionCompleteState,2448]: robot vd: motion complete state     6  
20260817-140634:565013648 RobotVDStateMag|INFO [RobotVDStateManagerhandler,802]:  switch mainSM to ready  
20260817-140634:565051008 RobotVDSM|INFO [ST_RobotVDMotionReadyState,1562]: robot vd: motion ready state 
20260817-140634:565250824 RobotVDSM|INFO [ST_RobotVDMotionReadyState,1625]: robot vd: motion ready state end
20260817-140637:671144824 MacroMove|INFO [move_joint,122]: RTEMS--------move joint start----------- 
20260817-140637:671212552 LocationMag|INFO [PrintJointLocation,29]: MOVE point joint = -16.666000 14.511000 12.469000 -97.407000 -22.731000 -2.363000 69.038000 
20260817-140637:671364432 RobotVDSM|INFO [ST_RobotVDMotionPrepareState,1664]: robot vd: motion prepare state 
20260817-140637:671391272 RobotVDSM|INFO [ST_RobotVDMotionPrepareState,1670]: move mode = 6  
20260817-140637:672235432 MacroMove|INFO [move_joint,219]: RTEMS--------move joint end--------- 
20260817-140637:672352768 profile|INFO [CalcMotionProfile,2817]: block ready run, id = 0  
20260817-140637:672997312 RobotVDStateMag|INFO [RobotVDStateManagerhandler,348]:  mainSM send motion in progress event 
20260817-140637:673035584 RobotVDSM|INFO [ST_RobotVDMotionInProgressState,1766]: robot vd: motion in progress state  
20260817-140637:673060288 RobotVDSM|INFO [ST_RobotVDMotionInProgressState,1776]: move mode = 6 
20260817-140642:945066704 pre_read|INFO [RobotMotionStateBackToExecutionLayer,295]: receiver msg: state = 0, error id = 0  
20260817-140642:945101720 pre_read|INFO [RobotMotionStateBackToExecutionLayer,313]:  valid_num = 1, 
20260817-140642:945409920 pre_read|INFO [RobotMotionStateBackToExecutionLayer,356]:  send cmd finish event, cmd.packet_id is 65  
20260817-140642:945439072 pre_read|INFO [RobotMotionStateBackToExecutionLayer,368]:  valid_num left = 0,  
20260817-140642:946988304 RobotVDStateMag|INFO [RobotVDStateManagerhandler,415]:  mainSM to motion complete event 
20260817-140642:947027832 RobotVDSM|INFO [ST_RobotVDMotionCompleteState,2404]: robot vd: motion complete state  
20260817-140642:947080704 RobotVDSM|INFO [ST_RobotVDMotionCompleteState,2448]: robot vd: motion complete state     6  
20260817-140642:948986808 RobotVDStateMag|INFO [RobotVDStateManagerhandler,802]:  switch mainSM to ready  
20260817-140642:949024800 RobotVDSM|INFO [ST_RobotVDMotionReadyState,1562]: robot vd: motion ready state 
20260817-140642:949223208 RobotVDSM|INFO [ST_RobotVDMotionReadyState,1625]: robot vd: motion ready state end
20260817-140646:043441024 MacroMove|INFO [move_joint,122]: RTEMS--------move joint start----------- 
20260817-140646:043879184 LocationMag|INFO [PrintJointLocation,29]: MOVE point joint = -11.501000 15.234000 10.804000 -103.701000 -14.711000 1.594000 44.812000 
20260817-140646:044263128 RobotVDSM|INFO [ST_RobotVDMotionPrepareState,1664]: robot vd: motion prepare state 
20260817-140646:044289968 RobotVDSM|INFO [ST_RobotVDMotionPrepareState,1670]: move mode = 6  
20260817-140646:044907152 MacroMove|INFO [move_joint,219]: RTEMS--------move joint end--------- 
20260817-140646:045054240 profile|INFO [CalcMotionProfile,2817]: block ready run, id = 0  
20260817-140646:046983312 RobotVDStateMag|INFO [RobotVDStateManagerhandler,348]:  mainSM send motion in progress event 
20260817-140646:047022112 RobotVDSM|INFO [ST_RobotVDMotionInProgressState,1766]: robot vd: motion in progress state  
20260817-140646:047045384 RobotVDSM|INFO [ST_RobotVDMotionInProgressState,1776]: move mode = 6 
20260817-140651:286950744 pre_read|INFO [RobotMotionStateBackToExecutionLayer,295]: receiver msg: state = 0, error id = 0  
20260817-140651:287222632 pre_read|INFO [RobotMotionStateBackToExecutionLayer,313]:  valid_num = 1, 
20260817-140651:287929560 pre_read|INFO [RobotMotionStateBackToExecutionLayer,356]:  send cmd finish event, cmd.packet_id is 66  
20260817-140651:287984288 pre_read|INFO [RobotMotionStateBackToExecutionLayer,368]:  valid_num left = 0,  
20260817-140651:288998960 RobotVDStateMag|INFO [RobotVDStateManagerhandler,415]:  mainSM to motion complete event 
20260817-140651:289037584 RobotVDSM|INFO [ST_RobotVDMotionCompleteState,2404]: robot vd: motion complete state  
20260817-140651:289087968 RobotVDSM|INFO [ST_RobotVDMotionCompleteState,2448]: robot vd: motion complete state     6  
20260817-140651:290979848 RobotVDStateMag|INFO [RobotVDStateManagerhandler,802]:  switch mainSM to ready  
20260817-140651:291017960 RobotVDSM|INFO [ST_RobotVDMotionReadyState,1562]: robot vd: motion ready state 
20260817-140651:291214768 RobotVDSM|INFO [ST_RobotVDMotionReadyState,1625]: robot vd: motion ready state end
20260817-140656:372916112 MacroMove|INFO [move_joint,122]: RTEMS--------move joint start----------- 
20260817-140656:373211400 LocationMag|INFO [PrintJointLocation,29]: MOVE point joint = -7.091000 5.821000 6.987000 -93.371000 -24.414000 6.579000 69.059000 
20260817-140656:373759000 RobotVDSM|INFO [ST_RobotVDMotionPrepareState,1664]: robot vd: motion prepare state 
20260817-140656:373787512 RobotVDSM|INFO [ST_RobotVDMotionPrepareState,1670]: move mode = 6  
20260817-140656:374032128 profile|INFO [CalcMotionProfile,2817]: block ready run, id = 0  
20260817-140656:374118584 MacroMove|INFO [move_joint,219]: RTEMS--------move joint end--------- 
20260817-140656:374983112 RobotVDStateMag|INFO [RobotVDStateManagerhandler,348]:  mainSM send motion in progress event 
20260817-140656:375019760 RobotVDSM|INFO [ST_RobotVDMotionInProgressState,1766]: robot vd: motion in progress state  
20260817-140656:375044240 RobotVDSM|INFO [ST_RobotVDMotionInProgressState,1776]: move mode = 6 
20260817-140701:615181160 pre_read|INFO [RobotMotionStateBackToExecutionLayer,295]: receiver msg: state = 0, error id = 0  
20260817-140701:615217272 pre_read|INFO [RobotMotionStateBackToExecutionLayer,313]:  valid_num = 1, 
20260817-140701:615928888 pre_read|INFO [RobotMotionStateBackToExecutionLayer,356]:  send cmd finish event, cmd.packet_id is 67  
20260817-140701:615985432 pre_read|INFO [RobotMotionStateBackToExecutionLayer,368]:  valid_num left = 0,  
20260817-140701:616973624 RobotVDStateMag|INFO [RobotVDStateManagerhandler,415]:  mainSM to motion complete event 
20260817-140701:617016704 RobotVDSM|INFO [ST_RobotVDMotionCompleteState,2404]: robot vd: motion complete state  
20260817-140701:617074008 RobotVDSM|INFO [ST_RobotVDMotionCompleteState,2448]: robot vd: motion complete state     6  
20260817-140701:618975720 RobotVDStateMag|INFO [RobotVDStateManagerhandler,802]:  switch mainSM to ready  
20260817-140701:619012584 RobotVDSM|INFO [ST_RobotVDMotionReadyState,1562]: robot vd: motion ready state 
20260817-140701:619210960 RobotVDSM|INFO [ST_RobotVDMotionReadyState,1625]: robot vd: motion ready state end
20260817-140706:670901440 MacroMove|INFO [move_joint,122]: RTEMS--------move joint start----------- 
20260817-140706:671192744 LocationMag|INFO [PrintJointLocation,29]: MOVE point joint = 0.462000 9.896000 -2.834000 -106.090000 -14.804000 7.525000 48.008000 
20260817-140706:671727184 RobotVDSM|INFO [ST_RobotVDMotionPrepareState,1664]: robot vd: motion prepare state 
20260817-140706:671755600 RobotVDSM|INFO [ST_RobotVDMotionPrepareState,1670]: move mode = 6  
20260817-140706:672039728 profile|INFO [CalcMotionProfile,2817]: block ready run, id = 0  
20260817-140706:672070584 MacroMove|INFO [move_joint,219]: RTEMS--------move joint end--------- 
20260817-140706:672971264 RobotVDStateMag|INFO [RobotVDStateManagerhandler,348]:  mainSM send motion in progress event 
20260817-140706:673009584 RobotVDSM|INFO [ST_RobotVDMotionInProgressState,1766]: robot vd: motion in progress state  
20260817-140706:673033168 RobotVDSM|INFO [ST_RobotVDMotionInProgressState,1776]: move mode = 6 
20260817-140711:672772360 pre_read|INFO [RobotMotionStateBackToExecutionLayer,295]: receiver msg: state = 0, error id = 0  
20260817-140711:672808288 pre_read|INFO [RobotMotionStateBackToExecutionLayer,313]:  valid_num = 1, 
20260817-140711:672962488 RobotVDStateMag|INFO [RobotVDStateManagerhandler,415]:  mainSM to motion complete event  
20260817-140711:672995920 RobotVDSM|INFO [ST_RobotVDMotionCompleteState,2404]: robot vd: motion complete state  
20260817-140711:673792920 RobotVDSM|INFO [ST_RobotVDMotionCompleteState,2448]: robot vd: motion complete state     6 
20260817-140711:673829624 pre_read|INFO [RobotMotionStateBackToExecutionLayer,356]:  send cmd finish event, cmd.packet_id is 68  
20260817-140711:673855872 pre_read|INFO [RobotMotionStateBackToExecutionLayer,368]:  valid_num left = 0,  
20260817-140711:674962344 RobotVDStateMag|INFO [RobotVDStateManagerhandler,802]:  switch mainSM to ready  
20260817-140711:675000792 RobotVDSM|INFO [ST_RobotVDMotionReadyState,1562]: robot vd: motion ready state 
20260817-140711:675199880 RobotVDSM|INFO [ST_RobotVDMotionReadyState,1625]: robot vd: motion ready state end
20260817-140714:818814688 MacroMove|INFO [move_joint,122]: RTEMS--------move joint start----------- 
20260817-140714:818881688 LocationMag|INFO [PrintJointLocation,29]: MOVE point joint = 6.706000 -0.242000 -0.520000 -93.544000 -4.039000 8.365000 28.565000 
20260817-140714:819666504 RobotVDSM|INFO [ST_RobotVDMotionPrepareState,1664]: robot vd: motion prepare state 
20260817-140714:819696440 RobotVDSM|INFO [ST_RobotVDMotionPrepareState,1670]: move mode = 6  
20260817-140714:819915384 profile|INFO [CalcMotionProfile,2817]: block ready run, id = 0  
20260817-140714:820021528 MacroMove|INFO [move_joint,219]: RTEMS--------move joint end--------- 
20260817-140714:820961888 RobotVDStateMag|INFO [RobotVDStateManagerhandler,348]:  mainSM send motion in progress event 
20260817-140714:820999864 RobotVDSM|INFO [ST_RobotVDMotionInProgressState,1766]: robot vd: motion in progress state  
20260817-140714:821023872 RobotVDSM|INFO [ST_RobotVDMotionInProgressState,1776]: move mode = 6 
20260817-140719:688693152 pre_read|INFO [RobotMotionStateBackToExecutionLayer,295]: receiver msg: state = 0, error id = 0  
20260817-140719:688729984 pre_read|INFO [RobotMotionStateBackToExecutionLayer,313]:  valid_num = 1, 
20260817-140719:688957160 RobotVDStateMag|INFO [RobotVDStateManagerhandler,415]:  mainSM to motion complete event  
20260817-140719:688992208 RobotVDSM|INFO [ST_RobotVDMotionCompleteState,2404]: robot vd: motion complete state  
20260817-140719:689813464 RobotVDSM|INFO [ST_RobotVDMotionCompleteState,2448]: robot vd: motion complete state     6 
20260817-140719:689850928 pre_read|INFO [RobotMotionStateBackToExecutionLayer,356]:  send cmd finish event, cmd.packet_id is 69  
20260817-140719:689877160 pre_read|INFO [RobotMotionStateBackToExecutionLayer,368]:  valid_num left = 0,  
20260817-140719:690955600 RobotVDStateMag|INFO [RobotVDStateManagerhandler,802]:  switch mainSM to ready  
20260817-140719:690994072 RobotVDSM|INFO [ST_RobotVDMotionReadyState,1562]: robot vd: motion ready state 
20260817-140719:691639640 RobotVDSM|INFO [ST_RobotVDMotionReadyState,1625]: robot vd: motion ready state end
20260817-140722:822823272 MacroMove|INFO [move_joint,122]: RTEMS--------move joint start----------- 
20260817-140722:822889064 LocationMag|INFO [PrintJointLocation,29]: MOVE point joint = 13.173000 -15.296000 -16.433000 -57.966000 -4.039000 -11.275000 52.901000 
20260817-140722:823670760 RobotVDSM|INFO [ST_RobotVDMotionPrepareState,1664]: robot vd: motion prepare state 
20260817-140722:823700552 RobotVDSM|INFO [ST_RobotVDMotionPrepareState,1670]: move mode = 6  
20260817-140722:823897400 profile|INFO [CalcMotionProfile,2817]: block ready run, id = 0  
20260817-140722:823953048 RobotVDStateMag|INFO [RobotVDStateManagerhandler,348]:  mainSM send motion in progress event  
20260817-140722:824038592 RobotVDSM|INFO [ST_RobotVDMotionInProgressState,1766]: robot vd: motion in progress state 
20260817-140722:824065008 RobotVDSM|INFO [ST_RobotVDMotionInProgressState,1776]: move mode = 6  
20260817-140722:824744904 MacroMove|INFO [move_joint,219]: RTEMS--------move joint end---------
20260817-140728:781699888 pre_read|INFO [RobotMotionStateBackToExecutionLayer,295]: receiver msg: state = 0, error id = 0  
20260817-140728:781735704 pre_read|INFO [RobotMotionStateBackToExecutionLayer,313]:  valid_num = 1, 
20260817-140728:781939792 RobotVDStateMag|INFO [RobotVDStateManagerhandler,415]:  mainSM to motion complete event  
20260817-140728:781975784 RobotVDSM|INFO [ST_RobotVDMotionCompleteState,2404]: robot vd: motion complete state  
20260817-140728:782553424 pre_read|INFO [RobotMotionStateBackToExecutionLayer,356]:  send cmd finish event, cmd.packet_id is 70 
20260817-140728:782582312 pre_read|INFO [RobotMotionStateBackToExecutionLayer,368]:  valid_num left = 0,  
20260817-140728:782634352 RobotVDSM|INFO [ST_RobotVDMotionCompleteState,2448]: robot vd: motion complete state     6  
20260817-140728:783939032 RobotVDStateMag|INFO [RobotVDStateManagerhandler,802]:  switch mainSM to ready  
20260817-140728:783977352 RobotVDSM|INFO [ST_RobotVDMotionReadyState,1562]: robot vd: motion ready state 
20260817-140728:784612840 RobotVDSM|INFO [ST_RobotVDMotionReadyState,1625]: robot vd: motion ready state end
20260817-140735:787523384 MacroMove|INFO [move_joint,122]: RTEMS--------move joint start----------- 
20260817-140735:787584904 LocationMag|INFO [PrintJointLocation,29]: MOVE point joint = 5.923000 -28.959000 -16.433000 -59.882000 -25.510000 -0.293000 81.517000 
20260817-140735:787739568 RobotVDSM|INFO [ST_RobotVDMotionPrepareState,1664]: robot vd: motion prepare state 
20260817-140735:787765840 RobotVDSM|INFO [ST_RobotVDMotionPrepareState,1670]: move mode = 6  
20260817-140735:788460280 profile|INFO [CalcMotionProfile,2817]: block ready run, id = 0  
20260817-140735:788493680 MacroMove|INFO [move_joint,219]: RTEMS--------move joint end--------- 
20260817-140735:789937688 RobotVDStateMag|INFO [RobotVDStateManagerhandler,348]:  mainSM send motion in progress event 
20260817-140735:789977184 RobotVDSM|INFO [ST_RobotVDMotionInProgressState,1766]: robot vd: motion in progress state  
20260817-140735:790386512 RobotVDSM|INFO [ST_RobotVDMotionInProgressState,1776]: move mode = 6 
20260817-140741:337689464 pre_read|INFO [RobotMotionStateBackToExecutionLayer,295]: receiver msg: state = 0, error id = 0  
20260817-140741:337725024 pre_read|INFO [RobotMotionStateBackToExecutionLayer,313]:  valid_num = 1, 
20260817-140741:337927904 RobotVDStateMag|INFO [RobotVDStateManagerhandler,415]:  mainSM to motion complete event  
20260817-140741:338428504 RobotVDSM|INFO [ST_RobotVDMotionCompleteState,2404]: robot vd: motion complete state  
20260817-140741:338540104 RobotVDSM|INFO [ST_RobotVDMotionCompleteState,2448]: robot vd: motion complete state     6 
20260817-140741:338573248 pre_read|INFO [RobotMotionStateBackToExecutionLayer,356]:  send cmd finish event, cmd.packet_id is 71  
20260817-140741:338597960 pre_read|INFO [RobotMotionStateBackToExecutionLayer,368]:  valid_num left = 0,  
20260817-140741:339929608 RobotVDStateMag|INFO [RobotVDStateManagerhandler,802]:  switch mainSM to ready  
20260817-140741:340406984 RobotVDSM|INFO [ST_RobotVDMotionReadyState,1562]: robot vd: motion ready state 
20260817-140741:340606360 RobotVDSM|INFO [ST_RobotVDMotionReadyState,1625]: robot vd: motion ready state end
20260817-140748:317535312 MacroMove|INFO [move_joint,122]: RTEMS--------move joint start----------- 
20260817-140748:317595288 LocationMag|INFO [PrintJointLocation,29]: MOVE point joint = 5.923000 -14.438000 -12.820000 -74.805000 -2.745000 5.299000 60.987000 
20260817-140748:317747600 RobotVDSM|INFO [ST_RobotVDMotionPrepareState,1664]: robot vd: motion prepare state 
20260817-140748:317774312 RobotVDSM|INFO [ST_RobotVDMotionPrepareState,1670]: move mode = 6  
20260817-140748:318378864 MacroMove|INFO [move_joint,219]: RTEMS--------move joint end--------- 
20260817-140748:318510304 profile|INFO [CalcMotionProfile,2817]: block ready run, id = 0  
20260817-140748:320300472 RobotVDStateMag|INFO [RobotVDStateManagerhandler,348]:  mainSM send motion in progress event 
20260817-140748:320341984 RobotVDSM|INFO [ST_RobotVDMotionInProgressState,1766]: robot vd: motion in progress state  
20260817-140748:320366272 RobotVDSM|INFO [ST_RobotVDMotionInProgressState,1776]: move mode = 6 
20260817-140753:453473592 pre_read|INFO [RobotMotionStateBackToExecutionLayer,295]: receiver msg: state = 0, error id = 0  
20260817-140753:453509032 pre_read|INFO [RobotMotionStateBackToExecutionLayer,313]:  valid_num = 1, 
20260817-140753:453879752 pre_read|INFO [RobotMotionStateBackToExecutionLayer,356]:  send cmd finish event, cmd.packet_id is 72  
20260817-140753:454411792 RobotVDStateMag|INFO [RobotVDStateManagerhandler,415]:  mainSM to motion complete event  
20260817-140753:454446888 RobotVDSM|INFO [ST_RobotVDMotionCompleteState,2404]: robot vd: motion complete state 
20260817-140753:454495000 RobotVDSM|INFO [ST_RobotVDMotionCompleteState,2448]: robot vd: motion complete state     6  
20260817-140753:454803344 pre_read|INFO [RobotMotionStateBackToExecutionLayer,368]:  valid_num left = 0,  
20260817-140753:456340304 RobotVDStateMag|INFO [RobotVDStateManagerhandler,802]:  switch mainSM to ready  
20260817-140753:456377232 RobotVDSM|INFO [ST_RobotVDMotionReadyState,1562]: robot vd: motion ready state 
20260817-140753:456575344 RobotVDSM|INFO [ST_RobotVDMotionReadyState,1625]: robot vd: motion ready state end
20260817-140756:555335368 MacroMove|INFO [move_joint,122]: RTEMS--------move joint start----------- 
20260817-140756:555395280 LocationMag|INFO [PrintJointLocation,29]: MOVE point joint = 9.779000 4.033000 -12.820000 -91.327000 -26.480000 9.864000 83.245000 
20260817-140756:555548840 RobotVDSM|INFO [ST_RobotVDMotionPrepareState,1664]: robot vd: motion prepare state 
20260817-140756:555575224 RobotVDSM|INFO [ST_RobotVDMotionPrepareState,1670]: move mode = 6  
20260817-140756:555768664 profile|INFO [CalcMotionProfile,2817]: block ready run, id = 0  
20260817-140756:556594352 MacroMove|INFO [move_joint,219]: RTEMS--------move joint end--------- 
20260817-140756:557306472 RobotVDStateMag|INFO [RobotVDStateManagerhandler,348]:  mainSM send motion in progress event 
20260817-140756:557345480 RobotVDSM|INFO [ST_RobotVDMotionInProgressState,1766]: robot vd: motion in progress state  
20260817-140756:557370232 RobotVDSM|INFO [ST_RobotVDMotionInProgressState,1776]: move mode = 6 
20260817-140801:766662800 pre_read|INFO [RobotMotionStateBackToExecutionLayer,295]: receiver msg: state = 0, error id = 0  
20260817-140801:766700280 pre_read|INFO [RobotMotionStateBackToExecutionLayer,313]:  valid_num = 1, 
20260817-140801:767432208 pre_read|INFO [RobotMotionStateBackToExecutionLayer,356]:  send cmd finish event, cmd.packet_id is 73  
20260817-140801:767461392 pre_read|INFO [RobotMotionStateBackToExecutionLayer,368]:  valid_num left = 0,  
20260817-140801:768344720 RobotVDStateMag|INFO [RobotVDStateManagerhandler,415]:  mainSM to motion complete event 
20260817-140801:768381752 RobotVDSM|INFO [ST_RobotVDMotionCompleteState,2404]: robot vd: motion complete state  
20260817-140801:768429360 RobotVDSM|INFO [ST_RobotVDMotionCompleteState,2448]: robot vd: motion complete state     6  
20260817-140801:770322840 RobotVDStateMag|INFO [RobotVDStateManagerhandler,802]:  switch mainSM to ready  
20260817-140801:770359752 RobotVDSM|INFO [ST_RobotVDMotionReadyState,1562]: robot vd: motion ready state 
20260817-140801:770559304 RobotVDSM|INFO [ST_RobotVDMotionReadyState,1625]: robot vd: motion ready state end
20260817-140804:905565760 MacroMove|INFO [move_joint,122]: RTEMS--------move joint start----------- 
20260817-140804:905630680 LocationMag|INFO [PrintJointLocation,29]: MOVE point joint = 26.003000 9.057000 -26.432000 -98.591000 -9.833000 3.563000 22.674000 
20260817-140804:905788920 RobotVDSM|INFO [ST_RobotVDMotionPrepareState,1664]: robot vd: motion prepare state 
20260817-140804:905815128 RobotVDSM|INFO [ST_RobotVDMotionPrepareState,1670]: move mode = 6  
20260817-140804:906583840 MacroMove|INFO [move_joint,219]: RTEMS--------move joint end--------- 
20260817-140804:906779520 profile|INFO [CalcMotionProfile,2817]: block ready run, id = 0  
20260817-140804:908276080 RobotVDStateMag|INFO [RobotVDStateManagerhandler,348]:  mainSM send motion in progress event 
20260817-140804:908314040 RobotVDSM|INFO [ST_RobotVDMotionInProgressState,1766]: robot vd: motion in progress state  
20260817-140804:908337584 RobotVDSM|INFO [ST_RobotVDMotionInProgressState,1776]: move mode = 6 
20260817-140812:023657392 pre_read|INFO [RobotMotionStateBackToExecutionLayer,295]: receiver msg: state = 0, error id = 0  
20260817-140812:023691944 pre_read|INFO [RobotMotionStateBackToExecutionLayer,313]:  valid_num = 1, 
20260817-140812:024436352 pre_read|INFO [RobotMotionStateBackToExecutionLayer,356]:  send cmd finish event, cmd.packet_id is 74  
20260817-140812:024465248 pre_read|INFO [RobotMotionStateBackToExecutionLayer,368]:  valid_num left = 0,  
20260817-140812:025348752 RobotVDStateMag|INFO [RobotVDStateManagerhandler,415]:  mainSM to motion complete event 
20260817-140812:025386488 RobotVDSM|INFO [ST_RobotVDMotionCompleteState,2404]: robot vd: motion complete state  
20260817-140812:025435144 RobotVDSM|INFO [ST_RobotVDMotionCompleteState,2448]: robot vd: motion complete state     6  
20260817-140812:027306952 RobotVDStateMag|INFO [RobotVDStateManagerhandler,802]:  switch mainSM to ready  
20260817-140812:027342208 RobotVDSM|INFO [ST_RobotVDMotionReadyState,1562]: robot vd: motion ready state 
20260817-140812:027538544 RobotVDSM|INFO [ST_RobotVDMotionReadyState,1625]: robot vd: motion ready state end
20260817-140815:156616440 MacroMove|INFO [move_joint,122]: RTEMS--------move joint start----------- 
20260817-140815:157273520 LocationMag|INFO [PrintJointLocation,29]: MOVE point joint = 35.986000 9.057000 -37.494000 -99.813000 -13.172000 7.695000 -6.244000 
20260817-140815:157428688 RobotVDSM|INFO [ST_RobotVDMotionPrepareState,1664]: robot vd: motion prepare state 
20260817-140815:157454720 RobotVDSM|INFO [ST_RobotVDMotionPrepareState,1670]: move mode = 6  
20260817-140815:158108528 MacroMove|INFO [move_joint,219]: RTEMS--------move joint end--------- 
20260817-140815:158201160 profile|INFO [CalcMotionProfile,2817]: block ready run, id = 0  
20260817-140815:159072880 RobotVDStateMag|INFO [RobotVDStateManagerhandler,348]:  mainSM send motion in progress event 
20260817-140815:159110664 RobotVDSM|INFO [ST_RobotVDMotionInProgressState,1766]: robot vd: motion in progress state  
20260817-140815:159134312 RobotVDSM|INFO [ST_RobotVDMotionInProgressState,1776]: move mode = 6 
20260817-140820:719409872 pre_read|INFO [RobotMotionStateBackToExecutionLayer,295]: receiver msg: state = 0, error id = 0  
20260817-140820:719446272 pre_read|INFO [RobotMotionStateBackToExecutionLayer,313]:  valid_num = 1, 
20260817-140820:720160112 pre_read|INFO [RobotMotionStateBackToExecutionLayer,356]:  send cmd finish event, cmd.packet_id is 75  
20260817-140820:720190960 pre_read|INFO [RobotMotionStateBackToExecutionLayer,368]:  valid_num left = 0,  
20260817-140820:721088544 RobotVDStateMag|INFO [RobotVDStateManagerhandler,415]:  mainSM to motion complete event 
20260817-140820:721126200 RobotVDSM|INFO [ST_RobotVDMotionCompleteState,2404]: robot vd: motion complete state  
20260817-140820:721173024 RobotVDSM|INFO [ST_RobotVDMotionCompleteState,2448]: robot vd: motion complete state     6  
20260817-140820:723074424 RobotVDStateMag|INFO [RobotVDStateManagerhandler,802]:  switch mainSM to ready  
20260817-140820:723113544 RobotVDSM|INFO [ST_RobotVDMotionReadyState,1562]: robot vd: motion ready state 
20260817-140820:723312904 RobotVDSM|INFO [ST_RobotVDMotionReadyState,1625]: robot vd: motion ready state end
20260817-140823:819190944 MacroMove|INFO [move_joint,122]: RTEMS--------move joint start----------- 
20260817-140823:819254008 LocationMag|INFO [PrintJointLocation,29]: MOVE point joint = -16.288000 9.057000 -8.784000 -80.452000 48.891000 -23.282000 -6.244000 
20260817-140823:819413408 RobotVDSM|INFO [ST_RobotVDMotionPrepareState,1664]: robot vd: motion prepare state 
20260817-140823:819439344 RobotVDSM|INFO [ST_RobotVDMotionPrepareState,1670]: move mode = 6  
20260817-140823:820031928 MacroMove|INFO [move_joint,219]: RTEMS--------move joint end--------- 
20260817-140823:820193960 profile|INFO [CalcMotionProfile,2817]: block ready run, id = 0  
20260817-140823:821959368 RobotVDStateMag|INFO [RobotVDStateManagerhandler,348]:  mainSM send motion in progress event 
20260817-140823:821997752 RobotVDSM|INFO [ST_RobotVDMotionInProgressState,1766]: robot vd: motion in progress state  
20260817-140823:822021712 RobotVDSM|INFO [ST_RobotVDMotionInProgressState,1776]: move mode = 6 
20260817-140830:990076032 pre_read|INFO [RobotMotionStateBackToExecutionLayer,295]: receiver msg: state = 0, error id = 0  
20260817-140830:990112192 pre_read|INFO [RobotMotionStateBackToExecutionLayer,313]:  valid_num = 1, 
20260817-140830:990418128 pre_read|INFO [RobotMotionStateBackToExecutionLayer,356]:  send cmd finish event, cmd.packet_id is 76  
20260817-140830:990447544 pre_read|INFO [RobotMotionStateBackToExecutionLayer,368]:  valid_num left = 0,  
20260817-140830:991950744 RobotVDStateMag|INFO [RobotVDStateManagerhandler,415]:  mainSM to motion complete event 
20260817-140830:991990912 RobotVDSM|INFO [ST_RobotVDMotionCompleteState,2404]: robot vd: motion complete state  
20260817-140830:992039752 RobotVDSM|INFO [ST_RobotVDMotionCompleteState,2448]: robot vd: motion complete state     6  
20260817-140830:993942592 RobotVDStateMag|INFO [RobotVDStateManagerhandler,802]:  switch mainSM to ready  
20260817-140830:993981480 RobotVDSM|INFO [ST_RobotVDMotionReadyState,1562]: robot vd: motion ready state 
20260817-140830:994182704 RobotVDSM|INFO [ST_RobotVDMotionReadyState,1625]: robot vd: motion ready state end
20260817-140834:103090712 MacroMove|INFO [move_joint,122]: RTEMS--------move joint start----------- 
20260817-140834:103150264 LocationMag|INFO [PrintJointLocation,29]: MOVE point joint = -25.538000 -6.754000 -8.784000 -62.253000 75.531000 -44.210000 -60.677000 
20260817-140834:103307208 RobotVDSM|INFO [ST_RobotVDMotionPrepareState,1664]: robot vd: motion prepare state 
20260817-140834:103333632 RobotVDSM|INFO [ST_RobotVDMotionPrepareState,1670]: move mode = 6  
20260817-140834:103926808 MacroMove|INFO [move_joint,219]: RTEMS--------move joint end--------- 
20260817-140834:104085432 profile|INFO [CalcMotionProfile,2817]: block ready run, id = 0  
20260817-140834:104889848 RobotVDStateMag|INFO [RobotVDStateManagerhandler,348]:  mainSM send motion in progress event 
20260817-140834:104925640 RobotVDSM|INFO [ST_RobotVDMotionInProgressState,1766]: robot vd: motion in progress state  
20260817-140834:104948368 RobotVDSM|INFO [ST_RobotVDMotionInProgressState,1776]: move mode = 6 
20260817-140840:965181648 pre_read|INFO [RobotMotionStateBackToExecutionLayer,295]: receiver msg: state = 0, error id = 0  
20260817-140840:965219024 pre_read|INFO [RobotMotionStateBackToExecutionLayer,313]:  valid_num = 1, 
20260817-140840:965934000 pre_read|INFO [RobotMotionStateBackToExecutionLayer,356]:  send cmd finish event, cmd.packet_id is 77  
20260817-140840:965964728 pre_read|INFO [RobotMotionStateBackToExecutionLayer,368]:  valid_num left = 0,  
20260817-140840:966873528 RobotVDStateMag|INFO [RobotVDStateManagerhandler,415]:  mainSM to motion complete event 
20260817-140840:966911288 RobotVDSM|INFO [ST_RobotVDMotionCompleteState,2404]: robot vd: motion complete state  
20260817-140840:966957592 RobotVDSM|INFO [ST_RobotVDMotionCompleteState,2448]: robot vd: motion complete state     6  
20260817-140840:968873800 RobotVDStateMag|INFO [RobotVDStateManagerhandler,802]:  switch mainSM to ready  
20260817-140840:968912152 RobotVDSM|INFO [ST_RobotVDMotionReadyState,1562]: robot vd: motion ready state 
20260817-140840:969111320 RobotVDSM|INFO [ST_RobotVDMotionReadyState,1625]: robot vd: motion ready state end
20260817-140844:083227464 MacroMove|INFO [move_joint,122]: RTEMS--------move joint start----------- 
20260817-140844:083293568 LocationMag|INFO [PrintJointLocation,29]: MOVE point joint = -29.539000 -21.916000 12.305000 -62.253000 75.531000 -33.403000 -71.855000 
20260817-140844:083832792 RobotVDSM|INFO [ST_RobotVDMotionPrepareState,1664]: robot vd: motion prepare state 
20260817-140844:083889608 RobotVDSM|INFO [ST_RobotVDMotionPrepareState,1670]: move mode = 6  
20260817-140844:084072624 profile|INFO [CalcMotionProfile,2817]: block ready run, id = 0  
20260817-140844:084178024 MacroMove|INFO [move_joint,219]: RTEMS--------move joint end--------- 
20260817-140844:084874672 RobotVDStateMag|INFO [RobotVDStateManagerhandler,348]:  mainSM send motion in progress event 
20260817-140844:084911240 RobotVDSM|INFO [ST_RobotVDMotionInProgressState,1766]: robot vd: motion in progress state  
20260817-140844:084934760 RobotVDSM|INFO [ST_RobotVDMotionInProgressState,1776]: move mode = 6 
20260817-140849:084907880 pre_read|INFO [RobotMotionStateBackToExecutionLayer,295]: receiver msg: state = 0, error id = 0  
20260817-140849:084943088 pre_read|INFO [RobotMotionStateBackToExecutionLayer,313]:  valid_num = 1, 
20260817-140849:085243000 pre_read|INFO [RobotMotionStateBackToExecutionLayer,356]:  send cmd finish event, cmd.packet_id is 78  
20260817-140849:085270600 pre_read|INFO [RobotMotionStateBackToExecutionLayer,368]:  valid_num left = 0,  
20260817-140849:086861624 RobotVDStateMag|INFO [RobotVDStateManagerhandler,415]:  mainSM to motion complete event 
20260817-140849:086898728 RobotVDSM|INFO [ST_RobotVDMotionCompleteState,2404]: robot vd: motion complete state  
20260817-140849:086946568 RobotVDSM|INFO [ST_RobotVDMotionCompleteState,2448]: robot vd: motion complete state     6  
20260817-140849:088859304 RobotVDStateMag|INFO [RobotVDStateManagerhandler,802]:  switch mainSM to ready  
20260817-140849:088896344 RobotVDSM|INFO [ST_RobotVDMotionReadyState,1562]: robot vd: motion ready state 
20260817-140849:089099360 RobotVDSM|INFO [ST_RobotVDMotionReadyState,1625]: robot vd: motion ready state end
20260817-140854:110695672 MacroMove|INFO [move_joint,122]: RTEMS--------move joint start----------- 
20260817-140854:110754312 LocationMag|INFO [PrintJointLocation,29]: MOVE point joint = -20.081000 -6.159000 10.848000 -80.451000 87.914000 -5.179000 -83.254000 
20260817-140854:110935432 RobotVDSM|INFO [ST_RobotVDMotionPrepareState,1664]: robot vd: motion prepare state 
20260817-140854:110961648 RobotVDSM|INFO [ST_RobotVDMotionPrepareState,1670]: move mode = 6  
20260817-140854:111166048 profile|INFO [CalcMotionProfile,2817]: block ready run, id = 0  
20260817-140854:111247752 MacroMove|INFO [move_joint,219]: RTEMS--------move joint end--------- 
20260817-140854:111863392 RobotVDStateMag|INFO [RobotVDStateManagerhandler,348]:  mainSM send motion in progress event 
20260817-140854:111897808 RobotVDSM|INFO [ST_RobotVDMotionInProgressState,1766]: robot vd: motion in progress state  
20260817-140854:111921744 RobotVDSM|INFO [ST_RobotVDMotionInProgressState,1776]: move mode = 6 
20260817-140859:623766208 pre_read|INFO [RobotMotionStateBackToExecutionLayer,295]: receiver msg: state = 0, error id = 0  
20260817-140859:623801528 pre_read|INFO [RobotMotionStateBackToExecutionLayer,313]:  valid_num = 1, 
20260817-140859:624743152 pre_read|INFO [RobotMotionStateBackToExecutionLayer,356]:  send cmd finish event, cmd.packet_id is 79  
20260817-140859:624773440 pre_read|INFO [RobotMotionStateBackToExecutionLayer,368]:  valid_num left = 0,  
20260817-140859:625861424 RobotVDStateMag|INFO [RobotVDStateManagerhandler,415]:  mainSM to motion complete event 
20260817-140859:625900120 RobotVDSM|INFO [ST_RobotVDMotionCompleteState,2404]: robot vd: motion complete state  
20260817-140859:625949968 RobotVDSM|INFO [ST_RobotVDMotionCompleteState,2448]: robot vd: motion complete state     6  
20260817-140859:627852112 RobotVDStateMag|INFO [RobotVDStateManagerhandler,802]:  switch mainSM to ready  
20260817-140859:627889760 RobotVDSM|INFO [ST_RobotVDMotionReadyState,1562]: robot vd: motion ready state 
20260817-140859:628087992 RobotVDSM|INFO [ST_RobotVDMotionReadyState,1625]: robot vd: motion ready state end
20260817-140902:782616648 MacroMove|INFO [move_joint,122]: RTEMS--------move joint start----------- 
20260817-140902:782675880 LocationMag|INFO [PrintJointLocation,29]: MOVE point joint = -31.983000 -10.464000 17.257000 -82.597000 84.552000 -6.700000 -86.843000 
20260817-140902:782850608 RobotVDSM|INFO [ST_RobotVDMotionPrepareState,1664]: robot vd: motion prepare state 
20260817-140902:782877352 RobotVDSM|INFO [ST_RobotVDMotionPrepareState,1670]: move mode = 6  
20260817-140902:783080184 profile|INFO [CalcMotionProfile,2817]: block ready run, id = 0  
20260817-140902:783178768 MacroMove|INFO [move_joint,219]: RTEMS--------move joint end--------- 
20260817-140902:783851824 RobotVDStateMag|INFO [RobotVDStateManagerhandler,348]:  mainSM send motion in progress event 
20260817-140902:783887560 RobotVDSM|INFO [ST_RobotVDMotionInProgressState,1766]: robot vd: motion in progress state  
20260817-140902:783912400 RobotVDSM|INFO [ST_RobotVDMotionInProgressState,1776]: move mode = 6 
20260817-140906:915703832 pre_read|INFO [RobotMotionStateBackToExecutionLayer,295]: receiver msg: state = 0, error id = 0  
20260817-140906:915739288 pre_read|INFO [RobotMotionStateBackToExecutionLayer,313]:  valid_num = 1, 
20260817-140906:915853872 RobotVDStateMag|INFO [RobotVDStateManagerhandler,415]:  mainSM to motion complete event  
20260817-140906:915887088 RobotVDSM|INFO [ST_RobotVDMotionCompleteState,2404]: robot vd: motion complete state  
20260817-140906:916702512 RobotVDSM|INFO [ST_RobotVDMotionCompleteState,2448]: robot vd: motion complete state     6 
20260817-140906:916739888 pre_read|INFO [RobotMotionStateBackToExecutionLayer,356]:  send cmd finish event, cmd.packet_id is 80  
20260817-140906:916766032 pre_read|INFO [RobotMotionStateBackToExecutionLayer,368]:  valid_num left = 0,  
20260817-140906:917847640 RobotVDStateMag|INFO [RobotVDStateManagerhandler,802]:  switch mainSM to ready  
20260817-140906:917888224 RobotVDSM|INFO [ST_RobotVDMotionReadyState,1562]: robot vd: motion ready state 
20260817-140906:918099464 RobotVDSM|INFO [ST_RobotVDMotionReadyState,1625]: robot vd: motion ready state end
20260817-140912:004754928 MacroMove|INFO [move_joint,122]: RTEMS--------move joint start----------- 
20260817-140912:004840888 LocationMag|INFO [PrintJointLocation,29]: MOVE point joint = -42.588000 -13.775000 21.263000 -81.711000 78.232000 -13.101000 -91.999000 
20260817-140912:004992704 RobotVDSM|INFO [ST_RobotVDMotionPrepareState,1664]: robot vd: motion prepare state 
20260817-140912:005017568 RobotVDSM|INFO [ST_RobotVDMotionPrepareState,1670]: move mode = 6  
20260817-140912:005560648 MacroMove|INFO [move_joint,219]: RTEMS--------move joint end--------- 
20260817-140912:005712664 profile|INFO [CalcMotionProfile,2817]: block ready run, id = 0  
20260817-140912:005844952 RobotVDStateMag|INFO [RobotVDStateManagerhandler,348]:  mainSM send motion in progress event 
20260817-140912:005876904 RobotVDSM|INFO [ST_RobotVDMotionInProgressState,1766]: robot vd: motion in progress state  
20260817-140912:005899064 RobotVDSM|INFO [ST_RobotVDMotionInProgressState,1776]: move mode = 6 
20260817-140915:981632432 pre_read|INFO [RobotMotionStateBackToExecutionLayer,295]: receiver msg: state = 0, error id = 0  
20260817-140915:981668632 pre_read|INFO [RobotMotionStateBackToExecutionLayer,313]:  valid_num = 1, 
20260817-140915:981840200 RobotVDStateMag|INFO [RobotVDStateManagerhandler,415]:  mainSM to motion complete event  
20260817-140915:981873448 RobotVDSM|INFO [ST_RobotVDMotionCompleteState,2404]: robot vd: motion complete state  
20260817-140915:982687432 RobotVDSM|INFO [ST_RobotVDMotionCompleteState,2448]: robot vd: motion complete state     6 
20260817-140915:982725008 pre_read|INFO [RobotMotionStateBackToExecutionLayer,356]:  send cmd finish event, cmd.packet_id is 81  
20260817-140915:982751744 pre_read|INFO [RobotMotionStateBackToExecutionLayer,368]:  valid_num left = 0,  
20260817-140915:983835480 RobotVDStateMag|INFO [RobotVDStateManagerhandler,802]:  switch mainSM to ready  
20260817-140915:983873184 RobotVDSM|INFO [ST_RobotVDMotionReadyState,1562]: robot vd: motion ready state 
20260817-140915:984453008 RobotVDSM|INFO [ST_RobotVDMotionReadyState,1625]: robot vd: motion ready state end
20260817-140919:114454368 MacroMove|INFO [move_joint,122]: RTEMS--------move joint start----------- 
20260817-140919:114512152 LocationMag|INFO [PrintJointLocation,29]: MOVE point joint = -49.243000 -20.003000 28.260000 -76.781000 81.582000 -15.794000 -93.529000 
20260817-140919:114666032 RobotVDSM|INFO [ST_RobotVDMotionPrepareState,1664]: robot vd: motion prepare state 
20260817-140919:114691872 RobotVDSM|INFO [ST_RobotVDMotionPrepareState,1670]: move mode = 6  
20260817-140919:114971024 profile|INFO [CalcMotionProfile,2817]: block ready run, id = 0  
20260817-140919:115001688 MacroMove|INFO [move_joint,219]: RTEMS--------move joint end--------- 
20260817-140919:115837560 RobotVDStateMag|INFO [RobotVDStateManagerhandler,348]:  mainSM send motion in progress event 
20260817-140919:115873680 RobotVDSM|INFO [ST_RobotVDMotionInProgressState,1766]: robot vd: motion in progress state  
20260817-140919:115896632 RobotVDSM|INFO [ST_RobotVDMotionInProgressState,1776]: move mode = 6 
20260817-140922:579572624 pre_read|INFO [RobotMotionStateBackToExecutionLayer,295]: receiver msg: state = 0, error id = 0  
20260817-140922:579608752 pre_read|INFO [RobotMotionStateBackToExecutionLayer,313]:  valid_num = 1, 
20260817-140922:579832608 RobotVDStateMag|INFO [RobotVDStateManagerhandler,415]:  mainSM to motion complete event  
20260817-140922:579865400 RobotVDSM|INFO [ST_RobotVDMotionCompleteState,2404]: robot vd: motion complete state  
20260817-140922:580675888 RobotVDSM|INFO [ST_RobotVDMotionCompleteState,2448]: robot vd: motion complete state     6 
20260817-140922:580714064 pre_read|INFO [RobotMotionStateBackToExecutionLayer,356]:  send cmd finish event, cmd.packet_id is 82  
20260817-140922:580738912 pre_read|INFO [RobotMotionStateBackToExecutionLayer,368]:  valid_num left = 0,  
20260817-140922:581831512 RobotVDStateMag|INFO [RobotVDStateManagerhandler,802]:  switch mainSM to ready  
20260817-140922:581869048 RobotVDSM|INFO [ST_RobotVDMotionReadyState,1562]: robot vd: motion ready state 
20260817-140922:582502504 RobotVDSM|INFO [ST_RobotVDMotionReadyState,1625]: robot vd: motion ready state end
20260817-140925:686445008 MacroMove|INFO [move_joint,122]: RTEMS--------move joint start----------- 
20260817-140925:686503728 LocationMag|INFO [PrintJointLocation,29]: MOVE point joint = -51.149000 -25.900000 38.995000 -75.412000 78.084000 -14.422000 -100.644000 
20260817-140925:686659992 RobotVDSM|INFO [ST_RobotVDMotionPrepareState,1664]: robot vd: motion prepare state 
20260817-140925:686686832 RobotVDSM|INFO [ST_RobotVDMotionPrepareState,1670]: move mode = 6  
20260817-140925:686967448 MacroMove|INFO [move_joint,219]: RTEMS--------move joint end--------- 
20260817-140925:687459320 profile|INFO [CalcMotionProfile,2817]: block ready run, id = 0  
20260817-140925:688819448 RobotVDStateMag|INFO [RobotVDStateManagerhandler,348]:  mainSM send motion in progress event 
20260817-140925:688860120 RobotVDSM|INFO [ST_RobotVDMotionInProgressState,1766]: robot vd: motion in progress state  
20260817-140925:688885560 RobotVDSM|INFO [ST_RobotVDMotionInProgressState,1776]: move mode = 6 
20260817-140929:684588168 pre_read|INFO [RobotMotionStateBackToExecutionLayer,295]: receiver msg: state = 0, error id = 0  
20260817-140929:684624304 pre_read|INFO [RobotMotionStateBackToExecutionLayer,313]:  valid_num = 1, 
20260817-140929:684820008 RobotVDStateMag|INFO [RobotVDStateManagerhandler,415]:  mainSM to motion complete event  
20260817-140929:684853512 RobotVDSM|INFO [ST_RobotVDMotionCompleteState,2404]: robot vd: motion complete state  
20260817-140929:685489632 RobotVDSM|INFO [ST_RobotVDMotionCompleteState,2448]: robot vd: motion complete state     6 
20260817-140929:685526664 pre_read|INFO [RobotMotionStateBackToExecutionLayer,356]:  send cmd finish event, cmd.packet_id is 83  
20260817-140929:685551440 pre_read|INFO [RobotMotionStateBackToExecutionLayer,368]:  valid_num left = 0,  
20260817-140929:686823784 RobotVDStateMag|INFO [RobotVDStateManagerhandler,802]:  switch mainSM to ready  
20260817-140929:686863640 RobotVDSM|INFO [ST_RobotVDMotionReadyState,1562]: robot vd: motion ready state 
20260817-140929:687520304 RobotVDSM|INFO [ST_RobotVDMotionReadyState,1625]: robot vd: motion ready state end
20260817-140934:706086888 MacroMove|INFO [move_joint,122]: RTEMS--------move joint start----------- 
20260817-140934:706152432 LocationMag|INFO [PrintJointLocation,29]: MOVE point joint = -54.040000 -32.669000 39.583000 -69.447000 77.552000 -12.333000 -103.451000 
20260817-140934:706699768 RobotVDSM|INFO [ST_RobotVDMotionPrepareState,1664]: robot vd: motion prepare state 
20260817-140934:706728712 RobotVDSM|INFO [ST_RobotVDMotionPrepareState,1670]: move mode = 6  
20260817-140934:706977472 profile|INFO [CalcMotionProfile,2817]: block ready run, id = 0  
20260817-140934:707067144 MacroMove|INFO [move_joint,219]: RTEMS--------move joint end--------- 
20260817-140934:707822912 RobotVDStateMag|INFO [RobotVDStateManagerhandler,348]:  mainSM send motion in progress event 
20260817-140934:707864968 RobotVDSM|INFO [ST_RobotVDMotionInProgressState,1766]: robot vd: motion in progress state  
20260817-140934:707889608 RobotVDSM|INFO [ST_RobotVDMotionInProgressState,1776]: move mode = 6 
20260817-140938:135427400 pre_read|INFO [RobotMotionStateBackToExecutionLayer,295]: receiver msg: state = 0, error id = 0  
20260817-140938:135463040 pre_read|INFO [RobotMotionStateBackToExecutionLayer,313]:  valid_num = 1, 
20260817-140938:135819168 RobotVDStateMag|INFO [RobotVDStateManagerhandler,415]:  mainSM to motion complete event  
20260817-140938:135852952 RobotVDSM|INFO [ST_RobotVDMotionCompleteState,2404]: robot vd: motion complete state  
20260817-140938:136642024 RobotVDSM|INFO [ST_RobotVDMotionCompleteState,2448]: robot vd: motion complete state     6 
20260817-140938:136677320 pre_read|INFO [RobotMotionStateBackToExecutionLayer,356]:  send cmd finish event, cmd.packet_id is 84  
20260817-140938:136701704 pre_read|INFO [RobotMotionStateBackToExecutionLayer,368]:  valid_num left = 0,  
20260817-140938:137814584 RobotVDStateMag|INFO [RobotVDStateManagerhandler,802]:  switch mainSM to ready  
20260817-140938:137850848 RobotVDSM|INFO [ST_RobotVDMotionReadyState,1562]: robot vd: motion ready state 
20260817-140938:138488872 RobotVDSM|INFO [ST_RobotVDMotionReadyState,1625]: robot vd: motion ready state end
20260817-140941:280430192 MacroMove|INFO [move_joint,122]: RTEMS--------move joint start----------- 
20260817-140941:280489224 LocationMag|INFO [PrintJointLocation,29]: MOVE point joint = -56.188000 -23.191000 39.583000 -70.882000 75.561000 -15.531000 -105.537000 
20260817-140941:280645728 RobotVDSM|INFO [ST_RobotVDMotionPrepareState,1664]: robot vd: motion prepare state 
20260817-140941:280672504 RobotVDSM|INFO [ST_RobotVDMotionPrepareState,1670]: move mode = 6  
20260817-140941:281312088 MacroMove|INFO [move_joint,219]: RTEMS--------move joint end--------- 
20260817-140941:281418544 profile|INFO [CalcMotionProfile,2817]: block ready run, id = 0  
20260817-140941:282805824 RobotVDStateMag|INFO [RobotVDStateManagerhandler,348]:  mainSM send motion in progress event 
20260817-140941:282843744 RobotVDSM|INFO [ST_RobotVDMotionInProgressState,1766]: robot vd: motion in progress state  
20260817-140941:283262968 RobotVDSM|INFO [ST_RobotVDMotionInProgressState,1776]: move mode = 6 
20260817-140945:120569032 pre_read|INFO [RobotMotionStateBackToExecutionLayer,295]: receiver msg: state = 0, error id = 0  
20260817-140945:120604864 pre_read|INFO [RobotMotionStateBackToExecutionLayer,313]:  valid_num = 1, 
20260817-140945:120805008 RobotVDStateMag|INFO [RobotVDStateManagerhandler,415]:  mainSM to motion complete event  
20260817-140945:121316352 RobotVDSM|INFO [ST_RobotVDMotionCompleteState,2404]: robot vd: motion complete state  
20260817-140945:121438440 RobotVDSM|INFO [ST_RobotVDMotionCompleteState,2448]: robot vd: motion complete state     6 
20260817-140945:121471080 pre_read|INFO [RobotMotionStateBackToExecutionLayer,356]:  send cmd finish event, cmd.packet_id is 85  
20260817-140945:121494552 pre_read|INFO [RobotMotionStateBackToExecutionLayer,368]:  valid_num left = 0,  
20260817-140945:122800440 RobotVDStateMag|INFO [RobotVDStateManagerhandler,802]:  switch mainSM to ready  
20260817-140945:123279704 RobotVDSM|INFO [ST_RobotVDMotionReadyState,1562]: robot vd: motion ready state 
20260817-140945:123483712 RobotVDSM|INFO [ST_RobotVDMotionReadyState,1625]: robot vd: motion ready state end
20260817-140948:243760784 MacroMove|INFO [move_joint,122]: RTEMS--------move joint start----------- 
20260817-140948:244425440 LocationMag|INFO [PrintJointLocation,29]: MOVE point joint = -58.066000 -17.912000 39.583000 -72.514000 72.110000 -14.741000 -108.053000 
20260817-140948:244580672 RobotVDSM|INFO [ST_RobotVDMotionPrepareState,1664]: robot vd: motion prepare state 
20260817-140948:244608288 RobotVDSM|INFO [ST_RobotVDMotionPrepareState,1670]: move mode = 6  
20260817-140948:245262808 MacroMove|INFO [move_joint,219]: RTEMS--------move joint end--------- 
20260817-140948:245337040 profile|INFO [CalcMotionProfile,2817]: block ready run, id = 0  
20260817-140948:246205632 RobotVDStateMag|INFO [RobotVDStateManagerhandler,348]:  mainSM send motion in progress event 
20260817-140948:246244344 RobotVDSM|INFO [ST_RobotVDMotionInProgressState,1766]: robot vd: motion in progress state  
20260817-140948:246268384 RobotVDSM|INFO [ST_RobotVDMotionInProgressState,1776]: move mode = 6 
20260817-140951:402490328 pre_read|INFO [RobotMotionStateBackToExecutionLayer,295]: receiver msg: state = 0, error id = 0  
20260817-140951:402527048 pre_read|INFO [RobotMotionStateBackToExecutionLayer,313]:  valid_num = 1, 
20260817-140951:403264480 pre_read|INFO [RobotMotionStateBackToExecutionLayer,356]:  send cmd finish event, cmd.packet_id is 86  
20260817-140951:403294544 pre_read|INFO [RobotMotionStateBackToExecutionLayer,368]:  valid_num left = 0,  
20260817-140951:404174792 RobotVDStateMag|INFO [RobotVDStateManagerhandler,415]:  mainSM to motion complete event 
20260817-140951:404212112 RobotVDSM|INFO [ST_RobotVDMotionCompleteState,2404]: robot vd: motion complete state  
20260817-140951:404260328 RobotVDSM|INFO [ST_RobotVDMotionCompleteState,2448]: robot vd: motion complete state     6  
20260817-140951:406170424 RobotVDStateMag|INFO [RobotVDStateManagerhandler,802]:  switch mainSM to ready  
20260817-140951:406210992 RobotVDSM|INFO [ST_RobotVDMotionReadyState,1562]: robot vd: motion ready state 
20260817-140951:406410600 RobotVDSM|INFO [ST_RobotVDMotionReadyState,1625]: robot vd: motion ready state end
20260817-140954:503696920 MacroMove|INFO [move_joint,122]: RTEMS--------move joint start----------- 
20260817-140954:503765208 LocationMag|INFO [PrintJointLocation,29]: MOVE point joint = -60.004000 -10.844000 39.583000 -79.631000 77.329000 -17.839000 -112.181000 
20260817-140954:504531208 RobotVDSM|INFO [ST_RobotVDMotionPrepareState,1664]: robot vd: motion prepare state 
20260817-140954:504558512 RobotVDSM|INFO [ST_RobotVDMotionPrepareState,1670]: move mode = 6  
20260817-140954:504755080 profile|INFO [CalcMotionProfile,2817]: block ready run, id = 0  
20260817-140954:505265104 MacroMove|INFO [move_joint,219]: RTEMS--------move joint end--------- 
20260817-140954:506200720 RobotVDStateMag|INFO [RobotVDStateManagerhandler,348]:  mainSM send motion in progress event 
20260817-140954:506239688 RobotVDSM|INFO [ST_RobotVDMotionInProgressState,1766]: robot vd: motion in progress state  
20260817-140954:506263032 RobotVDSM|INFO [ST_RobotVDMotionInProgressState,1776]: move mode = 6 
20260817-140957:993056120 pre_read|INFO [RobotMotionStateBackToExecutionLayer,295]: receiver msg: state = 0, error id = 0  
20260817-140957:993092272 pre_read|INFO [RobotMotionStateBackToExecutionLayer,313]:  valid_num = 1, 
20260817-140957:993406712 pre_read|INFO [RobotMotionStateBackToExecutionLayer,356]:  send cmd finish event, cmd.packet_id is 87  
20260817-140957:993435624 pre_read|INFO [RobotMotionStateBackToExecutionLayer,368]:  valid_num left = 0,  
20260817-140957:993973424 RobotVDStateMag|INFO [RobotVDStateManagerhandler,415]:  mainSM to motion complete event 
20260817-140957:994011264 RobotVDSM|INFO [ST_RobotVDMotionCompleteState,2404]: robot vd: motion complete state  
20260817-140957:994059600 RobotVDSM|INFO [ST_RobotVDMotionCompleteState,2448]: robot vd: motion complete state     6  
20260817-140957:995950272 RobotVDStateMag|INFO [RobotVDStateManagerhandler,802]:  switch mainSM to ready  
20260817-140957:995987728 RobotVDSM|INFO [ST_RobotVDMotionReadyState,1562]: robot vd: motion ready state 
20260817-140957:996188352 RobotVDSM|INFO [ST_RobotVDMotionReadyState,1625]: robot vd: motion ready state end
20260817-141001:096676272 MacroMove|INFO [move_joint,122]: RTEMS--------move joint start----------- 
20260817-141001:096740352 LocationMag|INFO [PrintJointLocation,29]: MOVE point joint = -63.478000 -6.177000 37.959000 -82.929000 74.898000 -20.987000 -115.448000 
20260817-141001:097305448 RobotVDSM|INFO [ST_RobotVDMotionPrepareState,1664]: robot vd: motion prepare state 
20260817-141001:097331928 RobotVDSM|INFO [ST_RobotVDMotionPrepareState,1670]: move mode = 6  
20260817-141001:097539824 profile|INFO [CalcMotionProfile,2817]: block ready run, id = 0  
20260817-141001:097624128 MacroMove|INFO [move_joint,219]: RTEMS--------move joint end--------- 
20260817-141001:099180720 RobotVDStateMag|INFO [RobotVDStateManagerhandler,348]:  mainSM send motion in progress event 
20260817-141001:099222104 RobotVDSM|INFO [ST_RobotVDMotionInProgressState,1766]: robot vd: motion in progress state  
20260817-141001:099246768 RobotVDSM|INFO [ST_RobotVDMotionInProgressState,1776]: move mode = 6 
20260817-141004:131133008 pre_read|INFO [RobotMotionStateBackToExecutionLayer,295]: receiver msg: state = 0, error id = 0  
20260817-141004:131168064 pre_read|INFO [RobotMotionStateBackToExecutionLayer,313]:  valid_num = 1, 
20260817-141004:131515504 pre_read|INFO [RobotMotionStateBackToExecutionLayer,356]:  send cmd finish event, cmd.packet_id is 88  
20260817-141004:131543200 pre_read|INFO [RobotMotionStateBackToExecutionLayer,368]:  valid_num left = 0,  
20260817-141004:132077288 RobotVDStateMag|INFO [RobotVDStateManagerhandler,415]:  mainSM to motion complete event 
20260817-141004:132111080 RobotVDSM|INFO [ST_RobotVDMotionCompleteState,2404]: robot vd: motion complete state  
20260817-141004:132158992 RobotVDSM|INFO [ST_RobotVDMotionCompleteState,2448]: robot vd: motion complete state     6  
20260817-141004:134015264 RobotVDStateMag|INFO [RobotVDStateManagerhandler,802]:  switch mainSM to ready  
20260817-141004:134051824 RobotVDSM|INFO [ST_RobotVDMotionReadyState,1562]: robot vd: motion ready state 
20260817-141004:134252648 RobotVDSM|INFO [ST_RobotVDMotionReadyState,1625]: robot vd: motion ready state end
20260817-141007:267223104 MacroMove|INFO [move_joint,122]: RTEMS--------move joint start----------- 
20260817-141007:267291520 LocationMag|INFO [PrintJointLocation,29]: MOVE point joint = -67.058000 -2.953000 38.207000 -84.631000 70.367000 -21.962000 -118.614000 
20260817-141007:267443200 RobotVDSM|INFO [ST_RobotVDMotionPrepareState,1664]: robot vd: motion prepare state 
20260817-141007:267468392 RobotVDSM|INFO [ST_RobotVDMotionPrepareState,1670]: move mode = 6  
20260817-141007:267653792 profile|INFO [CalcMotionProfile,2817]: block ready run, id = 0  
20260817-141007:267753960 MacroMove|INFO [move_joint,219]: RTEMS--------move joint end--------- 
20260817-141007:268235632 RobotVDStateMag|INFO [RobotVDStateManagerhandler,348]:  mainSM send motion in progress event 
20260817-141007:268268848 RobotVDSM|INFO [ST_RobotVDMotionInProgressState,1766]: robot vd: motion in progress state  
20260817-141007:268291544 RobotVDSM|INFO [ST_RobotVDMotionInProgressState,1776]: move mode = 6 
20260817-141010:269137784 pre_read|INFO [RobotMotionStateBackToExecutionLayer,295]: receiver msg: state = 0, error id = 0  
20260817-141010:269173000 pre_read|INFO [RobotMotionStateBackToExecutionLayer,313]:  valid_num = 1, 
20260817-141010:269510720 pre_read|INFO [RobotMotionStateBackToExecutionLayer,356]:  send cmd finish event, cmd.packet_id is 89  
20260817-141010:269538488 pre_read|INFO [RobotMotionStateBackToExecutionLayer,368]:  valid_num left = 0,  
20260817-141010:270065104 RobotVDStateMag|INFO [RobotVDStateManagerhandler,415]:  mainSM to motion complete event 
20260817-141010:270103440 RobotVDSM|INFO [ST_RobotVDMotionCompleteState,2404]: robot vd: motion complete state  
20260817-141010:270151808 RobotVDSM|INFO [ST_RobotVDMotionCompleteState,2448]: robot vd: motion complete state     6  
20260817-141010:272001000 RobotVDStateMag|INFO [RobotVDStateManagerhandler,802]:  switch mainSM to ready  
20260817-141010:272039512 RobotVDSM|INFO [ST_RobotVDMotionReadyState,1562]: robot vd: motion ready state 
20260817-141010:272241168 RobotVDSM|INFO [ST_RobotVDMotionReadyState,1625]: robot vd: motion ready state end
20260817-141013:404384672 MacroMove|INFO [move_joint,122]: RTEMS--------move joint start----------- 
20260817-141013:404444104 LocationMag|INFO [PrintJointLocation,29]: MOVE point joint = -68.344000 -3.760000 54.967000 -84.631000 70.367000 -5.162000 -115.017000 
20260817-141013:404598464 RobotVDSM|INFO [ST_RobotVDMotionPrepareState,1664]: robot vd: motion prepare state 
20260817-141013:404624872 RobotVDSM|INFO [ST_RobotVDMotionPrepareState,1670]: move mode = 6  
20260817-141013:405237264 MacroMove|INFO [move_joint,219]: RTEMS--------move joint end--------- 
20260817-141013:405356904 profile|INFO [CalcMotionProfile,2817]: block ready run, id = 0  
20260817-141013:407156200 RobotVDStateMag|INFO [RobotVDStateManagerhandler,348]:  mainSM send motion in progress event 
20260817-141013:407195288 RobotVDSM|INFO [ST_RobotVDMotionInProgressState,1766]: robot vd: motion in progress state  
20260817-141013:407219552 RobotVDSM|INFO [ST_RobotVDMotionInProgressState,1776]: move mode = 6 
20260817-141018:049100312 pre_read|INFO [RobotMotionStateBackToExecutionLayer,295]: receiver msg: state = 0, error id = 0  
20260817-141018:049134784 pre_read|INFO [RobotMotionStateBackToExecutionLayer,313]:  valid_num = 1, 
20260817-141018:050003688 RobotVDStateMag|INFO [RobotVDStateManagerhandler,415]:  mainSM to motion complete event  
20260817-141018:050043632 RobotVDSM|INFO [ST_RobotVDMotionCompleteState,2404]: robot vd: motion complete state  
20260817-141018:050376192 RobotVDSM|INFO [ST_RobotVDMotionCompleteState,2448]: robot vd: motion complete state     6 
20260817-141018:050410544 pre_read|INFO [RobotMotionStateBackToExecutionLayer,356]:  send cmd finish event, cmd.packet_id is 90  
20260817-141018:050435608 pre_read|INFO [RobotMotionStateBackToExecutionLayer,368]:  valid_num left = 0,  
20260817-141018:051960824 RobotVDStateMag|INFO [RobotVDStateManagerhandler,802]:  switch mainSM to ready  
20260817-141018:051999512 RobotVDSM|INFO [ST_RobotVDMotionReadyState,1562]: robot vd: motion ready state 
20260817-141018:052200720 RobotVDSM|INFO [ST_RobotVDMotionReadyState,1625]: robot vd: motion ready state end
20260817-141021:184114224 MacroMove|INFO [move_joint,122]: RTEMS--------move joint start----------- 
20260817-141021:184173160 LocationMag|INFO [PrintJointLocation,29]: MOVE point joint = -71.156000 -4.962000 55.330000 -86.067000 70.367000 -7.126000 -111.923000 
20260817-141021:184326760 RobotVDSM|INFO [ST_RobotVDMotionPrepareState,1664]: robot vd: motion prepare state 
20260817-141021:184353288 RobotVDSM|INFO [ST_RobotVDMotionPrepareState,1670]: move mode = 6  
20260817-141021:184960624 MacroMove|INFO [move_joint,219]: RTEMS--------move joint end--------- 
20260817-141021:185123080 profile|INFO [CalcMotionProfile,2817]: block ready run, id = 0  
20260817-141021:186885864 RobotVDStateMag|INFO [RobotVDStateManagerhandler,348]:  mainSM send motion in progress event 
20260817-141021:186923352 RobotVDSM|INFO [ST_RobotVDMotionInProgressState,1766]: robot vd: motion in progress state  
20260817-141021:186946784 RobotVDSM|INFO [ST_RobotVDMotionInProgressState,1776]: move mode = 6 
20260817-141023:828064864 pre_read|INFO [RobotMotionStateBackToExecutionLayer,295]: receiver msg: state = 0, error id = 0  
20260817-141023:828101112 pre_read|INFO [RobotMotionStateBackToExecutionLayer,313]:  valid_num = 1, 
20260817-141023:828429144 pre_read|INFO [RobotMotionStateBackToExecutionLayer,356]:  send cmd finish event, cmd.packet_id is 91  
20260817-141023:828965960 RobotVDStateMag|INFO [RobotVDStateManagerhandler,415]:  mainSM to motion complete event  
20260817-141023:829004512 RobotVDSM|INFO [ST_RobotVDMotionCompleteState,2404]: robot vd: motion complete state 
20260817-141023:829058592 RobotVDSM|INFO [ST_RobotVDMotionCompleteState,2448]: robot vd: motion complete state     6  
20260817-141023:829337152 pre_read|INFO [RobotMotionStateBackToExecutionLayer,368]:  valid_num left = 0,  
20260817-141023:830908752 RobotVDStateMag|INFO [RobotVDStateManagerhandler,802]:  switch mainSM to ready  
20260817-141023:830946200 RobotVDSM|INFO [ST_RobotVDMotionReadyState,1562]: robot vd: motion ready state 
20260817-141023:831148408 RobotVDSM|INFO [ST_RobotVDMotionReadyState,1625]: robot vd: motion ready state end
20260817-141030:807809968 MacroMove|INFO [move_joint,122]: RTEMS--------move joint start----------- 
20260817-141030:807868792 LocationMag|INFO [PrintJointLocation,29]: MOVE point joint = -65.970000 2.403000 55.330000 -89.812000 75.795000 -5.260000 -107.889000 
20260817-141030:808028832 RobotVDSM|INFO [ST_RobotVDMotionPrepareState,1664]: robot vd: motion prepare state 
20260817-141030:808057072 RobotVDSM|INFO [ST_RobotVDMotionPrepareState,1670]: move mode = 6  
20260817-141030:808259184 profile|INFO [CalcMotionProfile,2817]: block ready run, id = 0  
20260817-141030:809040752 MacroMove|INFO [move_joint,219]: RTEMS--------move joint end--------- 
20260817-141030:809829352 RobotVDStateMag|INFO [RobotVDStateManagerhandler,348]:  mainSM send motion in progress event 
20260817-141030:809868904 RobotVDSM|INFO [ST_RobotVDMotionInProgressState,1766]: robot vd: motion in progress state  
20260817-141030:809893704 RobotVDSM|INFO [ST_RobotVDMotionInProgressState,1776]: move mode = 6 
20260817-141034:333955760 pre_read|INFO [RobotMotionStateBackToExecutionLayer,295]: receiver msg: state = 0, error id = 0  
20260817-141034:333990272 pre_read|INFO [RobotMotionStateBackToExecutionLayer,313]:  valid_num = 1, 
20260817-141034:334315008 pre_read|INFO [RobotMotionStateBackToExecutionLayer,356]:  send cmd finish event, cmd.packet_id is 92  
20260817-141034:334343432 pre_read|INFO [RobotMotionStateBackToExecutionLayer,368]:  valid_num left = 0,  
20260817-141034:335828304 RobotVDStateMag|INFO [RobotVDStateManagerhandler,415]:  mainSM to motion complete event 
20260817-141034:335867240 RobotVDSM|INFO [ST_RobotVDMotionCompleteState,2404]: robot vd: motion complete state  
20260817-141034:335917800 RobotVDSM|INFO [ST_RobotVDMotionCompleteState,2448]: robot vd: motion complete state     6  
20260817-141034:337815184 RobotVDStateMag|INFO [RobotVDStateManagerhandler,802]:  switch mainSM to ready  
20260817-141034:337854672 RobotVDSM|INFO [ST_RobotVDMotionReadyState,1562]: robot vd: motion ready state 
20260817-141034:338060688 RobotVDSM|INFO [ST_RobotVDMotionReadyState,1625]: robot vd: motion ready state end
20260817-141037:492719288 MacroMove|INFO [move_joint,122]: RTEMS--------move joint start----------- 
20260817-141037:493017224 LocationMag|INFO [PrintJointLocation,29]: MOVE point joint = -63.912000 3.174000 56.378000 -90.485000 83.736000 -4.068000 -102.954000 
20260817-141037:493172848 RobotVDSM|INFO [ST_RobotVDMotionPrepareState,1664]: robot vd: motion prepare state 
20260817-141037:493199648 RobotVDSM|INFO [ST_RobotVDMotionPrepareState,1670]: move mode = 6  
20260817-141037:493816328 MacroMove|INFO [move_joint,219]: RTEMS--------move joint end--------- 
20260817-141037:493976128 profile|INFO [CalcMotionProfile,2817]: block ready run, id = 0  
20260817-141037:494765512 RobotVDStateMag|INFO [RobotVDStateManagerhandler,348]:  mainSM send motion in progress event 
20260817-141037:494804728 RobotVDSM|INFO [ST_RobotVDMotionInProgressState,1766]: robot vd: motion in progress state  
20260817-141037:494829688 RobotVDSM|INFO [ST_RobotVDMotionInProgressState,1776]: move mode = 6 
20260817-141041:107075784 pre_read|INFO [RobotMotionStateBackToExecutionLayer,295]: receiver msg: state = 0, error id = 0  
20260817-141041:107111464 pre_read|INFO [RobotMotionStateBackToExecutionLayer,313]:  valid_num = 1, 
20260817-141041:107860208 pre_read|INFO [RobotMotionStateBackToExecutionLayer,356]:  send cmd finish event, cmd.packet_id is 93  
20260817-141041:107890992 pre_read|INFO [RobotMotionStateBackToExecutionLayer,368]:  valid_num left = 0,  
20260817-141041:108766288 RobotVDStateMag|INFO [RobotVDStateManagerhandler,415]:  mainSM to motion complete event 
20260817-141041:108803104 RobotVDSM|INFO [ST_RobotVDMotionCompleteState,2404]: robot vd: motion complete state  
20260817-141041:108852704 RobotVDSM|INFO [ST_RobotVDMotionCompleteState,2448]: robot vd: motion complete state     6  
20260817-141041:110748712 RobotVDStateMag|INFO [RobotVDStateManagerhandler,802]:  switch mainSM to ready  
20260817-141041:110786392 RobotVDSM|INFO [ST_RobotVDMotionReadyState,1562]: robot vd: motion ready state 
20260817-141041:110987912 RobotVDSM|INFO [ST_RobotVDMotionReadyState,1625]: robot vd: motion ready state end
20260817-141044:243697960 MacroMove|INFO [move_joint,122]: RTEMS--------move joint start----------- 
20260817-141044:243776608 LocationMag|INFO [PrintJointLocation,29]: MOVE point joint = -57.385000 4.104000 56.652000 -90.485000 84.700000 5.392000 -99.910000 
20260817-141044:243929568 RobotVDSM|INFO [ST_RobotVDMotionPrepareState,1664]: robot vd: motion prepare state 
20260817-141044:243955920 RobotVDSM|INFO [ST_RobotVDMotionPrepareState,1670]: move mode = 6  
20260817-141044:244151432 profile|INFO [CalcMotionProfile,2817]: block ready run, id = 0  
20260817-141044:244699552 MacroMove|INFO [move_joint,219]: RTEMS--------move joint end--------- 
20260817-141044:244760000 RobotVDStateMag|INFO [RobotVDStateManagerhandler,348]:  mainSM send motion in progress event 
20260817-141044:244791232 RobotVDSM|INFO [ST_RobotVDMotionInProgressState,1766]: robot vd: motion in progress state  
20260817-141044:244814560 RobotVDSM|INFO [ST_RobotVDMotionInProgressState,1776]: move mode = 6 
20260817-141048:074008272 pre_read|INFO [RobotMotionStateBackToExecutionLayer,295]: receiver msg: state = 0, error id = 0  
20260817-141048:074045184 pre_read|INFO [RobotMotionStateBackToExecutionLayer,313]:  valid_num = 1, 
20260817-141048:074749648 RobotVDStateMag|INFO [RobotVDStateManagerhandler,415]:  mainSM to motion complete event  
20260817-141048:074789864 RobotVDSM|INFO [ST_RobotVDMotionCompleteState,2404]: robot vd: motion complete state  
20260817-141048:074885184 RobotVDSM|INFO [ST_RobotVDMotionCompleteState,2448]: robot vd: motion complete state     6 
20260817-141048:074917160 pre_read|INFO [RobotMotionStateBackToExecutionLayer,356]:  send cmd finish event, cmd.packet_id is 94  
20260817-141048:074941000 pre_read|INFO [RobotMotionStateBackToExecutionLayer,368]:  valid_num left = 0,  
20260817-141048:076741224 RobotVDStateMag|INFO [RobotVDStateManagerhandler,802]:  switch mainSM to ready  
20260817-141048:076778944 RobotVDSM|INFO [ST_RobotVDMotionReadyState,1562]: robot vd: motion ready state 
20260817-141048:076979744 RobotVDSM|INFO [ST_RobotVDMotionReadyState,1625]: robot vd: motion ready state end
20260817-141051:196186752 MacroMove|INFO [move_joint,122]: RTEMS--------move joint start----------- 
20260817-141051:196626360 LocationMag|INFO [PrintJointLocation,29]: MOVE point joint = -54.884000 -1.582000 55.911000 -90.343000 81.118000 10.042000 -96.435000 
20260817-141051:196807168 RobotVDSM|INFO [ST_RobotVDMotionPrepareState,1664]: robot vd: motion prepare state 
20260817-141051:196833992 RobotVDSM|INFO [ST_RobotVDMotionPrepareState,1670]: move mode = 6  
20260817-141051:197039368 profile|INFO [CalcMotionProfile,2817]: block ready run, id = 0  
20260817-141051:197130632 MacroMove|INFO [move_joint,219]: RTEMS--------move joint end--------- 
20260817-141051:198738120 RobotVDStateMag|INFO [RobotVDStateManagerhandler,348]:  mainSM send motion in progress event 
20260817-141051:198775400 RobotVDSM|INFO [ST_RobotVDMotionInProgressState,1766]: robot vd: motion in progress state  
20260817-141051:198799312 RobotVDSM|INFO [ST_RobotVDMotionInProgressState,1776]: move mode = 6 
20260817-141054:430770440 pre_read|INFO [RobotMotionStateBackToExecutionLayer,295]: receiver msg: state = 0, error id = 0  
20260817-141054:430806160 pre_read|INFO [RobotMotionStateBackToExecutionLayer,313]:  valid_num = 1, 
20260817-141054:431123504 pre_read|INFO [RobotMotionStateBackToExecutionLayer,356]:  send cmd finish event, cmd.packet_id is 95  
20260817-141054:431152880 pre_read|INFO [RobotMotionStateBackToExecutionLayer,368]:  valid_num left = 0,  
20260817-141054:432735288 RobotVDStateMag|INFO [RobotVDStateManagerhandler,415]:  mainSM to motion complete event 
20260817-141054:432774704 RobotVDSM|INFO [ST_RobotVDMotionCompleteState,2404]: robot vd: motion complete state  
20260817-141054:432824288 RobotVDSM|INFO [ST_RobotVDMotionCompleteState,2448]: robot vd: motion complete state     6  
20260817-141054:434734752 RobotVDStateMag|INFO [RobotVDStateManagerhandler,802]:  switch mainSM to ready  
20260817-141054:434772968 RobotVDSM|INFO [ST_RobotVDMotionReadyState,1562]: robot vd: motion ready state 
20260817-141054:434976552 RobotVDSM|INFO [ST_RobotVDMotionReadyState,1625]: robot vd: motion ready state end
20260817-141057:555988992 MacroMove|INFO [move_joint,122]: RTEMS--------move joint start----------- 
20260817-141057:556053784 LocationMag|INFO [PrintJointLocation,29]: MOVE point joint = -48.186000 -2.827000 54.440000 -89.508000 78.669000 13.931000 -92.848000 
20260817-141057:556596168 RobotVDSM|INFO [ST_RobotVDMotionPrepareState,1664]: robot vd: motion prepare state 
20260817-141057:556624472 RobotVDSM|INFO [ST_RobotVDMotionPrepareState,1670]: move mode = 6  
20260817-141057:556855904 profile|INFO [CalcMotionProfile,2817]: block ready run, id = 0  
20260817-141057:556944440 MacroMove|INFO [move_joint,219]: RTEMS--------move joint end--------- 
20260817-141057:558731224 RobotVDStateMag|INFO [RobotVDStateManagerhandler,348]:  mainSM send motion in progress event 
20260817-141057:558770088 RobotVDSM|INFO [ST_RobotVDMotionInProgressState,1766]: robot vd: motion in progress state  
20260817-141057:558794992 RobotVDSM|INFO [ST_RobotVDMotionInProgressState,1776]: move mode = 6 
20260817-141100:972040120 pre_read|INFO [RobotMotionStateBackToExecutionLayer,295]: receiver msg: state = 0, error id = 0  
20260817-141100:972076104 pre_read|INFO [RobotMotionStateBackToExecutionLayer,313]:  valid_num = 1, 
20260817-141100:972738864 RobotVDStateMag|INFO [RobotVDStateManagerhandler,415]:  mainSM to motion complete event  
20260817-141100:972778608 RobotVDSM|INFO [ST_RobotVDMotionCompleteState,2404]: robot vd: motion complete state  
20260817-141100:972867624 pre_read|INFO [RobotMotionStateBackToExecutionLayer,356]:  send cmd finish event, cmd.packet_id is 96 
20260817-141100:972894632 pre_read|INFO [RobotMotionStateBackToExecutionLayer,368]:  valid_num left = 0,  
20260817-141100:972990640 RobotVDSM|INFO [ST_RobotVDMotionCompleteState,2448]: robot vd: motion complete state     6  
20260817-141100:974732328 RobotVDStateMag|INFO [RobotVDStateManagerhandler,802]:  switch mainSM to ready  
20260817-141100:974770520 RobotVDSM|INFO [ST_RobotVDMotionReadyState,1562]: robot vd: motion ready state 
20260817-141100:974974320 RobotVDSM|INFO [ST_RobotVDMotionReadyState,1625]: robot vd: motion ready state end
20260817-141106:030833680 MacroMove|INFO [move_joint,122]: RTEMS--------move joint start----------- 
20260817-141106:030899560 LocationMag|INFO [PrintJointLocation,29]: MOVE point joint = -46.869000 -5.222000 53.547000 -89.507000 77.752000 16.499000 -89.354000 
20260817-141106:031050352 RobotVDSM|INFO [ST_RobotVDMotionPrepareState,1664]: robot vd: motion prepare state 
20260817-141106:031465352 RobotVDSM|INFO [ST_RobotVDMotionPrepareState,1670]: move mode = 6  
20260817-141106:031631672 profile|INFO [CalcMotionProfile,2817]: block ready run, id = 0  
20260817-141106:031730664 RobotVDStateMag|INFO [RobotVDStateManagerhandler,348]:  mainSM send motion in progress event  
20260817-141106:032036208 RobotVDSM|INFO [ST_RobotVDMotionInProgressState,1766]: robot vd: motion in progress state 
20260817-141106:032062232 RobotVDSM|INFO [ST_RobotVDMotionInProgressState,1776]: move mode = 6  
20260817-141106:032723992 MacroMove|INFO [move_joint,219]: RTEMS--------move joint end---------
20260817-141108:782634040 pre_read|INFO [RobotMotionStateBackToExecutionLayer,295]: receiver msg: state = 0, error id = 0  
20260817-141108:782670128 pre_read|INFO [RobotMotionStateBackToExecutionLayer,313]:  valid_num = 1,  
20260817-141108:782718608 RobotVDStateMag|INFO [RobotVDStateManagerhandler,415]:  mainSM to motion complete event  
20260817-141108:782752032 RobotVDSM|INFO [ST_RobotVDMotionCompleteState,2404]: robot vd: motion complete state 
20260817-141108:783061864 RobotVDSM|INFO [ST_RobotVDMotionCompleteState,2448]: robot vd: motion complete state     6  
20260817-141108:784573344 pre_read|INFO [RobotMotionStateBackToExecutionLayer,356]:  send cmd finish event, cmd.packet_id is 97  
20260817-141108:784605800 pre_read|INFO [RobotMotionStateBackToExecutionLayer,368]:  valid_num left = 0, 
20260817-141108:784718184 RobotVDStateMag|INFO [RobotVDStateManagerhandler,802]:  switch mainSM to ready  
20260817-141108:784750160 RobotVDSM|INFO [ST_RobotVDMotionReadyState,1562]: robot vd: motion ready state  
20260817-141108:784952480 RobotVDSM|INFO [ST_RobotVDMotionReadyState,1625]: robot vd: motion ready state end
20260817-141111:921969368 MacroMove|INFO [move_joint,122]: RTEMS--------move joint start----------- 
20260817-141111:922403264 LocationMag|INFO [PrintJointLocation,29]: MOVE point joint = -45.163000 -8.544000 53.547000 -87.680000 72.933000 17.995000 -82.463000 
20260817-141111:922557504 RobotVDSM|INFO [ST_RobotVDMotionPrepareState,1664]: robot vd: motion prepare state 
20260817-141111:922583984 RobotVDSM|INFO [ST_RobotVDMotionPrepareState,1670]: move mode = 6  
20260817-141111:922811112 profile|INFO [CalcMotionProfile,2817]: block ready run, id = 0  
20260817-141111:922899128 MacroMove|INFO [move_joint,219]: RTEMS--------move joint end--------- 
20260817-141111:924719632 RobotVDStateMag|INFO [RobotVDStateManagerhandler,348]:  mainSM send motion in progress event 
20260817-141111:924758888 RobotVDSM|INFO [ST_RobotVDMotionInProgressState,1766]: robot vd: motion in progress state  
20260817-141111:924782960 RobotVDSM|INFO [ST_RobotVDMotionInProgressState,1776]: move mode = 6 
20260817-141115:374549688 pre_read|INFO [RobotMotionStateBackToExecutionLayer,295]: receiver msg: state = 0, error id = 0  
20260817-141115:374585984 pre_read|INFO [RobotMotionStateBackToExecutionLayer,313]:  valid_num = 1, 
20260817-141115:374717840 RobotVDStateMag|INFO [RobotVDStateManagerhandler,415]:  mainSM to motion complete event  
20260817-141115:374753768 RobotVDSM|INFO [ST_RobotVDMotionCompleteState,2404]: robot vd: motion complete state  
20260817-141115:374977840 RobotVDSM|INFO [ST_RobotVDMotionCompleteState,2448]: robot vd: motion complete state     6 
20260817-141115:375516552 pre_read|INFO [RobotMotionStateBackToExecutionLayer,356]:  send cmd finish event, cmd.packet_id is 98  
20260817-141115:375543312 pre_read|INFO [RobotMotionStateBackToExecutionLayer,368]:  valid_num left = 0,  
20260817-141115:376712224 RobotVDStateMag|INFO [RobotVDStateManagerhandler,802]:  switch mainSM to ready  
20260817-141115:376752008 RobotVDSM|INFO [ST_RobotVDMotionReadyState,1562]: robot vd: motion ready state 
20260817-141115:376955584 RobotVDSM|INFO [ST_RobotVDMotionReadyState,1625]: robot vd: motion ready state end
20260817-141118:494339432 MacroMove|INFO [move_joint,122]: RTEMS--------move joint start----------- 
20260817-141118:494399232 LocationMag|INFO [PrintJointLocation,29]: MOVE point joint = -41.632000 -10.607000 50.773000 -84.760000 72.366000 19.263000 -77.372000 
20260817-141118:494550304 RobotVDSM|INFO [ST_RobotVDMotionPrepareState,1664]: robot vd: motion prepare state 
20260817-141118:494576608 RobotVDSM|INFO [ST_RobotVDMotionPrepareState,1670]: move mode = 6  
20260817-141118:494869008 MacroMove|INFO [move_joint,219]: RTEMS--------move joint end--------- 
20260817-141118:494926104 profile|INFO [CalcMotionProfile,2817]: block ready run, id = 0  
20260817-141118:496709360 RobotVDStateMag|INFO [RobotVDStateManagerhandler,348]:  mainSM send motion in progress event 
20260817-141118:496747808 RobotVDSM|INFO [ST_RobotVDMotionInProgressState,1766]: robot vd: motion in progress state  
20260817-141118:496771768 RobotVDSM|INFO [ST_RobotVDMotionInProgressState,1776]: move mode = 6 
20260817-141121:612498424 pre_read|INFO [RobotMotionStateBackToExecutionLayer,295]: receiver msg: state = 0, error id = 0  
20260817-141121:612534248 pre_read|INFO [RobotMotionStateBackToExecutionLayer,313]:  valid_num = 1, 
20260817-141121:612916624 pre_read|INFO [RobotMotionStateBackToExecutionLayer,356]:  send cmd finish event, cmd.packet_id is 99  
20260817-141121:613438400 pre_read|INFO [RobotMotionStateBackToExecutionLayer,368]:  valid_num left = 0,  
20260817-141121:613712624 RobotVDStateMag|INFO [RobotVDStateManagerhandler,415]:  mainSM to motion complete event 
20260817-141121:613747288 RobotVDSM|INFO [ST_RobotVDMotionCompleteState,2404]: robot vd: motion complete state  
20260817-141121:613794872 RobotVDSM|INFO [ST_RobotVDMotionCompleteState,2448]: robot vd: motion complete state     6  
20260817-141121:615709104 RobotVDStateMag|INFO [RobotVDStateManagerhandler,802]:  switch mainSM to ready  
20260817-141121:615747104 RobotVDSM|INFO [ST_RobotVDMotionReadyState,1562]: robot vd: motion ready state 
20260817-141121:616371904 RobotVDSM|INFO [ST_RobotVDMotionReadyState,1625]: robot vd: motion ready state end
20260817-141126:698760344 MacroMove|INFO [move_joint,122]: RTEMS--------move joint start----------- 
20260817-141126:698828088 LocationMag|INFO [PrintJointLocation,29]: MOVE point joint = -36.387000 -13.703000 48.445000 -83.658000 67.723000 19.263000 -73.705000 
20260817-141126:699371160 RobotVDSM|INFO [ST_RobotVDMotionPrepareState,1664]: robot vd: motion prepare state 
20260817-141126:699399800 RobotVDSM|INFO [ST_RobotVDMotionPrepareState,1670]: move mode = 6  
20260817-141126:699598888 profile|INFO [CalcMotionProfile,2817]: block ready run, id = 0  
20260817-141126:700331080 MacroMove|INFO [move_joint,219]: RTEMS--------move joint end--------- 
20260817-141126:700704040 RobotVDStateMag|INFO [RobotVDStateManagerhandler,348]:  mainSM send motion in progress event 
20260817-141126:700740848 RobotVDSM|INFO [ST_RobotVDMotionInProgressState,1766]: robot vd: motion in progress state  
20260817-141126:700768424 RobotVDSM|INFO [ST_RobotVDMotionInProgressState,1776]: move mode = 6 
20260817-141129:848466728 pre_read|INFO [RobotMotionStateBackToExecutionLayer,295]: receiver msg: state = 0, error id = 0  
20260817-141129:848504264 pre_read|INFO [RobotMotionStateBackToExecutionLayer,313]:  valid_num = 1, 
20260817-141129:848830920 pre_read|INFO [RobotMotionStateBackToExecutionLayer,356]:  send cmd finish event, cmd.packet_id is 100  
20260817-141129:849331672 pre_read|INFO [RobotMotionStateBackToExecutionLayer,368]:  valid_num left = 0,  
20260817-141129:849713248 RobotVDStateMag|INFO [RobotVDStateManagerhandler,415]:  mainSM to motion complete event 
20260817-141129:849748360 RobotVDSM|INFO [ST_RobotVDMotionCompleteState,2404]: robot vd: motion complete state  
20260817-141129:849800040 RobotVDSM|INFO [ST_RobotVDMotionCompleteState,2448]: robot vd: motion complete state     6  
20260817-141129:851701352 RobotVDStateMag|INFO [RobotVDStateManagerhandler,802]:  switch mainSM to ready  
20260817-141129:851739792 RobotVDSM|INFO [ST_RobotVDMotionReadyState,1562]: robot vd: motion ready state 
20260817-141129:852367432 RobotVDSM|INFO [ST_RobotVDMotionReadyState,1625]: robot vd: motion ready state end
20260817-141134:857413520 MacroMove|INFO [move_joint,122]: RTEMS--------move joint start----------- 
20260817-141134:857481544 LocationMag|INFO [PrintJointLocation,29]: MOVE point joint = -34.029000 -15.485000 47.258000 -82.763000 61.141000 18.899000 -69.664000 
20260817-141134:857633424 RobotVDSM|INFO [ST_RobotVDMotionPrepareState,1664]: robot vd: motion prepare state 
20260817-141134:857660472 RobotVDSM|INFO [ST_RobotVDMotionPrepareState,1670]: move mode = 6  
20260817-141134:858502800 profile|INFO [CalcMotionProfile,2817]: block ready run, id = 0  
20260817-141134:858592368 MacroMove|INFO [move_joint,219]: RTEMS--------move joint end--------- 
20260817-141134:859708968 RobotVDStateMag|INFO [RobotVDStateManagerhandler,348]:  mainSM send motion in progress event 
20260817-141134:859748712 RobotVDSM|INFO [ST_RobotVDMotionInProgressState,1766]: robot vd: motion in progress state  
20260817-141134:859773232 RobotVDSM|INFO [ST_RobotVDMotionInProgressState,1776]: move mode = 6 
20260817-141138:257324040 pre_read|INFO [RobotMotionStateBackToExecutionLayer,295]: receiver msg: state = 0, error id = 0  
20260817-141138:257359984 pre_read|INFO [RobotMotionStateBackToExecutionLayer,313]:  valid_num = 1, 
20260817-141138:257697488 RobotVDStateMag|INFO [RobotVDStateManagerhandler,415]:  mainSM to motion complete event  
20260817-141138:257736480 RobotVDSM|INFO [ST_RobotVDMotionCompleteState,2404]: robot vd: motion complete state  
20260817-141138:258525608 RobotVDSM|INFO [ST_RobotVDMotionCompleteState,2448]: robot vd: motion complete state     6 
20260817-141138:258562992 pre_read|INFO [RobotMotionStateBackToExecutionLayer,356]:  send cmd finish event, cmd.packet_id is 101  
20260817-141138:258588688 pre_read|INFO [RobotMotionStateBackToExecutionLayer,368]:  valid_num left = 0,  
20260817-141138:259696424 RobotVDStateMag|INFO [RobotVDStateManagerhandler,802]:  switch mainSM to ready  
20260817-141138:259732808 RobotVDSM|INFO [ST_RobotVDMotionReadyState,1562]: robot vd: motion ready state 
20260817-141138:260361744 RobotVDSM|INFO [ST_RobotVDMotionReadyState,1625]: robot vd: motion ready state end
20260817-141143:340704064 MacroMove|INFO [move_joint,122]: RTEMS--------move joint start----------- 
20260817-141143:341141512 LocationMag|INFO [PrintJointLocation,29]: MOVE point joint = -31.460000 -16.535000 46.240000 -83.061000 57.494000 23.047000 -64.998000 
20260817-141143:341297920 RobotVDSM|INFO [ST_RobotVDMotionPrepareState,1664]: robot vd: motion prepare state 
20260817-141143:341323992 RobotVDSM|INFO [ST_RobotVDMotionPrepareState,1670]: move mode = 6  
20260817-141143:341544328 profile|INFO [CalcMotionProfile,2817]: block ready run, id = 0  
20260817-141143:341633944 MacroMove|INFO [move_joint,219]: RTEMS--------move joint end--------- 
20260817-141143:342688864 RobotVDStateMag|INFO [RobotVDStateManagerhandler,348]:  mainSM send motion in progress event 
20260817-141143:342731440 RobotVDSM|INFO [ST_RobotVDMotionInProgressState,1766]: robot vd: motion in progress state  
20260817-141143:343158648 RobotVDSM|INFO [ST_RobotVDMotionInProgressState,1776]: move mode = 6 
20260817-141146:367271752 pre_read|INFO [RobotMotionStateBackToExecutionLayer,295]: receiver msg: state = 0, error id = 0  
20260817-141146:367306920 pre_read|INFO [RobotMotionStateBackToExecutionLayer,313]:  valid_num = 1, 
20260817-141146:367693888 pre_read|INFO [RobotMotionStateBackToExecutionLayer,356]:  send cmd finish event, cmd.packet_id is 102  
20260817-141146:368181488 RobotVDStateMag|INFO [RobotVDStateManagerhandler,415]:  mainSM to motion complete event  
20260817-141146:368217168 RobotVDSM|INFO [ST_RobotVDMotionCompleteState,2404]: robot vd: motion complete state 
20260817-141146:368263840 RobotVDSM|INFO [ST_RobotVDMotionCompleteState,2448]: robot vd: motion complete state     6  
20260817-141146:368540280 pre_read|INFO [RobotMotionStateBackToExecutionLayer,368]:  valid_num left = 0,  
20260817-141146:369686544 RobotVDStateMag|INFO [RobotVDStateManagerhandler,802]:  switch mainSM to ready  
20260817-141146:370147528 RobotVDSM|INFO [ST_RobotVDMotionReadyState,1562]: robot vd: motion ready state 
20260817-141146:370349560 RobotVDSM|INFO [ST_RobotVDMotionReadyState,1625]: robot vd: motion ready state end
20260817-141149:700300808 MacroMove|INFO [move_joint,122]: RTEMS--------move joint start----------- 
20260817-141149:700361232 LocationMag|INFO [PrintJointLocation,29]: MOVE point joint = -29.987000 -18.366000 44.276000 -82.358000 57.000000 24.374000 -61.550000 
20260817-141149:700513712 RobotVDSM|INFO [ST_RobotVDMotionPrepareState,1664]: robot vd: motion prepare state 
20260817-141149:700540864 RobotVDSM|INFO [ST_RobotVDMotionPrepareState,1670]: move mode = 6  
20260817-141149:701144048 MacroMove|INFO [move_joint,219]: RTEMS--------move joint end--------- 
20260817-141149:701306464 profile|INFO [CalcMotionProfile,2817]: block ready run, id = 0  
20260817-141149:702676488 RobotVDStateMag|INFO [RobotVDStateManagerhandler,348]:  mainSM send motion in progress event 
20260817-141149:703099704 RobotVDSM|INFO [ST_RobotVDMotionInProgressState,1766]: robot vd: motion in progress state  
20260817-141149:703125960 RobotVDSM|INFO [ST_RobotVDMotionInProgressState,1776]: move mode = 6 
20260817-141152:440242104 pre_read|INFO [RobotMotionStateBackToExecutionLayer,295]: receiver msg: state = 0, error id = 0  
20260817-141152:440277600 pre_read|INFO [RobotMotionStateBackToExecutionLayer,313]:  valid_num = 1, 
20260817-141152:440574728 pre_read|INFO [RobotMotionStateBackToExecutionLayer,356]:  send cmd finish event, cmd.packet_id is 103  
20260817-141152:440604168 pre_read|INFO [RobotMotionStateBackToExecutionLayer,368]:  valid_num left = 0,  
20260817-141152:441145008 RobotVDStateMag|INFO [RobotVDStateManagerhandler,415]:  mainSM to motion complete event 
20260817-141152:441181760 RobotVDSM|INFO [ST_RobotVDMotionCompleteState,2404]: robot vd: motion complete state  
20260817-141152:441229248 RobotVDSM|INFO [ST_RobotVDMotionCompleteState,2448]: robot vd: motion complete state     6  
20260817-141152:443099504 RobotVDStateMag|INFO [RobotVDStateManagerhandler,802]:  switch mainSM to ready  
20260817-141152:443139960 RobotVDSM|INFO [ST_RobotVDMotionReadyState,1562]: robot vd: motion ready state 
20260817-141152:443338184 RobotVDSM|INFO [ST_RobotVDMotionReadyState,1625]: robot vd: motion ready state end
20260817-141157:523317880 MacroMove|INFO [move_joint,122]: RTEMS--------move joint start----------- 
20260817-141157:523383280 LocationMag|INFO [PrintJointLocation,29]: MOVE point joint = -26.228000 -19.733000 42.333000 -82.810000 55.436000 26.280000 -58.955000 
20260817-141157:523544408 RobotVDSM|INFO [ST_RobotVDMotionPrepareState,1664]: robot vd: motion prepare state 
20260817-141157:523570704 RobotVDSM|INFO [ST_RobotVDMotionPrepareState,1670]: move mode = 6  
20260817-141157:524177272 profile|INFO [CalcMotionProfile,2817]: block ready run, id = 0  
20260817-141157:524267288 MacroMove|INFO [move_joint,219]: RTEMS--------move joint end--------- 
20260817-141157:525027368 RobotVDStateMag|INFO [RobotVDStateManagerhandler,348]:  mainSM send motion in progress event 
20260817-141157:525065232 RobotVDSM|INFO [ST_RobotVDMotionInProgressState,1766]: robot vd: motion in progress state  
20260817-141157:525089232 RobotVDSM|INFO [ST_RobotVDMotionInProgressState,1776]: move mode = 6 
20260817-141200:343424688 pre_read|INFO [RobotMotionStateBackToExecutionLayer,295]: receiver msg: state = 0, error id = 0  
20260817-141200:343460600 pre_read|INFO [RobotMotionStateBackToExecutionLayer,313]:  valid_num = 1, 
20260817-141200:344191400 pre_read|INFO [RobotMotionStateBackToExecutionLayer,356]:  send cmd finish event, cmd.packet_id is 104  
20260817-141200:344222552 pre_read|INFO [RobotMotionStateBackToExecutionLayer,368]:  valid_num left = 0,  
20260817-141200:345106712 RobotVDStateMag|INFO [RobotVDStateManagerhandler,415]:  mainSM to motion complete event 
20260817-141200:345144400 RobotVDSM|INFO [ST_RobotVDMotionCompleteState,2404]: robot vd: motion complete state  
20260817-141200:345192104 RobotVDSM|INFO [ST_RobotVDMotionCompleteState,2448]: robot vd: motion complete state     6  
20260817-141200:347083264 RobotVDStateMag|INFO [RobotVDStateManagerhandler,802]:  switch mainSM to ready  
20260817-141200:347120744 RobotVDSM|INFO [ST_RobotVDMotionReadyState,1562]: robot vd: motion ready state 
20260817-141200:347320272 RobotVDSM|INFO [ST_RobotVDMotionReadyState,1625]: robot vd: motion ready state end
20260817-141203:493164408 MacroMove|INFO [move_joint,122]: RTEMS--------move joint start----------- 
20260817-141203:493227024 LocationMag|INFO [PrintJointLocation,29]: MOVE point joint = -23.849000 -21.091000 41.397000 -81.979000 52.867000 27.826000 -54.598000 
20260817-141203:493381024 RobotVDSM|INFO [ST_RobotVDMotionPrepareState,1664]: robot vd: motion prepare state 
20260817-141203:493407392 RobotVDSM|INFO [ST_RobotVDMotionPrepareState,1670]: move mode = 6  
20260817-141203:494035512 MacroMove|INFO [move_joint,219]: RTEMS--------move joint end--------- 
20260817-141203:494137552 profile|INFO [CalcMotionProfile,2817]: block ready run, id = 0  
20260817-141203:495006808 RobotVDStateMag|INFO [RobotVDStateManagerhandler,348]:  mainSM send motion in progress event 
20260817-141203:495046088 RobotVDSM|INFO [ST_RobotVDMotionInProgressState,1766]: robot vd: motion in progress state  
20260817-141203:495070520 RobotVDSM|INFO [ST_RobotVDMotionInProgressState,1776]: move mode = 6 
20260817-141206:453417960 pre_read|INFO [RobotMotionStateBackToExecutionLayer,295]: receiver msg: state = 0, error id = 0  
20260817-141206:453453408 pre_read|INFO [RobotMotionStateBackToExecutionLayer,313]:  valid_num = 1, 
20260817-141206:454175104 pre_read|INFO [RobotMotionStateBackToExecutionLayer,356]:  send cmd finish event, cmd.packet_id is 105  
20260817-141206:454206384 pre_read|INFO [RobotMotionStateBackToExecutionLayer,368]:  valid_num left = 0,  
20260817-141206:455100224 RobotVDStateMag|INFO [RobotVDStateManagerhandler,415]:  mainSM to motion complete event 
20260817-141206:455136680 RobotVDSM|INFO [ST_RobotVDMotionCompleteState,2404]: robot vd: motion complete state  
20260817-141206:455182720 RobotVDSM|INFO [ST_RobotVDMotionCompleteState,2448]: robot vd: motion complete state     6  
20260817-141206:457079264 RobotVDStateMag|INFO [RobotVDStateManagerhandler,802]:  switch mainSM to ready  
20260817-141206:457116040 RobotVDSM|INFO [ST_RobotVDMotionReadyState,1562]: robot vd: motion ready state 
20260817-141206:457314128 RobotVDSM|INFO [ST_RobotVDMotionReadyState,1625]: robot vd: motion ready state end
20260817-141209:574007088 MacroMove|INFO [move_joint,122]: RTEMS--------move joint start----------- 
20260817-141209:574074688 LocationMag|INFO [PrintJointLocation,29]: MOVE point joint = -20.078000 -25.815000 40.232000 -79.755000 50.104000 30.523000 -48.291000 
20260817-141209:574231248 RobotVDSM|INFO [ST_RobotVDMotionPrepareState,1664]: robot vd: motion prepare state 
20260817-141209:574258208 RobotVDSM|INFO [ST_RobotVDMotionPrepareState,1670]: move mode = 6  
20260817-141209:574422240 profile|INFO [CalcMotionProfile,2817]: block ready run, id = 0  
20260817-141209:574933144 RobotVDStateMag|INFO [RobotVDStateManagerhandler,348]:  mainSM send motion in progress event  
20260817-141209:575231240 RobotVDSM|INFO [ST_RobotVDMotionInProgressState,1766]: robot vd: motion in progress state 
20260817-141209:575258080 RobotVDSM|INFO [ST_RobotVDMotionInProgressState,1776]: move mode = 6  
20260817-141209:575310488 MacroMove|INFO [move_joint,219]: RTEMS--------move joint end---------
20260817-141212:922065320 pre_read|INFO [RobotMotionStateBackToExecutionLayer,295]: receiver msg: state = 0, error id = 0  
20260817-141212:922101584 pre_read|INFO [RobotMotionStateBackToExecutionLayer,313]:  valid_num = 1, 
20260817-141212:922968720 RobotVDStateMag|INFO [RobotVDStateManagerhandler,415]:  mainSM to motion complete event  
20260817-141212:923006400 RobotVDSM|INFO [ST_RobotVDMotionCompleteState,2404]: robot vd: motion complete state  
20260817-141212:923318672 RobotVDSM|INFO [ST_RobotVDMotionCompleteState,2448]: robot vd: motion complete state     6 
20260817-141212:923353648 pre_read|INFO [RobotMotionStateBackToExecutionLayer,356]:  send cmd finish event, cmd.packet_id is 106  
20260817-141212:923378264 pre_read|INFO [RobotMotionStateBackToExecutionLayer,368]:  valid_num left = 0,  
20260817-141212:924931752 RobotVDStateMag|INFO [RobotVDStateManagerhandler,802]:  switch mainSM to ready  
20260817-141212:924968712 RobotVDSM|INFO [ST_RobotVDMotionReadyState,1562]: robot vd: motion ready state 
20260817-141212:925167000 RobotVDSM|INFO [ST_RobotVDMotionReadyState,1625]: robot vd: motion ready state end
20260817-141217:993206840 MacroMove|INFO [move_joint,122]: RTEMS--------move joint start----------- 
20260817-141217:993270400 LocationMag|INFO [PrintJointLocation,29]: MOVE point joint = -16.604000 -29.173000 38.278000 -77.022000 47.800000 33.862000 -43.512000 
20260817-141217:993429184 RobotVDSM|INFO [ST_RobotVDMotionPrepareState,1664]: robot vd: motion prepare state 
20260817-141217:993456504 RobotVDSM|INFO [ST_RobotVDMotionPrepareState,1670]: move mode = 6  
20260817-141217:993980392 MacroMove|INFO [move_joint,219]: RTEMS--------move joint end--------- 
20260817-141217:994187784 profile|INFO [CalcMotionProfile,2817]: block ready run, id = 0  
20260817-141217:995907640 RobotVDStateMag|INFO [RobotVDStateManagerhandler,348]:  mainSM send motion in progress event 
20260817-141217:995947304 RobotVDSM|INFO [ST_RobotVDMotionInProgressState,1766]: robot vd: motion in progress state  
20260817-141217:995971208 RobotVDSM|INFO [ST_RobotVDMotionInProgressState,1776]: move mode = 6 
20260817-141221:050804112 pre_read|INFO [RobotMotionStateBackToExecutionLayer,295]: receiver msg: state = 0, error id = 0  
20260817-141221:050839184 pre_read|INFO [RobotMotionStateBackToExecutionLayer,313]:  valid_num = 1, 
20260817-141221:051154608 pre_read|INFO [RobotMotionStateBackToExecutionLayer,356]:  send cmd finish event, cmd.packet_id is 107  
20260817-141221:051182328 pre_read|INFO [RobotMotionStateBackToExecutionLayer,368]:  valid_num left = 0,  
20260817-141221:052697664 RobotVDStateMag|INFO [RobotVDStateManagerhandler,415]:  mainSM to motion complete event 
20260817-141221:052736824 RobotVDSM|INFO [ST_RobotVDMotionCompleteState,2404]: robot vd: motion complete state  
20260817-141221:052787280 RobotVDSM|INFO [ST_RobotVDMotionCompleteState,2448]: robot vd: motion complete state     6  
20260817-141221:054708320 RobotVDStateMag|INFO [RobotVDStateManagerhandler,802]:  switch mainSM to ready  
20260817-141221:054745912 RobotVDSM|INFO [ST_RobotVDMotionReadyState,1562]: robot vd: motion ready state 
20260817-141221:054943544 RobotVDSM|INFO [ST_RobotVDMotionReadyState,1625]: robot vd: motion ready state end
20260817-141224:173162992 MacroMove|INFO [move_joint,122]: RTEMS--------move joint start----------- 
20260817-141224:173229304 LocationMag|INFO [PrintJointLocation,29]: MOVE point joint = -10.000000 -34.363000 28.398000 -75.170000 43.931000 37.298000 -35.884000 
20260817-141224:173993600 RobotVDSM|INFO [ST_RobotVDMotionPrepareState,1664]: robot vd: motion prepare state 
20260817-141224:174024712 RobotVDSM|INFO [ST_RobotVDMotionPrepareState,1670]: move mode = 6  
20260817-141224:174234040 profile|INFO [CalcMotionProfile,2817]: block ready run, id = 0  
20260817-141224:174324408 MacroMove|INFO [move_joint,219]: RTEMS--------move joint end--------- 
20260817-141224:174799408 RobotVDStateMag|INFO [RobotVDStateManagerhandler,348]:  mainSM send motion in progress event 
20260817-141224:174835080 RobotVDSM|INFO [ST_RobotVDMotionInProgressState,1766]: robot vd: motion in progress state  
20260817-141224:174858184 RobotVDSM|INFO [ST_RobotVDMotionInProgressState,1776]: move mode = 6 
20260817-141228:062931288 pre_read|INFO [RobotMotionStateBackToExecutionLayer,295]: receiver msg: state = 0, error id = 0  
20260817-141228:062965368 pre_read|INFO [RobotMotionStateBackToExecutionLayer,313]:  valid_num = 1, 
20260817-141228:063265152 pre_read|INFO [RobotMotionStateBackToExecutionLayer,356]:  send cmd finish event, cmd.packet_id is 108  
20260817-141228:063292672 pre_read|INFO [RobotMotionStateBackToExecutionLayer,368]:  valid_num left = 0,  
20260817-141228:063825344 RobotVDStateMag|INFO [RobotVDStateManagerhandler,415]:  mainSM to motion complete event 
20260817-141228:063861424 RobotVDSM|INFO [ST_RobotVDMotionCompleteState,2404]: robot vd: motion complete state  
20260817-141228:063909272 RobotVDSM|INFO [ST_RobotVDMotionCompleteState,2448]: robot vd: motion complete state     6  
20260817-141228:065775280 RobotVDStateMag|INFO [RobotVDStateManagerhandler,802]:  switch mainSM to ready  
20260817-141228:065811880 RobotVDSM|INFO [ST_RobotVDMotionReadyState,1562]: robot vd: motion ready state 
20260817-141228:066008912 RobotVDSM|INFO [ST_RobotVDMotionReadyState,1625]: robot vd: motion ready state end
20260817-141231:181975192 MacroMove|INFO [move_joint,122]: RTEMS--------move joint start----------- 
20260817-141231:182041344 LocationMag|INFO [PrintJointLocation,29]: MOVE point joint = 4.003000 -37.741000 20.941000 -79.268000 38.625000 42.341000 -15.248000 
20260817-141231:182198248 RobotVDSM|INFO [ST_RobotVDMotionPrepareState,1664]: robot vd: motion prepare state 
20260817-141231:182224448 RobotVDSM|INFO [ST_RobotVDMotionPrepareState,1670]: move mode = 6  
20260817-141231:182796808 MacroMove|INFO [move_joint,219]: RTEMS--------move joint end--------- 
20260817-141231:182987472 profile|INFO [CalcMotionProfile,2817]: block ready run, id = 0  
20260817-141231:183758840 RobotVDStateMag|INFO [RobotVDStateManagerhandler,348]:  mainSM send motion in progress event 
20260817-141231:183795760 RobotVDSM|INFO [ST_RobotVDMotionInProgressState,1766]: robot vd: motion in progress state  
20260817-141231:183819792 RobotVDSM|INFO [ST_RobotVDMotionInProgressState,1776]: move mode = 6 
20260817-141236:148138512 pre_read|INFO [RobotMotionStateBackToExecutionLayer,295]: receiver msg: state = 0, error id = 0  
20260817-141236:148174392 pre_read|INFO [RobotMotionStateBackToExecutionLayer,313]:  valid_num = 1, 
20260817-141236:148913072 pre_read|INFO [RobotMotionStateBackToExecutionLayer,356]:  send cmd finish event, cmd.packet_id is 109  
20260817-141236:148944760 pre_read|INFO [RobotMotionStateBackToExecutionLayer,368]:  valid_num left = 0,  
20260817-141236:149807872 RobotVDStateMag|INFO [RobotVDStateManagerhandler,415]:  mainSM to motion complete event 
20260817-141236:149845832 RobotVDSM|INFO [ST_RobotVDMotionCompleteState,2404]: robot vd: motion complete state  
20260817-141236:149894672 RobotVDSM|INFO [ST_RobotVDMotionCompleteState,2448]: robot vd: motion complete state     6  
20260817-141236:151784032 RobotVDStateMag|INFO [RobotVDStateManagerhandler,802]:  switch mainSM to ready  
20260817-141236:151821152 RobotVDSM|INFO [ST_RobotVDMotionReadyState,1562]: robot vd: motion ready state 
20260817-141236:152017528 RobotVDSM|INFO [ST_RobotVDMotionReadyState,1625]: robot vd: motion ready state end
20260817-141239:274677608 MacroMove|INFO [move_joint,122]: RTEMS--------move joint start----------- 
20260817-141239:274736088 LocationMag|INFO [PrintJointLocation,29]: MOVE point joint = -41.214000 -18.156000 43.914000 -88.248000 62.625000 14.668000 -78.622000 
20260817-141239:274889560 RobotVDSM|INFO [ST_RobotVDMotionPrepareState,1664]: robot vd: motion prepare state 
20260817-141239:274915944 RobotVDSM|INFO [ST_RobotVDMotionPrepareState,1670]: move mode = 6  
20260817-141239:275120920 profile|INFO [CalcMotionProfile,2817]: block ready run, id = 0  
20260817-141239:275661280 RobotVDStateMag|INFO [RobotVDStateManagerhandler,348]:  mainSM send motion in progress event  
20260817-141239:275924592 RobotVDSM|INFO [ST_RobotVDMotionInProgressState,1766]: robot vd: motion in progress state 
20260817-141239:275951288 RobotVDSM|INFO [ST_RobotVDMotionInProgressState,1776]: move mode = 6  
20260817-141239:276006488 MacroMove|INFO [move_joint,219]: RTEMS--------move joint end---------
20260817-141246:491948704 pre_read|INFO [RobotMotionStateBackToExecutionLayer,295]: receiver msg: state = 0, error id = 0  
20260817-141246:491986064 pre_read|INFO [RobotMotionStateBackToExecutionLayer,313]:  valid_num = 1, 
20260817-141246:492729744 pre_read|INFO [RobotMotionStateBackToExecutionLayer,356]:  send cmd finish event, cmd.packet_id is 110  
20260817-141246:492760720 pre_read|INFO [RobotMotionStateBackToExecutionLayer,368]:  valid_num left = 0,  
20260817-141246:493641088 RobotVDStateMag|INFO [RobotVDStateManagerhandler,415]:  mainSM to motion complete event 
20260817-141246:493678944 RobotVDSM|INFO [ST_RobotVDMotionCompleteState,2404]: robot vd: motion complete state  
20260817-141246:493726840 RobotVDSM|INFO [ST_RobotVDMotionCompleteState,2448]: robot vd: motion complete state     6  
20260817-141246:495627000 RobotVDStateMag|INFO [RobotVDStateManagerhandler,802]:  switch mainSM to ready  
20260817-141246:495664800 RobotVDSM|INFO [ST_RobotVDMotionReadyState,1562]: robot vd: motion ready state 
20260817-141246:495866544 RobotVDSM|INFO [ST_RobotVDMotionReadyState,1625]: robot vd: motion ready state end
20260817-141251:525961032 MacroMove|INFO [move_joint,122]: RTEMS--------move joint start----------- 
20260817-141251:526028872 LocationMag|INFO [PrintJointLocation,29]: MOVE point joint = -39.025000 -20.163000 42.888000 -87.450000 56.110000 13.269000 -74.020000 
20260817-141251:526571040 RobotVDSM|INFO [ST_RobotVDMotionPrepareState,1664]: robot vd: motion prepare state 
20260817-141251:526628512 RobotVDSM|INFO [ST_RobotVDMotionPrepareState,1670]: move mode = 6  
20260817-141251:526842032 profile|INFO [CalcMotionProfile,2817]: block ready run, id = 0  
20260817-141251:526931872 MacroMove|INFO [move_joint,219]: RTEMS--------move joint end--------- 
20260817-141251:527626512 RobotVDStateMag|INFO [RobotVDStateManagerhandler,348]:  mainSM send motion in progress event 
20260817-141251:527665392 RobotVDSM|INFO [ST_RobotVDMotionInProgressState,1766]: robot vd: motion in progress state  
20260817-141251:527690000 RobotVDSM|INFO [ST_RobotVDMotionInProgressState,1776]: move mode = 6 
20260817-141254:907873048 pre_read|INFO [RobotMotionStateBackToExecutionLayer,295]: receiver msg: state = 0, error id = 0  
20260817-141254:907909664 pre_read|INFO [RobotMotionStateBackToExecutionLayer,313]:  valid_num = 1, 
20260817-141254:908656280 pre_read|INFO [RobotMotionStateBackToExecutionLayer,356]:  send cmd finish event, cmd.packet_id is 111  
20260817-141254:908688888 pre_read|INFO [RobotMotionStateBackToExecutionLayer,368]:  valid_num left = 0,  
20260817-141254:909619040 RobotVDStateMag|INFO [RobotVDStateManagerhandler,415]:  mainSM to motion complete event 
20260817-141254:909657080 RobotVDSM|INFO [ST_RobotVDMotionCompleteState,2404]: robot vd: motion complete state  
20260817-141254:909706264 RobotVDSM|INFO [ST_RobotVDMotionCompleteState,2448]: robot vd: motion complete state     6  
20260817-141254:911622184 RobotVDStateMag|INFO [RobotVDStateManagerhandler,802]:  switch mainSM to ready  
20260817-141254:911660728 RobotVDSM|INFO [ST_RobotVDMotionReadyState,1562]: robot vd: motion ready state 
20260817-141254:911866544 RobotVDSM|INFO [ST_RobotVDMotionReadyState,1625]: robot vd: motion ready state end
20260817-141258:042696432 MacroMove|INFO [move_joint,122]: RTEMS--------move joint start----------- 
20260817-141258:042757168 LocationMag|INFO [PrintJointLocation,29]: MOVE point joint = -36.737000 -21.183000 41.962000 -88.504000 52.365000 18.510000 -70.269000 
20260817-141258:042914704 RobotVDSM|INFO [ST_RobotVDMotionPrepareState,1664]: robot vd: motion prepare state 
20260817-141258:042939888 RobotVDSM|INFO [ST_RobotVDMotionPrepareState,1670]: move mode = 6  
20260817-141258:043521040 MacroMove|INFO [move_joint,219]: RTEMS--------move joint end--------- 
20260817-141258:043928640 profile|INFO [CalcMotionProfile,2817]: block ready run, id = 0  
20260817-141258:045613168 RobotVDStateMag|INFO [RobotVDStateManagerhandler,348]:  mainSM send motion in progress event 
20260817-141258:045650072 RobotVDSM|INFO [ST_RobotVDMotionInProgressState,1766]: robot vd: motion in progress state  
20260817-141258:045673184 RobotVDSM|INFO [ST_RobotVDMotionInProgressState,1776]: move mode = 6 
20260817-141301:189835640 pre_read|INFO [RobotMotionStateBackToExecutionLayer,295]: receiver msg: state = 0, error id = 0  
20260817-141301:189871608 pre_read|INFO [RobotMotionStateBackToExecutionLayer,313]:  valid_num = 1, 
20260817-141301:190573872 pre_read|INFO [RobotMotionStateBackToExecutionLayer,356]:  send cmd finish event, cmd.packet_id is 112  
20260817-141301:190630864 pre_read|INFO [RobotMotionStateBackToExecutionLayer,368]:  valid_num left = 0,  
20260817-141301:191618608 RobotVDStateMag|INFO [RobotVDStateManagerhandler,415]:  mainSM to motion complete event 
20260817-141301:191657104 RobotVDSM|INFO [ST_RobotVDMotionCompleteState,2404]: robot vd: motion complete state  
20260817-141301:191706944 RobotVDSM|INFO [ST_RobotVDMotionCompleteState,2448]: robot vd: motion complete state     6  
20260817-141301:193611672 RobotVDStateMag|INFO [RobotVDStateManagerhandler,802]:  switch mainSM to ready  
20260817-141301:193651392 RobotVDSM|INFO [ST_RobotVDMotionReadyState,1562]: robot vd: motion ready state 
20260817-141301:193854744 RobotVDSM|INFO [ST_RobotVDMotionReadyState,1625]: robot vd: motion ready state end
20260817-141306:224499704 MacroMove|INFO [move_joint,122]: RTEMS--------move joint start----------- 
20260817-141306:224564664 LocationMag|INFO [PrintJointLocation,29]: MOVE point joint = -35.379000 -23.318000 39.114000 -87.106000 52.381000 19.196000 -66.482000 
20260817-141306:224742672 RobotVDSM|INFO [ST_RobotVDMotionPrepareState,1664]: robot vd: motion prepare state 
20260817-141306:224769048 RobotVDSM|INFO [ST_RobotVDMotionPrepareState,1670]: move mode = 6  
20260817-141306:224971160 profile|INFO [CalcMotionProfile,2817]: block ready run, id = 0  
20260817-141306:225463984 MacroMove|INFO [move_joint,219]: RTEMS--------move joint end--------- 
20260817-141306:225605280 RobotVDStateMag|INFO [RobotVDStateManagerhandler,348]:  mainSM send motion in progress event 
20260817-141306:225638168 RobotVDSM|INFO [ST_RobotVDMotionInProgressState,1766]: robot vd: motion in progress state  
20260817-141306:225662232 RobotVDSM|INFO [ST_RobotVDMotionInProgressState,1776]: move mode = 6 
20260817-141309:049514880 pre_read|INFO [RobotMotionStateBackToExecutionLayer,295]: receiver msg: state = 0, error id = 0  
20260817-141309:049550800 pre_read|INFO [RobotMotionStateBackToExecutionLayer,313]:  valid_num = 1,  
20260817-141309:049602080 RobotVDStateMag|INFO [RobotVDStateManagerhandler,415]:  mainSM to motion complete event  
20260817-141309:049634000 RobotVDSM|INFO [ST_RobotVDMotionCompleteState,2404]: robot vd: motion complete state 
20260817-141309:049936112 RobotVDSM|INFO [ST_RobotVDMotionCompleteState,2448]: robot vd: motion complete state     6  
20260817-141309:050733912 pre_read|INFO [RobotMotionStateBackToExecutionLayer,356]:  send cmd finish event, cmd.packet_id is 113  
20260817-141309:050763384 pre_read|INFO [RobotMotionStateBackToExecutionLayer,368]:  valid_num left = 0, 
20260817-141309:051607752 RobotVDStateMag|INFO [RobotVDStateManagerhandler,802]:  switch mainSM to ready  
20260817-141309:051643752 RobotVDSM|INFO [ST_RobotVDMotionReadyState,1562]: robot vd: motion ready state  
20260817-141309:051846504 RobotVDSM|INFO [ST_RobotVDMotionReadyState,1625]: robot vd: motion ready state end
20260817-141312:205484120 MacroMove|INFO [move_joint,122]: RTEMS--------move joint start----------- 
20260817-141312:205550944 LocationMag|INFO [PrintJointLocation,29]: MOVE point joint = -31.454000 -25.563000 37.824000 -87.245000 50.820000 21.116000 -63.226000 
20260817-141312:206325152 RobotVDSM|INFO [ST_RobotVDMotionPrepareState,1664]: robot vd: motion prepare state 
20260817-141312:206356304 RobotVDSM|INFO [ST_RobotVDMotionPrepareState,1670]: move mode = 6  
20260817-141312:206570008 profile|INFO [CalcMotionProfile,2817]: block ready run, id = 0  
20260817-141312:206692208 MacroMove|INFO [move_joint,219]: RTEMS--------move joint end--------- 
20260817-141312:207607232 RobotVDStateMag|INFO [RobotVDStateManagerhandler,348]:  mainSM send motion in progress event 
20260817-141312:207645920 RobotVDSM|INFO [ST_RobotVDMotionInProgressState,1766]: robot vd: motion in progress state  
20260817-141312:207670328 RobotVDSM|INFO [ST_RobotVDMotionInProgressState,1776]: move mode = 6 
20260817-141315:063463408 pre_read|INFO [RobotMotionStateBackToExecutionLayer,295]: receiver msg: state = 0, error id = 0  
20260817-141315:063497944 pre_read|INFO [RobotMotionStateBackToExecutionLayer,313]:  valid_num = 1, 
20260817-141315:063602192 RobotVDStateMag|INFO [RobotVDStateManagerhandler,415]:  mainSM to motion complete event  
20260817-141315:063636472 RobotVDSM|INFO [ST_RobotVDMotionCompleteState,2404]: robot vd: motion complete state  
20260817-141315:064415480 pre_read|INFO [RobotMotionStateBackToExecutionLayer,356]:  send cmd finish event, cmd.packet_id is 114 
20260817-141315:064444040 pre_read|INFO [RobotMotionStateBackToExecutionLayer,368]:  valid_num left = 0,  
20260817-141315:064655904 RobotVDSM|INFO [ST_RobotVDMotionCompleteState,2448]: robot vd: motion complete state     6  
20260817-141315:066594360 RobotVDStateMag|INFO [RobotVDStateManagerhandler,802]:  switch mainSM to ready  
20260817-141315:066632480 RobotVDSM|INFO [ST_RobotVDMotionReadyState,1562]: robot vd: motion ready state 
20260817-141315:066834848 RobotVDSM|INFO [ST_RobotVDMotionReadyState,1625]: robot vd: motion ready state end
20260817-141318:164391912 MacroMove|INFO [move_joint,122]: RTEMS--------move joint start----------- 
20260817-141318:164451128 LocationMag|INFO [PrintJointLocation,29]: MOVE point joint = -28.427000 -26.087000 35.923000 -86.295000 47.580000 22.102000 -59.486000 
20260817-141318:164637600 RobotVDSM|INFO [ST_RobotVDMotionPrepareState,1664]: robot vd: motion prepare state 
20260817-141318:164663792 RobotVDSM|INFO [ST_RobotVDMotionPrepareState,1670]: move mode = 6  
20260817-141318:164866800 profile|INFO [CalcMotionProfile,2817]: block ready run, id = 0  
20260817-141318:165373272 MacroMove|INFO [move_joint,219]: RTEMS--------move joint end--------- 
20260817-141318:166594352 RobotVDStateMag|INFO [RobotVDStateManagerhandler,348]:  mainSM send motion in progress event 
20260817-141318:166632448 RobotVDSM|INFO [ST_RobotVDMotionInProgressState,1766]: robot vd: motion in progress state  
20260817-141318:166655968 RobotVDSM|INFO [ST_RobotVDMotionInProgressState,1776]: move mode = 6 
20260817-141320:978419680 pre_read|INFO [RobotMotionStateBackToExecutionLayer,295]: receiver msg: state = 0, error id = 0  
20260817-141320:978455224 pre_read|INFO [RobotMotionStateBackToExecutionLayer,313]:  valid_num = 1,  
20260817-141320:978592728 RobotVDStateMag|INFO [RobotVDStateManagerhandler,415]:  mainSM to motion complete event  
20260817-141320:978628360 RobotVDSM|INFO [ST_RobotVDMotionCompleteState,2404]: robot vd: motion complete state 
20260817-141320:978835344 RobotVDSM|INFO [ST_RobotVDMotionCompleteState,2448]: robot vd: motion complete state     6  
20260817-141320:979340880 pre_read|INFO [RobotMotionStateBackToExecutionLayer,356]:  send cmd finish event, cmd.packet_id is 115  
20260817-141320:979370120 pre_read|INFO [RobotMotionStateBackToExecutionLayer,368]:  valid_num left = 0, 
20260817-141320:980587384 RobotVDStateMag|INFO [RobotVDStateManagerhandler,802]:  switch mainSM to ready  
20260817-141320:980626352 RobotVDSM|INFO [ST_RobotVDMotionReadyState,1562]: robot vd: motion ready state  
20260817-141320:980838552 RobotVDSM|INFO [ST_RobotVDMotionReadyState,1625]: robot vd: motion ready state end
20260817-141324:090643248 MacroMove|INFO [move_joint,122]: RTEMS--------move joint start----------- 
20260817-141324:090707384 LocationMag|INFO [PrintJointLocation,29]: MOVE point joint = -25.562000 -30.061000 35.637000 -85.579000 45.761000 25.288000 -53.310000 
20260817-141324:091237312 RobotVDSM|INFO [ST_RobotVDMotionPrepareState,1664]: robot vd: motion prepare state 
20260817-141324:091264880 RobotVDSM|INFO [ST_RobotVDMotionPrepareState,1670]: move mode = 6  
20260817-141324:091471832 profile|INFO [CalcMotionProfile,2817]: block ready run, id = 0  
20260817-141324:091557104 MacroMove|INFO [move_joint,219]: RTEMS--------move joint end--------- 
20260817-141324:091607328 RobotVDStateMag|INFO [RobotVDStateManagerhandler,348]:  mainSM send motion in progress event 
20260817-141324:091636728 RobotVDSM|INFO [ST_RobotVDMotionInProgressState,1766]: robot vd: motion in progress state  
20260817-141324:091658528 RobotVDSM|INFO [ST_RobotVDMotionInProgressState,1776]: move mode = 6 
20260817-141327:415353928 pre_read|INFO [RobotMotionStateBackToExecutionLayer,295]: receiver msg: state = 0, error id = 0  
20260817-141327:415391088 pre_read|INFO [RobotMotionStateBackToExecutionLayer,313]:  valid_num = 1, 
20260817-141327:415587128 RobotVDStateMag|INFO [RobotVDStateManagerhandler,415]:  mainSM to motion complete event  
20260817-141327:415620472 RobotVDSM|INFO [ST_RobotVDMotionCompleteState,2404]: robot vd: motion complete state  
20260817-141327:416443688 RobotVDSM|INFO [ST_RobotVDMotionCompleteState,2448]: robot vd: motion complete state     6 
20260817-141327:416481688 pre_read|INFO [RobotMotionStateBackToExecutionLayer,356]:  send cmd finish event, cmd.packet_id is 116  
20260817-141327:416506624 pre_read|INFO [RobotMotionStateBackToExecutionLayer,368]:  valid_num left = 0,  
20260817-141327:417585528 RobotVDStateMag|INFO [RobotVDStateManagerhandler,802]:  switch mainSM to ready  
20260817-141327:417622640 RobotVDSM|INFO [ST_RobotVDMotionReadyState,1562]: robot vd: motion ready state 
20260817-141327:418254280 RobotVDSM|INFO [ST_RobotVDMotionReadyState,1625]: robot vd: motion ready state end
20260817-141330:550620960 MacroMove|INFO [move_joint,122]: RTEMS--------move joint start----------- 
20260817-141330:550686432 LocationMag|INFO [PrintJointLocation,29]: MOVE point joint = -21.290000 -34.722000 33.956000 -82.307000 42.383000 28.099000 -48.241000 
20260817-141330:551218192 RobotVDSM|INFO [ST_RobotVDMotionPrepareState,1664]: robot vd: motion prepare state 
20260817-141330:551247040 RobotVDSM|INFO [ST_RobotVDMotionPrepareState,1670]: move mode = 6  
20260817-141330:551452224 profile|INFO [CalcMotionProfile,2817]: block ready run, id = 0  
20260817-141330:551540384 MacroMove|INFO [move_joint,219]: RTEMS--------move joint end--------- 
20260817-141330:552587944 RobotVDStateMag|INFO [RobotVDStateManagerhandler,348]:  mainSM send motion in progress event 
20260817-141330:552625688 RobotVDSM|INFO [ST_RobotVDMotionInProgressState,1766]: robot vd: motion in progress state  
20260817-141330:552650744 RobotVDSM|INFO [ST_RobotVDMotionInProgressState,1776]: move mode = 6 
20260817-141333:664391680 pre_read|INFO [RobotMotionStateBackToExecutionLayer,295]: receiver msg: state = 0, error id = 0  
20260817-141333:664426000 pre_read|INFO [RobotMotionStateBackToExecutionLayer,313]:  valid_num = 1, 
20260817-141333:664585840 RobotVDStateMag|INFO [RobotVDStateManagerhandler,415]:  mainSM to motion complete event  
20260817-141333:664620080 RobotVDSM|INFO [ST_RobotVDMotionCompleteState,2404]: robot vd: motion complete state  
20260817-141333:664757128 RobotVDSM|INFO [ST_RobotVDMotionCompleteState,2448]: robot vd: motion complete state     6 
20260817-141333:664792040 pre_read|INFO [RobotMotionStateBackToExecutionLayer,356]:  send cmd finish event, cmd.packet_id is 117  
20260817-141333:664817400 pre_read|INFO [RobotMotionStateBackToExecutionLayer,368]:  valid_num left = 0,  
20260817-141333:666574392 RobotVDStateMag|INFO [RobotVDStateManagerhandler,802]:  switch mainSM to ready  
20260817-141333:666612024 RobotVDSM|INFO [ST_RobotVDMotionReadyState,1562]: robot vd: motion ready state 
20260817-141333:666815600 RobotVDSM|INFO [ST_RobotVDMotionReadyState,1625]: robot vd: motion ready state end
20260817-141338:753128688 MacroMove|INFO [move_joint,122]: RTEMS--------move joint start----------- 
20260817-141338:753193304 LocationMag|INFO [PrintJointLocation,29]: MOVE point joint = -15.528000 -39.214000 23.305000 -80.627000 38.623000 32.200000 -40.449000 
20260817-141338:753351904 RobotVDSM|INFO [ST_RobotVDMotionPrepareState,1664]: robot vd: motion prepare state 
20260817-141338:753378112 RobotVDSM|INFO [ST_RobotVDMotionPrepareState,1670]: move mode = 6  
20260817-141338:753544392 profile|INFO [CalcMotionProfile,2817]: block ready run, id = 0  
20260817-141338:753614240 RobotVDStateMag|INFO [RobotVDStateManagerhandler,348]:  mainSM send motion in progress event  
20260817-141338:754333560 RobotVDSM|INFO [ST_RobotVDMotionInProgressState,1766]: robot vd: motion in progress state 
20260817-141338:754362528 RobotVDSM|INFO [ST_RobotVDMotionInProgressState,1776]: move mode = 6  
20260817-141338:754416304 MacroMove|INFO [move_joint,219]: RTEMS--------move joint end---------
20260817-141342:743222488 pre_read|INFO [RobotMotionStateBackToExecutionLayer,295]: receiver msg: state = 0, error id = 0  
20260817-141342:743257760 pre_read|INFO [RobotMotionStateBackToExecutionLayer,313]:  valid_num = 1, 
20260817-141342:743574264 RobotVDStateMag|INFO [RobotVDStateManagerhandler,415]:  mainSM to motion complete event  
20260817-141342:743611368 RobotVDSM|INFO [ST_RobotVDMotionCompleteState,2404]: robot vd: motion complete state  
20260817-141342:744411408 RobotVDSM|INFO [ST_RobotVDMotionCompleteState,2448]: robot vd: motion complete state     6 
20260817-141342:744449112 pre_read|INFO [RobotMotionStateBackToExecutionLayer,356]:  send cmd finish event, cmd.packet_id is 118  
20260817-141342:744474512 pre_read|INFO [RobotMotionStateBackToExecutionLayer,368]:  valid_num left = 0,  
20260817-141342:745569128 RobotVDStateMag|INFO [RobotVDStateManagerhandler,802]:  switch mainSM to ready  
20260817-141342:745606352 RobotVDSM|INFO [ST_RobotVDMotionReadyState,1562]: robot vd: motion ready state 
20260817-141342:746232392 RobotVDSM|INFO [ST_RobotVDMotionReadyState,1625]: robot vd: motion ready state end
20260817-141349:696189488 MacroMove|INFO [move_joint,122]: RTEMS--------move joint start----------- 
20260817-141349:696252640 LocationMag|INFO [PrintJointLocation,29]: MOVE point joint = -1.068000 -42.484000 15.618000 -84.293000 33.404000 38.414000 -20.363000 
20260817-141349:696409584 RobotVDSM|INFO [ST_RobotVDMotionPrepareState,1664]: robot vd: motion prepare state 
20260817-141349:696437800 RobotVDSM|INFO [ST_RobotVDMotionPrepareState,1670]: move mode = 6  
20260817-141349:697040408 MacroMove|INFO [move_joint,219]: RTEMS--------move joint end--------- 
20260817-141349:697178448 profile|INFO [CalcMotionProfile,2817]: block ready run, id = 0  
20260817-141349:697569184 RobotVDStateMag|INFO [RobotVDStateManagerhandler,348]:  mainSM send motion in progress event 
20260817-141349:698002920 RobotVDSM|INFO [ST_RobotVDMotionInProgressState,1766]: robot vd: motion in progress state  
20260817-141349:698028544 RobotVDSM|INFO [ST_RobotVDMotionInProgressState,1776]: move mode = 6 
20260817-141354:624118920 pre_read|INFO [RobotMotionStateBackToExecutionLayer,295]: receiver msg: state = 0, error id = 0  
20260817-141354:624154928 pre_read|INFO [RobotMotionStateBackToExecutionLayer,313]:  valid_num = 1, 
20260817-141354:624462264 pre_read|INFO [RobotMotionStateBackToExecutionLayer,356]:  send cmd finish event, cmd.packet_id is 119  
20260817-141354:624491928 pre_read|INFO [RobotMotionStateBackToExecutionLayer,368]:  valid_num left = 0,  
20260817-141354:625015264 RobotVDStateMag|INFO [RobotVDStateManagerhandler,415]:  mainSM to motion complete event 
20260817-141354:625053440 RobotVDSM|INFO [ST_RobotVDMotionCompleteState,2404]: robot vd: motion complete state  
20260817-141354:625101872 RobotVDSM|INFO [ST_RobotVDMotionCompleteState,2448]: robot vd: motion complete state     6  
20260817-141354:626973968 RobotVDStateMag|INFO [RobotVDStateManagerhandler,802]:  switch mainSM to ready  
20260817-141354:627014408 RobotVDSM|INFO [ST_RobotVDMotionReadyState,1562]: robot vd: motion ready state 
20260817-141354:627215088 RobotVDSM|INFO [ST_RobotVDMotionReadyState,1625]: robot vd: motion ready state end
20260817-141357:738452520 MacroRobot|INFO [robot_poweroff,118]: RTEMS---------------robot_poweroff start-------------- 
20260817-141357:738494560 PWRCTL|INFO [PowerControlPowerOff,230]: macro robot PowerOff: send PowerOffCmd event to mainSM  
20260817-141357:739161848 RobotVDSM|INFO [ST_RobotVDPowerOffInProgressState,2466]: robot vd: power off in progress state 
20260817-141357:740097120 RobotVDSM|INFO [ST_RobotVDPowerOffInProgressState,2474]: robot VD: main SM send enable motors decelerate event to sub SM  
20260817-141357:740134408 PwrOffSeqSM|INFO [ST_PwrOffSeqDecelerateMotorsInProgressState,360]: POWRE OFF: motor decelerate in progress state
20260817-141357:740919448 BackToPath|INFO [BackToPathRecordCMDPose,394]: need_back_to_path_flag is 1, current joint cmd is [-1.068000, -42.484000, 15.618000, -84.293000, 33.404000, 38.414000]  
20260817-141357:740967600 RapidStop|INFO [CfgRobotRapidStop,674]: rapid stop joint  
20260817-141357:742037392 RCTASKS|INFO [RobotWaitRapidStopFinishTask,405]: get rapid stop finished semaphore 
20260817-141357:765103712 PWR_SEQ|INFO [GetStatePeriodBeforeTimeout,316]: get state successful!  
20260817-141357:765135584 PWR_SEQ|INFO [RobotPwrSeqhandler,1749]: Power sequence: send motors decelerated event  
20260817-141357:765168040 PwrOffSeqSM|INFO [ST_PwrOffSeqMotorsDeceleratedState,382]: POWRE OFF: motor decelerated state 
20260817-141357:767134304 PWR_SEQ|INFO [RobotPwrSeqhandler,1766]: Power sequence: send enable engage brakes event 
20260817-141357:767170352 PwrOffSeqSM|INFO [ST_PwrOffSeqEngageBrakesInProgressState,403]: POWRE OFF: engage brakes in progress state 
20260817-141357:769117488 PWR_SEQ|INFO [RobotPwrSeqhandler,1817]: Power sequence: send brakes engaged event  
20260817-141357:769154384 PwrOffSeqSM|INFO [ST_PwrOffSeqBrakesEngagedState,429]: POWRE OFF: brakes engaged state
20260817-141357:771114968 PWR_SEQ|INFO [RobotPwrSeqhandler,1839]: Power sequence: send enable servo off event  
20260817-141357:771150200 PwrOffSeqSM|INFO [ST_PwrOffSeqDisableServosInProgressState,450]: POWRE OFF: disable servos in progress state  
20260817-141357:771396200 EtherCAT|INFO [CoESrv_StateCommand,968]: StateCommand[0][0] set cmd is 5.  
20260817-141357:771424768 EtherCAT|INFO [CoESrv_StateCommand,968]: StateCommand[0][1] set cmd is 5. 
20260817-141357:771448328 EtherCAT|INFO [CoESrv_StateCommand,968]: StateCommand[0][2] set cmd is 5.  
20260817-141357:771469968 EtherCAT|INFO [CoESrv_StateCommand,968]: StateCommand[0][3] set cmd is 5.  
20260817-141357:771492272 EtherCAT|INFO [CoESrv_StateCommand,968]: StateCommand[0][4] set cmd is 5.  
20260817-141357:771513560 EtherCAT|INFO [CoESrv_StateCommand,968]: StateCommand[0][5] set cmd is 5. 
20260817-141357:771949088 EtherCAT|INFO [CoESrv_StateCommand,968]: StateCommand[0][6] set cmd is 5.  
20260817-141357:797928384 PWR_SEQ|INFO [GetStatePeriodBeforeTimeout,316]: get state successful!  
20260817-141357:797959784 PWR_SEQ|INFO [RobotPwrSeqhandler,1888]: Power sequence: send servos off event  
20260817-141357:797990784 PwrOffSeqSM|INFO [ST_PwrOffSeqServosDisabledState,477]: POWRE OFF: servos disabled state 
20260817-141357:799917720 PWR_SEQ|INFO [RobotPwrSeqhandler,1905]: Power sequence: send enable disable amplifiers event  
20260817-141357:799955672 PwrOffSeqSM|INFO [ST_PwrOffSeqDisableAmplifiersInProgressState,498]: POWRE OFF: disable amplifiers in progress state  
20260817-141357:801921248 PWR_SEQ|INFO [RobotPwrSeqhandler,1956]: Power sequence: send amplifiers off event 
20260817-141357:801957768 PwrOffSeqSM|INFO [ST_PwrOffSeqAmplifiersDisabledState,523]: POWRE OFF: amplifiers disabled state  
20260817-141357:803556144 PWR_SEQ|INFO [RobotPwrSeqhandler,1973]: Power sequence: send disable high power event  
20260817-141357:803960680 PwrOffSeqSM|INFO [ST_PwrOffSeqHighPowerDisableInProgressState,544]: POWRE OFF: high power disable in progress state 
20260817-141357:805920384 PWR_SEQ|INFO [RobotPwrSeqhandler,2030]: Power sequence: send high power disabled event  
20260817-141357:805958472 PwrOffSeqSM|INFO [ST_PwrOffSeqHighPowerDisabledState,566]: POWRE OFF: high power disable state  
20260817-141357:807924144 PWR_SEQ|INFO [PwrSeqSendMsgToMacroCmd,2238]: Send msg to macro status = 0,code = 0 ! 
20260817-141357:807956968 PWR_SEQ|INFO [PwrSeqSendMsgToMacroCmd,2260]: Send power off message to power off cmd !  
20260817-141357:807980968 PWR_SEQ|INFO [RobotPwrSeqhandler,2051]: Power sequence: power off subSM back to idle  
20260817-141357:808011912 PwrOffSeqSM|INFO [ST_PwrOffSeqIdleState,325]: POWRE OFF: idle state  
20260817-141357:808040392 PWR_SEQ|INFO [RobotPwrSeqhandler,2060]: Power sequence: power off subSM back to mainSM 
20260817-141357:808065488 RobotVDSM|INFO [ST_RobotVDPowerOffState,1441]: robot vd: power off state  
20260817-141357:808116344 MacroRobot|INFO [robot_poweroff,133]: RTEMS---------------robot_poweroff end--------------
20260819-164000:043214728 SYSINI|INFO [ShowSystemVersionAndLogo,44]: *******************************************************  
20260819-164000:043248672 SYSINI|INFO [ShowSystemVersionAndLogo,45]:  
20260819-164000:043815824 SYSINI|INFO [ShowSystemVersionAndLogo,46]: ╔══════════╗  ╔═╗   ╔═╗   ╔════╗       ╔════╗
20260819-164000:045899104 SYSINI|INFO [ShowSystemVersionAndLogo,47]: ║  ╔════╗  ║  ║   ║  ║    ║  ║ ║       ║ ║  ║ 
20260819-164000:047982368 SYSINI|INFO [ShowSystemVersionAndLogo,48]: ║  ║    ║  ║  ║  ║   ║    ║  ║  ║     ║  ║  ║ 
20260819-164000:050065312 SYSINI|INFO [ShowSystemVersionAndLogo,49]: ║  ║    ║  ║  ║ ║    ║    ║  ║   ║   ║   ║  ║
20260819-164000:052148712 SYSINI|INFO [ShowSystemVersionAndLogo,50]: ║  ║    ║  ║  ║╚═╝   ║    ║  ║    ║ ║    ║  ║ 
20260819-164000:054231944 SYSINI|INFO [ShowSystemVersionAndLogo,51]: ║  ║    ║  ║  ║  ║   ╚═╗  ║  ║     ║     ║  ║ 
20260819-164000:056315144 SYSINI|INFO [ShowSystemVersionAndLogo,52]: ║  ╚══     ╝  ║   ║    ║  ║  ║   ║   ║   ║  ║
20260819-164000:058398256 SYSINI|INFO [ShowSystemVersionAndLogo,53]: ║        ╚╗   ║    ║  ╔╝  ║  ║           ║  ║ 
20260819-164000:060481456 SYSINI|INFO [ShowSystemVersionAndLogo,54]: ╚═══════╝ ╚   ╚═╝   ╚═╝   ╚═══           ═══╝ 
20260819-164000:062564568 SYSINI|INFO [ShowSystemVersionAndLogo,55]: 
20260819-164000:064647768 SYSINI|INFO [ShowSystemVersionAndLogo,57]: Booting RTEMS on physical CPU 0x0 
20260819-164000:066730976 SYSINI|INFO [ShowSystemVersionAndLogo,59]: RTEMS version: rtems-5.3.0 (ARM/ARMv4/xilinx_zynq_zedboard) 
20260819-164000:068814376 SYSINI|INFO [ShowSystemVersionAndLogo,62]: Comm RTEMS Build Information : V_2_4_697141004 2026-07-08 16:30:00 
20260819-164000:070897504 SYSINI|INFO [ShowSystemVersionAndLogo,63]:  
20260819-164000:072980696 SYSINI|INFO [ShowSystemVersionAndLogo,64]: *******************************************************  
20260819-164000:075064008 SYSINI|INFO [ShowSystemVersionAndLogo,65]:  
20260819-164000:077147032 Platform|INFO [InitPlatform,60]: CPU0 and CPU1 L2 cache lockdown configure to 3:5
20260819-164000:079232312 HAL_ZYNQ|INFO [HalInitFpga,425]: FPGA work well!  
20260819-164000:081314088 Platform|INFO [InitPlatform,166]: Zynq platform initial successful!  
20260819-164000:083397472 RTEMS_SHELL|INFO [InitRtemsShell,91]: ==================== 
20260819-164000:085479976 RTEMS_SHELL|INFO [InitRtemsShell,92]: Starting RTEMS shell 
20260819-164000:087563128 RTEMS_SHELL|INFO [InitRtemsShell,93]: ==================== 
20260819-164000:088436968 SYSINI|INFO [InitSystemLog,79]: system log initial successful!  
20260819-164000:088464224 SyslogConsole|INFO [syslog_console_backend_init,54]: slog console backend registered 
20260819-164000:348053752 MCLink|INFO [show_mclink_infomation,40]: *******************************************************  
20260819-164000:348077704 MCLink|INFO [show_mclink_infomation,41]:                                                          
20260819-164000:348099296 MCLink|INFO [show_mclink_infomation,42]:               |     |  |\   |  | /                    
20260819-164000:348118856 MCLink|INFO [show_mclink_infomation,43]:               |     |  | \  |  |/                       
20260819-164000:348139032 MCLink|INFO [show_mclink_infomation,44]:               |     |  |  \ |  |\                      
20260819-164000:348159232 MCLink|INFO [show_mclink_infomation,45]:               |___  |  |   \|  | \                   
20260819-164000:348177832 MCLink|INFO [show_mclink_infomation,46]:                                                          
20260819-164000:348198544 MCLink|INFO [show_mclink_infomation,55]: MCLink Information : V_2_2_5  
20260819-164000:348219792 MCLink|INFO [show_mclink_infomation,57]:                                                        
20260819-164000:348239472 MCLink|INFO [show_mclink_infomation,58]: *******************************************************  
20260819-164000:348516472 MCLink|INFO [mclink_init,250]: RTEMS MCLink intialized, start daemon tasks  
20260819-164000:348560768 MCLink|INFO [mclink_set_system_status,171]: ----------------------system enter status 0 ------------------------
20260819-164000:348583632 MCLink|WARN [mclink_ready_notify,164]: mclink rpmsg channel not ready  
20260819-164000:348628696 PMAIN|INFO [Init,320]: rest task initial successful  
20260819-164000:368384576 MCLink|INFO [mclink_task_entry,121]: Successfully created rpmsg endpoint.  
20260819-164000:368411376 MCLink|INFO [mclink_task_entry,122]: Init remoteproc resource done, Waiting for Linux events...
20260819-164000:368445368 MCLink|INFO [data_receive_task_entry,28]: data_receive_task_entry   
20260819-164000:368471456 MCLink|INFO [heartbeat_task_entry,219]: heartbeat task entry 
20260819-164000:368504008 MCLink|INFO [console_task_entry,25]: console task entry   
20260819-164000:368528472 MCLink|INFO [event_task_entry,24]: event task entry   
20260819-164000:368553944 MCLink|INFO [nonblock_task_entry,28]: nonblock task entry 
20260819-164000:368577944 MCLink|INFO [fs_task_entry,189]: fs task entry   
20260819-164000:368668584 SYSLOG|INFO [syslog_isr_task_entry,755]: log isr task entry 
20260819-164000:511652936 MCLink|ERROR [mclink_get_file,629]: remote file:try to open /tmp/config_path failed  
20260819-164000:521176344 MCLink|INFO [on_private_sync_time_func_callback,311]: UUID: -f495-4e5e-bb14-c13993e6668b
20260819-164000:521208672 MCLink|WARN [on_private_sync_time_func_callback,316]: sync time failed:Invalid argument 
20260819-164000:521248992 MCLink|INFO [on_private_sync_time_func_callback,319]: sync time to: Fri Jan  1 00:00:03 1988 
20260819-164000:611942656 MCLink|ERROR [mclink_get_file,629]: remote file:try to open /tmp/config_path failed 
20260819-164000:713916608 MCLink|INFO [InitConfigFile_path,248]: finally:get config path is /media/flash/Syscfg/  
20260819-164000:732874768 MCLink|INFO [mclink_get_config,304]: get config file: /media/flash/Syscfg/Controller.qxml successful  
20260819-164000:768912536 MCLink|INFO [mclink_get_config,304]: get config file: /media/flash/Syscfg/Robot1.qxml successful 
20260819-164000:769909512 MCLink|ERROR [mclink_get_file,629]: remote file:try to open /media/flash/Syscfg/Robot2.qxml failed  
20260819-164000:769934968 MCLink|ERROR [mclink_get_config,300]: get config file: /media/flash/Syscfg/Robot2.qxml failed  
20260819-164000:772742688 MCLink|INFO [mclink_get_config,304]: get config file: /media/flash/Syscfg/Commission.qxml successful 
20260819-164000:776330536 MCLink|INFO [mclink_get_config,304]: get config file: /media/flash/Syscfg/Calibration1.qxml successful  
20260819-164000:777150856 MCLink|ERROR [mclink_get_file,629]: remote file:try to open /media/flash/Syscfg/Calibration2.qxml failed  
20260819-164000:777175528 MCLink|ERROR [mclink_get_config,300]: get config file: /media/flash/Syscfg/Calibration2.qxml failed 
20260819-164000:780989912 MCLink|INFO [mclink_get_config,304]: get config file: /media/flash/Syscfg/Model1.qxml successful  
20260819-164000:781823672 MCLink|ERROR [mclink_get_file,629]: remote file:try to open /media/flash/Syscfg/Model2.qxml failed  
20260819-164000:781847944 MCLink|ERROR [mclink_get_config,300]: get config file: /media/flash/Syscfg/Model2.qxml failed 
20260819-164000:782659944 MCLink|ERROR [mclink_get_file,629]: remote file:try to open /media/flash/Syscfg/Robot_signature.qxml failed  
20260819-164000:782683272 MCLink|ERROR [mclink_get_config,300]: get config file: /media/flash/Syscfg/Robot_signature.qxml failed  
20260819-164001:022729616 MCLink|INFO [mclink_get_config,319]: get other file: /media/flash/Description/SysLabel_EN.qxml successful 
20260819-164001:239084496 MCLink|INFO [mclink_get_config,319]: get other file: /media/flash/Description/SysLabel_CN.qxml successful  
20260819-164001:437701128 CTL_DISP|WARN [controller_dispatcher,1877]: IDN configuration file did not load 
20260819-164002:018990992 MCLink|INFO [create_binding_task,181]: create block chl task, binding to robot0  
20260819-164002:019056568 MCLink|INFO [create_binding_task,181]: create block chl task, binding to robot1
20260819-164002:019109024 MCLink|INFO [create_binding_task,181]: create block chl task, binding to robot2  
20260819-164002:019159136 MCLink|INFO [create_binding_task,181]: create block chl task, binding to robot3  
20260819-164002:019217448 MCLink|INFO [mclink_set_system_status,171]: ----------------------system enter status 1 ------------------------
20260819-164002:020413472 Async|INFO [AsyncProtoMd_ThreadInit,1153]: Async md thread 1296323160 has create  
20260819-164002:020454464 Async|INFO [AsyncProtoMd_StartupThread,1174]: Async md thread 1296323160 has start, ret=0  
20260819-164002:020516376 Async|INFO [AsyncProtoMd_ThreadInit,1153]: Async md thread 1179208773 has create  
20260819-164002:020546424 Async|INFO [AsyncProtoMd_StartupThread,1174]: Async md thread 1179208773 has start, ret=0 
20260819-164002:020598856 Async|INFO [AsyncProtoMd_ThreadInit,1153]: Async md thread 1179866200 has create  
20260819-164002:020626776 Async|INFO [AsyncProtoMd_StartupThread,1174]: Async md thread 1179866200 has start, ret=0  
20260819-164002:020664312 SYSINI|INFO [InitQnetAsync,135]: QNET Async protocol module create successful  
20260819-164002:020687376 SyslogRemoteFlash|INFO [syslog_flash_backend_init,61]: slog remote flash backend registered 
20260819-164002:439929528 CTL_DISP|WARN [controller_dispatcher,1877]: IDN configuration file did not load 
20260819-164002:464240736 ConfigFile|INFO [ConfigFile_GetRequesetModelTimeout,4904]: Has found request model timeout tmp:2000 value: 2000  
20260819-164002:469008544 ConfigFile|INFO [ConfigFile_GetModel,433]: Model HE3-0900-3657-00GY subModel 1 g_mode_invalid 0
20260819-164002:469050216 LogicAddr|INFO [LgAddr_GetHardwareType,1173]: hardware type is Comm-E  
20260819-164002:469134512 ConfigFile|INFO [ConfigFile_GetRobotType,4597]: Find robot type is 19  
20260819-164002:469259672 LogicAddr|INFO [LgAddr_Init,146]: finally，total_node = 9  
20260819-164002:469284832 LogicAddr|INFO [LgAddr_Init,147]: finally，local_node_id = 1 
20260819-164002:469306616 LogicAddr|INFO [LgAddr_Init,148]: finally，controller_node_id = 1  
20260819-164002:469327304 LogicAddr|INFO [LgAddr_Init,150]: finally，robot_id = 1  
20260819-164002:469347128 LogicAddr|INFO [LgAddr_Init,151]: finally，robot type = 19  
20260819-164002:469368008 LogicAddr|INFO [LgAddr_Init,152]: finally，axis number = 7  
20260819-164002:469387616 LogicAddr|INFO [LgAddr_Init,154]: finally，conveyor number = 4 
20260819-164002:469407256 LogicAddr|INFO [LgAddr_Init,155]: finally，conveyor tracking number = 4  
20260819-164002:469427032 SYSINI|INFO [InitLogicAddrManager,258]: Logic addr manager init successful  
20260819-164002:471524224 hash_idn|INFO [init_hash_table_module,56]: hash table module 1 init  
20260819-164002:481953856 profile|INFO [profile_idn_init,477]: profile idn init
20260819-164002:484191232 SYSLOG|INFO [syslog_idn_init,461]: syslog idn init 
20260819-164002:525694688 IDN_ROBOT|INFO [InitRobotIDN,335]: Init robot idn successful  
20260819-164002:526009392 IDN_ROBOT|INFO [InitRobotIDN,344]: register servo module successful  
20260819-164002:526033224 SysConfig|ERROR [InitIDN,107]: Init robot idn successful 
20260819-164002:527173296 LogicAddr|INFO [LgAddr_GetHardwareType,1173]: hardware type is Comm-E 
20260819-164002:527234552 IDN_NETWORK|WARN [NetworkIDN_Callback,764]: IDN set IP fail due to libbsd not start  
20260819-164002:614075544 EMINoBuffer|INFO [ClearEMINoBuffer,113]: Call ClearEMINoBuffer! 
20260819-164002:614113632 EMI|INFO [EMISetParameter,565]: Set EMI parameter scenes is 0, period_time is 0.008000, open_check_timeout_flag is 0, repeat_count is 0. 
20260819-164002:614152072 EMI|INFO [EMISetParameter,668]: period time is 0.008000, period count = 8.  
20260819-164002:614456952 EMI|INFO [EMISetParameter,565]: Set EMI parameter scenes is 0, period_time is 0.016000, open_check_timeout_flag is 0, repeat_count is 0.  
20260819-164002:614489656 EMI|INFO [EMISetParameter,668]: period time is 0.016000, period count = 16. 
20260819-164002:679018256 Dyna|ERROR [DynamicBaseIDNHandler,1567]: [DynamicBaseIDNHandler:1567] Dynamic base idn handler write failed 79.  
20260819-164002:743849608 FCTL|INFO [DynamicForceControlIDNWriteHandler,1687]: Force sensor set 0x00, force sensor ready.  
20260819-164002:798956008 nodeinfo|INFO [nodeinfo_idn_handler,99]: ignore hardware type is false, Node type reconfigure to 0x89
20260819-164002:799152672 nodeinfo|INFO [nodeinfo_idn_handler,115]: Node type configure to 0x89 
20260819-164002:802666552 CTL_DISP|ERROR [single_instance_dispatch,1157]: param mainindex:1 exceed total_mainins:0 
20260819-164002:815608144 LogicAddr|INFO [LgAddr_GetHardwareType,1173]: hardware type is Comm-E  
20260819-164002:815690568 LogicAddr|INFO [LgAddr_GetHardwareType,1173]: hardware type is Comm-E 
20260819-164002:815720568 IDN_NETWORK|WARN [NetworkIDN_Callback,783]: IDN set mask fail due to libbsd not start 
20260819-164002:815786296 LogicAddr|INFO [LgAddr_GetHardwareType,1173]: hardware type is Comm-E  
20260819-164002:815816432 IDN_NETWORK|WARN [NetworkIDN_Callback,802]: IDN set gateway fail due to libbsd not start  
20260819-164002:816002896 LogicAddr|INFO [LgAddr_GetHardwareType,1173]: hardware type is Comm-E 
20260819-164002:821372648 NETWORK_IDN|WARN [NetworkIdn_Handler,123]: [NetworkIdn_Handler:123] Not match the project : USE_ETHERCAT_NETWORK = 1, module = 521  
20260819-164002:821418104 LogicAddr|INFO [LgAddr_GetHardwareType,1173]: hardware type is Comm-E  
20260819-164002:821462792 LogicAddr|INFO [LgAddr_GetHardwareType,1173]: hardware type is Comm-E  
20260819-164002:825590048 LogicAddr|INFO [LgAddr_GetHardwareType,1173]: hardware type is Comm-E 
20260819-164002:825643496 LogicAddr|INFO [LgAddr_GetHardwareType,1173]: hardware type is Comm-E  
20260819-164002:829644304 LogicAddr|INFO [LgAddr_GetHardwareType,1173]: hardware type is Comm-E  
20260819-164002:829696448 LogicAddr|INFO [LgAddr_GetHardwareType,1173]: hardware type is Comm-E  
20260819-164002:833836056 LogicAddr|INFO [LgAddr_GetHardwareType,1173]: hardware type is Comm-E 
20260819-164002:833888648 LogicAddr|INFO [LgAddr_GetHardwareType,1173]: hardware type is Comm-E  
20260819-164002:838017752 LogicAddr|INFO [LgAddr_GetHardwareType,1173]: hardware type is Comm-E  
20260819-164002:838071544 LogicAddr|INFO [LgAddr_GetHardwareType,1173]: hardware type is Comm-E  
20260819-164002:838281552 LogicAddr|INFO [LgAddr_GetHardwareType,1173]: hardware type is Comm-E 
20260819-164002:838326712 LogicAddr|INFO [LgAddr_GetHardwareType,1173]: hardware type is Comm-E  
20260819-164002:838491744 LogicAddr|INFO [LgAddr_GetHardwareType,1173]: hardware type is Comm-E  
20260819-164002:838533144 LogicAddr|INFO [LgAddr_GetHardwareType,1173]: hardware type is Comm-E  
20260819-164002:838581448 LogicAddr|INFO [LgAddr_GetHardwareType,1173]: hardware type is Comm-E 
20260819-164002:838762072 LogicAddr|INFO [LgAddr_GetHardwareType,1173]: hardware type is Comm-E  
20260819-164002:838800184 ConfigFile|INFO [InitLoadConfigFile,276]: Load all configure file successful  
20260819-164002:838885864 MCLink|INFO [mclink_set_system_status,171]: ----------------------system enter status 2 ------------------------ 
20260819-164002:842911928 LogicAddr|INFO [LgAddr_GetHardwareType,1173]: hardware type is Comm-E 
20260819-164002:842947024 SysConfig|INFO [NetworkConfig,143]: Update mac1 from flash successful 0x90a300eba2b4, 0x91a300eba2b4  
20260819-164002:842981616 LogicAddr|INFO [LgAddr_GetHardwareType,1173]: hardware type is Comm-E  
20260819-164003:444210384 LogicAddr|INFO [LgAddr_GetHardwareType,1173]: hardware type is Comm-E  
20260819-164003:444424856 LogicAddr|INFO [LgAddr_GetHardwareType,1173]: hardware type is Comm-E 
20260819-164003:445855064 LogicAddr|INFO [LgAddr_GetHardwareType,1173]: hardware type is Comm-E 
20260819-164004:012662264 SysConfig|INFO [NetworkConfig,164]: Now libbsd started， ready to config IP in IDN 
20260819-164004:012765408 LogicAddr|INFO [LgAddr_GetHardwareType,1173]: hardware type is Comm-E 
20260819-164004:030957152 LogicAddr|INFO [LgAddr_Config,333]: LgAddr Update port 1 bd addr 192.168.10.255
20260819-164004:031037928 LogicAddr|INFO [LgAddr_GetHardwareType,1173]: hardware type is Comm-E  
20260819-164004:031079472 LogicAddr|INFO [LgAddr_GetHardwareType,1173]: hardware type is Comm-E 
20260819-164004:056781704 SysConfig|INFO [NetworkConfig,180]: port1 ip 192.168.10.101, port1 mask 255.255.255.0
20260819-164004:056881752 EtherCAT|INFO [IO_PwrEnOutput,498]: [CoE_IoTask     ] pwr_en : [1, 80 is 3, 5c is 4]  
20260819-164004:056909264 EtherCAT|INFO [IO_PwrEnOutput,503]: [CoE_IoTask     ] pwr_en : [1, 80 is 3, 5c is 4] 
20260819-164004:087972376 ServoPosition|INFO [ClearServoPosition,827]: EMI ServoPosition:Clear servo position! 
20260819-164004:096010344 FCTL|INFO [InitForceCtl,126]: Init force control success! 
20260819-164004:104012992 Jog|INFO [InitRobotJog,82]: [JOG_DIAG] init robot=0 Td=0.100000 t_seg=100 Speed=0.000000 limit_per=10.000000 cart_trans_spd_limit=250.000000 cart_rot_spd_limit=0.000000
20260819-164004:104093224 Jog|INFO [InitRobotJog,92]: [JOG_DIAG] init_profile robot=0 prf.acc=50.000000 prf.dec=50.000000 prf.accramp=0.100000 prf.decramp=0.100000 acc_delta_per=10.000000 anticipation_enable=1 anticipation_dis=0.500000
20260819-164004:120488024 RobotExcepMsgCapture|INFO [CreateRobotExceptionQueue,429]: create robot exception msg queue successful!  
20260819-164004:120538352 RobotExcepMsgCapture|INFO [CreateAndRunRobotExceptionCaptureTask,454]: create robot exception capture task successful! 
20260819-164004:141071312 RobotExcepMsgCapture|INFO [CreateAndRunRobotExceptionCaptureTask,468]: start robot exception capture task successful!  
20260819-164004:141121792 RobotExcepMonitor|INFO [CreateAndRunRobotExceptionMonitorTask,2514]: create robot exception monitor task successful!  
20260819-164004:141153488 RobotExcepMonitor|INFO [CreateAndRunRobotExceptionMonitorTask,2526]: start robot exception monitor task successful! 
20260819-164004:141241408 RobotExcepAction|INFO [CreateAndRunRobotExceptionCheckStateTask,1091]: create robot exception check state task successful!  
20260819-164004:165318328 RobotExcepAction|INFO [CreateAndRunRobotExceptionCheckStateTask,1103]: start robot exception check state task successful!  
20260819-164004:165413832 PWR_SEQ|INFO [CreatePwrSeqQueue,2192]: create pwr seq power on msg queue successful ! 
20260819-164004:165440928 PWR_SEQ|INFO [CreatePwrSeqQueue,2209]: create pwr seq power off msg queue successful !  
20260819-164004:203067968 PWR_SEQ|INFO [CreateAndRunPwrSeqTask,2148]: create pwr seq task successful!  
20260819-164004:203106256 PWR_SEQ|INFO [CreateAndRunPwrSeqTask,2160]: start pwr seq task successful! 
20260819-164004:203156456 RobotVDStateMag|INFO [CreateAndRunRobotVDStateManagerTask,1000]: create robot vd state manager task successful!  
20260819-164004:203206816 RobotVDSM|INFO [ST_RobotVDInitializeInProgressState,1396]: robot vd: initialize in progress state  
20260819-164004:239074144 RobotVDStateMag|INFO [CreateAndRunRobotVDStateManagerTask,1012]: start robot vd state manager task successful! 
20260819-164004:323233776 pre_read|INFO [CreateRobotMotionStateQueue,62]: create robot motion state msg queue successful! 
20260819-164004:328955312 watchdog|INFO [InitWatchDog,31]: watch_dog_enable = 1 watch_dog_period=20 
20260819-164009:337299016 APPMAIN|ERROR [app_main,128]: slave is 1 
20260819-164009:337365608 APPMAIN|ERROR [app_main,128]: slave is 2  
20260819-164009:337389904 robot_app|ERROR [GetRealSlaveIndex,353]: Invalid robot id 1, robot number is 1! 
20260819-164009:337412392 APPMAIN|ERROR [app_main,128]: slave is 0  
20260819-164009:337433208 robot_app|ERROR [GetRealSlaveIndex,353]: Invalid robot id 1, robot number is 1! 
20260819-164009:337454192 APPMAIN|ERROR [app_main,128]: slave is 0 
20260819-164009:337474992 APPMAIN|ERROR [app_main,135]: slve is 1, id is 0, joint index is 0  
20260819-164009:337497912 APPMAIN|ERROR [app_main,135]: slve is 2, id is 0, joint index is 1  
20260819-164009:337519032 APPMAIN|ERROR [app_main,135]: slve is 3, id is 0, joint index is 2  
20260819-164009:337966096 APPMAIN|ERROR [app_main,135]: slve is 4, id is 0, joint index is 3 
20260819-164009:408040688 timer trigger|INFO [timer_trigger_task_init,210]: create timer tigger task successful! 
20260819-164009:408143496 timer trigger|INFO [timer_trigger_task,149]: create timer trigger queue successful! 
20260819-164009:408170688 timer trigger|INFO [timer_trigger_task_init,221]: start timer tigger task successful!  
20260819-164009:417488464 CAN|INFO [CanStackModule_Init,82]: [CANStack      ] CAN 1 init
20260819-164009:450350352 CAN|INFO [CanProtoZe_CreateTask,196]: [CANStack       ] Create can ZE task success
20260819-164009:450431024 CAN|INFO [CanServ_SetProtocolHook,87]: [CANStack       ] Can protocol hook set success  
20260819-164009:450535896 CP-IP|INFO [IPCommission_FunctionInit,1137]: Wait Comm-E is init finish. 
20260819-164009:580248008 EtherCAT|INFO [CANopenModule_SlavePower,714]: [CANopenModule  ] Slave power state 1 turn to 0, 1, [30 is 7779, 80 is 3, 34 is 3]
20260819-164009:582214128 EtherCAT|INFO [CANopenModule_ThreadEntry,190]: [CANopenModule  ] Task state is WAITING turn to ECAT_INIT  
20260819-164009:582242472 EtherCAT|ERROR [CANopenModule_PwrOffHandle,606]: [CANopenModule  ] power status change = 1   
20260819-164009:584239536 EtherCAT|INFO [EcatDrv_CreateDrvObject,179]: [EtherCATDriver ] CoE create object successful
20260819-164009:584295832 EtherCAT|INFO [CANopenModule_ThreadEntry,248]: [CANopenModule  ] Task state is ECAT_INIT turn to INIT  
20260819-164009:586243648 EtherCAT|INFO [RTT_EcatEntry,140]: [CANopenRtTask  ] EcatRTT sem create success  
20260819-164009:586285152 EtherCAT|INFO [CANopenModule_ThreadEntry,272]: [CANopenModule  ] Task state is INIT turn to RESOURCE_CFG
20260819-164009:590265048 EtherCAT|INFO [CANopenModule_SlavePower,723]: [CANopenModule  ] Slave power state 2 turn to 1, 1, [30 is 7779, 80 is 3, 34 is 3]
20260819-164009:684222696 EtherCAT|INFO [EcatDrv_CheckEvent,1232]: coe_event is 4, pre is 0  
20260819-164009:684393816 EtherCAT|INFO [EcatDrv_Task,347]: [EtherCATDriver ] ec_init on cgem1 succeeded. 
20260819-164009:684420376 EtherCAT|INFO [EcatDrv_Task,350]: [EtherCATDriver ] Task state is INIT turn to SCAN
20260819-164009:784322872 EtherCAT|INFO [EcatDrv_Task,384]: [EtherCATDriver ] is find slave is 7   
20260819-164009:784354728 EtherCAT|INFO [EcatDrv_Task,410]: [EtherCATDriver ] 7 slaves found.  
20260819-164009:784377712 EtherCAT|INFO [EcatDrv_Task,413]: [EtherCATDriver ] Task state is SCAN turn to CONFIG
20260819-164009:896268664 EtherCAT|INFO [ecx_config_init_spec,331]: Success get slave name. 
20260819-164009:896299456 EtherCAT|INFO [ecx_config_init_spec,336]: eep_id is 50335745, eep_man 3457, eep_rev 1, name is [RB200].  
20260819-164009:924282872 EtherCAT|INFO [EcatDrv_Task,464]: [EtherCATDriver ] Slave Init is successful  
20260819-164009:924360296 EtherCAT|INFO [EcatDrv_Task,485]: [EtherCATDriver ] All Slaves in PRE_OP  
20260819-164009:924383592 EtherCAT|INFO [EcatDrv_Task,502]: ec_slave[i].name is [], [VEICHI], VEICHI, VEICHI, VEICHI, VEICHI, VEICHI, [null] 
20260819-164009:924410016 EtherCAT|INFO [GetZeroErrorNumber,275]: Find ZeroErr Driver module number is 0 
20260819-164009:954273392 EtherCAT|INFO [EcatDrv_DebugInfoPrint,2186]: [EtherCATDriver ] Slave:1 
20260819-164009:954303104 EtherCAT|INFO [EcatDrv_DebugInfoPrint,2187]: [EtherCATDriver ]  Name:VEICHI 
20260819-164009:954325736 EtherCAT|INFO [EcatDrv_DebugInfoPrint,2188]: [EtherCATDriver ]  State: 1 
20260819-164009:954346944 EtherCAT|INFO [EcatDrv_DebugInfoPrint,2189]: [EtherCATDriver ]  Delay: 0[ns]
20260819-164009:954367528 EtherCAT|INFO [EcatDrv_DebugInfoPrint,2190]: [EtherCATDriver ]  Has DC: 1 
20260819-164009:954387616 EtherCAT|INFO [EcatDrv_DebugInfoPrint,2191]: [EtherCATDriver ]  Itype: 3592 
20260819-164009:954409968 EtherCAT|INFO [EcatDrv_DebugInfoPrint,2192]: [EtherCATDriver ]  Aliasaddr: 0 
20260819-164009:954430368 EtherCAT|INFO [EcatDrv_DebugInfoPrint,2193]: [EtherCATDriver ]  DCParentport:0
20260819-164009:954450456 EtherCAT|INFO [EcatDrv_DebugInfoPrint,2198]: [EtherCATDriver ]  Activeports:1.1.0.0 
20260819-164009:954472152 EtherCAT|INFO [EcatDrv_DebugInfoPrint,2200]: [EtherCATDriver ]  Configured address: 1001 
20260819-164009:954492976 EtherCAT|INFO [EcatDrv_DebugInfoPrint,2202]: [EtherCATDriver ]  Man: 00000d81 ID: 03001001 Rev: 00000001 PDI: 00000001
20260819-164009:954517096 EtherCAT|INFO [EcatDrv_DebugInfoPrint,2208]: [EtherCATDriver ]  SM0 A:1000 L: 256 F:00010026 Type:1 
20260819-164009:954542072 EtherCAT|INFO [EcatDrv_DebugInfoPrint,2208]: [EtherCATDriver ]  SM1 A:1400 L: 256 F:00010022 Type:2 
20260819-164009:954566016 EtherCAT|INFO [EcatDrv_DebugInfoPrint,2208]: [EtherCATDriver ]  SM2 A:1800 L:   0 F:00010064 Type:3
20260819-164009:954589824 EtherCAT|INFO [EcatDrv_DebugInfoPrint,2208]: [EtherCATDriver ]  SM3 A:1c00 L:   0 F:00010020 Type:4 
20260819-164009:954613424 EtherCAT|INFO [EcatDrv_DebugInfoPrint,2213]: [EtherCATDriver ]  FMMUfunc 0:1 1:2 2:3 3:0 
20260819-164009:954635832 EtherCAT|INFO [EcatDrv_DebugInfoPrint,2214]: [EtherCATDriver ]  MBX length wr: 256 rd: 256 MBX protocols : 0c
20260819-164009:954660264 EtherCAT|INFO [EcatDrv_DebugInfoPrint,2216]: [EtherCATDriver ]  CoE details: 0d FoE details: 01 EoE details: 00 SoE details: 00 
20260819-164009:954682944 EtherCAT|INFO [EcatDrv_DebugInfoPrint,2218]: [EtherCATDriver ]  Ebus current: 0[mA]  only LRD/LWR:0 
20260819-164009:954704072 EtherCAT|INFO [EcatDrv_DebugInfoPrint,2186]: [EtherCATDriver ] Slave:2
20260819-164009:954724664 EtherCAT|INFO [EcatDrv_DebugInfoPrint,2187]: [EtherCATDriver ]  Name:VEICHI 
20260819-164009:954745904 EtherCAT|INFO [EcatDrv_DebugInfoPrint,2188]: [EtherCATDriver ]  State: 1 
20260819-164009:954766424 EtherCAT|INFO [EcatDrv_DebugInfoPrint,2189]: [EtherCATDriver ]  Delay: 0[ns] 
20260819-164009:954787056 EtherCAT|INFO [EcatDrv_DebugInfoPrint,2190]: [EtherCATDriver ]  Has DC: 1
20260819-164009:954808504 EtherCAT|INFO [EcatDrv_DebugInfoPrint,2191]: [EtherCATDriver ]  Itype: 3592 
20260819-164009:954830336 EtherCAT|INFO [EcatDrv_DebugInfoPrint,2192]: [EtherCATDriver ]  Aliasaddr: 0 
20260819-164009:954850616 EtherCAT|INFO [EcatDrv_DebugInfoPrint,2193]: [EtherCATDriver ]  DCParentport:0 
20260819-164009:954872336 EtherCAT|INFO [EcatDrv_DebugInfoPrint,2198]: [EtherCATDriver ]  Activeports:1.1.0.0
20260819-164009:954893904 EtherCAT|INFO [EcatDrv_DebugInfoPrint,2200]: [EtherCATDriver ]  Configured address: 1002 
20260819-164009:954915456 EtherCAT|INFO [EcatDrv_DebugInfoPrint,2202]: [EtherCATDriver ]  Man: 00000d81 ID: 03001001 Rev: 00000001 PDI: 00000000 
20260819-164009:954938352 EtherCAT|INFO [EcatDrv_DebugInfoPrint,2208]: [EtherCATDriver ]  SM0 A:1000 L: 256 F:00010026 Type:1
20260819-164009:954961552 EtherCAT|INFO [EcatDrv_DebugInfoPrint,2208]: [EtherCATDriver ]  SM1 A:1400 L: 256 F:00010022 Type:2 
20260819-164009:954985072 EtherCAT|INFO [EcatDrv_DebugInfoPrint,2208]: [EtherCATDriver ]  SM2 A:1800 L:   0 F:00010064 Type:3 
20260819-164009:955007448 EtherCAT|INFO [EcatDrv_DebugInfoPrint,2208]: [EtherCATDriver ]  SM3 A:1c00 L:   0 F:00010020 Type:4
20260819-164009:955030376 EtherCAT|INFO [EcatDrv_DebugInfoPrint,2213]: [EtherCATDriver ]  FMMUfunc 0:1 1:2 2:3 3:0 
20260819-164009:955053312 EtherCAT|INFO [EcatDrv_DebugInfoPrint,2214]: [EtherCATDriver ]  MBX length wr: 256 rd: 256 MBX protocols : 0c 
20260819-164009:955076976 EtherCAT|INFO [EcatDrv_DebugInfoPrint,2216]: [EtherCATDriver ]  CoE details: 0d FoE details: 01 EoE details: 00 SoE details: 00
20260819-164009:955100472 EtherCAT|INFO [EcatDrv_DebugInfoPrint,2218]: [EtherCATDriver ]  Ebus current: 0[mA]  only LRD/LWR:0 
20260819-164009:955143024 EtherCAT|INFO [EcatDrv_DebugInfoPrint,2186]: [EtherCATDriver ] Slave:3 
20260819-164009:955164384 EtherCAT|INFO [EcatDrv_DebugInfoPrint,2187]: [EtherCATDriver ]  Name:VEICHI 
20260819-164009:955184248 EtherCAT|INFO [EcatDrv_DebugInfoPrint,2188]: [EtherCATDriver ]  State: 1
20260819-164009:955218808 EtherCAT|INFO [EcatDrv_DebugInfoPrint,2189]: [EtherCATDriver ]  Delay: 0[ns] 
20260819-164009:955239952 EtherCAT|INFO [EcatDrv_DebugInfoPrint,2190]: [EtherCATDriver ]  Has DC: 1 
20260819-164009:955260544 EtherCAT|INFO [EcatDrv_DebugInfoPrint,2191]: [EtherCATDriver ]  Itype: 3592 
20260819-164009:955281592 EtherCAT|INFO [EcatDrv_DebugInfoPrint,2192]: [EtherCATDriver ]  Aliasaddr: 0
20260819-164009:955303024 EtherCAT|INFO [EcatDrv_DebugInfoPrint,2193]: [EtherCATDriver ]  DCParentport:0 
20260819-164009:955323792 EtherCAT|INFO [EcatDrv_DebugInfoPrint,2198]: [EtherCATDriver ]  Activeports:1.1.0.0 
20260819-164009:955344512 EtherCAT|INFO [EcatDrv_DebugInfoPrint,2200]: [EtherCATDriver ]  Configured address: 1003
20260819-164009:955365408 EtherCAT|INFO [EcatDrv_DebugInfoPrint,2202]: [EtherCATDriver ]  Man: 00000d81 ID: 03001001 Rev: 00000001 PDI: 00000000 
20260819-164009:955389128 EtherCAT|INFO [EcatDrv_DebugInfoPrint,2208]: [EtherCATDriver ]  SM0 A:1000 L: 256 F:00010026 Type:1 
20260819-164009:955414424 EtherCAT|INFO [EcatDrv_DebugInfoPrint,2208]: [EtherCATDriver ]  SM1 A:1400 L: 256 F:00010022 Type:2
20260819-164009:955438512 EtherCAT|INFO [EcatDrv_DebugInfoPrint,2208]: [EtherCATDriver ]  SM2 A:1800 L:   0 F:00010064 Type:3 
20260819-164009:955462392 EtherCAT|INFO [EcatDrv_DebugInfoPrint,2208]: [EtherCATDriver ]  SM3 A:1c00 L:   0 F:00010020 Type:4 
20260819-164009:955486152 EtherCAT|INFO [EcatDrv_DebugInfoPrint,2213]: [EtherCATDriver ]  FMMUfunc 0:1 1:2 2:3 3:0
20260819-164009:955508384 EtherCAT|INFO [EcatDrv_DebugInfoPrint,2214]: [EtherCATDriver ]  MBX length wr: 256 rd: 256 MBX protocols : 0c 
20260819-164009:955532832 EtherCAT|INFO [EcatDrv_DebugInfoPrint,2216]: [EtherCATDriver ]  CoE details: 0d FoE details: 01 EoE details: 00 SoE details: 00 
20260819-164009:955555752 EtherCAT|INFO [EcatDrv_DebugInfoPrint,2218]: [EtherCATDriver ]  Ebus current: 0[mA]  only LRD/LWR:0
20260819-164009:955576952 EtherCAT|INFO [EcatDrv_DebugInfoPrint,2186]: [EtherCATDriver ] Slave:4 
20260819-164009:955597776 EtherCAT|INFO [EcatDrv_DebugInfoPrint,2187]: [EtherCATDriver ]  Name:VEICHI 
20260819-164009:955618464 EtherCAT|INFO [EcatDrv_DebugInfoPrint,2188]: [EtherCATDriver ]  State: 1 
20260819-164009:955638704 EtherCAT|INFO [EcatDrv_DebugInfoPrint,2189]: [EtherCATDriver ]  Delay: 0[ns]
20260819-164009:955658504 EtherCAT|INFO [EcatDrv_DebugInfoPrint,2190]: [EtherCATDriver ]  Has DC: 1 
20260819-164009:955678528 EtherCAT|INFO [EcatDrv_DebugInfoPrint,2191]: [EtherCATDriver ]  Itype: 3592 
20260819-164009:955699992 EtherCAT|INFO [EcatDrv_DebugInfoPrint,2192]: [EtherCATDriver ]  Aliasaddr: 0 
20260819-164009:955719992 EtherCAT|INFO [EcatDrv_DebugInfoPrint,2193]: [EtherCATDriver ]  DCParentport:0
20260819-164009:955741256 EtherCAT|INFO [EcatDrv_DebugInfoPrint,2198]: [EtherCATDriver ]  Activeports:1.1.0.0 
20260819-164009:955763008 EtherCAT|INFO [EcatDrv_DebugInfoPrint,2200]: [EtherCATDriver ]  Configured address: 1004 
20260819-164009:955783848 EtherCAT|INFO [EcatDrv_DebugInfoPrint,2202]: [EtherCATDriver ]  Man: 00000d81 ID: 03001001 Rev: 00000001 PDI: 00000000
20260819-164009:955807176 EtherCAT|INFO [EcatDrv_DebugInfoPrint,2208]: [EtherCATDriver ]  SM0 A:1000 L: 256 F:00010026 Type:1 
20260819-164009:955831336 EtherCAT|INFO [EcatDrv_DebugInfoPrint,2208]: [EtherCATDriver ]  SM1 A:1400 L: 256 F:00010022 Type:2 
20260819-164009:955854824 EtherCAT|INFO [EcatDrv_DebugInfoPrint,2208]: [EtherCATDriver ]  SM2 A:1800 L:   0 F:00010064 Type:3
20260819-164009:955877584 EtherCAT|INFO [EcatDrv_DebugInfoPrint,2208]: [EtherCATDriver ]  SM3 A:1c00 L:   0 F:00010020 Type:4 
20260819-164009:955900552 EtherCAT|INFO [EcatDrv_DebugInfoPrint,2213]: [EtherCATDriver ]  FMMUfunc 0:1 1:2 2:3 3:0 
20260819-164009:955922208 EtherCAT|INFO [EcatDrv_DebugInfoPrint,2214]: [EtherCATDriver ]  MBX length wr: 256 rd: 256 MBX protocols : 0c
20260819-164009:955945824 EtherCAT|INFO [EcatDrv_DebugInfoPrint,2216]: [EtherCATDriver ]  CoE details: 0d FoE details: 01 EoE details: 00 SoE details: 00 
20260819-164009:955968304 EtherCAT|INFO [EcatDrv_DebugInfoPrint,2218]: [EtherCATDriver ]  Ebus current: 0[mA]  only LRD/LWR:0 
20260819-164009:955990792 EtherCAT|INFO [EcatDrv_DebugInfoPrint,2186]: [EtherCATDriver ] Slave:5
20260819-164009:956011672 EtherCAT|INFO [EcatDrv_DebugInfoPrint,2187]: [EtherCATDriver ]  Name:VEICHI 
20260819-164009:956032592 EtherCAT|INFO [EcatDrv_DebugInfoPrint,2188]: [EtherCATDriver ]  State: 1 
20260819-164009:956052848 EtherCAT|INFO [EcatDrv_DebugInfoPrint,2189]: [EtherCATDriver ]  Delay: 0[ns] 
20260819-164009:956073376 EtherCAT|INFO [EcatDrv_DebugInfoPrint,2190]: [EtherCATDriver ]  Has DC: 1
20260819-164009:956093384 EtherCAT|INFO [EcatDrv_DebugInfoPrint,2191]: [EtherCATDriver ]  Itype: 3592 
20260819-164009:956114656 EtherCAT|INFO [EcatDrv_DebugInfoPrint,2192]: [EtherCATDriver ]  Aliasaddr: 0 
20260819-164009:956155144 EtherCAT|INFO [EcatDrv_DebugInfoPrint,2193]: [EtherCATDriver ]  DCParentport:0 
20260819-164009:956176504 EtherCAT|INFO [EcatDrv_DebugInfoPrint,2198]: [EtherCATDriver ]  Activeports:1.1.0.0
20260819-164009:956210888 EtherCAT|INFO [EcatDrv_DebugInfoPrint,2200]: [EtherCATDriver ]  Configured address: 1005 
20260819-164009:956232448 EtherCAT|INFO [EcatDrv_DebugInfoPrint,2202]: [EtherCATDriver ]  Man: 00000d81 ID: 03001001 Rev: 00000001 PDI: 00000000 
20260819-164009:956257176 EtherCAT|INFO [EcatDrv_DebugInfoPrint,2208]: [EtherCATDriver ]  SM0 A:1000 L: 256 F:00010026 Type:1
20260819-164009:956281472 EtherCAT|INFO [EcatDrv_DebugInfoPrint,2208]: [EtherCATDriver ]  SM1 A:1400 L: 256 F:00010022 Type:2 
20260819-164009:956304928 EtherCAT|INFO [EcatDrv_DebugInfoPrint,2208]: [EtherCATDriver ]  SM2 A:1800 L:   0 F:00010064 Type:3 
20260819-164009:956328112 EtherCAT|INFO [EcatDrv_DebugInfoPrint,2208]: [EtherCATDriver ]  SM3 A:1c00 L:   0 F:00010020 Type:4
20260819-164009:956351216 EtherCAT|INFO [EcatDrv_DebugInfoPrint,2213]: [EtherCATDriver ]  FMMUfunc 0:1 1:2 2:3 3:0 
20260819-164009:956373408 EtherCAT|INFO [EcatDrv_DebugInfoPrint,2214]: [EtherCATDriver ]  MBX length wr: 256 rd: 256 MBX protocols : 0c 
20260819-164009:956397424 EtherCAT|INFO [EcatDrv_DebugInfoPrint,2216]: [EtherCATDriver ]  CoE details: 0d FoE details: 01 EoE details: 00 SoE details: 00
20260819-164009:956421864 EtherCAT|INFO [EcatDrv_DebugInfoPrint,2218]: [EtherCATDriver ]  Ebus current: 0[mA]  only LRD/LWR:0 
20260819-164009:956443424 EtherCAT|INFO [EcatDrv_DebugInfoPrint,2186]: [EtherCATDriver ] Slave:6 
20260819-164009:956463592 EtherCAT|INFO [EcatDrv_DebugInfoPrint,2187]: [EtherCATDriver ]  Name:VEICHI 
20260819-164009:956484424 EtherCAT|INFO [EcatDrv_DebugInfoPrint,2188]: [EtherCATDriver ]  State: 1
20260819-164009:956505832 EtherCAT|INFO [EcatDrv_DebugInfoPrint,2189]: [EtherCATDriver ]  Delay: 0[ns] 
20260819-164009:956526544 EtherCAT|INFO [EcatDrv_DebugInfoPrint,2190]: [EtherCATDriver ]  Has DC: 1 
20260819-164009:956547728 EtherCAT|INFO [EcatDrv_DebugInfoPrint,2191]: [EtherCATDriver ]  Itype: 3592 
20260819-164009:956570352 EtherCAT|INFO [EcatDrv_DebugInfoPrint,2192]: [EtherCATDriver ]  Aliasaddr: 0
20260819-164009:956590576 EtherCAT|INFO [EcatDrv_DebugInfoPrint,2193]: [EtherCATDriver ]  DCParentport:0 
20260819-164009:956610856 EtherCAT|INFO [EcatDrv_DebugInfoPrint,2198]: [EtherCATDriver ]  Activeports:1.1.0.0 
20260819-164009:956632168 EtherCAT|INFO [EcatDrv_DebugInfoPrint,2200]: [EtherCATDriver ]  Configured address: 1006
20260819-164009:956653368 EtherCAT|INFO [EcatDrv_DebugInfoPrint,2202]: [EtherCATDriver ]  Man: 00000d81 ID: 03001001 Rev: 00000001 PDI: 00000000 
20260819-164009:956676456 EtherCAT|INFO [EcatDrv_DebugInfoPrint,2208]: [EtherCATDriver ]  SM0 A:1000 L: 256 F:00010026 Type:1 
20260819-164009:956700312 EtherCAT|INFO [EcatDrv_DebugInfoPrint,2208]: [EtherCATDriver ]  SM1 A:1400 L: 256 F:00010022 Type:2
20260819-164009:956723488 EtherCAT|INFO [EcatDrv_DebugInfoPrint,2208]: [EtherCATDriver ]  SM2 A:1800 L:   0 F:00010064 Type:3 
20260819-164009:956747576 EtherCAT|INFO [EcatDrv_DebugInfoPrint,2208]: [EtherCATDriver ]  SM3 A:1c00 L:   0 F:00010020 Type:4 
20260819-164009:956771312 EtherCAT|INFO [EcatDrv_DebugInfoPrint,2213]: [EtherCATDriver ]  FMMUfunc 0:1 1:2 2:3 3:0
20260819-164009:956793088 EtherCAT|INFO [EcatDrv_DebugInfoPrint,2214]: [EtherCATDriver ]  MBX length wr: 256 rd: 256 MBX protocols : 0c 
20260819-164009:956816368 EtherCAT|INFO [EcatDrv_DebugInfoPrint,2216]: [EtherCATDriver ]  CoE details: 0d FoE details: 01 EoE details: 00 SoE details: 00 
20260819-164009:956840544 EtherCAT|INFO [EcatDrv_DebugInfoPrint,2218]: [EtherCATDriver ]  Ebus current: 0[mA]  only LRD/LWR:0
20260819-164009:956862392 EtherCAT|INFO [EcatDrv_DebugInfoPrint,2186]: [EtherCATDriver ] Slave:7 
20260819-164009:956883496 EtherCAT|INFO [EcatDrv_DebugInfoPrint,2187]: [EtherCATDriver ]  Name:VEICHI 
20260819-164009:956904104 EtherCAT|INFO [EcatDrv_DebugInfoPrint,2188]: [EtherCATDriver ]  State: 1 
20260819-164009:956924192 EtherCAT|INFO [EcatDrv_DebugInfoPrint,2189]: [EtherCATDriver ]  Delay: 0[ns]
20260819-164009:956943792 EtherCAT|INFO [EcatDrv_DebugInfoPrint,2190]: [EtherCATDriver ]  Has DC: 1 
20260819-164009:956965112 EtherCAT|INFO [EcatDrv_DebugInfoPrint,2191]: [EtherCATDriver ]  Itype: 3592 
20260819-164009:956987392 EtherCAT|INFO [EcatDrv_DebugInfoPrint,2192]: [EtherCATDriver ]  Aliasaddr: 0 
20260819-164009:957007368 EtherCAT|INFO [EcatDrv_DebugInfoPrint,2193]: [EtherCATDriver ]  DCParentport:0
20260819-164009:957027432 EtherCAT|INFO [EcatDrv_DebugInfoPrint,2198]: [EtherCATDriver ]  Activeports:1.0.0.0 
20260819-164009:957048512 EtherCAT|INFO [EcatDrv_DebugInfoPrint,2200]: [EtherCATDriver ]  Configured address: 1007 
20260819-164009:957068928 EtherCAT|INFO [EcatDrv_DebugInfoPrint,2202]: [EtherCATDriver ]  Man: 00000d81 ID: 03001001 Rev: 00000001 PDI: 00000000
20260819-164009:957093104 EtherCAT|INFO [EcatDrv_DebugInfoPrint,2208]: [EtherCATDriver ]  SM0 A:1000 L: 256 F:00010026 Type:1 
20260819-164009:957116784 EtherCAT|INFO [EcatDrv_DebugInfoPrint,2208]: [EtherCATDriver ]  SM1 A:1400 L: 256 F:00010022 Type:2 
20260819-164009:957159472 EtherCAT|INFO [EcatDrv_DebugInfoPrint,2208]: [EtherCATDriver ]  SM2 A:1800 L:   0 F:00010064 Type:3
20260819-164009:957183648 EtherCAT|INFO [EcatDrv_DebugInfoPrint,2208]: [EtherCATDriver ]  SM3 A:1c00 L:   0 F:00010020 Type:4 
20260819-164009:957216024 EtherCAT|INFO [EcatDrv_DebugInfoPrint,2213]: [EtherCATDriver ]  FMMUfunc 0:1 1:2 2:3 3:0 
20260819-164009:957238704 EtherCAT|INFO [EcatDrv_DebugInfoPrint,2214]: [EtherCATDriver ]  MBX length wr: 256 rd: 256 MBX protocols : 0c
20260819-164009:957262528 EtherCAT|INFO [EcatDrv_DebugInfoPrint,2216]: [EtherCATDriver ]  CoE details: 0d FoE details: 01 EoE details: 00 SoE details: 00 
20260819-164009:957286104 EtherCAT|INFO [EcatDrv_DebugInfoPrint,2218]: [EtherCATDriver ]  Ebus current: 0[mA]  only LRD/LWR:0 
20260819-164009:957309464 EtherCAT|INFO [EcatDrv_Task,622]: [EtherCATDriver ] Task state is CONFIG turn to MAPPING
20260819-164009:958214464 EtherCAT|INFO [CANopenModule_ThreadEntry,286]: ec_slave name is [, VEICHI, VEICHI, VEICHI, VEICHI, VEICHI, VEICHI], ModuleName is [VEICHI] 
20260819-164009:958246016 EtherCAT_IDN|ERROR [EtherCATParamIDN_Init,317]: total node is 8, 1, 1  
20260819-164009:958338968 EC_IDN|ERROR [NrtData_IdnMappingListInit,141]: ethercat_idn_number is 161   
20260819-164009:965814856 EtherCAT|INFO [CANopenModule_ThreadEntry,312]: [CANopenModule  ] Slave manufactor is VEICHI, type is 9  
20260819-164009:966009112 EtherCAT|INFO [CANopenModule_MakeSlaveParam,662]: [CANopenModule  ] index=0x6040  subindex=0 bitlen=16 derect=2  
20260819-164009:966036424 EtherCAT|INFO [CANopenModule_MakeSlaveParam,662]: [CANopenModule  ] index=0x6071  subindex=0 bitlen=16 derect=2
20260819-164009:966060104 EtherCAT|INFO [CANopenModule_MakeSlaveParam,662]: [CANopenModule  ] index=0x607a  subindex=0 bitlen=32 derect=2  
20260819-164009:966084544 EtherCAT|INFO [CANopenModule_MakeSlaveParam,662]: [CANopenModule  ] index=0x60b2  subindex=0 bitlen=16 derect=2  
20260819-164009:966108232 EtherCAT|INFO [CANopenModule_MakeSlaveParam,662]: [CANopenModule  ] index=0x6060  subindex=0 bitlen=8 derect=2
20260819-164009:966130616 EtherCAT|INFO [CANopenModule_MakeSlaveParam,662]: [CANopenModule  ] index=0x0  subindex=0 bitlen=8 derect=2  
20260819-164009:966160256 EtherCAT|INFO [CANopenModule_MakeSlaveParam,679]: [CANopenModule  ] index=0x6041  subindex=0 bitlen=16 derect=1  
20260819-164009:966183672 EtherCAT|INFO [CANopenModule_MakeSlaveParam,679]: [CANopenModule  ] index=0x603f  subindex=0 bitlen=16 derect=1
20260819-164009:966215832 EtherCAT|INFO [CANopenModule_MakeSlaveParam,679]: [CANopenModule  ] index=0x6064  subindex=0 bitlen=32 derect=1  
20260819-164009:966238344 EtherCAT|INFO [CANopenModule_MakeSlaveParam,679]: [CANopenModule  ] index=0x6077  subindex=0 bitlen=16 derect=1  
20260819-164009:966261968 EtherCAT|INFO [CANopenModule_MakeSlaveParam,679]: [CANopenModule  ] index=0x6078  subindex=0 bitlen=16 derect=1
20260819-164009:966318776 EtherCAT|INFO [CANopenModule_MakeSlaveParam,679]: [CANopenModule  ] index=0x606c  subindex=0 bitlen=32 derect=1  
20260819-164009:966342896 EtherCAT|INFO [CANopenModule_MakeSlaveParam,679]: [CANopenModule  ] index=0x60f4  subindex=0 bitlen=32 derect=1  
20260819-164009:966367128 EtherCAT|INFO [CANopenModule_MakeSlaveParam,679]: [CANopenModule  ] index=0x6061  subindex=0 bitlen=8 derect=1
20260819-164009:966389576 EtherCAT|INFO [CANopenModule_MakeSlaveParam,679]: [CANopenModule  ] index=0x0  subindex=0 bitlen=8 derect=1  
20260819-164009:966419472 EtherCAT|INFO [EcatDrv_MakePDOMappingInfo,2246]: [EtherCATDriver ] index=0x6040  subindex=0 bitlen=16 derect=2  
20260819-164009:966444016 EtherCAT|INFO [EcatDrv_MakePDOMappingInfo,2246]: [EtherCATDriver ] index=0x6071  subindex=0 bitlen=16 derect=2
20260819-164009:966466824 EtherCAT|INFO [EcatDrv_MakePDOMappingInfo,2246]: [EtherCATDriver ] index=0x607a  subindex=0 bitlen=32 derect=2  
20260819-164009:966489952 EtherCAT|INFO [EcatDrv_MakePDOMappingInfo,2246]: [EtherCATDriver ] index=0x60b2  subindex=0 bitlen=16 derect=2  
20260819-164009:966512544 EtherCAT|INFO [EcatDrv_MakePDOMappingInfo,2246]: [EtherCATDriver ] index=0x6060  subindex=0 bitlen=8 derect=2
20260819-164009:966534968 EtherCAT|INFO [EcatDrv_MakePDOMappingInfo,2246]: [EtherCATDriver ] index=0x0  subindex=0 bitlen=8 derect=2  
20260819-164009:966557336 EtherCAT|INFO [EcatDrv_MakePDOMappingInfo,2246]: [EtherCATDriver ] index=0x6041  subindex=0 bitlen=16 derect=1  
20260819-164009:966580224 EtherCAT|INFO [EcatDrv_MakePDOMappingInfo,2246]: [EtherCATDriver ] index=0x603f  subindex=0 bitlen=16 derect=1
20260819-164009:966603032 EtherCAT|INFO [EcatDrv_MakePDOMappingInfo,2246]: [EtherCATDriver ] index=0x6064  subindex=0 bitlen=32 derect=1  
20260819-164009:966627296 EtherCAT|INFO [EcatDrv_MakePDOMappingInfo,2246]: [EtherCATDriver ] index=0x6077  subindex=0 bitlen=16 derect=1  
20260819-164009:966649936 EtherCAT|INFO [EcatDrv_MakePDOMappingInfo,2246]: [EtherCATDriver ] index=0x6078  subindex=0 bitlen=16 derect=1
20260819-164009:966673488 EtherCAT|INFO [EcatDrv_MakePDOMappingInfo,2246]: [EtherCATDriver ] index=0x606c  subindex=0 bitlen=32 derect=1  
20260819-164009:966696336 EtherCAT|INFO [EcatDrv_MakePDOMappingInfo,2246]: [EtherCATDriver ] index=0x60f4  subindex=0 bitlen=32 derect=1  
20260819-164009:966719632 EtherCAT|INFO [EcatDrv_MakePDOMappingInfo,2246]: [EtherCATDriver ] index=0x6061  subindex=0 bitlen=8 derect=1
20260819-164009:966741608 EtherCAT|INFO [EcatDrv_MakePDOMappingInfo,2246]: [EtherCATDriver ] index=0x0  subindex=0 bitlen=8 derect=1  
20260819-164009:966764112 EtherCAT|INFO [EcatDrv_MakePDOMappingInfo,2246]: [EtherCATDriver ] index=0x0  subindex=0 bitlen=0 derect=0  
20260819-164009:966786656 EtherCAT|INFO [EcatDrv_MakePDOMappingInfo,2246]: [EtherCATDriver ] index=0x0  subindex=0 bitlen=0 derect=0
20260819-164009:966808816 EtherCAT|INFO [EcatDrv_MakePDOMappingInfo,2246]: [EtherCATDriver ] index=0x0  subindex=0 bitlen=0 derect=0  
20260819-164009:966830776 EtherCAT|INFO [EcatDrv_MakePDOMappingInfo,2246]: [EtherCATDriver ] index=0x0  subindex=0 bitlen=0 derect=0  
20260819-164009:966852392 EtherCAT|INFO [EcatDrv_MakePDOMappingInfo,2246]: [EtherCATDriver ] index=0x0  subindex=0 bitlen=0 derect=0
20260819-164009:966874168 EtherCAT|INFO [EcatDrv_MakePDOMappingInfo,2246]: [EtherCATDriver ] index=0x0  subindex=0 bitlen=0 derect=0  
20260819-164009:966896336 EtherCAT|INFO [EcatDrv_MakePDOMappingInfo,2246]: [EtherCATDriver ] index=0x0  subindex=0 bitlen=0 derect=0  
20260819-164009:966919496 EtherCAT|INFO [EcatDrv_MakePDOMappingInfo,2246]: [EtherCATDriver ] index=0x0  subindex=0 bitlen=0 derect=0
20260819-164009:966942016 EtherCAT|INFO [EcatDrv_MakePDOMappingInfo,2246]: [EtherCATDriver ] index=0x0  subindex=0 bitlen=0 derect=0  
20260819-164009:966964704 EtherCAT|INFO [EcatDrv_MakePDOMappingInfo,2246]: [EtherCATDriver ] index=0x0  subindex=0 bitlen=0 derect=0  
20260819-164009:966986904 EtherCAT|INFO [EcatDrv_MakePDOMappingInfo,2246]: [EtherCATDriver ] index=0x0  subindex=0 bitlen=0 derect=0
20260819-164009:967008512 EtherCAT|INFO [EcatDrv_MakePDOMappingInfo,2246]: [EtherCATDriver ] index=0x0  subindex=0 bitlen=0 derect=0  
20260819-164009:967029864 EtherCAT|INFO [EcatDrv_MakePDOMappingInfo,2246]: [EtherCATDriver ] index=0x0  subindex=0 bitlen=0 derect=0  
20260819-164009:967053008 EtherCAT|INFO [EcatDrv_MakePDOMappingInfo,2246]: [EtherCATDriver ] index=0x0  subindex=0 bitlen=0 derect=0
20260819-164009:967075504 EtherCAT|INFO [EcatDrv_MakePDOMappingInfo,2246]: [EtherCATDriver ] index=0x0  subindex=0 bitlen=0 derect=0  
20260819-164009:967097888 EtherCAT|INFO [EcatDrv_MakePDOMappingInfo,2246]: [EtherCATDriver ] index=0x0  subindex=0 bitlen=0 derect=0  
20260819-164009:967119296 EtherCAT|INFO [EcatDrv_MakePDOMappingInfo,2246]: [EtherCATDriver ] index=0x0  subindex=0 bitlen=0 derect=0
20260819-164009:967142464 EtherCAT|INFO [EcatDrv_MakePDOMappingInfo,2246]: [EtherCATDriver ] index=0x0  subindex=0 bitlen=0 derect=0  
20260819-164009:967164456 EtherCAT|INFO [EcatDrv_MakePDOMappingInfo,2246]: [EtherCATDriver ] index=0x0  subindex=0 bitlen=0 derect=0  
20260819-164009:967204088 EtherCAT|INFO [EcatDrv_MakePDOMappingInfo,2246]: [EtherCATDriver ] index=0x0  subindex=0 bitlen=0 derect=0
20260819-164009:967228216 EtherCAT|INFO [EcatDrv_MakePDOMappingInfo,2246]: [EtherCATDriver ] index=0x0  subindex=0 bitlen=0 derect=0  
20260819-164009:967251048 EtherCAT|INFO [EcatDrv_MakePDOMappingInfo,2246]: [EtherCATDriver ] index=0x0  subindex=0 bitlen=0 derect=0  
20260819-164009:967273728 EtherCAT|INFO [EcatDrv_MakePDOMappingInfo,2246]: [EtherCATDriver ] index=0x0  subindex=0 bitlen=0 derect=0
20260819-164009:967315776 EtherCAT|INFO [EcatDrv_MakePDOMappingInfo,2246]: [EtherCATDriver ] index=0x0  subindex=0 bitlen=0 derect=0  
20260819-164009:967338656 EtherCAT|INFO [EcatDrv_MakePDOMappingInfo,2246]: [EtherCATDriver ] index=0x0  subindex=0 bitlen=0 derect=0  
20260819-164009:967360712 EtherCAT|INFO [EcatDrv_MakePDOMappingInfo,2246]: [EtherCATDriver ] index=0x0  subindex=0 bitlen=0 derect=0
20260819-164009:967383256 EtherCAT|INFO [EcatDrv_MakePDOMappingInfo,2246]: [EtherCATDriver ] index=0x0  subindex=0 bitlen=0 derect=0  
20260819-164009:967405248 EtherCAT|INFO [EcatDrv_MakePDOMappingInfo,2246]: [EtherCATDriver ] index=0x0  subindex=0 bitlen=0 derect=0  
20260819-164009:967427024 EtherCAT|INFO [EcatDrv_MakePDOMappingInfo,2246]: [EtherCATDriver ] index=0x0  subindex=0 bitlen=0 derect=0
20260819-164009:967448592 EtherCAT|INFO [EcatDrv_MakePDOMappingInfo,2246]: [EtherCATDriver ] index=0x0  subindex=0 bitlen=0 derect=0  
20260819-164009:967471032 EtherCAT|INFO [EcatDrv_MakePDOMappingInfo,2246]: [EtherCATDriver ] index=0x0  subindex=0 bitlen=0 derect=0  
20260819-164009:967494264 EtherCAT|INFO [EcatDrv_MakePDOMappingInfo,2246]: [EtherCATDriver ] index=0x0  subindex=0 bitlen=0 derect=0
20260819-164009:967516496 EtherCAT|INFO [EcatDrv_MakePDOMappingInfo,2246]: [EtherCATDriver ] index=0x0  subindex=0 bitlen=0 derect=0  
20260819-164009:967538544 EtherCAT|INFO [EcatDrv_MakePDOMappingInfo,2246]: [EtherCATDriver ] index=0x0  subindex=0 bitlen=0 derect=0  
20260819-164009:967560976 EtherCAT|INFO [EcatDrv_MakePDOMappingInfo,2246]: [EtherCATDriver ] index=0x0  subindex=0 bitlen=0 derect=0
20260819-164009:967583296 EtherCAT|INFO [EcatDrv_MakePDOMappingInfo,2246]: [EtherCATDriver ] index=0x0  subindex=0 bitlen=0 derect=0  
20260819-164009:967605032 EtherCAT|INFO [EcatDrv_MakePDOMappingInfo,2246]: [EtherCATDriver ] index=0x0  subindex=0 bitlen=0 derect=0  
20260819-164009:967627736 EtherCAT|INFO [EcatDrv_MakePDOMappingInfo,2246]: [EtherCATDriver ] index=0x0  subindex=0 bitlen=0 derect=0
20260819-164009:967649768 EtherCAT|INFO [EcatDrv_MakePDOMappingInfo,2246]: [EtherCATDriver ] index=0x0  subindex=0 bitlen=0 derect=0  
20260819-164009:967671848 EtherCAT|INFO [EcatDrv_MakePDOMappingInfo,2246]: [EtherCATDriver ] index=0x0  subindex=0 bitlen=0 derect=0  
20260819-164009:967694496 EtherCAT|INFO [EcatDrv_MakePDOMappingInfo,2246]: [EtherCATDriver ] index=0x0  subindex=0 bitlen=0 derect=0
20260819-164009:967716712 EtherCAT|INFO [EcatDrv_MakePDOMappingInfo,2246]: [EtherCATDriver ] index=0x0  subindex=0 bitlen=0 derect=0  
20260819-164009:967739768 EtherCAT|INFO [EcatDrv_MakePDOMappingInfo,2246]: [EtherCATDriver ] index=0x0  subindex=0 bitlen=0 derect=0  
20260819-164009:967762264 EtherCAT|INFO [EcatDrv_MakePDOMappingInfo,2246]: [EtherCATDriver ] index=0x0  subindex=0 bitlen=0 derect=0
20260819-164009:967784424 EtherCAT|INFO [EcatDrv_MakePDOMappingInfo,2246]: [EtherCATDriver ] index=0x0  subindex=0 bitlen=0 derect=0  
20260819-164009:967806896 EtherCAT|INFO [EcatDrv_MakePDOMappingInfo,2246]: [EtherCATDriver ] index=0x0  subindex=0 bitlen=0 derect=0  
20260819-164009:967829336 EtherCAT|INFO [EcatDrv_MakePDOMappingInfo,2246]: [EtherCATDriver ] index=0x0  subindex=0 bitlen=0 derect=0
20260819-164009:967851056 EtherCAT|INFO [EcatDrv_MakePDOMappingInfo,2246]: [EtherCATDriver ] index=0x0  subindex=0 bitlen=0 derect=0  
20260819-164009:967872952 EtherCAT|INFO [EcatDrv_MakePDOMappingInfo,2246]: [EtherCATDriver ] index=0x0  subindex=0 bitlen=0 derect=0  
20260819-164009:967895528 EtherCAT|INFO [EcatDrv_MakePDOMappingInfo,2246]: [EtherCATDriver ] index=0x0  subindex=0 bitlen=0 derect=0
20260819-164009:967918008 EtherCAT|INFO [EcatDrv_MakePDOMappingInfo,2246]: [EtherCATDriver ] index=0x0  subindex=0 bitlen=0 derect=0  
20260819-164009:967939424 EtherCAT|INFO [EcatDrv_MakePDOMappingInfo,2246]: [EtherCATDriver ] index=0x0  subindex=0 bitlen=0 derect=0  
20260819-164009:967961104 EtherCAT|INFO [EcatDrv_MakePDOMappingInfo,2246]: [EtherCATDriver ] index=0x0  subindex=0 bitlen=0 derect=0
20260819-164009:967982544 EtherCAT|INFO [EcatDrv_MakePDOMappingInfo,2246]: [EtherCATDriver ] index=0x0  subindex=0 bitlen=0 derect=0  
20260819-164009:968004128 EtherCAT|INFO [EcatDrv_MakePDOMappingInfo,2246]: [EtherCATDriver ] index=0x0  subindex=0 bitlen=0 derect=0  
20260819-164009:968026264 EtherCAT|INFO [EcatDrv_MakePDOMappingInfo,2246]: [EtherCATDriver ] index=0x0  subindex=0 bitlen=0 derect=0
20260819-164009:968048568 EtherCAT|INFO [EcatDrv_MakePDOMappingInfo,2246]: [EtherCATDriver ] index=0x0  subindex=0 bitlen=0 derect=0  
20260819-164009:968070552 EtherCAT|INFO [EcatDrv_MakePDOMappingInfo,2246]: [EtherCATDriver ] index=0x0  subindex=0 bitlen=0 derect=0  
20260819-164009:968092496 EtherCAT|INFO [EcatDrv_MakePDOMappingInfo,2246]: [EtherCATDriver ] index=0x0  subindex=0 bitlen=0 derect=0
20260819-164009:968114592 EtherCAT|INFO [EcatDrv_MakePDOMappingInfo,2246]: [EtherCATDriver ] index=0x0  subindex=0 bitlen=0 derect=0  
20260819-164009:968136344 EtherCAT|INFO [EcatDrv_MakePDOMappingInfo,2246]: [EtherCATDriver ] index=0x0  subindex=0 bitlen=0 derect=0  
20260819-164009:968159264 EtherCAT|INFO [EcatDrv_MakePDOMappingInfo,2246]: [EtherCATDriver ] index=0x0  subindex=0 bitlen=0 derect=0
20260819-164009:968181248 EtherCAT|INFO [EcatDrv_MakePDOMappingInfo,2246]: [EtherCATDriver ] index=0x0  subindex=0 bitlen=0 derect=0  
20260819-164009:968206736 EtherCAT|INFO [EcatDrv_MakePDOMappingInfo,2246]: [EtherCATDriver ] index=0x0  subindex=0 bitlen=0 derect=0  
20260819-164009:968229072 EtherCAT|INFO [EcatDrv_MakePDOMappingInfo,2246]: [EtherCATDriver ] index=0x0  subindex=0 bitlen=0 derect=0
20260819-164009:968251472 EtherCAT|INFO [EcatDrv_MakePDOMappingInfo,2246]: [EtherCATDriver ] index=0x0  subindex=0 bitlen=0 derect=0  
20260819-164009:968273168 EtherCAT|INFO [EcatDrv_MakePDOMappingInfo,2246]: [EtherCATDriver ] index=0x0  subindex=0 bitlen=0 derect=0  
20260819-164009:968295704 EtherCAT|INFO [EcatDrv_MakePDOMappingInfo,2246]: [EtherCATDriver ] index=0x0  subindex=0 bitlen=0 derect=0
20260819-164009:968335432 EtherCAT|INFO [EcatDrv_MakePDOMappingInfo,2246]: [EtherCATDriver ] index=0x0  subindex=0 bitlen=0 derect=0  
20260819-164009:968358664 EtherCAT|INFO [EcatDrv_MakePDOMappingInfo,2246]: [EtherCATDriver ] index=0x0  subindex=0 bitlen=0 derect=0  
20260819-164009:968380608 EtherCAT|INFO [EcatDrv_MakePDOMappingInfo,2246]: [EtherCATDriver ] index=0x0  subindex=0 bitlen=0 derect=0
20260819-164009:968402272 EtherCAT|INFO [EcatDrv_MakePDOMappingInfo,2246]: [EtherCATDriver ] index=0x0  subindex=0 bitlen=0 derect=0  
20260819-164009:968424248 EtherCAT|INFO [EcatDrv_MakePDOMappingInfo,2246]: [EtherCATDriver ] index=0x0  subindex=0 bitlen=0 derect=0  
20260819-164009:968446272 EtherCAT|INFO [EcatDrv_MakePDOMappingInfo,2246]: [EtherCATDriver ] index=0x0  subindex=0 bitlen=0 derect=0
20260819-164009:968468264 EtherCAT|INFO [EcatDrv_MakePDOMappingInfo,2246]: [EtherCATDriver ] index=0x0  subindex=0 bitlen=0 derect=0  
20260819-164009:968490224 EtherCAT|INFO [EcatDrv_MakePDOMappingInfo,2246]: [EtherCATDriver ] index=0x0  subindex=0 bitlen=0 derect=0  
20260819-164009:968513032 EtherCAT|INFO [EcatDrv_MakePDOMappingInfo,2246]: [EtherCATDriver ] index=0x0  subindex=0 bitlen=0 derect=0
20260819-164009:968534984 EtherCAT|INFO [EcatDrv_MakePDOMappingInfo,2246]: [EtherCATDriver ] index=0x0  subindex=0 bitlen=0 derect=0  
20260819-164009:968557624 EtherCAT|INFO [EcatDrv_MakePDOMappingInfo,2246]: [EtherCATDriver ] index=0x0  subindex=0 bitlen=0 derect=0  
20260819-164009:968579928 EtherCAT|INFO [EcatDrv_MakePDOMappingInfo,2246]: [EtherCATDriver ] index=0x0  subindex=0 bitlen=0 derect=0
20260819-164009:968602544 EtherCAT|INFO [EcatDrv_MakePDOMappingInfo,2246]: [EtherCATDriver ] index=0x0  subindex=0 bitlen=0 derect=0  
20260819-164009:968625192 EtherCAT|INFO [EcatDrv_MakePDOMappingInfo,2246]: [EtherCATDriver ] index=0x0  subindex=0 bitlen=0 derect=0  
20260819-164009:968647112 EtherCAT|INFO [EcatDrv_MakePDOMappingInfo,2246]: [EtherCATDriver ] index=0x0  subindex=0 bitlen=0 derect=0
20260819-164009:968668768 EtherCAT|INFO [EcatDrv_MakePDOMappingInfo,2246]: [EtherCATDriver ] index=0x0  subindex=0 bitlen=0 derect=0  
20260819-164009:968691464 EtherCAT|INFO [EcatDrv_MakePDOMappingInfo,2246]: [EtherCATDriver ] index=0x0  subindex=0 bitlen=0 derect=0  
20260819-164009:968713552 EtherCAT|INFO [EcatDrv_MakePDOMappingInfo,2246]: [EtherCATDriver ] index=0x0  subindex=0 bitlen=0 derect=0
20260819-164009:968735352 EtherCAT|INFO [EcatDrv_MakePDOMappingInfo,2246]: [EtherCATDriver ] index=0x0  subindex=0 bitlen=0 derect=0  
20260819-164009:968757352 EtherCAT|INFO [EcatDrv_MakePDOMappingInfo,2246]: [EtherCATDriver ] index=0x0  subindex=0 bitlen=0 derect=0  
20260819-164009:968778864 EtherCAT|INFO [EcatDrv_MakePDOMappingInfo,2246]: [EtherCATDriver ] index=0x0  subindex=0 bitlen=0 derect=0
20260819-164009:968800576 EtherCAT|INFO [EcatDrv_MakePDOMappingInfo,2246]: [EtherCATDriver ] index=0x0  subindex=0 bitlen=0 derect=0  
20260819-164009:968823488 EtherCAT|INFO [EcatDrv_MakePDOMappingInfo,2246]: [EtherCATDriver ] index=0x0  subindex=0 bitlen=0 derect=0  
20260819-164009:968845904 EtherCAT|INFO [EcatDrv_MakePDOMappingInfo,2246]: [EtherCATDriver ] index=0x0  subindex=0 bitlen=0 derect=0
20260819-164009:968868208 EtherCAT|INFO [EcatDrv_MakePDOMappingInfo,2246]: [EtherCATDriver ] index=0x0  subindex=0 bitlen=0 derect=0  
20260819-164009:968891184 EtherCAT|INFO [EcatDrv_MakePDOMappingInfo,2246]: [EtherCATDriver ] index=0x0  subindex=0 bitlen=0 derect=0  
20260819-164009:968913536 EtherCAT|INFO [EcatDrv_MakePDOMappingInfo,2246]: [EtherCATDriver ] index=0x0  subindex=0 bitlen=0 derect=0
20260819-164009:968935976 EtherCAT|INFO [EcatDrv_MakePDOMappingInfo,2246]: [EtherCATDriver ] index=0x0  subindex=0 bitlen=0 derect=0  
20260819-164009:968957656 EtherCAT|INFO [EcatDrv_MakePDOMappingInfo,2246]: [EtherCATDriver ] index=0x0  subindex=0 bitlen=0 derect=0  
20260819-164009:968979032 EtherCAT|INFO [EcatDrv_MakePDOMappingInfo,2246]: [EtherCATDriver ] index=0x0  subindex=0 bitlen=0 derect=0
20260819-164009:969002088 EtherCAT|INFO [EcatDrv_MakePDOMappingInfo,2246]: [EtherCATDriver ] index=0x0  subindex=0 bitlen=0 derect=0  
20260819-164009:969024472 EtherCAT|INFO [EcatDrv_MakePDOMappingInfo,2246]: [EtherCATDriver ] index=0x0  subindex=0 bitlen=0 derect=0  
20260819-164009:969046096 EtherCAT|INFO [EcatDrv_MakePDOMappingInfo,2246]: [EtherCATDriver ] index=0x0  subindex=0 bitlen=0 derect=0
20260819-164009:969068256 EtherCAT|INFO [EcatDrv_MakePDOMappingInfo,2246]: [EtherCATDriver ] index=0x0  subindex=0 bitlen=0 derect=0  
20260819-164009:969090128 EtherCAT|INFO [EcatDrv_MakePDOMappingInfo,2246]: [EtherCATDriver ] index=0x0  subindex=0 bitlen=0 derect=0  
20260819-164009:969112824 EtherCAT|INFO [EcatDrv_MakePDOMappingInfo,2246]: [EtherCATDriver ] index=0x0  subindex=0 bitlen=0 derect=0
20260819-164009:969134608 EtherCAT|INFO [EcatDrv_MakePDOMappingInfo,2246]: [EtherCATDriver ] index=0x0  subindex=0 bitlen=0 derect=0  
20260819-164009:969156688 EtherCAT|INFO [EcatDrv_MakePDOMappingInfo,2246]: [EtherCATDriver ] index=0x0  subindex=0 bitlen=0 derect=0  
20260819-164009:969178472 EtherCAT|INFO [EcatDrv_MakePDOMappingInfo,2246]: [EtherCATDriver ] index=0x0  subindex=0 bitlen=0 derect=0
20260819-164009:969208032 EtherCAT|INFO [EcatDrv_MakePDOMappingInfo,2246]: [EtherCATDriver ] index=0x0  subindex=0 bitlen=0 derect=0  
20260819-164009:969230728 EtherCAT|INFO [EcatDrv_MakePDOMappingInfo,2246]: [EtherCATDriver ] index=0x0  subindex=0 bitlen=0 derect=0  
20260819-164009:969252816 EtherCAT|INFO [EcatDrv_MakePDOMappingInfo,2246]: [EtherCATDriver ] index=0x0  subindex=0 bitlen=0 derect=0
20260819-164009:969274536 EtherCAT|INFO [EcatDrv_MakePDOMappingInfo,2246]: [EtherCATDriver ] index=0x0  subindex=0 bitlen=0 derect=0  
20260819-164009:969296008 EtherCAT|INFO [EcatDrv_MakePDOMappingInfo,2246]: [EtherCATDriver ] index=0x0  subindex=0 bitlen=0 derect=0  
20260819-164009:969334136 EtherCAT|INFO [EcatDrv_MakePDOMappingInfo,2246]: [EtherCATDriver ] index=0x0  subindex=0 bitlen=0 derect=0
20260819-164009:969358952 EtherCAT|INFO [EcatDrv_MakePDOMappingInfo,2246]: [EtherCATDriver ] index=0x0  subindex=0 bitlen=0 derect=0  
20260819-164009:969380968 EtherCAT|INFO [EcatDrv_MakePDOMappingInfo,2246]: [EtherCATDriver ] index=0x0  subindex=0 bitlen=0 derect=0  
20260819-164009:969403136 EtherCAT|INFO [EcatDrv_MakePDOMappingInfo,2246]: [EtherCATDriver ] index=0x0  subindex=0 bitlen=0 derect=0
20260819-164009:969425512 EtherCAT|INFO [EcatDrv_MakePDOMappingInfo,2246]: [EtherCATDriver ] index=0x0  subindex=0 bitlen=0 derect=0  
20260819-164009:969447912 EtherCAT|INFO [EcatDrv_MakePDOMappingInfo,2246]: [EtherCATDriver ] index=0x0  subindex=0 bitlen=0 derect=0  
20260819-164009:969469032 EtherCAT|INFO [EcatDrv_MakePDOMappingInfo,2246]: [EtherCATDriver ] index=0x0  subindex=0 bitlen=0 derect=0
20260819-164009:969490784 EtherCAT|INFO [EcatDrv_MakePDOMappingInfo,2246]: [EtherCATDriver ] index=0x0  subindex=0 bitlen=0 derect=0  
20260819-164009:969512736 EtherCAT|INFO [EcatDrv_MakePDOMappingInfo,2246]: [EtherCATDriver ] index=0x0  subindex=0 bitlen=0 derect=0  
20260819-164009:969535608 EtherCAT|INFO [EcatDrv_MakePDOMappingInfo,2246]: [EtherCATDriver ] index=0x0  subindex=0 bitlen=0 derect=0
20260819-164009:969558128 EtherCAT|INFO [EcatDrv_MakePDOMappingInfo,2246]: [EtherCATDriver ] index=0x0  subindex=0 bitlen=0 derect=0  
20260819-164009:969580176 EtherCAT|INFO [EcatDrv_MakePDOMappingInfo,2246]: [EtherCATDriver ] index=0x0  subindex=0 bitlen=0 derect=0  
20260819-164009:969601832 EtherCAT|INFO [EcatDrv_MakePDOMappingInfo,2246]: [EtherCATDriver ] index=0x0  subindex=0 bitlen=0 derect=0
20260819-164009:969624256 EtherCAT|INFO [EcatDrv_MakePDOMappingInfo,2246]: [EtherCATDriver ] index=0x0  subindex=0 bitlen=0 derect=0  
20260819-164009:969646232 EtherCAT|INFO [EcatDrv_MakePDOMappingInfo,2246]: [EtherCATDriver ] index=0x0  subindex=0 bitlen=0 derect=0  
20260819-164009:969667648 EtherCAT|INFO [EcatDrv_MakePDOMappingInfo,2246]: [EtherCATDriver ] index=0x0  subindex=0 bitlen=0 derect=0
20260819-164009:969689088 EtherCAT|INFO [EcatDrv_MakePDOMappingInfo,2246]: [EtherCATDriver ] index=0x0  subindex=0 bitlen=0 derect=0  
20260819-164009:969711888 EtherCAT|INFO [EcatDrv_MakePDOMappingInfo,2246]: [EtherCATDriver ] index=0x0  subindex=0 bitlen=0 derect=0  
20260819-164009:969733656 EtherCAT|INFO [EcatDrv_MakePDOMappingInfo,2246]: [EtherCATDriver ] index=0x0  subindex=0 bitlen=0 derect=0
20260819-164009:969755512 EtherCAT|INFO [EcatDrv_MakePDOMappingInfo,2246]: [EtherCATDriver ] index=0x0  subindex=0 bitlen=0 derect=0  
20260819-164009:969776768 EtherCAT|INFO [EcatDrv_MakePDOMappingInfo,2246]: [EtherCATDriver ] index=0x0  subindex=0 bitlen=0 derect=0  
20260819-164009:969799704 EtherCAT|INFO [EcatDrv_MakePDOMappingInfo,2246]: [EtherCATDriver ] index=0x0  subindex=0 bitlen=0 derect=0
20260819-164009:969821408 EtherCAT|INFO [EcatDrv_MakePDOMappingInfo,2246]: [EtherCATDriver ] index=0x0  subindex=0 bitlen=0 derect=0  
20260819-164009:969842832 EtherCAT|INFO [EcatDrv_MakePDOMappingInfo,2246]: [EtherCATDriver ] index=0x0  subindex=0 bitlen=0 derect=0  
20260819-164009:969864608 EtherCAT|INFO [EcatDrv_MakePDOMappingInfo,2246]: [EtherCATDriver ] index=0x0  subindex=0 bitlen=0 derect=0
20260819-164009:969886648 EtherCAT|INFO [EcatDrv_MakePDOMappingInfo,2246]: [EtherCATDriver ] index=0x0  subindex=0 bitlen=0 derect=0  
20260819-164009:969908456 EtherCAT|INFO [EcatDrv_MakePDOMappingInfo,2246]: [EtherCATDriver ] index=0x0  subindex=0 bitlen=0 derect=0  
20260819-164009:969930016 EtherCAT|INFO [EcatDrv_MakePDOMappingInfo,2246]: [EtherCATDriver ] index=0x0  subindex=0 bitlen=0 derect=0
20260819-164009:969953312 EtherCAT|INFO [EcatDrv_MakePDOMappingInfo,2246]: [EtherCATDriver ] index=0x0  subindex=0 bitlen=0 derect=0  
20260819-164009:969975656 EtherCAT|INFO [EcatDrv_MakePDOMappingInfo,2246]: [EtherCATDriver ] index=0x0  subindex=0 bitlen=0 derect=0  
20260819-164009:969997512 EtherCAT|INFO [EcatDrv_MakePDOMappingInfo,2246]: [EtherCATDriver ] index=0x0  subindex=0 bitlen=0 derect=0
20260819-164009:970019448 EtherCAT|INFO [EcatDrv_MakePDOMappingInfo,2246]: [EtherCATDriver ] index=0x0  subindex=0 bitlen=0 derect=0  
20260819-164009:970041368 EtherCAT|INFO [EcatDrv_MakePDOMappingInfo,2246]: [EtherCATDriver ] index=0x0  subindex=0 bitlen=0 derect=0  
20260819-164009:970063448 EtherCAT|INFO [EcatDrv_MakePDOMappingInfo,2246]: [EtherCATDriver ] index=0x0  subindex=0 bitlen=0 derect=0
20260819-164009:970085216 EtherCAT|INFO [EcatDrv_MakePDOMappingInfo,2246]: [EtherCATDriver ] index=0x0  subindex=0 bitlen=0 derect=0  
20260819-164009:970106768 EtherCAT|INFO [EcatDrv_MakePDOMappingInfo,2246]: [EtherCATDriver ] index=0x0  subindex=0 bitlen=0 derect=0  
20260819-164009:970129384 EtherCAT|INFO [EcatDrv_MakePDOMappingInfo,2246]: [EtherCATDriver ] index=0x0  subindex=0 bitlen=0 derect=0
20260819-164009:970151384 EtherCAT|INFO [EcatDrv_MakePDOMappingInfo,2246]: [EtherCATDriver ] index=0x0  subindex=0 bitlen=0 derect=0  
20260819-164009:970173728 EtherCAT|INFO [EcatDrv_MakePDOMappingInfo,2246]: [EtherCATDriver ] index=0x0  subindex=0 bitlen=0 derect=0  
20260819-164009:970198248 EtherCAT|INFO [EcatDrv_MakePDOMappingInfo,2246]: [EtherCATDriver ] index=0x0  subindex=0 bitlen=0 derect=0
20260819-164009:970220328 EtherCAT|INFO [EcatDrv_MakePDOMappingInfo,2246]: [EtherCATDriver ] index=0x0  subindex=0 bitlen=0 derect=0  
20260819-164009:970242304 EtherCAT|INFO [EcatDrv_MakePDOMappingInfo,2246]: [EtherCATDriver ] index=0x0  subindex=0 bitlen=0 derect=0  
20260819-164009:970264112 EtherCAT|INFO [EcatDrv_MakePDOMappingInfo,2246]: [EtherCATDriver ] index=0x0  subindex=0 bitlen=0 derect=0
20260819-164009:970286384 EtherCAT|INFO [EcatDrv_MakePDOMappingInfo,2246]: [EtherCATDriver ] index=0x0  subindex=0 bitlen=0 derect=0  
20260819-164009:970308392 EtherCAT|INFO [EcatDrv_MakePDOMappingInfo,2246]: [EtherCATDriver ] index=0x0  subindex=0 bitlen=0 derect=0  
20260819-164009:970346504 EtherCAT|INFO [EcatDrv_MakePDOMappingInfo,2246]: [EtherCATDriver ] index=0x0  subindex=0 bitlen=0 derect=0
20260819-164009:970370216 EtherCAT|INFO [EcatDrv_MakePDOMappingInfo,2246]: [EtherCATDriver ] index=0x0  subindex=0 bitlen=0 derect=0  
20260819-164009:970392568 EtherCAT|INFO [EcatDrv_MakePDOMappingInfo,2246]: [EtherCATDriver ] index=0x0  subindex=0 bitlen=0 derect=0  
20260819-164009:970413976 EtherCAT|INFO [EcatDrv_MakePDOMappingInfo,2246]: [EtherCATDriver ] index=0x0  subindex=0 bitlen=0 derect=0
20260819-164009:970435728 EtherCAT|INFO [EcatDrv_MakePDOMappingInfo,2246]: [EtherCATDriver ] index=0x0  subindex=0 bitlen=0 derect=0  
20260819-164009:970457272 EtherCAT|INFO [EcatDrv_MakePDOMappingInfo,2246]: [EtherCATDriver ] index=0x0  subindex=0 bitlen=0 derect=0  
20260819-164009:970479904 EtherCAT|INFO [EcatDrv_MakePDOMappingInfo,2246]: [EtherCATDriver ] index=0x0  subindex=0 bitlen=0 derect=0
20260819-164009:970501504 EtherCAT|INFO [EcatDrv_MakePDOMappingInfo,2246]: [EtherCATDriver ] index=0x0  subindex=0 bitlen=0 derect=0  
20260819-164009:970524096 EtherCAT|INFO [EcatDrv_MakePDOMappingInfo,2246]: [EtherCATDriver ] index=0x0  subindex=0 bitlen=0 derect=0  
20260819-164009:970546032 EtherCAT|INFO [EcatDrv_MakePDOMappingInfo,2246]: [EtherCATDriver ] index=0x0  subindex=0 bitlen=0 derect=0
20260819-164009:970568128 EtherCAT|INFO [EcatDrv_MakePDOMappingInfo,2246]: [EtherCATDriver ] index=0x0  subindex=0 bitlen=0 derect=0  
20260819-164009:970589728 EtherCAT|INFO [EcatDrv_MakePDOMappingInfo,2246]: [EtherCATDriver ] index=0x0  subindex=0 bitlen=0 derect=0  
20260819-164009:970611696 EtherCAT|INFO [EcatDrv_MakePDOMappingInfo,2246]: [EtherCATDriver ] index=0x0  subindex=0 bitlen=0 derect=0
20260819-164009:970633488 EtherCAT|INFO [EcatDrv_MakePDOMappingInfo,2246]: [EtherCATDriver ] index=0x0  subindex=0 bitlen=0 derect=0  
20260819-164009:970655064 EtherCAT|INFO [EcatDrv_MakePDOMappingInfo,2246]: [EtherCATDriver ] index=0x0  subindex=0 bitlen=0 derect=0  
20260819-164009:970676544 EtherCAT|INFO [EcatDrv_MakePDOMappingInfo,2246]: [EtherCATDriver ] index=0x0  subindex=0 bitlen=0 derect=0
20260819-164009:970698384 EtherCAT|INFO [EcatDrv_MakePDOMappingInfo,2246]: [EtherCATDriver ] index=0x0  subindex=0 bitlen=0 derect=0  
20260819-164009:970720096 EtherCAT|INFO [EcatDrv_MakePDOMappingInfo,2246]: [EtherCATDriver ] index=0x0  subindex=0 bitlen=0 derect=0  
20260819-164009:970743368 EtherCAT|INFO [EcatDrv_MakePDOMappingInfo,2246]: [EtherCATDriver ] index=0x0  subindex=0 bitlen=0 derect=0
20260819-164009:970765696 EtherCAT|INFO [EcatDrv_MakePDOMappingInfo,2246]: [EtherCATDriver ] index=0x0  subindex=0 bitlen=0 derect=0  
20260819-164009:970788816 EtherCAT|INFO [EcatDrv_MakePDOMappingInfo,2246]: [EtherCATDriver ] index=0x0  subindex=0 bitlen=0 derect=0  
20260819-164009:970811256 EtherCAT|INFO [EcatDrv_MakePDOMappingInfo,2246]: [EtherCATDriver ] index=0x0  subindex=0 bitlen=0 derect=0
20260819-164009:970833528 EtherCAT|INFO [EcatDrv_MakePDOMappingInfo,2246]: [EtherCATDriver ] index=0x0  subindex=0 bitlen=0 derect=0  
20260819-164009:970855296 EtherCAT|INFO [EcatDrv_MakePDOMappingInfo,2246]: [EtherCATDriver ] index=0x0  subindex=0 bitlen=0 derect=0  
20260819-164009:970877208 EtherCAT|INFO [EcatDrv_MakePDOMappingInfo,2246]: [EtherCATDriver ] index=0x0  subindex=0 bitlen=0 derect=0
20260819-164009:970898608 EtherCAT|INFO [EcatDrv_MakePDOMappingInfo,2246]: [EtherCATDriver ] index=0x0  subindex=0 bitlen=0 derect=0  
20260819-164009:970920104 EtherCAT|INFO [EcatDrv_MakePDOMappingInfo,2246]: [EtherCATDriver ] index=0x0  subindex=0 bitlen=0 derect=0  
20260819-164009:970942328 EtherCAT|INFO [EcatDrv_MakePDOMappingInfo,2246]: [EtherCATDriver ] index=0x0  subindex=0 bitlen=0 derect=0
20260819-164009:971024184 EtherCAT|INFO [CoESrv_IndexPosInit,327]: rx idn : object : 6040, robotaddr = 0, moduleaddr = 1086a814. EcatPos is 0. 0  
20260819-164009:971065216 EtherCAT|INFO [CoESrv_IndexPosInit,327]: rx idn : object : 6071, robotaddr = 0, moduleaddr = 1086a820. EcatPos is 2. 0  
20260819-164009:971111504 EtherCAT|INFO [CoESrv_IndexPosInit,327]: rx idn : object : 607a, robotaddr = 0, moduleaddr = 1086a830. EcatPos is 4. 0 
20260819-164009:971147632 EtherCAT|INFO [CoESrv_IndexPosInit,327]: rx idn : object : 60b2, robotaddr = 0, moduleaddr = 1086a826. EcatPos is 8. 0  
20260819-164009:971182752 EtherCAT|INFO [CoESrv_IndexPosInit,327]: rx idn : object : 6060, robotaddr = 0, moduleaddr = 1086a818. EcatPos is 10. 0  
20260819-164009:971218952 EtherCAT|INFO [CoESrv_IndexPosInit,327]: rx idn : object : 0, robotaddr = 0, moduleaddr = 0. EcatPos is 21. 0 
20260819-164009:971265856 EtherCAT|INFO [CoESrv_IndexPosInit,327]: rx idn : object : 6040, robotaddr = 0, moduleaddr = 1086aab0. EcatPos is 0. 1  
20260819-164009:971302352 EtherCAT|INFO [CoESrv_IndexPosInit,327]: rx idn : object : 6071, robotaddr = 0, moduleaddr = 1086aabc. EcatPos is 2. 1  
20260819-164009:971366848 EtherCAT|INFO [CoESrv_IndexPosInit,327]: rx idn : object : 607a, robotaddr = 0, moduleaddr = 1086aacc. EcatPos is 4. 1 
20260819-164009:971405024 EtherCAT|INFO [CoESrv_IndexPosInit,327]: rx idn : object : 60b2, robotaddr = 0, moduleaddr = 1086aac2. EcatPos is 8. 1  
20260819-164009:971441016 EtherCAT|INFO [CoESrv_IndexPosInit,327]: rx idn : object : 6060, robotaddr = 0, moduleaddr = 1086aab4. EcatPos is 10. 1  
20260819-164009:971467488 EtherCAT|INFO [CoESrv_IndexPosInit,327]: rx idn : object : 0, robotaddr = 0, moduleaddr = 0. EcatPos is 21. 1 
20260819-164009:971510688 EtherCAT|INFO [CoESrv_IndexPosInit,327]: rx idn : object : 6040, robotaddr = 0, moduleaddr = 1086ad4c. EcatPos is 0. 2  
20260819-164009:971545824 EtherCAT|INFO [CoESrv_IndexPosInit,327]: rx idn : object : 6071, robotaddr = 0, moduleaddr = 1086ad58. EcatPos is 2. 2  
20260819-164009:971590976 EtherCAT|INFO [CoESrv_IndexPosInit,327]: rx idn : object : 607a, robotaddr = 0, moduleaddr = 1086ad68. EcatPos is 4. 2 
20260819-164009:971625904 EtherCAT|INFO [CoESrv_IndexPosInit,327]: rx idn : object : 60b2, robotaddr = 0, moduleaddr = 1086ad5e. EcatPos is 8. 2  
20260819-164009:971660264 EtherCAT|INFO [CoESrv_IndexPosInit,327]: rx idn : object : 6060, robotaddr = 0, moduleaddr = 1086ad50. EcatPos is 10. 2  
20260819-164009:971685656 EtherCAT|INFO [CoESrv_IndexPosInit,327]: rx idn : object : 0, robotaddr = 0, moduleaddr = 0. EcatPos is 21. 2 
20260819-164009:971729088 EtherCAT|INFO [CoESrv_IndexPosInit,327]: rx idn : object : 6040, robotaddr = 0, moduleaddr = 1086afe8. EcatPos is 0. 3  
20260819-164009:971765296 EtherCAT|INFO [CoESrv_IndexPosInit,327]: rx idn : object : 6071, robotaddr = 0, moduleaddr = 1086aff4. EcatPos is 2. 3  
20260819-164009:971808424 EtherCAT|INFO [CoESrv_IndexPosInit,327]: rx idn : object : 607a, robotaddr = 0, moduleaddr = 1086b004. EcatPos is 4. 3 
20260819-164009:971843424 EtherCAT|INFO [CoESrv_IndexPosInit,327]: rx idn : object : 60b2, robotaddr = 0, moduleaddr = 1086affa. EcatPos is 8. 3  
20260819-164009:971878328 EtherCAT|INFO [CoESrv_IndexPosInit,327]: rx idn : object : 6060, robotaddr = 0, moduleaddr = 1086afec. EcatPos is 10. 3  
20260819-164009:971903592 EtherCAT|INFO [CoESrv_IndexPosInit,327]: rx idn : object : 0, robotaddr = 0, moduleaddr = 0. EcatPos is 21. 3 
20260819-164009:971947384 EtherCAT|INFO [CoESrv_IndexPosInit,327]: rx idn : object : 6040, robotaddr = 0, moduleaddr = 1086b284. EcatPos is 0. 4  
20260819-164009:971983744 EtherCAT|INFO [CoESrv_IndexPosInit,327]: rx idn : object : 6071, robotaddr = 0, moduleaddr = 1086b290. EcatPos is 2. 4  
20260819-164009:972027088 EtherCAT|INFO [CoESrv_IndexPosInit,327]: rx idn : object : 607a, robotaddr = 0, moduleaddr = 1086b2a0. EcatPos is 4. 4 
20260819-164009:972062312 EtherCAT|INFO [CoESrv_IndexPosInit,327]: rx idn : object : 60b2, robotaddr = 0, moduleaddr = 1086b296. EcatPos is 8. 4  
20260819-164009:972096984 EtherCAT|INFO [CoESrv_IndexPosInit,327]: rx idn : object : 6060, robotaddr = 0, moduleaddr = 1086b288. EcatPos is 10. 4  
20260819-164009:972123584 EtherCAT|INFO [CoESrv_IndexPosInit,327]: rx idn : object : 0, robotaddr = 0, moduleaddr = 0. EcatPos is 21. 4 
20260819-164009:972166488 EtherCAT|INFO [CoESrv_IndexPosInit,327]: rx idn : object : 6040, robotaddr = 0, moduleaddr = 1086b520. EcatPos is 0. 5  
20260819-164009:972205656 EtherCAT|INFO [CoESrv_IndexPosInit,327]: rx idn : object : 6071, robotaddr = 0, moduleaddr = 1086b52c. EcatPos is 2. 5  
20260819-164009:972250384 EtherCAT|INFO [CoESrv_IndexPosInit,327]: rx idn : object : 607a, robotaddr = 0, moduleaddr = 1086b53c. EcatPos is 4. 5 
20260819-164009:972285528 EtherCAT|INFO [CoESrv_IndexPosInit,327]: rx idn : object : 60b2, robotaddr = 0, moduleaddr = 1086b532. EcatPos is 8. 5  
20260819-164009:972321176 EtherCAT|INFO [CoESrv_IndexPosInit,327]: rx idn : object : 6060, robotaddr = 0, moduleaddr = 1086b524. EcatPos is 10. 5  
20260819-164009:972346792 EtherCAT|INFO [CoESrv_IndexPosInit,327]: rx idn : object : 0, robotaddr = 0, moduleaddr = 0. EcatPos is 21. 5 
20260819-164009:972412016 EtherCAT|INFO [CoESrv_IndexPosInit,327]: rx idn : object : 6040, robotaddr = 0, moduleaddr = 1086b7bc. EcatPos is 0. 6  
20260819-164009:972449344 EtherCAT|INFO [CoESrv_IndexPosInit,327]: rx idn : object : 6071, robotaddr = 0, moduleaddr = 1086b7c8. EcatPos is 2. 6  
20260819-164009:972493272 EtherCAT|INFO [CoESrv_IndexPosInit,327]: rx idn : object : 607a, robotaddr = 0, moduleaddr = 1086b7d8. EcatPos is 4. 6 
20260819-164009:972528992 EtherCAT|INFO [CoESrv_IndexPosInit,327]: rx idn : object : 60b2, robotaddr = 0, moduleaddr = 1086b7ce. EcatPos is 8. 6  
20260819-164009:972564432 EtherCAT|INFO [CoESrv_IndexPosInit,327]: rx idn : object : 6060, robotaddr = 0, moduleaddr = 1086b7c0. EcatPos is 10. 6  
20260819-164009:972591256 EtherCAT|INFO [CoESrv_IndexPosInit,327]: rx idn : object : 0, robotaddr = 0, moduleaddr = 0. EcatPos is 21. 6 
20260819-164009:972638832 EtherCAT|INFO [CoESrv_IndexPosInit,375]: tx idn : object : 6041, robotaddr = 0, moduleaddr = 1086a816. EcatPos is 0. 0 
20260819-164009:972675464 EtherCAT|INFO [CoESrv_IndexPosInit,375]: tx idn : object : 603f, robotaddr = 0, moduleaddr = 1086a81a. EcatPos is 2. 0 
20260819-164009:972718496 EtherCAT|INFO [CoESrv_IndexPosInit,375]: tx idn : object : 6064, robotaddr = 0, moduleaddr = 1086a834. EcatPos is 4. 0
20260819-164009:972752864 EtherCAT|INFO [CoESrv_IndexPosInit,375]: tx idn : object : 6077, robotaddr = 0, moduleaddr = 1086a822. EcatPos is 8. 0 
20260819-164009:972787992 EtherCAT|INFO [CoESrv_IndexPosInit,375]: tx idn : object : 6078, robotaddr = 0, moduleaddr = 1086a824. EcatPos is 10. 0 
20260819-164009:972825488 EtherCAT|INFO [CoESrv_IndexPosInit,375]: tx idn : object : 606c, robotaddr = 0, moduleaddr = 1086a82c. EcatPos is 12. 0
20260819-164009:972861648 EtherCAT|INFO [CoESrv_IndexPosInit,375]: tx idn : object : 60f4, robotaddr = 0, moduleaddr = 1086a838. EcatPos is 16. 0 
20260819-164009:972895984 EtherCAT|INFO [CoESrv_IndexPosInit,375]: tx idn : object : 6061, robotaddr = 0, moduleaddr = 1086a819. EcatPos is 20. 0 
20260819-164009:972921872 EtherCAT|INFO [CoESrv_IndexPosInit,375]: tx idn : object : 0, robotaddr = 0, moduleaddr = 0. EcatPos is 21. 0
20260819-164009:972965232 EtherCAT|INFO [CoESrv_IndexPosInit,375]: tx idn : object : 6041, robotaddr = 0, moduleaddr = 1086aab2. EcatPos is 0. 1 
20260819-164009:973000712 EtherCAT|INFO [CoESrv_IndexPosInit,375]: tx idn : object : 603f, robotaddr = 0, moduleaddr = 1086aab6. EcatPos is 2. 1 
20260819-164009:973044624 EtherCAT|INFO [CoESrv_IndexPosInit,375]: tx idn : object : 6064, robotaddr = 0, moduleaddr = 1086aad0. EcatPos is 4. 1
20260819-164009:973080016 EtherCAT|INFO [CoESrv_IndexPosInit,375]: tx idn : object : 6077, robotaddr = 0, moduleaddr = 1086aabe. EcatPos is 8. 1 
20260819-164009:973115568 EtherCAT|INFO [CoESrv_IndexPosInit,375]: tx idn : object : 6078, robotaddr = 0, moduleaddr = 1086aac0. EcatPos is 10. 1 
20260819-164009:973150936 EtherCAT|INFO [CoESrv_IndexPosInit,375]: tx idn : object : 606c, robotaddr = 0, moduleaddr = 1086aac8. EcatPos is 12. 1
20260819-164009:973192672 EtherCAT|INFO [CoESrv_IndexPosInit,375]: tx idn : object : 60f4, robotaddr = 0, moduleaddr = 1086aad4. EcatPos is 16. 1 
20260819-164009:973231168 EtherCAT|INFO [CoESrv_IndexPosInit,375]: tx idn : object : 6061, robotaddr = 0, moduleaddr = 1086aab5. EcatPos is 20. 1 
20260819-164009:973258248 EtherCAT|INFO [CoESrv_IndexPosInit,375]: tx idn : object : 0, robotaddr = 0, moduleaddr = 0. EcatPos is 21. 1
20260819-164009:973301152 EtherCAT|INFO [CoESrv_IndexPosInit,375]: tx idn : object : 6041, robotaddr = 0, moduleaddr = 1086ad4e. EcatPos is 0. 2 
20260819-164009:973337016 EtherCAT|INFO [CoESrv_IndexPosInit,375]: tx idn : object : 603f, robotaddr = 0, moduleaddr = 1086ad52. EcatPos is 2. 2 
20260819-164009:973402144 EtherCAT|INFO [CoESrv_IndexPosInit,375]: tx idn : object : 6064, robotaddr = 0, moduleaddr = 1086ad6c. EcatPos is 4. 2
20260819-164009:973440624 EtherCAT|INFO [CoESrv_IndexPosInit,375]: tx idn : object : 6077, robotaddr = 0, moduleaddr = 1086ad5a. EcatPos is 8. 2 
20260819-164009:973477344 EtherCAT|INFO [CoESrv_IndexPosInit,375]: tx idn : object : 6078, robotaddr = 0, moduleaddr = 1086ad5c. EcatPos is 10. 2 
20260819-164009:973514832 EtherCAT|INFO [CoESrv_IndexPosInit,375]: tx idn : object : 606c, robotaddr = 0, moduleaddr = 1086ad64. EcatPos is 12. 2
20260819-164009:973550824 EtherCAT|INFO [CoESrv_IndexPosInit,375]: tx idn : object : 60f4, robotaddr = 0, moduleaddr = 1086ad70. EcatPos is 16. 2 
20260819-164009:973585464 EtherCAT|INFO [CoESrv_IndexPosInit,375]: tx idn : object : 6061, robotaddr = 0, moduleaddr = 1086ad51. EcatPos is 20. 2 
20260819-164009:973611232 EtherCAT|INFO [CoESrv_IndexPosInit,375]: tx idn : object : 0, robotaddr = 0, moduleaddr = 0. EcatPos is 21. 2
20260819-164009:973654056 EtherCAT|INFO [CoESrv_IndexPosInit,375]: tx idn : object : 6041, robotaddr = 0, moduleaddr = 1086afea. EcatPos is 0. 3 
20260819-164009:973689416 EtherCAT|INFO [CoESrv_IndexPosInit,375]: tx idn : object : 603f, robotaddr = 0, moduleaddr = 1086afee. EcatPos is 2. 3 
20260819-164009:973731072 EtherCAT|INFO [CoESrv_IndexPosInit,375]: tx idn : object : 6064, robotaddr = 0, moduleaddr = 1086b008. EcatPos is 4. 3
20260819-164009:973766192 EtherCAT|INFO [CoESrv_IndexPosInit,375]: tx idn : object : 6077, robotaddr = 0, moduleaddr = 1086aff6. EcatPos is 8. 3 
20260819-164009:973800736 EtherCAT|INFO [CoESrv_IndexPosInit,375]: tx idn : object : 6078, robotaddr = 0, moduleaddr = 1086aff8. EcatPos is 10. 3 
20260819-164009:973835776 EtherCAT|INFO [CoESrv_IndexPosInit,375]: tx idn : object : 606c, robotaddr = 0, moduleaddr = 1086b000. EcatPos is 12. 3
20260819-164009:973871808 EtherCAT|INFO [CoESrv_IndexPosInit,375]: tx idn : object : 60f4, robotaddr = 0, moduleaddr = 1086b00c. EcatPos is 16. 3 
20260819-164009:973907192 EtherCAT|INFO [CoESrv_IndexPosInit,375]: tx idn : object : 6061, robotaddr = 0, moduleaddr = 1086afed. EcatPos is 20. 3 
20260819-164009:973933464 EtherCAT|INFO [CoESrv_IndexPosInit,375]: tx idn : object : 0, robotaddr = 0, moduleaddr = 0. EcatPos is 21. 3
20260819-164009:973976224 EtherCAT|INFO [CoESrv_IndexPosInit,375]: tx idn : object : 6041, robotaddr = 0, moduleaddr = 1086b286. EcatPos is 0. 4 
20260819-164009:974011272 EtherCAT|INFO [CoESrv_IndexPosInit,375]: tx idn : object : 603f, robotaddr = 0, moduleaddr = 1086b28a. EcatPos is 2. 4 
20260819-164009:974054656 EtherCAT|INFO [CoESrv_IndexPosInit,375]: tx idn : object : 6064, robotaddr = 0, moduleaddr = 1086b2a4. EcatPos is 4. 4
20260819-164009:974089248 EtherCAT|INFO [CoESrv_IndexPosInit,375]: tx idn : object : 6077, robotaddr = 0, moduleaddr = 1086b292. EcatPos is 8. 4 
20260819-164009:974124928 EtherCAT|INFO [CoESrv_IndexPosInit,375]: tx idn : object : 6078, robotaddr = 0, moduleaddr = 1086b294. EcatPos is 10. 4 
20260819-164009:974161152 EtherCAT|INFO [CoESrv_IndexPosInit,375]: tx idn : object : 606c, robotaddr = 0, moduleaddr = 1086b29c. EcatPos is 12. 4
20260819-164009:974199776 EtherCAT|INFO [CoESrv_IndexPosInit,375]: tx idn : object : 60f4, robotaddr = 0, moduleaddr = 1086b2a8. EcatPos is 16. 4 
20260819-164009:974234832 EtherCAT|INFO [CoESrv_IndexPosInit,375]: tx idn : object : 6061, robotaddr = 0, moduleaddr = 1086b289. EcatPos is 20. 4 
20260819-164009:974261288 EtherCAT|INFO [CoESrv_IndexPosInit,375]: tx idn : object : 0, robotaddr = 0, moduleaddr = 0. EcatPos is 21. 4
20260819-164009:974304224 EtherCAT|INFO [CoESrv_IndexPosInit,375]: tx idn : object : 6041, robotaddr = 0, moduleaddr = 1086b522. EcatPos is 0. 5 
20260819-164009:974339096 EtherCAT|INFO [CoESrv_IndexPosInit,375]: tx idn : object : 603f, robotaddr = 0, moduleaddr = 1086b526. EcatPos is 2. 5 
20260819-164009:974380928 EtherCAT|INFO [CoESrv_IndexPosInit,375]: tx idn : object : 6064, robotaddr = 0, moduleaddr = 1086b540. EcatPos is 4. 5
20260819-164009:974437144 EtherCAT|INFO [CoESrv_IndexPosInit,375]: tx idn : object : 6077, robotaddr = 0, moduleaddr = 1086b52e. EcatPos is 8. 5 
20260819-164009:974474272 EtherCAT|INFO [CoESrv_IndexPosInit,375]: tx idn : object : 6078, robotaddr = 0, moduleaddr = 1086b530. EcatPos is 10. 5 
20260819-164009:974509416 EtherCAT|INFO [CoESrv_IndexPosInit,375]: tx idn : object : 606c, robotaddr = 0, moduleaddr = 1086b538. EcatPos is 12. 5
20260819-164009:974544672 EtherCAT|INFO [CoESrv_IndexPosInit,375]: tx idn : object : 60f4, robotaddr = 0, moduleaddr = 1086b544. EcatPos is 16. 5 
20260819-164009:974580168 EtherCAT|INFO [CoESrv_IndexPosInit,375]: tx idn : object : 6061, robotaddr = 0, moduleaddr = 1086b525. EcatPos is 20. 5 
20260819-164009:974606296 EtherCAT|INFO [CoESrv_IndexPosInit,375]: tx idn : object : 0, robotaddr = 0, moduleaddr = 0. EcatPos is 21. 5
20260819-164009:974650344 EtherCAT|INFO [CoESrv_IndexPosInit,375]: tx idn : object : 6041, robotaddr = 0, moduleaddr = 1086b7be. EcatPos is 0. 6 
20260819-164009:974684896 EtherCAT|INFO [CoESrv_IndexPosInit,375]: tx idn : object : 603f, robotaddr = 0, moduleaddr = 1086b7c2. EcatPos is 2. 6 
20260819-164009:974728152 EtherCAT|INFO [CoESrv_IndexPosInit,375]: tx idn : object : 6064, robotaddr = 0, moduleaddr = 1086b7dc. EcatPos is 4. 6
20260819-164009:974762816 EtherCAT|INFO [CoESrv_IndexPosInit,375]: tx idn : object : 6077, robotaddr = 0, moduleaddr = 1086b7ca. EcatPos is 8. 6 
20260819-164009:974798656 EtherCAT|INFO [CoESrv_IndexPosInit,375]: tx idn : object : 6078, robotaddr = 0, moduleaddr = 1086b7cc. EcatPos is 10. 6 
20260819-164009:974834192 EtherCAT|INFO [CoESrv_IndexPosInit,375]: tx idn : object : 606c, robotaddr = 0, moduleaddr = 1086b7d4. EcatPos is 12. 6
20260819-164009:974869296 EtherCAT|INFO [CoESrv_IndexPosInit,375]: tx idn : object : 60f4, robotaddr = 0, moduleaddr = 1086b7e0. EcatPos is 16. 6 
20260819-164009:974904824 EtherCAT|INFO [CoESrv_IndexPosInit,375]: tx idn : object : 6061, robotaddr = 0, moduleaddr = 1086b7c1. EcatPos is 20. 6 
20260819-164009:974930456 EtherCAT|INFO [CoESrv_IndexPosInit,375]: tx idn : object : 0, robotaddr = 0, moduleaddr = 0. EcatPos is 21. 6
20260819-164009:974953104 EtherCAT|INFO [CoESrv_IndexPosInit,384]: TxPDONum is 9, RxPDONum is 6.  
20260819-164009:974974728 EtherCAT|INFO [EcatStack_SetSlaveCfgValid,141]: [EtherCATModule ] Ecat slave config command : 1  
20260819-164009:974999488 EtherCAT|INFO [CANopenModule_ThreadEntry,319]: [CANopenModule  ] Matched slave config param has found : VEICHI
20260819-164009:975021048 EtherCAT|INFO [CANopenModule_ThreadEntry,320]: [CANopenModule  ] Task state is SLAVECFG turn to RESOURCE_CHK  
20260819-164009:975065344 EtherCAT|INFO [EcatDrv_CheckEvent,1232]: coe_event is 1, pre is 4  
20260819-164009:976390432 EtherCAT|INFO [EcatDrv_Task,714]: [EtherCATDriver ] slave : 1 pdo re-map is needed  
20260819-164009:976570096 EtherCAT|INFO [EcatDrv_Task,714]: [EtherCATDriver ] slave : 2 pdo re-map is needed
20260819-164009:976730152 EtherCAT|INFO [EcatDrv_Task,714]: [EtherCATDriver ] slave : 3 pdo re-map is needed  
20260819-164009:976887448 EtherCAT|INFO [EcatDrv_Task,714]: [EtherCATDriver ] slave : 4 pdo re-map is needed  
20260819-164009:977043048 EtherCAT|INFO [EcatDrv_Task,714]: [EtherCATDriver ] slave : 5 pdo re-map is needed  
20260819-164009:977200752 EtherCAT|INFO [EcatDrv_Task,714]: [EtherCATDriver ] slave : 6 pdo re-map is needed
20260819-164009:977359488 EtherCAT|INFO [EcatDrv_Task,714]: [EtherCATDriver ] slave : 7 pdo re-map is needed  
20260819-164009:989300752 EtherCAT|INFO [EcatDrv_PO2SOconfig,1514]: [EtherCATDriver ] slave : 1 txpdo : 0x60400010 map to 0x1600:1 ret:3  
20260819-164009:989515944 EtherCAT|INFO [EcatDrv_PO2SOconfig,1514]: [EtherCATDriver ] slave : 1 txpdo : 0x60710010 map to 0x1600:2 ret:4
20260819-164009:990300784 EtherCAT|INFO [EcatDrv_PO2SOconfig,1514]: [EtherCATDriver ] slave : 1 txpdo : 0x607a0020 map to 0x1600:3 ret:5  
20260819-164009:990510424 EtherCAT|INFO [EcatDrv_PO2SOconfig,1514]: [EtherCATDriver ] slave : 1 txpdo : 0x60b20010 map to 0x1600:4 ret:6  
20260819-164009:991292312 EtherCAT|INFO [EcatDrv_PO2SOconfig,1514]: [EtherCATDriver ] slave : 1 txpdo : 0x60600008 map to 0x1600:5 ret:7
20260819-164009:992302256 EtherCAT|INFO [EcatDrv_PO2SOconfig,1514]: [EtherCATDriver ] slave : 1 txpdo : 0x8 map to 0x1600:6 ret:8  
20260819-164009:992511992 EtherCAT|INFO [EcatDrv_PO2SOconfig,1522]: [EtherCATDriver ] slave : 1 rxpdo : 0x60410010 map to 0x1a00:1 ret:9  
20260819-164009:993293408 EtherCAT|INFO [EcatDrv_PO2SOconfig,1522]: [EtherCATDriver ] slave : 1 rxpdo : 0x603f0010 map to 0x1a00:2 ret:10
20260819-164009:993504336 EtherCAT|INFO [EcatDrv_PO2SOconfig,1522]: [EtherCATDriver ] slave : 1 rxpdo : 0x60640020 map to 0x1a00:3 ret:11  
20260819-164009:994312312 EtherCAT|INFO [EcatDrv_PO2SOconfig,1522]: [EtherCATDriver ] slave : 1 rxpdo : 0x60770010 map to 0x1a00:4 ret:12  
20260819-164009:995295584 EtherCAT|INFO [EcatDrv_PO2SOconfig,1522]: [EtherCATDriver ] slave : 1 rxpdo : 0x60780010 map to 0x1a00:5 ret:13
20260819-164009:995506936 EtherCAT|INFO [EcatDrv_PO2SOconfig,1522]: [EtherCATDriver ] slave : 1 rxpdo : 0x606c0020 map to 0x1a00:6 ret:14  
20260819-164009:996303216 EtherCAT|INFO [EcatDrv_PO2SOconfig,1522]: [EtherCATDriver ] slave : 1 rxpdo : 0x60f40020 map to 0x1a00:7 ret:15  
20260819-164009:996512256 EtherCAT|INFO [EcatDrv_PO2SOconfig,1522]: [EtherCATDriver ] slave : 1 rxpdo : 0x60610008 map to 0x1a00:8 ret:16
20260819-164009:997292088 EtherCAT|INFO [EcatDrv_PO2SOconfig,1522]: [EtherCATDriver ] slave : 1 rxpdo : 0x8 map to 0x1a00:9 ret:17  
20260819-164009:997512016 EtherCAT|INFO [EcatDrv_PO2SOconfig,1532]: [EtherCATDriver ] slave : 1 write 6 to 0xlx:0 ret:5632  
20260819-164009:998301048 EtherCAT|INFO [EcatDrv_PO2SOconfig,1536]: [EtherCATDriver ] slave : 1 write 9 to 0x1a00:0 ret:19
20260819-164009:998509848 EtherCAT|INFO [EcatDrv_PO2SOconfig,1539]: [EtherCATDriver ] slave : 1 write 1600 to 0x1C12:1 ret:20  
20260819-164009:999296936 EtherCAT|INFO [EcatDrv_PO2SOconfig,1542]: [EtherCATDriver ] slave : 1 write 1 to 0x1C12:0 ret:21  
20260819-164009:999503856 EtherCAT|INFO [EcatDrv_PO2SOconfig,1545]: [EtherCATDriver ] slave : 1 write 1a00 to 0x1C13:1 ret:22
20260819-164010:000301856 EtherCAT|INFO [EcatDrv_PO2SOconfig,1548]: [EtherCATDriver ] slave : 1 write 1 to 0x1C13:0 ret:23  
20260819-164010:039297032 EtherCAT|INFO [EcatDrv_PO2SOconfig,1514]: [EtherCATDriver ] slave : 2 txpdo : 0x60400010 map to 0x1600:1 ret:3  
20260819-164010:040300352 EtherCAT|INFO [EcatDrv_PO2SOconfig,1514]: [EtherCATDriver ] slave : 2 txpdo : 0x60710010 map to 0x1600:2 ret:4
20260819-164010:041292896 EtherCAT|INFO [EcatDrv_PO2SOconfig,1514]: [EtherCATDriver ] slave : 2 txpdo : 0x607a0020 map to 0x1600:3 ret:5  
20260819-164010:042300952 EtherCAT|INFO [EcatDrv_PO2SOconfig,1514]: [EtherCATDriver ] slave : 2 txpdo : 0x60b20010 map to 0x1600:4 ret:6  
20260819-164010:043299344 EtherCAT|INFO [EcatDrv_PO2SOconfig,1514]: [EtherCATDriver ] slave : 2 txpdo : 0x60600008 map to 0x1600:5 ret:7
20260819-164010:044304624 EtherCAT|INFO [EcatDrv_PO2SOconfig,1514]: [EtherCATDriver ] slave : 2 txpdo : 0x8 map to 0x1600:6 ret:8  
20260819-164010:045293984 EtherCAT|INFO [EcatDrv_PO2SOconfig,1522]: [EtherCATDriver ] slave : 2 rxpdo : 0x60410010 map to 0x1a00:1 ret:9  
20260819-164010:046302072 EtherCAT|INFO [EcatDrv_PO2SOconfig,1522]: [EtherCATDriver ] slave : 2 rxpdo : 0x603f0010 map to 0x1a00:2 ret:10
20260819-164010:047292056 EtherCAT|INFO [EcatDrv_PO2SOconfig,1522]: [EtherCATDriver ] slave : 2 rxpdo : 0x60640020 map to 0x1a00:3 ret:11  
20260819-164010:048299992 EtherCAT|INFO [EcatDrv_PO2SOconfig,1522]: [EtherCATDriver ] slave : 2 rxpdo : 0x60770010 map to 0x1a00:4 ret:12  
20260819-164010:049295888 EtherCAT|INFO [EcatDrv_PO2SOconfig,1522]: [EtherCATDriver ] slave : 2 rxpdo : 0x60780010 map to 0x1a00:5 ret:13
20260819-164010:050299408 EtherCAT|INFO [EcatDrv_PO2SOconfig,1522]: [EtherCATDriver ] slave : 2 rxpdo : 0x606c0020 map to 0x1a00:6 ret:14  
20260819-164010:051291984 EtherCAT|INFO [EcatDrv_PO2SOconfig,1522]: [EtherCATDriver ] slave : 2 rxpdo : 0x60f40020 map to 0x1a00:7 ret:15  
20260819-164010:052302336 EtherCAT|INFO [EcatDrv_PO2SOconfig,1522]: [EtherCATDriver ] slave : 2 rxpdo : 0x60610008 map to 0x1a00:8 ret:16
20260819-164010:053299408 EtherCAT|INFO [EcatDrv_PO2SOconfig,1522]: [EtherCATDriver ] slave : 2 rxpdo : 0x8 map to 0x1a00:9 ret:17  
20260819-164010:054304424 EtherCAT|INFO [EcatDrv_PO2SOconfig,1532]: [EtherCATDriver ] slave : 2 write 6 to 0xlx:0 ret:5632  
20260819-164010:055292544 EtherCAT|INFO [EcatDrv_PO2SOconfig,1536]: [EtherCATDriver ] slave : 2 write 9 to 0x1a00:0 ret:19
20260819-164010:056300992 EtherCAT|INFO [EcatDrv_PO2SOconfig,1539]: [EtherCATDriver ] slave : 2 write 1600 to 0x1C12:1 ret:20  
20260819-164010:057294712 EtherCAT|INFO [EcatDrv_PO2SOconfig,1542]: [EtherCATDriver ] slave : 2 write 1 to 0x1C12:0 ret:21  
20260819-164010:058300712 EtherCAT|INFO [EcatDrv_PO2SOconfig,1545]: [EtherCATDriver ] slave : 2 write 1a00 to 0x1C13:1 ret:22
20260819-164010:059295048 EtherCAT|INFO [EcatDrv_PO2SOconfig,1548]: [EtherCATDriver ] slave : 2 write 1 to 0x1C13:0 ret:23  
20260819-164010:104303928 EtherCAT|INFO [EcatDrv_PO2SOconfig,1514]: [EtherCATDriver ] slave : 3 txpdo : 0x60400010 map to 0x1600:1 ret:3  
20260819-164010:105293088 EtherCAT|INFO [EcatDrv_PO2SOconfig,1514]: [EtherCATDriver ] slave : 3 txpdo : 0x60710010 map to 0x1600:2 ret:4
20260819-164010:106301856 EtherCAT|INFO [EcatDrv_PO2SOconfig,1514]: [EtherCATDriver ] slave : 3 txpdo : 0x607a0020 map to 0x1600:3 ret:5  
20260819-164010:107293672 EtherCAT|INFO [EcatDrv_PO2SOconfig,1514]: [EtherCATDriver ] slave : 3 txpdo : 0x60b20010 map to 0x1600:4 ret:6  
20260819-164010:108307168 EtherCAT|INFO [EcatDrv_PO2SOconfig,1514]: [EtherCATDriver ] slave : 3 txpdo : 0x60600008 map to 0x1600:5 ret:7
20260819-164010:109296712 EtherCAT|INFO [EcatDrv_PO2SOconfig,1514]: [EtherCATDriver ] slave : 3 txpdo : 0x8 map to 0x1600:6 ret:8  
20260819-164010:110303432 EtherCAT|INFO [EcatDrv_PO2SOconfig,1522]: [EtherCATDriver ] slave : 3 rxpdo : 0x60410010 map to 0x1a00:1 ret:9  
20260819-164010:111292968 EtherCAT|INFO [EcatDrv_PO2SOconfig,1522]: [EtherCATDriver ] slave : 3 rxpdo : 0x603f0010 map to 0x1a00:2 ret:10
20260819-164010:112301696 EtherCAT|INFO [EcatDrv_PO2SOconfig,1522]: [EtherCATDriver ] slave : 3 rxpdo : 0x60640020 map to 0x1a00:3 ret:11  
20260819-164010:113294176 EtherCAT|INFO [EcatDrv_PO2SOconfig,1522]: [EtherCATDriver ] slave : 3 rxpdo : 0x60770010 map to 0x1a00:4 ret:12  
20260819-164010:114302976 EtherCAT|INFO [EcatDrv_PO2SOconfig,1522]: [EtherCATDriver ] slave : 3 rxpdo : 0x60780010 map to 0x1a00:5 ret:13
20260819-164010:115292888 EtherCAT|INFO [EcatDrv_PO2SOconfig,1522]: [EtherCATDriver ] slave : 3 rxpdo : 0x606c0020 map to 0x1a00:6 ret:14  
20260819-164010:116300264 EtherCAT|INFO [EcatDrv_PO2SOconfig,1522]: [EtherCATDriver ] slave : 3 rxpdo : 0x60f40020 map to 0x1a00:7 ret:15  
20260819-164010:117292864 EtherCAT|INFO [EcatDrv_PO2SOconfig,1522]: [EtherCATDriver ] slave : 3 rxpdo : 0x60610008 map to 0x1a00:8 ret:16
20260819-164010:118306728 EtherCAT|INFO [EcatDrv_PO2SOconfig,1522]: [EtherCATDriver ] slave : 3 rxpdo : 0x8 map to 0x1a00:9 ret:17  
20260819-164010:119295904 EtherCAT|INFO [EcatDrv_PO2SOconfig,1532]: [EtherCATDriver ] slave : 3 write 6 to 0xlx:0 ret:5632  
20260819-164010:120300376 EtherCAT|INFO [EcatDrv_PO2SOconfig,1536]: [EtherCATDriver ] slave : 3 write 9 to 0x1a00:0 ret:19
20260819-164010:121294584 EtherCAT|INFO [EcatDrv_PO2SOconfig,1539]: [EtherCATDriver ] slave : 3 write 1600 to 0x1C12:1 ret:20  
20260819-164010:122300832 EtherCAT|INFO [EcatDrv_PO2SOconfig,1542]: [EtherCATDriver ] slave : 3 write 1 to 0x1C12:0 ret:21  
20260819-164010:123293528 EtherCAT|INFO [EcatDrv_PO2SOconfig,1545]: [EtherCATDriver ] slave : 3 write 1a00 to 0x1C13:1 ret:22
20260819-164010:124302432 EtherCAT|INFO [EcatDrv_PO2SOconfig,1548]: [EtherCATDriver ] slave : 3 write 1 to 0x1C13:0 ret:23  
20260819-164010:163293872 EtherCAT|INFO [EcatDrv_PO2SOconfig,1514]: [EtherCATDriver ] slave : 4 txpdo : 0x60400010 map to 0x1600:1 ret:3  
20260819-164010:164302848 EtherCAT|INFO [EcatDrv_PO2SOconfig,1514]: [EtherCATDriver ] slave : 4 txpdo : 0x60710010 map to 0x1600:2 ret:4
20260819-164010:165291912 EtherCAT|INFO [EcatDrv_PO2SOconfig,1514]: [EtherCATDriver ] slave : 4 txpdo : 0x607a0020 map to 0x1600:3 ret:5  
20260819-164010:166300432 EtherCAT|INFO [EcatDrv_PO2SOconfig,1514]: [EtherCATDriver ] slave : 4 txpdo : 0x60b20010 map to 0x1600:4 ret:6  
20260819-164010:167292072 EtherCAT|INFO [EcatDrv_PO2SOconfig,1514]: [EtherCATDriver ] slave : 4 txpdo : 0x60600008 map to 0x1600:5 ret:7
20260819-164010:168304328 EtherCAT|INFO [EcatDrv_PO2SOconfig,1514]: [EtherCATDriver ] slave : 4 txpdo : 0x8 map to 0x1600:6 ret:8  
20260819-164010:169295816 EtherCAT|INFO [EcatDrv_PO2SOconfig,1522]: [EtherCATDriver ] slave : 4 rxpdo : 0x60410010 map to 0x1a00:1 ret:9  
20260819-164010:170300352 EtherCAT|INFO [EcatDrv_PO2SOconfig,1522]: [EtherCATDriver ] slave : 4 rxpdo : 0x603f0010 map to 0x1a00:2 ret:10
20260819-164010:171298488 EtherCAT|INFO [EcatDrv_PO2SOconfig,1522]: [EtherCATDriver ] slave : 4 rxpdo : 0x60640020 map to 0x1a00:3 ret:11  
20260819-164010:172303472 EtherCAT|INFO [EcatDrv_PO2SOconfig,1522]: [EtherCATDriver ] slave : 4 rxpdo : 0x60770010 map to 0x1a00:4 ret:12  
20260819-164010:173294544 EtherCAT|INFO [EcatDrv_PO2SOconfig,1522]: [EtherCATDriver ] slave : 4 rxpdo : 0x60780010 map to 0x1a00:5 ret:13
20260819-164010:174303456 EtherCAT|INFO [EcatDrv_PO2SOconfig,1522]: [EtherCATDriver ] slave : 4 rxpdo : 0x606c0020 map to 0x1a00:6 ret:14  
20260819-164010:175291968 EtherCAT|INFO [EcatDrv_PO2SOconfig,1522]: [EtherCATDriver ] slave : 4 rxpdo : 0x60f40020 map to 0x1a00:7 ret:15  
20260819-164010:176299968 EtherCAT|INFO [EcatDrv_PO2SOconfig,1522]: [EtherCATDriver ] slave : 4 rxpdo : 0x60610008 map to 0x1a00:8 ret:16
20260819-164010:177292064 EtherCAT|INFO [EcatDrv_PO2SOconfig,1522]: [EtherCATDriver ] slave : 4 rxpdo : 0x8 map to 0x1a00:9 ret:17  
20260819-164010:178306896 EtherCAT|INFO [EcatDrv_PO2SOconfig,1532]: [EtherCATDriver ] slave : 4 write 6 to 0xlx:0 ret:5632  
20260819-164010:179295904 EtherCAT|INFO [EcatDrv_PO2SOconfig,1536]: [EtherCATDriver ] slave : 4 write 9 to 0x1a00:0 ret:19
20260819-164010:180302072 EtherCAT|INFO [EcatDrv_PO2SOconfig,1539]: [EtherCATDriver ] slave : 4 write 1600 to 0x1C12:1 ret:20  
20260819-164010:181292808 EtherCAT|INFO [EcatDrv_PO2SOconfig,1542]: [EtherCATDriver ] slave : 4 write 1 to 0x1C12:0 ret:21  
20260819-164010:182301576 EtherCAT|INFO [EcatDrv_PO2SOconfig,1545]: [EtherCATDriver ] slave : 4 write 1a00 to 0x1C13:1 ret:22
20260819-164010:183293296 EtherCAT|INFO [EcatDrv_PO2SOconfig,1548]: [EtherCATDriver ] slave : 4 write 1 to 0x1C13:0 ret:23  
20260819-164010:223292328 EtherCAT|INFO [EcatDrv_PO2SOconfig,1514]: [EtherCATDriver ] slave : 5 txpdo : 0x60400010 map to 0x1600:1 ret:3  
20260819-164010:224305144 EtherCAT|INFO [EcatDrv_PO2SOconfig,1514]: [EtherCATDriver ] slave : 5 txpdo : 0x60710010 map to 0x1600:2 ret:4
20260819-164010:225311552 EtherCAT|INFO [EcatDrv_PO2SOconfig,1514]: [EtherCATDriver ] slave : 5 txpdo : 0x607a0020 map to 0x1600:3 ret:5  
20260819-164010:226301672 EtherCAT|INFO [EcatDrv_PO2SOconfig,1514]: [EtherCATDriver ] slave : 5 txpdo : 0x60b20010 map to 0x1600:4 ret:6  
20260819-164010:227316032 EtherCAT|INFO [EcatDrv_PO2SOconfig,1514]: [EtherCATDriver ] slave : 5 txpdo : 0x60600008 map to 0x1600:5 ret:7
20260819-164010:228301576 EtherCAT|INFO [EcatDrv_PO2SOconfig,1514]: [EtherCATDriver ] slave : 5 txpdo : 0x8 map to 0x1600:6 ret:8  
20260819-164010:229296168 EtherCAT|INFO [EcatDrv_PO2SOconfig,1522]: [EtherCATDriver ] slave : 5 rxpdo : 0x60410010 map to 0x1a00:1 ret:9  
20260819-164010:230308632 EtherCAT|INFO [EcatDrv_PO2SOconfig,1522]: [EtherCATDriver ] slave : 5 rxpdo : 0x603f0010 map to 0x1a00:2 ret:10
20260819-164010:231291368 EtherCAT|INFO [EcatDrv_PO2SOconfig,1522]: [EtherCATDriver ] slave : 5 rxpdo : 0x60640020 map to 0x1a00:3 ret:11  
20260819-164010:232299496 EtherCAT|INFO [EcatDrv_PO2SOconfig,1522]: [EtherCATDriver ] slave : 5 rxpdo : 0x60770010 map to 0x1a00:4 ret:12  
20260819-164010:233292504 EtherCAT|INFO [EcatDrv_PO2SOconfig,1522]: [EtherCATDriver ] slave : 5 rxpdo : 0x60780010 map to 0x1a00:5 ret:13
20260819-164010:234301264 EtherCAT|INFO [EcatDrv_PO2SOconfig,1522]: [EtherCATDriver ] slave : 5 rxpdo : 0x606c0020 map to 0x1a00:6 ret:14  
20260819-164010:235291128 EtherCAT|INFO [EcatDrv_PO2SOconfig,1522]: [EtherCATDriver ] slave : 5 rxpdo : 0x60f40020 map to 0x1a00:7 ret:15  
20260819-164010:236300704 EtherCAT|INFO [EcatDrv_PO2SOconfig,1522]: [EtherCATDriver ] slave : 5 rxpdo : 0x60610008 map to 0x1a00:8 ret:16
20260819-164010:237297056 EtherCAT|INFO [EcatDrv_PO2SOconfig,1522]: [EtherCATDriver ] slave : 5 rxpdo : 0x8 map to 0x1a00:9 ret:17  
20260819-164010:238300536 EtherCAT|INFO [EcatDrv_PO2SOconfig,1532]: [EtherCATDriver ] slave : 5 write 6 to 0xlx:0 ret:5632  
20260819-164010:239293976 EtherCAT|INFO [EcatDrv_PO2SOconfig,1536]: [EtherCATDriver ] slave : 5 write 9 to 0x1a00:0 ret:19
20260819-164010:240299552 EtherCAT|INFO [EcatDrv_PO2SOconfig,1539]: [EtherCATDriver ] slave : 5 write 1600 to 0x1C12:1 ret:20  
20260819-164010:241292384 EtherCAT|INFO [EcatDrv_PO2SOconfig,1542]: [EtherCATDriver ] slave : 5 write 1 to 0x1C12:0 ret:21  
20260819-164010:242300952 EtherCAT|INFO [EcatDrv_PO2SOconfig,1545]: [EtherCATDriver ] slave : 5 write 1a00 to 0x1C13:1 ret:22
20260819-164010:243291808 EtherCAT|INFO [EcatDrv_PO2SOconfig,1548]: [EtherCATDriver ] slave : 5 write 1 to 0x1C13:0 ret:23  
20260819-164010:282300168 EtherCAT|INFO [EcatDrv_PO2SOconfig,1514]: [EtherCATDriver ] slave : 6 txpdo : 0x60400010 map to 0x1600:1 ret:3  
20260819-164010:283291608 EtherCAT|INFO [EcatDrv_PO2SOconfig,1514]: [EtherCATDriver ] slave : 6 txpdo : 0x60710010 map to 0x1600:2 ret:4
20260819-164010:284304216 EtherCAT|INFO [EcatDrv_PO2SOconfig,1514]: [EtherCATDriver ] slave : 6 txpdo : 0x607a0020 map to 0x1600:3 ret:5  
20260819-164010:285293584 EtherCAT|INFO [EcatDrv_PO2SOconfig,1514]: [EtherCATDriver ] slave : 6 txpdo : 0x60b20010 map to 0x1600:4 ret:6  
20260819-164010:286302728 EtherCAT|INFO [EcatDrv_PO2SOconfig,1514]: [EtherCATDriver ] slave : 6 txpdo : 0x60600008 map to 0x1600:5 ret:7
20260819-164010:287302792 EtherCAT|INFO [EcatDrv_PO2SOconfig,1514]: [EtherCATDriver ] slave : 6 txpdo : 0x8 map to 0x1600:6 ret:8  
20260819-164010:288302872 EtherCAT|INFO [EcatDrv_PO2SOconfig,1522]: [EtherCATDriver ] slave : 6 rxpdo : 0x60410010 map to 0x1a00:1 ret:9  
20260819-164010:289296512 EtherCAT|INFO [EcatDrv_PO2SOconfig,1522]: [EtherCATDriver ] slave : 6 rxpdo : 0x603f0010 map to 0x1a00:2 ret:10
20260819-164010:290301752 EtherCAT|INFO [EcatDrv_PO2SOconfig,1522]: [EtherCATDriver ] slave : 6 rxpdo : 0x60640020 map to 0x1a00:3 ret:11  
20260819-164010:291292104 EtherCAT|INFO [EcatDrv_PO2SOconfig,1522]: [EtherCATDriver ] slave : 6 rxpdo : 0x60770010 map to 0x1a00:4 ret:12  
20260819-164010:292299816 EtherCAT|INFO [EcatDrv_PO2SOconfig,1522]: [EtherCATDriver ] slave : 6 rxpdo : 0x60780010 map to 0x1a00:5 ret:13
20260819-164010:293292488 EtherCAT|INFO [EcatDrv_PO2SOconfig,1522]: [EtherCATDriver ] slave : 6 rxpdo : 0x606c0020 map to 0x1a00:6 ret:14  
20260819-164010:294305616 EtherCAT|INFO [EcatDrv_PO2SOconfig,1522]: [EtherCATDriver ] slave : 6 rxpdo : 0x60f40020 map to 0x1a00:7 ret:15  
20260819-164010:295308968 EtherCAT|INFO [EcatDrv_PO2SOconfig,1522]: [EtherCATDriver ] slave : 6 rxpdo : 0x60610008 map to 0x1a00:8 ret:16
20260819-164010:296321184 EtherCAT|INFO [EcatDrv_PO2SOconfig,1522]: [EtherCATDriver ] slave : 6 rxpdo : 0x8 map to 0x1a00:9 ret:17  
20260819-164010:297316536 EtherCAT|INFO [EcatDrv_PO2SOconfig,1532]: [EtherCATDriver ] slave : 6 write 6 to 0xlx:0 ret:5632  
20260819-164010:298301608 EtherCAT|INFO [EcatDrv_PO2SOconfig,1536]: [EtherCATDriver ] slave : 6 write 9 to 0x1a00:0 ret:19
20260819-164010:299295616 EtherCAT|INFO [EcatDrv_PO2SOconfig,1539]: [EtherCATDriver ] slave : 6 write 1600 to 0x1C12:1 ret:20  
20260819-164010:300309952 EtherCAT|INFO [EcatDrv_PO2SOconfig,1542]: [EtherCATDriver ] slave : 6 write 1 to 0x1C12:0 ret:21  
20260819-164010:301311464 EtherCAT|INFO [EcatDrv_PO2SOconfig,1545]: [EtherCATDriver ] slave : 6 write 1a00 to 0x1C13:1 ret:22
20260819-164010:302300704 EtherCAT|INFO [EcatDrv_PO2SOconfig,1548]: [EtherCATDriver ] slave : 6 write 1 to 0x1C13:0 ret:23  
20260819-164010:342299136 EtherCAT|INFO [EcatDrv_PO2SOconfig,1514]: [EtherCATDriver ] slave : 7 txpdo : 0x60400010 map to 0x1600:1 ret:3  
20260819-164010:343291824 EtherCAT|INFO [EcatDrv_PO2SOconfig,1514]: [EtherCATDriver ] slave : 7 txpdo : 0x60710010 map to 0x1600:2 ret:4
20260819-164010:344303048 EtherCAT|INFO [EcatDrv_PO2SOconfig,1514]: [EtherCATDriver ] slave : 7 txpdo : 0x607a0020 map to 0x1600:3 ret:5  
20260819-164010:345293056 EtherCAT|INFO [EcatDrv_PO2SOconfig,1514]: [EtherCATDriver ] slave : 7 txpdo : 0x60b20010 map to 0x1600:4 ret:6  
20260819-164010:346305976 EtherCAT|INFO [EcatDrv_PO2SOconfig,1514]: [EtherCATDriver ] slave : 7 txpdo : 0x60600008 map to 0x1600:5 ret:7
20260819-164010:347293424 EtherCAT|INFO [EcatDrv_PO2SOconfig,1514]: [EtherCATDriver ] slave : 7 txpdo : 0x8 map to 0x1600:6 ret:8  
20260819-164010:348301952 EtherCAT|INFO [EcatDrv_PO2SOconfig,1522]: [EtherCATDriver ] slave : 7 rxpdo : 0x60410010 map to 0x1a00:1 ret:9  
20260819-164010:349294856 EtherCAT|INFO [EcatDrv_PO2SOconfig,1522]: [EtherCATDriver ] slave : 7 rxpdo : 0x603f0010 map to 0x1a00:2 ret:10
20260819-164010:350300224 EtherCAT|INFO [EcatDrv_PO2SOconfig,1522]: [EtherCATDriver ] slave : 7 rxpdo : 0x60640020 map to 0x1a00:3 ret:11  
20260819-164010:351292528 EtherCAT|INFO [EcatDrv_PO2SOconfig,1522]: [EtherCATDriver ] slave : 7 rxpdo : 0x60770010 map to 0x1a00:4 ret:12  
20260819-164010:352300024 EtherCAT|INFO [EcatDrv_PO2SOconfig,1522]: [EtherCATDriver ] slave : 7 rxpdo : 0x60780010 map to 0x1a00:5 ret:13
20260819-164010:353292152 EtherCAT|INFO [EcatDrv_PO2SOconfig,1522]: [EtherCATDriver ] slave : 7 rxpdo : 0x606c0020 map to 0x1a00:6 ret:14  
20260819-164010:354301288 EtherCAT|INFO [EcatDrv_PO2SOconfig,1522]: [EtherCATDriver ] slave : 7 rxpdo : 0x60f40020 map to 0x1a00:7 ret:15  
20260819-164010:355293064 EtherCAT|INFO [EcatDrv_PO2SOconfig,1522]: [EtherCATDriver ] slave : 7 rxpdo : 0x60610008 map to 0x1a00:8 ret:16
20260819-164010:356305136 EtherCAT|INFO [EcatDrv_PO2SOconfig,1522]: [EtherCATDriver ] slave : 7 rxpdo : 0x8 map to 0x1a00:9 ret:17  
20260819-164010:357293296 EtherCAT|INFO [EcatDrv_PO2SOconfig,1532]: [EtherCATDriver ] slave : 7 write 6 to 0xlx:0 ret:5632  
20260819-164010:358300296 EtherCAT|INFO [EcatDrv_PO2SOconfig,1536]: [EtherCATDriver ] slave : 7 write 9 to 0x1a00:0 ret:19
20260819-164010:359301472 EtherCAT|INFO [EcatDrv_PO2SOconfig,1539]: [EtherCATDriver ] slave : 7 write 1600 to 0x1C12:1 ret:20  
20260819-164010:360304504 EtherCAT|INFO [EcatDrv_PO2SOconfig,1542]: [EtherCATDriver ] slave : 7 write 1 to 0x1C12:0 ret:21  
20260819-164010:361293728 EtherCAT|INFO [EcatDrv_PO2SOconfig,1545]: [EtherCATDriver ] slave : 7 write 1a00 to 0x1C13:1 ret:22
20260819-164010:362299648 EtherCAT|INFO [EcatDrv_PO2SOconfig,1548]: [EtherCATDriver ] slave : 7 write 1 to 0x1C13:0 ret:23  
20260819-164010:488404112 EtherCAT|INFO [ecx_config_map_group,1298]: Output slave is 1, BitPos is 0, diff is 12, segmentsize is 0   
20260819-164010:495694384 EtherCAT|INFO [ecx_config_map_group,1298]: Output slave is 2, BitPos is 0, diff is 12, segmentsize is 12  
20260819-164010:502985464 EtherCAT|INFO [ecx_config_map_group,1298]: Output slave is 3, BitPos is 0, diff is 12, segmentsize is 24   
20260819-164010:510276272 EtherCAT|INFO [ecx_config_map_group,1298]: Output slave is 4, BitPos is 0, diff is 12, segmentsize is 36   
20260819-164010:517567872 EtherCAT|INFO [ecx_config_map_group,1298]: Output slave is 5, BitPos is 0, diff is 12, segmentsize is 48  
20260819-164010:524858536 EtherCAT|INFO [ecx_config_map_group,1298]: Output slave is 6, BitPos is 0, diff is 12, segmentsize is 60   
20260819-164010:532150016 EtherCAT|INFO [ecx_config_map_group,1298]: Output slave is 7, BitPos is 0, diff is 12, segmentsize is 72   
20260819-164010:532178208 EtherCAT|INFO [ecx_config_map_group,1354]: output context->slavelist[0].inputs is 0, Ibytes is 0, Obytes is 84 
20260819-164010:532231192 EtherCAT|INFO [ecx_config_map_group,1365]: output segmentsize is 84, currentsegment is 0, LogAddr is 84.  
20260819-164010:539354472 EtherCAT|INFO [ecx_config_map_group,1382]: Input slave is 1, BitPos is 0, diff is 22, segmentsize is 84   
20260819-164010:539382664 EtherCAT|INFO [ecx_config_map_group,1397]: Input slave is 1, BitPos is 0, diff is 22, segmentsize is 106  
20260819-164010:546558656 EtherCAT|INFO [ecx_config_map_group,1382]: Input slave is 2, BitPos is 0, diff is 22, segmentsize is 106   
20260819-164010:546586216 EtherCAT|INFO [ecx_config_map_group,1397]: Input slave is 2, BitPos is 0, diff is 22, segmentsize is 128   
20260819-164010:553763064 EtherCAT|INFO [ecx_config_map_group,1382]: Input slave is 3, BitPos is 0, diff is 22, segmentsize is 128  
20260819-164010:553790448 EtherCAT|INFO [ecx_config_map_group,1397]: Input slave is 3, BitPos is 0, diff is 22, segmentsize is 150   
20260819-164010:560967712 EtherCAT|INFO [ecx_config_map_group,1382]: Input slave is 4, BitPos is 0, diff is 22, segmentsize is 150   
20260819-164010:560995704 EtherCAT|INFO [ecx_config_map_group,1397]: Input slave is 4, BitPos is 0, diff is 22, segmentsize is 172  
20260819-164010:568171864 EtherCAT|INFO [ecx_config_map_group,1382]: Input slave is 5, BitPos is 0, diff is 22, segmentsize is 172   
20260819-164010:568210328 EtherCAT|INFO [ecx_config_map_group,1397]: Input slave is 5, BitPos is 0, diff is 22, segmentsize is 194   
20260819-164010:575376408 EtherCAT|INFO [ecx_config_map_group,1382]: Input slave is 6, BitPos is 0, diff is 22, segmentsize is 194  
20260819-164010:575404056 EtherCAT|INFO [ecx_config_map_group,1397]: Input slave is 6, BitPos is 0, diff is 22, segmentsize is 216   
20260819-164010:582580944 EtherCAT|INFO [ecx_config_map_group,1382]: Input slave is 7, BitPos is 0, diff is 22, segmentsize is 216   
20260819-164010:582608232 EtherCAT|INFO [ecx_config_map_group,1397]: Input slave is 7, BitPos is 0, diff is 22, segmentsize is 238  
20260819-164010:582680736 EtherCAT|INFO [ecx_config_map_group,1448]: context->slavelist[0].inputs is 275993248, 154, 84  
20260819-164010:583882408 EtherCAT|INFO [ecx_config_map_group,1462]: input segmentsize is 238, currentsegment is 0, LogAddr is 154  
20260819-164010:583937296 EtherCAT|INFO [EcatDrv_Task,756]: [EtherCATDriver ] All slaves reach in SAFE-OP  
20260819-164010:583961784 EtherCAT|INFO [EcatDrv_Task,779]: [EtherCATDriver ] Slave:1
20260819-164010:583983272 EtherCAT|INFO [si_map_sdo,1898]: [EtherCATDriver ] PDO mapping according to CoE : 
20260819-164010:585316288 EtherCAT|INFO [si_map_sdo,1948]: [EtherCATDriver ]   SM2 outputs 
20260819-164010:585346376 EtherCAT|INFO [si_map_sdo,1949]: [EtherCATDriver ]      addr b   index: sub bitl data_type    name
20260819-164010:590303224 EtherCAT|INFO [si_PDOassign,2044]: [EtherCATDriver ]   [0x0000.0] 0x6040:0x00 0x10 UNSIGNED16   Control Word 
20260819-164010:592303088 EtherCAT|INFO [si_PDOassign,2044]: [EtherCATDriver ]   [0x0002.0] 0x6071:0x00 0x10 INTEGER16    Targe Torque 
20260819-164010:594311752 EtherCAT|INFO [si_PDOassign,2044]: [EtherCATDriver ]   [0x0004.0] 0x607A:0x00 0x20 INTEGER32    Target position
20260819-164010:596321328 EtherCAT|INFO [si_PDOassign,2044]: [EtherCATDriver ]   [0x0008.0] 0x60B2:0x00 0x10 INTEGER16    Torque Offset 
20260819-164010:598318592 EtherCAT|INFO [si_PDOassign,2044]: [EtherCATDriver ]   [0x000A.0] 0x6060:0x00 0x08 INTEGER8     Modes of Operation 
20260819-164010:599297592 EtherCAT|INFO [si_PDOassign,2044]: [EtherCATDriver ]   [0x000B.0] 0x0000:0x00 0x08 INTEGER8     Modes of Operation
20260819-164010:599328264 EtherCAT|INFO [si_PDOassign,2050]:  
20260819-164010:599350744 EtherCAT|INFO [si_map_sdo,1959]: [EtherCATDriver ]   SM3 inputs 
20260819-164010:599373272 EtherCAT|INFO [si_map_sdo,1960]: [EtherCATDriver ]      addr b   index: sub bitl data_type    name 
20260819-164010:604311632 EtherCAT|INFO [si_PDOassign,2044]: [EtherCATDriver ]   [0x0054.0] 0x6041:0x00 0x10 UNSIGNED16   Status Word
20260819-164010:606302592 EtherCAT|INFO [si_PDOassign,2044]: [EtherCATDriver ]   [0x0056.0] 0x603F:0x00 0x10 UNSIGNED16   Error Code 
20260819-164010:608302088 EtherCAT|INFO [si_PDOassign,2044]: [EtherCATDriver ]   [0x0058.0] 0x6064:0x00 0x20 INTEGER32    Position Actual Value 
20260819-164010:610300224 EtherCAT|INFO [si_PDOassign,2044]: [EtherCATDriver ]   [0x005C.0] 0x6077:0x00 0x10 INTEGER16    Torque actual value
20260819-164010:612302184 EtherCAT|INFO [si_PDOassign,2044]: [EtherCATDriver ]   [0x005E.0] 0x6078:0x00 0x10 INTEGER16    Current actual value 
20260819-164010:614310968 EtherCAT|INFO [si_PDOassign,2044]: [EtherCATDriver ]   [0x0060.0] 0x606C:0x00 0x20 INTEGER32    Velocity Actual Value 
20260819-164010:616303184 EtherCAT|INFO [si_PDOassign,2044]: [EtherCATDriver ]   [0x0064.0] 0x60F4:0x00 0x20 INTEGER32    Following Error Actual Value
20260819-164010:618300976 EtherCAT|INFO [si_PDOassign,2044]: [EtherCATDriver ]   [0x0068.0] 0x6061:0x00 0x08 INTEGER8     Modes of Operation Display 
20260819-164010:619297424 EtherCAT|INFO [si_PDOassign,2044]: [EtherCATDriver ]   [0x0069.0] 0x0000:0x00 0x08 INTEGER8     Modes of Operation Display 
20260819-164010:619327528 EtherCAT|INFO [si_PDOassign,2050]:  
20260819-164010:619350488 EtherCAT|INFO [EcatDrv_Task,779]: [EtherCATDriver ] Slave:2
20260819-164010:619372736 EtherCAT|INFO [si_map_sdo,1898]: [EtherCATDriver ] PDO mapping according to CoE : 
20260819-164010:621299224 EtherCAT|INFO [si_map_sdo,1948]: [EtherCATDriver ]   SM2 outputs 
20260819-164010:621326456 EtherCAT|INFO [si_map_sdo,1949]: [EtherCATDriver ]      addr b   index: sub bitl data_type    name
20260819-164010:626303816 EtherCAT|INFO [si_PDOassign,2044]: [EtherCATDriver ]   [0x000C.0] 0x6040:0x00 0x10 UNSIGNED16   Control Word 
20260819-164010:628302488 EtherCAT|INFO [si_PDOassign,2044]: [EtherCATDriver ]   [0x000E.0] 0x6071:0x00 0x10 INTEGER16    Targe Torque 
20260819-164010:630303712 EtherCAT|INFO [si_PDOassign,2044]: [EtherCATDriver ]   [0x0010.0] 0x607A:0x00 0x20 INTEGER32    Target position
20260819-164010:632303136 EtherCAT|INFO [si_PDOassign,2044]: [EtherCATDriver ]   [0x0014.0] 0x60B2:0x00 0x10 INTEGER16    Torque Offset 
20260819-164010:634309608 EtherCAT|INFO [si_PDOassign,2044]: [EtherCATDriver ]   [0x0016.0] 0x6060:0x00 0x08 INTEGER8     Modes of Operation 
20260819-164010:635293816 EtherCAT|INFO [si_PDOassign,2044]: [EtherCATDriver ]   [0x0017.0] 0x0000:0x00 0x08 INTEGER8     Modes of Operation
20260819-164010:635324792 EtherCAT|INFO [si_PDOassign,2050]:  
20260819-164010:635348072 EtherCAT|INFO [si_map_sdo,1959]: [EtherCATDriver ]   SM3 inputs 
20260819-164010:635369824 EtherCAT|INFO [si_map_sdo,1960]: [EtherCATDriver ]      addr b   index: sub bitl data_type    name 
20260819-164010:640301592 EtherCAT|INFO [si_PDOassign,2044]: [EtherCATDriver ]   [0x006A.0] 0x6041:0x00 0x10 UNSIGNED16   Status Word
20260819-164010:642300592 EtherCAT|INFO [si_PDOassign,2044]: [EtherCATDriver ]   [0x006C.0] 0x603F:0x00 0x10 UNSIGNED16   Error Code 
20260819-164010:644310528 EtherCAT|INFO [si_PDOassign,2044]: [EtherCATDriver ]   [0x006E.0] 0x6064:0x00 0x20 INTEGER32    Position Actual Value 
20260819-164010:646300976 EtherCAT|INFO [si_PDOassign,2044]: [EtherCATDriver ]   [0x0072.0] 0x6077:0x00 0x10 INTEGER16    Torque actual value
20260819-164010:648302384 EtherCAT|INFO [si_PDOassign,2044]: [EtherCATDriver ]   [0x0074.0] 0x6078:0x00 0x10 INTEGER16    Current actual value 
20260819-164010:650300616 EtherCAT|INFO [si_PDOassign,2044]: [EtherCATDriver ]   [0x0076.0] 0x606C:0x00 0x20 INTEGER32    Velocity Actual Value 
20260819-164010:652303144 EtherCAT|INFO [si_PDOassign,2044]: [EtherCATDriver ]   [0x007A.0] 0x60F4:0x00 0x20 INTEGER32    Following Error Actual Value
20260819-164010:654309016 EtherCAT|INFO [si_PDOassign,2044]: [EtherCATDriver ]   [0x007E.0] 0x6061:0x00 0x08 INTEGER8     Modes of Operation Display 
20260819-164010:655296024 EtherCAT|INFO [si_PDOassign,2044]: [EtherCATDriver ]   [0x007F.0] 0x0000:0x00 0x08 INTEGER8     Modes of Operation Display 
20260819-164010:655326408 EtherCAT|INFO [si_PDOassign,2050]:  
20260819-164010:655349792 EtherCAT|INFO [EcatDrv_Task,779]: [EtherCATDriver ] Slave:3
20260819-164010:655373128 EtherCAT|INFO [si_map_sdo,1898]: [EtherCATDriver ] PDO mapping according to CoE : 
20260819-164010:656303688 EtherCAT|INFO [si_map_sdo,1948]: [EtherCATDriver ]   SM2 outputs 
20260819-164010:656330056 EtherCAT|INFO [si_map_sdo,1949]: [EtherCATDriver ]      addr b   index: sub bitl data_type    name
20260819-164010:661295336 EtherCAT|INFO [si_PDOassign,2044]: [EtherCATDriver ]   [0x0018.0] 0x6040:0x00 0x10 UNSIGNED16   Control Word 
20260819-164010:663300656 EtherCAT|INFO [si_PDOassign,2044]: [EtherCATDriver ]   [0x001A.0] 0x6071:0x00 0x10 INTEGER16    Targe Torque 
20260819-164010:665312232 EtherCAT|INFO [si_PDOassign,2044]: [EtherCATDriver ]   [0x001C.0] 0x607A:0x00 0x20 INTEGER32    Target position
20260819-164010:667292776 EtherCAT|INFO [si_PDOassign,2044]: [EtherCATDriver ]   [0x0020.0] 0x60B2:0x00 0x10 INTEGER16    Torque Offset 
20260819-164010:669315664 EtherCAT|INFO [si_PDOassign,2044]: [EtherCATDriver ]   [0x0022.0] 0x6060:0x00 0x08 INTEGER8     Modes of Operation 
20260819-164010:670319944 EtherCAT|INFO [si_PDOassign,2044]: [EtherCATDriver ]   [0x0023.0] 0x0000:0x00 0x08 INTEGER8     Modes of Operation
20260819-164010:670351872 EtherCAT|INFO [si_PDOassign,2050]:  
20260819-164010:670374528 EtherCAT|INFO [si_map_sdo,1959]: [EtherCATDriver ]   SM3 inputs 
20260819-164010:670396992 EtherCAT|INFO [si_map_sdo,1960]: [EtherCATDriver ]      addr b   index: sub bitl data_type    name 
20260819-164010:675294368 EtherCAT|INFO [si_PDOassign,2044]: [EtherCATDriver ]   [0x0080.0] 0x6041:0x00 0x10 UNSIGNED16   Status Word
20260819-164010:677293568 EtherCAT|INFO [si_PDOassign,2044]: [EtherCATDriver ]   [0x0082.0] 0x603F:0x00 0x10 UNSIGNED16   Error Code 
20260819-164010:679295808 EtherCAT|INFO [si_PDOassign,2044]: [EtherCATDriver ]   [0x0084.0] 0x6064:0x00 0x20 INTEGER32    Position Actual Value 
20260819-164010:681293096 EtherCAT|INFO [si_PDOassign,2044]: [EtherCATDriver ]   [0x0088.0] 0x6077:0x00 0x10 INTEGER16    Torque actual value
20260819-164010:683292592 EtherCAT|INFO [si_PDOassign,2044]: [EtherCATDriver ]   [0x008A.0] 0x6078:0x00 0x10 INTEGER16    Current actual value 
20260819-164010:685296016 EtherCAT|INFO [si_PDOassign,2044]: [EtherCATDriver ]   [0x008C.0] 0x606C:0x00 0x20 INTEGER32    Velocity Actual Value 
20260819-164010:687295616 EtherCAT|INFO [si_PDOassign,2044]: [EtherCATDriver ]   [0x0090.0] 0x60F4:0x00 0x20 INTEGER32    Following Error Actual Value
20260819-164010:689298496 EtherCAT|INFO [si_PDOassign,2044]: [EtherCATDriver ]   [0x0094.0] 0x6061:0x00 0x08 INTEGER8     Modes of Operation Display 
20260819-164010:690300608 EtherCAT|INFO [si_PDOassign,2044]: [EtherCATDriver ]   [0x0095.0] 0x0000:0x00 0x08 INTEGER8     Modes of Operation Display 
20260819-164010:690331608 EtherCAT|INFO [si_PDOassign,2050]:  
20260819-164010:690355584 EtherCAT|INFO [EcatDrv_Task,779]: [EtherCATDriver ] Slave:4
20260819-164010:690378104 EtherCAT|INFO [si_map_sdo,1898]: [EtherCATDriver ] PDO mapping according to CoE : 
20260819-164010:692301864 EtherCAT|INFO [si_map_sdo,1948]: [EtherCATDriver ]   SM2 outputs 
20260819-164010:692329232 EtherCAT|INFO [si_map_sdo,1949]: [EtherCATDriver ]      addr b   index: sub bitl data_type    name
20260819-164010:697294128 EtherCAT|INFO [si_PDOassign,2044]: [EtherCATDriver ]   [0x0024.0] 0x6040:0x00 0x10 UNSIGNED16   Control Word 
20260819-164010:699297504 EtherCAT|INFO [si_PDOassign,2044]: [EtherCATDriver ]   [0x0026.0] 0x6071:0x00 0x10 INTEGER16    Targe Torque 
20260819-164010:701294616 EtherCAT|INFO [si_PDOassign,2044]: [EtherCATDriver ]   [0x0028.0] 0x607A:0x00 0x20 INTEGER32    Target position
20260819-164010:703292232 EtherCAT|INFO [si_PDOassign,2044]: [EtherCATDriver ]   [0x002C.0] 0x60B2:0x00 0x10 INTEGER16    Torque Offset 
20260819-164010:705295424 EtherCAT|INFO [si_PDOassign,2044]: [EtherCATDriver ]   [0x002E.0] 0x6060:0x00 0x08 INTEGER8     Modes of Operation 
20260819-164010:706302168 EtherCAT|INFO [si_PDOassign,2044]: [EtherCATDriver ]   [0x002F.0] 0x0000:0x00 0x08 INTEGER8     Modes of Operation
20260819-164010:706333032 EtherCAT|INFO [si_PDOassign,2050]:  
20260819-164010:706355656 EtherCAT|INFO [si_map_sdo,1959]: [EtherCATDriver ]   SM3 inputs 
20260819-164010:706377368 EtherCAT|INFO [si_map_sdo,1960]: [EtherCATDriver ]      addr b   index: sub bitl data_type    name 
20260819-164010:711292832 EtherCAT|INFO [si_PDOassign,2044]: [EtherCATDriver ]   [0x0096.0] 0x6041:0x00 0x10 UNSIGNED16   Status Word
20260819-164010:713294576 EtherCAT|INFO [si_PDOassign,2044]: [EtherCATDriver ]   [0x0098.0] 0x603F:0x00 0x10 UNSIGNED16   Error Code 
20260819-164010:715294576 EtherCAT|INFO [si_PDOassign,2044]: [EtherCATDriver ]   [0x009A.0] 0x6064:0x00 0x20 INTEGER32    Position Actual Value 
20260819-164010:717294128 EtherCAT|INFO [si_PDOassign,2044]: [EtherCATDriver ]   [0x009E.0] 0x6077:0x00 0x10 INTEGER16    Torque actual value
20260819-164010:719296288 EtherCAT|INFO [si_PDOassign,2044]: [EtherCATDriver ]   [0x00A0.0] 0x6078:0x00 0x10 INTEGER16    Current actual value 
20260819-164010:721300752 EtherCAT|INFO [si_PDOassign,2044]: [EtherCATDriver ]   [0x00A2.0] 0x606C:0x00 0x20 INTEGER32    Velocity Actual Value 
20260819-164010:723293448 EtherCAT|INFO [si_PDOassign,2044]: [EtherCATDriver ]   [0x00A6.0] 0x60F4:0x00 0x20 INTEGER32    Following Error Actual Value
20260819-164010:725295136 EtherCAT|INFO [si_PDOassign,2044]: [EtherCATDriver ]   [0x00AA.0] 0x6061:0x00 0x08 INTEGER8     Modes of Operation Display 
20260819-164010:726302624 EtherCAT|INFO [si_PDOassign,2044]: [EtherCATDriver ]   [0x00AB.0] 0x0000:0x00 0x08 INTEGER8     Modes of Operation Display 
20260819-164010:726333048 EtherCAT|INFO [si_PDOassign,2050]:  
20260819-164010:726356104 EtherCAT|INFO [EcatDrv_Task,779]: [EtherCATDriver ] Slave:5
20260819-164010:726378928 EtherCAT|INFO [si_map_sdo,1898]: [EtherCATDriver ] PDO mapping according to CoE : 
20260819-164010:728300864 EtherCAT|INFO [si_map_sdo,1948]: [EtherCATDriver ]   SM2 outputs 
20260819-164010:728327816 EtherCAT|INFO [si_map_sdo,1949]: [EtherCATDriver ]      addr b   index: sub bitl data_type    name
20260819-164010:733310792 EtherCAT|INFO [si_PDOassign,2044]: [EtherCATDriver ]   [0x0030.0] 0x6040:0x00 0x10 UNSIGNED16   Control Word 
20260819-164010:735294864 EtherCAT|INFO [si_PDOassign,2044]: [EtherCATDriver ]   [0x0032.0] 0x6071:0x00 0x10 INTEGER16    Targe Torque 
20260819-164010:737312216 EtherCAT|INFO [si_PDOassign,2044]: [EtherCATDriver ]   [0x0034.0] 0x607A:0x00 0x20 INTEGER32    Target position
20260819-164010:739295456 EtherCAT|INFO [si_PDOassign,2044]: [EtherCATDriver ]   [0x0038.0] 0x60B2:0x00 0x10 INTEGER16    Torque Offset 
20260819-164010:741293504 EtherCAT|INFO [si_PDOassign,2044]: [EtherCATDriver ]   [0x003A.0] 0x6060:0x00 0x08 INTEGER8     Modes of Operation 
20260819-164010:742301824 EtherCAT|INFO [si_PDOassign,2044]: [EtherCATDriver ]   [0x003B.0] 0x0000:0x00 0x08 INTEGER8     Modes of Operation
20260819-164010:742332864 EtherCAT|INFO [si_PDOassign,2050]:  
20260819-164010:742373712 EtherCAT|INFO [si_map_sdo,1959]: [EtherCATDriver ]   SM3 inputs 
20260819-164010:742398824 EtherCAT|INFO [si_map_sdo,1960]: [EtherCATDriver ]      addr b   index: sub bitl data_type    name 
20260819-164010:747293472 EtherCAT|INFO [si_PDOassign,2044]: [EtherCATDriver ]   [0x00AC.0] 0x6041:0x00 0x10 UNSIGNED16   Status Word
20260819-164010:749297496 EtherCAT|INFO [si_PDOassign,2044]: [EtherCATDriver ]   [0x00AE.0] 0x603F:0x00 0x10 UNSIGNED16   Error Code 
20260819-164010:751293128 EtherCAT|INFO [si_PDOassign,2044]: [EtherCATDriver ]   [0x00B0.0] 0x6064:0x00 0x20 INTEGER32    Position Actual Value 
20260819-164010:753301456 EtherCAT|INFO [si_PDOassign,2044]: [EtherCATDriver ]   [0x00B4.0] 0x6077:0x00 0x10 INTEGER16    Torque actual value
20260819-164010:755296648 EtherCAT|INFO [si_PDOassign,2044]: [EtherCATDriver ]   [0x00B6.0] 0x6078:0x00 0x10 INTEGER16    Current actual value 
20260819-164010:757294384 EtherCAT|INFO [si_PDOassign,2044]: [EtherCATDriver ]   [0x00B8.0] 0x606C:0x00 0x20 INTEGER32    Velocity Actual Value 
20260819-164010:759296616 EtherCAT|INFO [si_PDOassign,2044]: [EtherCATDriver ]   [0x00BC.0] 0x60F4:0x00 0x20 INTEGER32    Following Error Actual Value
20260819-164010:761293288 EtherCAT|INFO [si_PDOassign,2044]: [EtherCATDriver ]   [0x00C0.0] 0x6061:0x00 0x08 INTEGER8     Modes of Operation Display 
20260819-164010:762301752 EtherCAT|INFO [si_PDOassign,2044]: [EtherCATDriver ]   [0x00C1.0] 0x0000:0x00 0x08 INTEGER8     Modes of Operation Display 
20260819-164010:762333256 EtherCAT|INFO [si_PDOassign,2050]:  
20260819-164010:762357504 EtherCAT|INFO [EcatDrv_Task,779]: [EtherCATDriver ] Slave:6
20260819-164010:762379712 EtherCAT|INFO [si_map_sdo,1898]: [EtherCATDriver ] PDO mapping according to CoE : 
20260819-164010:764308104 EtherCAT|INFO [si_map_sdo,1948]: [EtherCATDriver ]   SM2 outputs 
20260819-164010:764334344 EtherCAT|INFO [si_map_sdo,1949]: [EtherCATDriver ]      addr b   index: sub bitl data_type    name
20260819-164010:769297752 EtherCAT|INFO [si_PDOassign,2044]: [EtherCATDriver ]   [0x003C.0] 0x6040:0x00 0x10 UNSIGNED16   Control Word 
20260819-164010:771293392 EtherCAT|INFO [si_PDOassign,2044]: [EtherCATDriver ]   [0x003E.0] 0x6071:0x00 0x10 INTEGER16    Targe Torque 
20260819-164010:773293936 EtherCAT|INFO [si_PDOassign,2044]: [EtherCATDriver ]   [0x0040.0] 0x607A:0x00 0x20 INTEGER32    Target position
20260819-164010:775295048 EtherCAT|INFO [si_PDOassign,2044]: [EtherCATDriver ]   [0x0044.0] 0x60B2:0x00 0x10 INTEGER16    Torque Offset 
20260819-164010:777294344 EtherCAT|INFO [si_PDOassign,2044]: [EtherCATDriver ]   [0x0046.0] 0x6060:0x00 0x08 INTEGER8     Modes of Operation 
20260819-164010:778301248 EtherCAT|INFO [si_PDOassign,2044]: [EtherCATDriver ]   [0x0047.0] 0x0000:0x00 0x08 INTEGER8     Modes of Operation
20260819-164010:778332344 EtherCAT|INFO [si_PDOassign,2050]:  
20260819-164010:778354992 EtherCAT|INFO [si_map_sdo,1959]: [EtherCATDriver ]   SM3 inputs 
20260819-164010:778376776 EtherCAT|INFO [si_map_sdo,1960]: [EtherCATDriver ]      addr b   index: sub bitl data_type    name 
20260819-164010:783293928 EtherCAT|INFO [si_PDOassign,2044]: [EtherCATDriver ]   [0x00C2.0] 0x6041:0x00 0x10 UNSIGNED16   Status Word
20260819-164010:785296472 EtherCAT|INFO [si_PDOassign,2044]: [EtherCATDriver ]   [0x00C4.0] 0x603F:0x00 0x10 UNSIGNED16   Error Code 
20260819-164010:787293136 EtherCAT|INFO [si_PDOassign,2044]: [EtherCATDriver ]   [0x00C6.0] 0x6064:0x00 0x20 INTEGER32    Position Actual Value 
20260819-164010:789304072 EtherCAT|INFO [si_PDOassign,2044]: [EtherCATDriver ]   [0x00CA.0] 0x6077:0x00 0x10 INTEGER16    Torque actual value
20260819-164010:791294408 EtherCAT|INFO [si_PDOassign,2044]: [EtherCATDriver ]   [0x00CC.0] 0x6078:0x00 0x10 INTEGER16    Current actual value 
20260819-164010:793294816 EtherCAT|INFO [si_PDOassign,2044]: [EtherCATDriver ]   [0x00CE.0] 0x606C:0x00 0x20 INTEGER32    Velocity Actual Value 
20260819-164010:795295096 EtherCAT|INFO [si_PDOassign,2044]: [EtherCATDriver ]   [0x00D2.0] 0x60F4:0x00 0x20 INTEGER32    Following Error Actual Value
20260819-164010:797294288 EtherCAT|INFO [si_PDOassign,2044]: [EtherCATDriver ]   [0x00D6.0] 0x6061:0x00 0x08 INTEGER8     Modes of Operation Display 
20260819-164010:798303288 EtherCAT|INFO [si_PDOassign,2044]: [EtherCATDriver ]   [0x00D7.0] 0x0000:0x00 0x08 INTEGER8     Modes of Operation Display 
20260819-164010:798334896 EtherCAT|INFO [si_PDOassign,2050]:  
20260819-164010:798358384 EtherCAT|INFO [EcatDrv_Task,779]: [EtherCATDriver ] Slave:7
20260819-164010:798380856 EtherCAT|INFO [si_map_sdo,1898]: [EtherCATDriver ] PDO mapping according to CoE : 
20260819-164010:800318432 EtherCAT|INFO [si_map_sdo,1948]: [EtherCATDriver ]   SM2 outputs 
20260819-164010:800345528 EtherCAT|INFO [si_map_sdo,1949]: [EtherCATDriver ]      addr b   index: sub bitl data_type    name
20260819-164010:805312656 EtherCAT|INFO [si_PDOassign,2044]: [EtherCATDriver ]   [0x0048.0] 0x6040:0x00 0x10 UNSIGNED16   Control Word 
20260819-164010:807293536 EtherCAT|INFO [si_PDOassign,2044]: [EtherCATDriver ]   [0x004A.0] 0x6071:0x00 0x10 INTEGER16    Targe Torque 
20260819-164010:809296656 EtherCAT|INFO [si_PDOassign,2044]: [EtherCATDriver ]   [0x004C.0] 0x607A:0x00 0x20 INTEGER32    Target position
20260819-164010:811293328 EtherCAT|INFO [si_PDOassign,2044]: [EtherCATDriver ]   [0x0050.0] 0x60B2:0x00 0x10 INTEGER16    Torque Offset 
20260819-164010:813292672 EtherCAT|INFO [si_PDOassign,2044]: [EtherCATDriver ]   [0x0052.0] 0x6060:0x00 0x08 INTEGER8     Modes of Operation 
20260819-164010:814310624 EtherCAT|INFO [si_PDOassign,2044]: [EtherCATDriver ]   [0x0053.0] 0x0000:0x00 0x08 INTEGER8     Modes of Operation
20260819-164010:814341736 EtherCAT|INFO [si_PDOassign,2050]:  
20260819-164010:814364432 EtherCAT|INFO [si_map_sdo,1959]: [EtherCATDriver ]   SM3 inputs 
20260819-164010:814387608 EtherCAT|INFO [si_map_sdo,1960]: [EtherCATDriver ]      addr b   index: sub bitl data_type    name 
20260819-164010:819297328 EtherCAT|INFO [si_PDOassign,2044]: [EtherCATDriver ]   [0x00D8.0] 0x6041:0x00 0x10 UNSIGNED16   Status Word
20260819-164010:821294104 EtherCAT|INFO [si_PDOassign,2044]: [EtherCATDriver ]   [0x00DA.0] 0x603F:0x00 0x10 UNSIGNED16   Error Code 
20260819-164010:823293264 EtherCAT|INFO [si_PDOassign,2044]: [EtherCATDriver ]   [0x00DC.0] 0x6064:0x00 0x20 INTEGER32    Position Actual Value 
20260819-164010:825302552 EtherCAT|INFO [si_PDOassign,2044]: [EtherCATDriver ]   [0x00E0.0] 0x6077:0x00 0x10 INTEGER16    Torque actual value
20260819-164010:827294552 EtherCAT|INFO [si_PDOassign,2044]: [EtherCATDriver ]   [0x00E2.0] 0x6078:0x00 0x10 INTEGER16    Current actual value 
20260819-164010:829298032 EtherCAT|INFO [si_PDOassign,2044]: [EtherCATDriver ]   [0x00E4.0] 0x606C:0x00 0x20 INTEGER32    Velocity Actual Value 
20260819-164010:831294416 EtherCAT|INFO [si_PDOassign,2044]: [EtherCATDriver ]   [0x00E8.0] 0x60F4:0x00 0x20 INTEGER32    Following Error Actual Value
20260819-164010:833295088 EtherCAT|INFO [si_PDOassign,2044]: [EtherCATDriver ]   [0x00EC.0] 0x6061:0x00 0x08 INTEGER8     Modes of Operation Display 
20260819-164010:834311304 EtherCAT|INFO [si_PDOassign,2044]: [EtherCATDriver ]   [0x00ED.0] 0x0000:0x00 0x08 INTEGER8     Modes of Operation Display 
20260819-164010:834342384 EtherCAT|INFO [si_PDOassign,2050]: 
20260819-164010:834392272 EtherCAT|INFO [EcatDrv_Task,822]: [EtherCATDriver ] Set running flag  
20260819-164010:834717632 EtherCAT|ERROR [EcatStack_PDOReceive,334]: CommInterruptTimes is 1, print count is 0. 
20260819-164011:040307432 EtherCAT|INFO [EcatDrv_Task,829]: [EtherCATDriver ] All slaves reach in OP status successful!  
20260819-164011:040335432 EtherCAT|INFO [EcatDrv_Task,835]: [EtherCATDriver ] Task state is CONFIG turn to NORMAL
20260819-164011:040360896 EtherCAT|INFO [EcatDrv_CheckEvent,1232]: coe_event is 4, pre is 1  
20260819-164011:040383104 EtherCAT|INFO [EcatDrv_Task,943]: [EtherCATDriver ] Task state is NORMAL turn to IDLE  
20260819-164011:043340432 EtherCAT|INFO [NrtData_ReadSwVersion_VEICHI,569]: slave : 1 Sw-Vesrion : VEICHI1-SW_V13458_01213. 
20260819-164011:043369376 EtherCAT|INFO [CANopenModule_GetVersion,848]: [CANopenModule  ] slave : 0 Sw-Vesrion : VEICHI1-SW_V13458_01213  
20260819-164011:045443504 EtherCAT|INFO [NrtData_ReadSwVersion_VEICHI,569]: slave : 2 Sw-Vesrion : VEICHI2-SW_V13458_01714.  
20260819-164011:045471072 EtherCAT|INFO [CANopenModule_GetVersion,848]: [CANopenModule  ] slave : 1 Sw-Vesrion : VEICHI2-SW_V13458_01714
20260819-164011:047445768 EtherCAT|INFO [NrtData_ReadSwVersion_VEICHI,569]: slave : 3 Sw-Vesrion : VEICHI3-SW_V13458_01213.  
20260819-164011:047473064 EtherCAT|INFO [CANopenModule_GetVersion,848]: [CANopenModule  ] slave : 2 Sw-Vesrion : VEICHI3-SW_V13458_01213  
20260819-164011:049443136 EtherCAT|INFO [NrtData_ReadSwVersion_VEICHI,569]: slave : 4 Sw-Vesrion : VEICHI4-SW_V13458_01213. 
20260819-164011:049470712 EtherCAT|INFO [CANopenModule_GetVersion,848]: [CANopenModule  ] slave : 3 Sw-Vesrion : VEICHI4-SW_V13458_01213  
20260819-164011:051443952 EtherCAT|INFO [NrtData_ReadSwVersion_VEICHI,569]: slave : 5 Sw-Vesrion : VEICHI5-SW_V13458_01213.  
20260819-164011:051471288 EtherCAT|INFO [CANopenModule_GetVersion,848]: [CANopenModule  ] slave : 4 Sw-Vesrion : VEICHI5-SW_V13458_01213
20260819-164011:053443104 EtherCAT|INFO [NrtData_ReadSwVersion_VEICHI,569]: slave : 6 Sw-Vesrion : VEICHI6-SW_V13458_01714.  
20260819-164011:053469376 EtherCAT|INFO [CANopenModule_GetVersion,848]: [CANopenModule  ] slave : 5 Sw-Vesrion : VEICHI6-SW_V13458_01714  
20260819-164011:055445976 EtherCAT|INFO [NrtData_ReadSwVersion_VEICHI,569]: slave : 7 Sw-Vesrion : VEICHI7-SW_V13458_01213. 
20260819-164011:055473408 EtherCAT|INFO [CANopenModule_GetVersion,848]: [CANopenModule  ] slave : 6 Sw-Vesrion : VEICHI7-SW_V13458_01213  
20260819-164011:057447472 EtherCAT|INFO [NrtData_ReadHwVersion_VEICHI,528]: slave : 1 Hw-Vesrion : VEICHI1-HW_VA1.2  
20260819-164011:057475416 EtherCAT|INFO [CANopenModule_GetVersion,853]: [CANopenModule  ] slave : 0 Hw-Vesrion : VEICHI1-HW_VA1.2
20260819-164011:059446712 EtherCAT|INFO [NrtData_ReadHwVersion_VEICHI,528]: slave : 2 Hw-Vesrion : VEICHI2-HW_VA1.0  
20260819-164011:059473464 EtherCAT|INFO [CANopenModule_GetVersion,853]: [CANopenModule  ] slave : 1 Hw-Vesrion : VEICHI2-HW_VA1.0  
20260819-164011:061446848 EtherCAT|INFO [NrtData_ReadHwVersion_VEICHI,528]: slave : 3 Hw-Vesrion : VEICHI3-HW_VA1.2
20260819-164011:061473272 EtherCAT|INFO [CANopenModule_GetVersion,853]: [CANopenModule  ] slave : 2 Hw-Vesrion : VEICHI3-HW_VA1.2  
20260819-164011:063443056 EtherCAT|INFO [NrtData_ReadHwVersion_VEICHI,528]: slave : 4 Hw-Vesrion : VEICHI4-HW_VA1.2  
20260819-164011:063470592 EtherCAT|INFO [CANopenModule_GetVersion,853]: [CANopenModule  ] slave : 3 Hw-Vesrion : VEICHI4-HW_VA1.2
20260819-164011:065447752 EtherCAT|INFO [NrtData_ReadHwVersion_VEICHI,528]: slave : 5 Hw-Vesrion : VEICHI5-HW_VA1.2  
20260819-164011:065475904 EtherCAT|INFO [CANopenModule_GetVersion,853]: [CANopenModule  ] slave : 4 Hw-Vesrion : VEICHI5-HW_VA1.2  
20260819-164011:067447784 EtherCAT|INFO [NrtData_ReadHwVersion_VEICHI,528]: slave : 6 Hw-Vesrion : VEICHI6-HW_VA1.0
20260819-164011:067475496 EtherCAT|INFO [CANopenModule_GetVersion,853]: [CANopenModule  ] slave : 5 Hw-Vesrion : VEICHI6-HW_VA1.0  
20260819-164011:069447456 EtherCAT|INFO [NrtData_ReadHwVersion_VEICHI,528]: slave : 7 Hw-Vesrion : VEICHI7-HW_VA1.2  
20260819-164011:069473984 EtherCAT|INFO [CANopenModule_GetVersion,853]: [CANopenModule  ] slave : 6 Hw-Vesrion : VEICHI7-HW_VA1.2
20260819-164011:071212776 MCLink|INFO [mclink_set_system_status,171]: ----------------------system enter status 5 ------------------------ 
20260819-164011:071758064 EtherCAT|INFO [CANopenModule_ThreadEntry,422]: [CANopenModule  ] Get slave Version is done  
20260819-164011:071783336 EtherCAT|INFO [CANopenModule_ThreadEntry,423]: [CANopenModule  ] Task state is RESOURCE_CHK turn to RUN
20260819-164011:075661856 Macro|INFO [ReadRatedCurAll,300]: rated_current axis 1 = 8900   
20260819-164011:078635312 Macro|INFO [ReadRatedCurAll,300]: rated_current axis 2 = 10000   
20260819-164011:081632224 Macro|INFO [ReadRatedCurAll,300]: rated_current axis 3 = 3500   
20260819-164011:085796736 Macro|INFO [ReadRatedCurAll,300]: rated_current axis 4 = 3500 
20260819-164011:089650752 Macro|INFO [ReadRatedCurAll,300]: rated_current axis 5 = 3500   
20260819-164011:092646968 Macro|INFO [ReadRatedCurAll,300]: rated_current axis 6 = 3000   
20260819-164011:095631024 Macro|INFO [ReadRatedCurAll,300]: rated_current axis 7 = 3500   
20260819-164011:097714312 CP-IP|INFO [IPCommission_FunctionInit,1144]: Comm-E is init finish. 
20260819-164011:097744736 CP-IP|INFO [IPCommission_FunctionInit,1162]: wait linux netcard，no timeout, use time = 0.000000 sec  
20260819-164011:104684056 Macro|INFO [ReadPIDAll,365]: pos_kp axis 1 = 80   
20260819-164011:104713176 Macro|INFO [ReadPIDAll,366]: vel_kp axis 1 = 400   
20260819-164011:104737216 Macro|INFO [ReadPIDAll,367]: vel_ki axis 1 = 500   
20260819-164011:113633696 Macro|INFO [ReadPIDAll,365]: pos_kp axis 2 = 80 
20260819-164011:113662984 Macro|INFO [ReadPIDAll,366]: vel_kp axis 2 = 400   
20260819-164011:113686816 Macro|INFO [ReadPIDAll,367]: vel_ki axis 2 = 500   
20260819-164011:122647464 Macro|INFO [ReadPIDAll,365]: pos_kp axis 3 = 80   
20260819-164011:122678032 Macro|INFO [ReadPIDAll,366]: vel_kp axis 3 = 400   
20260819-164011:122701016 Macro|INFO [ReadPIDAll,367]: vel_ki axis 3 = 500 
20260819-164011:131667848 Macro|INFO [ReadPIDAll,365]: pos_kp axis 4 = 80   
20260819-164011:131697192 Macro|INFO [ReadPIDAll,366]: vel_kp axis 4 = 400   
20260819-164011:131721808 Macro|INFO [ReadPIDAll,367]: vel_ki axis 4 = 500   
20260819-164011:140643632 Macro|INFO [ReadPIDAll,365]: pos_kp axis 5 = 80   
20260819-164011:140673392 Macro|INFO [ReadPIDAll,366]: vel_kp axis 5 = 400 
20260819-164011:140696816 Macro|INFO [ReadPIDAll,367]: vel_ki axis 5 = 500   
20260819-164011:148646288 Macro|INFO [ReadPIDAll,365]: pos_kp axis 6 = 80   
20260819-164011:148676072 Macro|INFO [ReadPIDAll,366]: vel_kp axis 6 = 400   
20260819-164011:148700592 Macro|INFO [ReadPIDAll,367]: vel_ki axis 6 = 500   
20260819-164011:156654328 Macro|INFO [ReadPIDAll,365]: pos_kp axis 7 = 80 
20260819-164011:156683296 Macro|INFO [ReadPIDAll,366]: vel_kp axis 7 = 400   
20260819-164011:156707064 Macro|INFO [ReadPIDAll,367]: vel_ki axis 7 = 500   
20260819-164011:159643464 Macro|INFO [ReadPosTrackingErrAll,615]: pos_tracking_err axis 1 = 50000.  
20260819-164011:162641144 Macro|INFO [ReadPosTrackingErrAll,615]: pos_tracking_err axis 2 = 50000. 
20260819-164011:165637632 Macro|INFO [ReadPosTrackingErrAll,615]: pos_tracking_err axis 3 = 50000.  
20260819-164011:168646752 Macro|INFO [ReadPosTrackingErrAll,615]: pos_tracking_err axis 4 = 50000.  
20260819-164011:171638272 Macro|INFO [ReadPosTrackingErrAll,615]: pos_tracking_err axis 5 = 50000.  
20260819-164011:174684824 Macro|INFO [ReadPosTrackingErrAll,615]: pos_tracking_err axis 6 = 50000. 
20260819-164011:176691248 Macro|INFO [ReadPosTrackingErrAll,615]: pos_tracking_err axis 7 = 50000.  
20260819-164011:179682144 EC_IDN|ERROR [NrtData_IdnRead,479]: The IDN data only support ZERO ERROR module!  
20260819-164011:179713208 Macro|INFO [ReadCanAll,420]: read velocity integral limit error -1502, will set default value is 80000.  
20260819-164011:192733288 EC_IDN|INFO [NrtData_IdnCallback_VEICHI,256]: 0x2002: 65h is 10000, 1 
20260819-164011:193718128 EC_IDN|INFO [NrtData_IdnCallback_VEICHI,267]: 0x2002: 66h is 0, 1  
20260819-164011:202633232 Macro|INFO [ReadCanAll,557]: hard pos_tracking_err axis 1 = 50000   
20260819-164011:202665384 Macro|INFO [ReadCanAll,558]: hard spd_tracking_err axis 1 = 10   
20260819-164011:202688384 Macro|INFO [ReadCanAll,559]: vel_integal_lim axis 1 = 80000 
20260819-164011:202712096 Macro|INFO [ReadCanAll,560]: stall current axis 1 = 1100   
20260819-164011:202733744 Macro|INFO [ReadCanAll,561]: stall speed axis 1 = 10   
20260819-164011:202754216 Macro|INFO [ReadCanAll,562]: stall time axis 1 = 500   
20260819-164011:202774912 Macro|INFO [ReadCanAll,564]: soft pos_tracking_err axis 1 = 5242944   
20260819-164011:202799168 Macro|INFO [ReadCanAll,565]: soft spd_tracking_err axis 1 = 10 
20260819-164011:202820568 Macro|INFO [ReadCanAll,566]: soft stall current axis 1 = 900   
20260819-164011:202842416 Macro|INFO [ReadCanAll,567]: soft stall speed axis 1 = 50   
20260819-164011:202863824 Macro|INFO [ReadCanAll,568]: soft stall time axis 1 = 250   
20260819-164011:206671056 EC_IDN|ERROR [NrtData_IdnRead,479]: The IDN data only support ZERO ERROR module! 
20260819-164011:206701664 Macro|INFO [ReadCanAll,420]: read velocity integral limit error -1502, will set default value is 80000.  
20260819-164011:218721944 EC_IDN|INFO [NrtData_IdnCallback_VEICHI,256]: 0x2002: 65h is 10000, 1  
20260819-164011:218936208 EC_IDN|INFO [NrtData_IdnCallback_VEICHI,267]: 0x2002: 66h is 0, 1  
20260819-164011:227627368 Macro|INFO [ReadCanAll,557]: hard pos_tracking_err axis 2 = 50000 
20260819-164011:227658776 Macro|INFO [ReadCanAll,558]: hard spd_tracking_err axis 2 = 10   
20260819-164011:227682632 Macro|INFO [ReadCanAll,559]: vel_integal_lim axis 2 = 80000   
20260819-164011:227707176 Macro|INFO [ReadCanAll,560]: stall current axis 2 = 1100   
20260819-164011:227729576 Macro|INFO [ReadCanAll,561]: stall speed axis 2 = 10   
20260819-164011:227750088 Macro|INFO [ReadCanAll,562]: stall time axis 2 = 500 
20260819-164011:227771512 Macro|INFO [ReadCanAll,564]: soft pos_tracking_err axis 2 = 5242944   
20260819-164011:227795864 Macro|INFO [ReadCanAll,565]: soft spd_tracking_err axis 2 = 10   
20260819-164011:227816096 Macro|INFO [ReadCanAll,566]: soft stall current axis 2 = 900   
20260819-164011:227837128 Macro|INFO [ReadCanAll,567]: soft stall speed axis 2 = 50   
20260819-164011:227857824 Macro|INFO [ReadCanAll,568]: soft stall time axis 2 = 250 
20260819-164011:231660616 EC_IDN|ERROR [NrtData_IdnRead,479]: The IDN data only support ZERO ERROR module!  
20260819-164011:231691608 Macro|INFO [ReadCanAll,420]: read velocity integral limit error -1502, will set default value is 80000.  
20260819-164011:243780416 EC_IDN|INFO [NrtData_IdnCallback_VEICHI,256]: 0x2002: 65h is 10000, 1  
20260819-164011:244786736 EC_IDN|INFO [NrtData_IdnCallback_VEICHI,267]: 0x2002: 66h is 0, 1 
20260819-164011:254672912 Macro|INFO [ReadCanAll,557]: hard pos_tracking_err axis 3 = 50000   
20260819-164011:254705256 Macro|INFO [ReadCanAll,558]: hard spd_tracking_err axis 3 = 10   
20260819-164011:254728544 Macro|INFO [ReadCanAll,559]: vel_integal_lim axis 3 = 80000   
20260819-164011:254752976 Macro|INFO [ReadCanAll,560]: stall current axis 3 = 1100   
20260819-164011:254774528 Macro|INFO [ReadCanAll,561]: stall speed axis 3 = 10 
20260819-164011:254796504 Macro|INFO [ReadCanAll,562]: stall time axis 3 = 500   
20260819-164011:254817896 Macro|INFO [ReadCanAll,564]: soft pos_tracking_err axis 3 = 5242944   
20260819-164011:254842744 Macro|INFO [ReadCanAll,565]: soft spd_tracking_err axis 3 = 10   
20260819-164011:254863584 Macro|INFO [ReadCanAll,566]: soft stall current axis 3 = 900   
20260819-164011:254885768 Macro|INFO [ReadCanAll,567]: soft stall speed axis 3 = 50 
20260819-164011:254906064 Macro|INFO [ReadCanAll,568]: soft stall time axis 3 = 250   
20260819-164011:258666248 EC_IDN|ERROR [NrtData_IdnRead,479]: The IDN data only support ZERO ERROR module!  
20260819-164011:258696336 Macro|INFO [ReadCanAll,420]: read velocity integral limit error -1502, will set default value is 80000.  
20260819-164011:270716584 EC_IDN|INFO [NrtData_IdnCallback_VEICHI,256]: 0x2002: 65h is 10000, 1 
20260819-164011:270930488 EC_IDN|INFO [NrtData_IdnCallback_VEICHI,267]: 0x2002: 66h is 0, 1  
20260819-164011:278634304 Macro|INFO [ReadCanAll,557]: hard pos_tracking_err axis 4 = 50000   
20260819-164011:278666368 Macro|INFO [ReadCanAll,558]: hard spd_tracking_err axis 4 = 10   
20260819-164011:278690688 Macro|INFO [ReadCanAll,559]: vel_integal_lim axis 4 = 80000 
20260819-164011:278714632 Macro|INFO [ReadCanAll,560]: stall current axis 4 = 1100   
20260819-164011:278737224 Macro|INFO [ReadCanAll,561]: stall speed axis 4 = 10   
20260819-164011:278758072 Macro|INFO [ReadCanAll,562]: stall time axis 4 = 500   
20260819-164011:278778224 Macro|INFO [ReadCanAll,564]: soft pos_tracking_err axis 4 = 5242944   
20260819-164011:278802632 Macro|INFO [ReadCanAll,565]: soft spd_tracking_err axis 4 = 10 
20260819-164011:278823232 Macro|INFO [ReadCanAll,566]: soft stall current axis 4 = 900   
20260819-164011:278844232 Macro|INFO [ReadCanAll,567]: soft stall speed axis 4 = 50   
20260819-164011:278865152 Macro|INFO [ReadCanAll,568]: soft stall time axis 4 = 250   
20260819-164011:282671568 EC_IDN|ERROR [NrtData_IdnRead,479]: The IDN data only support ZERO ERROR module! 
20260819-164011:282701272 Macro|INFO [ReadCanAll,420]: read velocity integral limit error -1502, will set default value is 80000.  
20260819-164011:294758904 EC_IDN|INFO [NrtData_IdnCallback_VEICHI,256]: 0x2002: 65h is 10000, 1  
20260819-164011:295718072 EC_IDN|INFO [NrtData_IdnCallback_VEICHI,267]: 0x2002: 66h is 0, 1  
20260819-164011:304678528 Macro|INFO [ReadCanAll,557]: hard pos_tracking_err axis 5 = 50000 
20260819-164011:304710656 Macro|INFO [ReadCanAll,558]: hard spd_tracking_err axis 5 = 10   
20260819-164011:304735728 Macro|INFO [ReadCanAll,559]: vel_integal_lim axis 5 = 80000   
20260819-164011:304759912 Macro|INFO [ReadCanAll,560]: stall current axis 5 = 1100   
20260819-164011:304782032 Macro|INFO [ReadCanAll,561]: stall speed axis 5 = 10   
20260819-164011:304802776 Macro|INFO [ReadCanAll,562]: stall time axis 5 = 500 
20260819-164011:304823752 Macro|INFO [ReadCanAll,564]: soft pos_tracking_err axis 5 = 5242944   
20260819-164011:304848456 Macro|INFO [ReadCanAll,565]: soft spd_tracking_err axis 5 = 10   
20260819-164011:304869864 Macro|INFO [ReadCanAll,566]: soft stall current axis 5 = 900   
20260819-164011:304891928 Macro|INFO [ReadCanAll,567]: soft stall speed axis 5 = 50   
20260819-164011:304912032 Macro|INFO [ReadCanAll,568]: soft stall time axis 5 = 250 
20260819-164011:308687568 EC_IDN|ERROR [NrtData_IdnRead,479]: The IDN data only support ZERO ERROR module!  
20260819-164011:308718936 Macro|INFO [ReadCanAll,420]: read velocity integral limit error -1502, will set default value is 80000.  
20260819-164011:321715312 EC_IDN|INFO [NrtData_IdnCallback_VEICHI,256]: 0x2002: 65h is 10000, 1  
20260819-164011:321929176 EC_IDN|INFO [NrtData_IdnCallback_VEICHI,267]: 0x2002: 66h is 0, 1 
20260819-164011:331626136 Macro|INFO [ReadCanAll,557]: hard pos_tracking_err axis 6 = 50000   
20260819-164011:331658336 Macro|INFO [ReadCanAll,558]: hard spd_tracking_err axis 6 = 10   
20260819-164011:331682576 Macro|INFO [ReadCanAll,559]: vel_integal_lim axis 6 = 80000   
20260819-164011:331706424 Macro|INFO [ReadCanAll,560]: stall current axis 6 = 1100   
20260819-164011:331728128 Macro|INFO [ReadCanAll,561]: stall speed axis 6 = 10 
20260819-164011:331748624 Macro|INFO [ReadCanAll,562]: stall time axis 6 = 500   
20260819-164011:331769648 Macro|INFO [ReadCanAll,564]: soft pos_tracking_err axis 6 = 5242944   
20260819-164011:331794184 Macro|INFO [ReadCanAll,565]: soft spd_tracking_err axis 6 = 10   
20260819-164011:331815072 Macro|INFO [ReadCanAll,566]: soft stall current axis 6 = 900   
20260819-164011:331836696 Macro|INFO [ReadCanAll,567]: soft stall speed axis 6 = 50 
20260819-164011:331857728 Macro|INFO [ReadCanAll,568]: soft stall time axis 6 = 250   
20260819-164011:335669336 EC_IDN|ERROR [NrtData_IdnRead,479]: The IDN data only support ZERO ERROR module!  
20260819-164011:335698928 Macro|INFO [ReadCanAll,420]: read velocity integral limit error -1502, will set default value is 80000.  
20260819-164011:347711064 EC_IDN|INFO [NrtData_IdnCallback_VEICHI,256]: 0x2002: 65h is 10000, 1 
20260819-164011:348730856 EC_IDN|INFO [NrtData_IdnCallback_VEICHI,267]: 0x2002: 66h is 0, 1  
20260819-164011:357629816 Macro|INFO [ReadCanAll,557]: hard pos_tracking_err axis 7 = 50000   
20260819-164011:357662128 Macro|INFO [ReadCanAll,558]: hard spd_tracking_err axis 7 = 10   
20260819-164011:357685992 Macro|INFO [ReadCanAll,559]: vel_integal_lim axis 7 = 80000 
20260819-164011:357712208 Macro|INFO [ReadCanAll,560]: stall current axis 7 = 1100   
20260819-164011:357736448 Macro|INFO [ReadCanAll,561]: stall speed axis 7 = 10   
20260819-164011:357757592 Macro|INFO [ReadCanAll,562]: stall time axis 7 = 500   
20260819-164011:357780264 Macro|INFO [ReadCanAll,564]: soft pos_tracking_err axis 7 = 5242944   
20260819-164011:357805696 Macro|INFO [ReadCanAll,565]: soft spd_tracking_err axis 7 = 10 
20260819-164011:357826608 Macro|INFO [ReadCanAll,566]: soft stall current axis 7 = 900   
20260819-164011:357849368 Macro|INFO [ReadCanAll,567]: soft stall speed axis 7 = 50   
20260819-164011:357870464 Macro|INFO [ReadCanAll,568]: soft stall time axis 7 = 250   
20260819-164011:875692824 CP-IP|INFO [IPCommission_LoadEthernetInfo,1105]: Load nvram net mapping table successful. crc = 0xa37c 
20260819-164011:875740456 CP-IP|INFO [IPCommission_UpdateSysConfig,1317]: Node 0 load IP from nvram， port0 ip:192.168.10.120, port1 ip: 192.168.10.100  
20260819-164011:875776352 CP-IP|INFO [IPCommission_SetRobotName,1453]: Write nvram's robot name to IDN: Robot1  
20260819-164011:983719936 CP-IP|INFO [IPCommission_SetEthernetInfo,826]: use nvram value to re-update RTEMS(port1) gateway = 192.168.10.254 
20260819-164011:983754592 LogicAddr|INFO [LgAddr_GetHardwareType,1173]: hardware type is Comm-E  
20260819-164011:983809664 CP-IP|INFO [IPCommission_SetIP,377]: use nvram value to re-update Linux(port0) gateway = 192.168.10.254  
20260819-164012:159810424 ctrlinfo|INFO [ctrlinfo_idn_handler,151]: Comm System version QRTOS_V2.4.697141004; FPGA_V1.10.9; COMM_CFG_V2.5.0.0
20260819-164012:229690264 CP-IP|INFO [IPCommission_SetIP,386]: use nvram value to set remote linux ip successful, node = 1 IP0 = 192.168.10.120  
20260819-164012:229739256 LogicAddr|INFO [LgAddr_GetHardwareType,1173]: hardware type is Comm-E  
20260819-164012:265121608 LogicAddr|INFO [LgAddr_Config,333]: LgAddr Update port 1 bd addr 192.168.10.255  
20260819-164012:265167984 LogicAddr|INFO [LgAddr_GetHardwareType,1173]: hardware type is Comm-E 
20260819-164012:299935288 CP-IP|INFO [IPCommission_SetIP,390]: use nvram value to set local rtems ip, node = 1, IP1 = 192.168.10.100  
20260819-164012:299976424 LogicAddr|INFO [LgAddr_GetHardwareType,1173]: hardware type is Comm-E  
20260819-164012:300014272 LogicAddr|INFO [LgAddr_GetHardwareType,1173]: hardware type is Comm-E 
20260819-164012:300044112 CP-IP|INFO [IPCommission_SetIP,397]: use nvram value to set local rtems ip successful,node = 1, and change broadcast addr to 192.168.10.255  
20260819-164012:300078448 LogicAddr|INFO [LgAddr_GetHardwareType,1173]: hardware type is Comm-E  
20260819-164012:336756016 LogicAddr|INFO [LgAddr_GetHardwareType,1173]: hardware type is Comm-E 
20260819-164012:336798096 LogicAddr|INFO [LgAddr_GetHardwareType,1173]: hardware type is Comm-E  
20260819-164012:346567624 LogicAddr|INFO [LgAddr_GetLinuxIp,1242]: Get Linux IP success = 192.168.10.120, 0x780aa8c0  
20260819-164012:346627496 LogicAddr|INFO [LgAddr_GetHardwareType,1173]: hardware type is Comm-E  
20260819-164012:346668728 LogicAddr|INFO [LgAddr_GetHardwareType,1173]: hardware type is Comm-E 
20260819-164012:357144184 Upgrade|INFO [SystemUpgrade_flag_control,1389]: magic 5343 boot 0 start_up 0 upgrade 0 auto_update_flag 0 
20260819-164012:599721656 CP-IP|INFO [IPCommission_SetIP,401]: use nvram value to set local rtems gateway successful, node = 1 gateway = 192.168.10.254  
20260819-164012:599755544 CP-IP|INFO [IPCommission_SetIPResult,514]: Set node1 IP result=2 
20260819-164012:599781176 CP-IP|INFO [IPCommission_SaveCommandDistribute,568]: Start to save local network mapping table  
20260819-164012:599811192 LogicAddr|INFO [LgAddr_GetHardwareType,1173]: hardware type is Comm-E  
20260819-164012:599847904 LogicAddr|INFO [LgAddr_GetHardwareType,1173]: hardware type is Comm-E  
20260819-164012:679684144 LogicAddr|INFO [LgAddr_GetLinuxIp,1242]: Get Linux IP success = 192.168.10.120, 0x780aa8c0
20260819-164012:679747608 LogicAddr|INFO [LgAddr_GetHardwareType,1173]: hardware type is Comm-E  
20260819-164012:679788128 LogicAddr|INFO [LgAddr_GetHardwareType,1173]: hardware type is Comm-E  
20260819-164012:679831688 CP-IP|INFO [IPCommission_SaveEthernetInfo,980]:  mac0 = B4:A2:EB:00:A3:90, mac1 = B4:A2:EB:00:A3:91  
20260819-164013:558170992 CP-IP|INFO [IPCommission_SaveEthernetInfo,1039]:  Save Ethernet info success write crc=0xa37c
20260819-164013:593701288 CP-IP|INFO [IPCommission_SetIPResult,538]: save all node network mapping table successful  
20260819-164013:593729944 CP-IP|INFO [IPCommission_UpdateSysConfig,1367]: Re-config mac ip result = 0x2  
20260819-164013:593759336 CP-IP|INFO [IPCommission_FunctionInit,1168]:  Load & distribute net mapping table success.  
20260819-164013:593785696 LogicAddr|INFO [LgAddr_GetHardwareType,1173]: hardware type is Comm-E 
20260819-164013:593823232 LogicAddr|INFO [LgAddr_GetHardwareType,1173]: hardware type is Comm-E  
20260819-164013:708681104 LogicAddr|INFO [LgAddr_GetLinuxIp,1242]: Get Linux IP success = 192.168.10.120, 0x780aa8c0  
20260819-164013:708748368 LogicAddr|INFO [LgAddr_GetHardwareType,1173]: hardware type is Comm-E  
20260819-164013:708790416 LogicAddr|INFO [LgAddr_GetHardwareType,1173]: hardware type is Comm-E 
20260819-164013:708830672 MCLink|INFO [mclink_set_system_status,171]: ----------------------system enter status 4 ------------------------ 
20260819-164013:743675808 APPMAIN|INFO [app_main,262]: Robot calibration is [0, 0, 0, 0, 0, 0] 
20260819-164013:954686984 MCLink|INFO [mclink_set_system_status,171]: ----------------------system enter status 5 ------------------------
20260819-164013:989676872 PMAIN|INFO [rest_task_entry,179]: HalGetkeyState is 1   
20260819-164013:989715432 ConfigFile|WARN [ConfigFile_CompareFilename,5098]: illegal Controller file name:Controller  
20260819-164013:989741296 ConfigFile|FATAL [ConfigFile_CheckNodeConsistency,5205]: On node1 config files name conflict: Controller , Robot1 file, Calibration, Commission 
20260819-164013:989769952 CTL_RES|INFO [controller_resource_efuse_prepare,201]: efuse enable=0 silicon ver=3 
20260819-164014:845150472 PMAIN|INFO [rest_task_entry,195]: rtems system initial ready  
20260819-164014:845577296 RobotVDStateMag|INFO [RobotVDStateManagerhandler,79]:  finish Subroutine init  
20260819-164014:845604792 RobotVDStateMag|INFO [RobotVDStateManagerhandler,81]:  Subroutine InitFinish event 
20260819-164014:845639344 RobotVDSM|INFO [ST_RobotVDInitializedState,1419]: robot vd: initialized state  
20260819-164014:846715992 RobotExcepMonitor|ERROR [KeyStateDistribute,1010]: switch from auto to auto   
20260819-164014:847570224 RobotVDStateMag|INFO [RobotVDStateManagerhandler,112]:  finish VD initialization  
20260819-164014:847601576 RobotVDStateMag|INFO [RobotVDStateManagerhandler,114]:  robotVD Init Finished event 
20260819-164014:847633424 RobotVDSM|INFO [ST_RobotVDPowerOffState,1441]: robot vd: power off state  
20260819-164016:094169264 ConfigFile|WARN [ConfigFile_ParseIDNArraySize,5466]: Shell IDN module 242.50 array_module 242.0 read error = -1502  
20260819-164016:127160768 ConfigFile|WARN [ConfigFile_ParseIDNArraySize,5466]: Shell IDN module 242.51 array_module 242.0 read error = -1502
20260819-164016:162132656 ConfigFile|WARN [ConfigFile_ParseIDNArraySize,5466]: Shell IDN module 242.52 array_module 242.0 read error = -1502  
20260819-164016:198879144 ConfigFile|WARN [ConfigFile_ParseIDNArraySize,5466]: Shell IDN module 242.53 array_module 242.0 read error = -1502  
20260819-164016:198946176 ConfigFile|WARN [ConfigFile_ParseIDNArraySize,5466]: Shell IDN module 242.54 array_module 242.0 read error = -1502
20260819-164016:198997832 ConfigFile|WARN [ConfigFile_ParseIDNArraySize,5466]: Shell IDN module 242.55 array_module 242.0 read error = -1502  
20260819-164016:199044632 ConfigFile|WARN [ConfigFile_ParseIDNArraySize,5466]: Shell IDN module 242.56 array_module 242.0 read error = -1502  
20260819-164016:233956288 ConfigFile|WARN [ConfigFile_ParseIDNArraySize,5466]: Shell IDN module 242.57 array_module 242.0 read error = -1502
20260819-164016:234025864 ConfigFile|WARN [ConfigFile_ParseIDNArraySize,5466]: Shell IDN module 242.58 array_module 242.0 read error = -1502  
20260819-164016:234076184 ConfigFile|WARN [ConfigFile_ParseIDNArraySize,5466]: Shell IDN module 242.59 array_module 242.0 read error = -1502  
20260819-164016:234124152 ConfigFile|WARN [ConfigFile_ParseIDNArraySize,5466]: Shell IDN module 242.60 array_module 242.0 read error = -1502
20260819-164016:234170624 ConfigFile|WARN [ConfigFile_ParseIDNArraySize,5466]: Shell IDN module 242.61 array_module 242.0 read error = -1502  
20260819-164016:270924768 ConfigFile|WARN [ConfigFile_ParseIDNArraySize,5466]: Shell IDN module 242.62 array_module 242.0 read error = -1502  
20260819-164016:270976664 ConfigFile|WARN [ConfigFile_ParseIDNArraySize,5466]: Shell IDN module 242.63 array_module 242.0 read error = -1502
20260819-164016:306991136 ctrlinfo|INFO [ctrlinfo_idn_handler,179]: node_num 0 gCtlSys.NodesOfController 9 
20260819-164017:009073904 ConfigFile|INFO [ConfigFile_CheckAndReportModelInfoInvalid,5301]: g_model_errcode 0
20260819-173244:642708392 MCLink|INFO [block_task_bind,123]: bind robot0 to bind_chl0
20260819-173244:700464648 MacroRobot|INFO [robot_poweron,80]: RTEMS-------------robot_poweron start--------------- 
20260819-173244:700618304 FZERO|INFO [ExitForceZeroMode1,403]: Set servo to position mode success. 
20260819-173244:700644272 PWRCTL|INFO [PowerControlPowerOn,97]: macro robot PowerOn: send PowerOn cmd event to robot VD mainSM 
20260819-173244:700680304 RobotVDSM|INFO [ST_RobotVDPowerOnInProgressState,1463]: robot vd: power on in progress state  
20260819-173244:701716168 RobotVDSM|INFO [ST_RobotVDPowerOnInProgressState,1471]: robot vd: send PowerOn cmd event from mainSM to Pwrseq subSM  
20260819-173244:701753528 PwrOnSeqSM|INFO [ST_PwrOnSeqClearFaultsInProgressState,524]: POWRE ON: clear faults in progress state 
20260819-173244:701833472 PwrOnSeqSM|ERROR [PwrSeqClrErr,857]: power on reset servo warning  
20260819-173244:701858984 EtherCAT|INFO [CoESrv_StateCommand,968]: StateCommand[0][0] set cmd is 1.  
20260819-173244:701882856 EtherCAT|INFO [CoESrv_StateCommand,968]: StateCommand[0][1] set cmd is 1.  
20260819-173244:701906056 EtherCAT|INFO [CoESrv_StateCommand,968]: StateCommand[0][2] set cmd is 1. 
20260819-173244:701928064 EtherCAT|INFO [CoESrv_StateCommand,968]: StateCommand[0][3] set cmd is 1.  
20260819-173244:701951008 EtherCAT|INFO [CoESrv_StateCommand,968]: StateCommand[0][4] set cmd is 1.  
20260819-173244:701972744 EtherCAT|INFO [CoESrv_StateCommand,968]: StateCommand[0][5] set cmd is 1.  
20260819-173244:701994512 EtherCAT|INFO [CoESrv_StateCommand,968]: StateCommand[0][6] set cmd is 1. 
20260819-173244:703625144 PWR_SEQ|INFO [RobotPwrSeqhandler,1003]: Power sequence: PowerOn subSM send clear faults ok event  
20260819-173244:703661448 PwrOnSeqSM|INFO [ST_PwrOnSeqFaultsClearedState,551]: POWRE ON: faults cleared state  
20260819-173244:705600248 PWR_SEQ|INFO [RobotPwrSeqhandler,1015]: Power sequence: PowerOn subSM send enable dcbus event 
20260819-173244:705636936 PwrOnSeqSM|INFO [ST_PwrOnSeqHighPowerEnableInProgressState,572]: POWRE ON: high power enable in progress state  
20260819-173244:707600776 PWR_SEQ|INFO [RobotPwrSeqhandler,1102]: Power sequence: PowerOn subSM send dcbus enable ok event  
20260819-173244:707637512 PwrOnSeqSM|INFO [ST_PwrOnSeqHighPowerEnabledState,594]: POWRE ON: high power enabled state 
20260819-173244:709604736 PWR_SEQ|INFO [RobotPwrSeqhandler,1115]: Power sequence: PowerOn subSM send enable amplifiers event  
20260819-173244:709641856 PwrOnSeqSM|INFO [ST_PwrOnSeqEnableAmplifiersInProgressState,615]: POWRE ON: enable amplifiers in progress state  
20260819-173244:709893544 PwrOnSeqSM|INFO [ST_PwrOnSeqEnableAmplifiersInProgressState,622]: POWRE ON: send enable pwm event from PowerOn subSM to EnAmp subSM 
20260819-173244:709926584 PwrOnSeqEnAmpSM|INFO [ST_PwrOnSeqEnAmpChildEnablePwmInProgressState,316]: POWRE ON enamp: enable pwm in progress state  
20260819-173244:711597656 PWR_SEQ|INFO [RobotPwrSeqhandler,1174]: Power sequence: PowerOn EnAmp subSM send pwm enabled ok event  
20260819-173244:711633624 PwrOnSeqEnAmpSM|INFO [ST_PwrOnSeqEnAmpChildPwmEnabledState,337]: POWRE ON enamp: pwm enabled state 
20260819-173244:713598232 PWR_SEQ|INFO [RobotPwrSeqhandler,1214]: Power sequence: PowerOn EnAmp subSM send adc already done event  
20260819-173244:713634256 PwrOnSeqEnAmpSM|INFO [ST_PwrOnSeqEnAmpChildCurrentOffsetCalibratedState,378]: POWRE ON enamp: adc calibrated state  
20260819-173244:715592496 PWR_SEQ|INFO [RobotPwrSeqhandler,1292]: Power sequence: PowerOn EnAmp subSM send uvw break already check event 
20260819-173244:715629368 PwrOnSeqEnAmpSM|INFO [ST_PwrOnSeqEnAmpChildCheckUVWBreakFinishedState,419]: POWRE ON enamp: check uvw break finished state  
20260819-173244:717593376 PWR_SEQ|INFO [RobotPwrSeqhandler,1354]: Power sequence: PowerOn EnAmp subSM send enable currentloop event  
20260819-173244:717630208 PwrOnSeqEnAmpSM|INFO [ST_PwrOnSeqEnAmpChildEnableCurrentloopInProgressState,438]: POWRE ON enamp: enable currentloop in progress state 
20260819-173244:719604064 PWR_SEQ|INFO [RobotPwrSeqhandler,1406]: Power sequence: PowerOn EnAmp subSM send currentloop enabled ok event  
20260819-173244:719638696 PwrOnSeqEnAmpSM|INFO [ST_PwrOnSeqEnAmpChildCurrentloopEnabledState,460]: POWRE ON enamp: currentloop enabled state  
20260819-173244:721590688 PWR_SEQ|INFO [RobotPwrSeqhandler,1421]: Power sequence: PowerOn EnAmp subSM back to idle event 
20260819-173244:721626464 PwrOnSeqEnAmpSM|INFO [ST_PwrOnSeqEnAmpChildIdleState,297]: POWRE ON enamp: idle state  
20260819-173244:721654176 PWR_SEQ|INFO [RobotPwrSeqhandler,1431]: Power sequence: from PowerOn EnAmp subSM back to PowerOn subSM amplifiers on ok event  
20260819-173244:721680048 PwrOnSeqSM|INFO [ST_PwrOnSeqAmplifiersEnabledState,645]: POWRE ON: amplifiers enabled state 
20260819-173244:723610416 PWR_SEQ|INFO [RobotPwrSeqhandler,1473]: Power sequence: PowerOn subSM motors already commutated event  
20260819-173244:723647744 PwrOnSeqSM|INFO [ST_PwrOnSeqMotorsCommutatedState,689]: POWRE ON: motors commutation finished state  
20260819-173244:725623416 Jog|INFO [InitRobotJog,82]: [JOG_DIAG] init robot=0 Td=0.100000 t_seg=100 Speed=0.000000 limit_per=10.000000 cart_trans_spd_limit=250.000000 cart_rot_spd_limit=36.000000
20260819-173244:725685216 Jog|INFO [InitRobotJog,92]: [JOG_DIAG] init_profile robot=0 prf.acc=50.000000 prf.dec=50.000000 prf.accramp=0.100000 prf.decramp=0.100000 acc_delta_per=10.000000 anticipation_enable=1 anticipation_dis=0.500000  
20260819-173244:725780296 PWR_SEQ|INFO [RobotPwrSeqhandler,1538]: Power sequence: PowerOn subSM enable servos event 
20260819-173244:725810944 PwrOnSeqSM|INFO [ST_PwrOnSeqEnableServosInProgressState,710]: POWRE ON: enable servos in progress state  
20260819-173244:726689232 EtherCAT|INFO [CoESrv_StateCommand,968]: StateCommand[0][0] set cmd is 2.  
20260819-173244:726719392 EtherCAT|INFO [CoESrv_StateCommand,968]: StateCommand[0][1] set cmd is 2.  
20260819-173244:726743272 EtherCAT|INFO [CoESrv_StateCommand,968]: StateCommand[0][2] set cmd is 2. 
20260819-173244:726765328 EtherCAT|INFO [CoESrv_StateCommand,968]: StateCommand[0][3] set cmd is 2.  
20260819-173244:726787536 EtherCAT|INFO [CoESrv_StateCommand,968]: StateCommand[0][4] set cmd is 2.  
20260819-173244:726809248 EtherCAT|INFO [CoESrv_StateCommand,968]: StateCommand[0][5] set cmd is 2.  
20260819-173244:726830064 EtherCAT|INFO [CoESrv_StateCommand,968]: StateCommand[0][6] set cmd is 2. 
20260819-173244:746426112 EtherCAT|INFO [CoESrv_StateCommand,968]: StateCommand[0][0] set cmd is 3.  
20260819-173244:746457704 EtherCAT|INFO [CoESrv_StateCommand,968]: StateCommand[0][1] set cmd is 3.  
20260819-173245:146425792 EtherCAT|INFO [CoESrv_StateCommand,968]: StateCommand[0][2] set cmd is 3.  
20260819-173245:146456664 EtherCAT|INFO [CoESrv_StateCommand,968]: StateCommand[0][3] set cmd is 3. 
20260819-173245:546454976 EtherCAT|INFO [CoESrv_StateCommand,968]: StateCommand[0][4] set cmd is 3.  
20260819-173245:546490536 EtherCAT|INFO [CoESrv_StateCommand,968]: StateCommand[0][5] set cmd is 3.  
20260819-173245:546513744 EtherCAT|INFO [CoESrv_StateCommand,968]: StateCommand[0][6] set cmd is 3.  
20260819-173245:546535848 PwrOnSeqSM|INFO [PwrSeqCheckServoOnEtherCAT,928]: Start to check 
20260819-173245:546616776 PwrOnSeqSM|INFO [PwrSeqCheckServoOnEtherCAT,968]: EtherCAT servo on success!  
20260819-173245:556424976 PwrOnSeqSM|INFO [PwrSeqCheckServoOnEtherCAT,974]: EtherCAT servo on  axis is 0, status word is [4663, 1237], error code is 0.  
20260819-173245:566423392 PwrOnSeqSM|INFO [PwrSeqCheckServoOnEtherCAT,974]: EtherCAT servo on  axis is 1, status word is [4663, 1237], error code is 0. 
20260819-173245:576425208 PwrOnSeqSM|INFO [PwrSeqCheckServoOnEtherCAT,974]: EtherCAT servo on  axis is 2, status word is [4663, 1237], error code is 0.  
20260819-173245:586430112 PwrOnSeqSM|INFO [PwrSeqCheckServoOnEtherCAT,974]: EtherCAT servo on  axis is 3, status word is [4663, 1237], error code is 0. 
20260819-173245:596420632 PwrOnSeqSM|INFO [PwrSeqCheckServoOnEtherCAT,974]: EtherCAT servo on  axis is 4, status word is [567, 237], error code is 0.  
20260819-173245:606422776 PwrOnSeqSM|INFO [PwrSeqCheckServoOnEtherCAT,974]: EtherCAT servo on  axis is 5, status word is [4663, 1237], error code is 0. 
20260819-173245:616428088 PwrOnSeqSM|INFO [PwrSeqCheckServoOnEtherCAT,974]: EtherCAT servo on  axis is 6, status word is [4663, 1237], error code is 0.  
20260819-173245:618426984 PWR_SEQ|INFO [RobotPwrSeqhandler,1603]: Power sequence: PowerOn subSM servos enabled ok event  
20260819-173245:618464872 PwrOnSeqSM|INFO [ST_PwrOnSeqServosEnabledState,737]: POWRE ON: servos enabled state 
20260819-173245:620429096 PWR_SEQ|INFO [RobotPwrSeqhandler,1619]: Power sequence: PowerOn subSM release brakes event  
20260819-173245:620465432 PwrOnSeqSM|INFO [ST_PwrOnSeqReleaseBrakesInProgressState,758]: POWRE ON: release brakes in progress state  
20260819-173245:622432864 PWR_SEQ|INFO [RobotPwrSeqhandler,1671]: Power sequence: PowerOn subSM brakes released ok event 
20260819-173245:622468928 PwrOnSeqSM|INFO [ST_PwrOnSeqBrakesReleasedState,786]: POWRE ON: brakes released state  
20260819-173245:624437024 PWR_SEQ|INFO [PwrSeqSendMsgToMacroCmd,2238]: Send msg to macro status = 13,code = 0 !  
20260819-173245:624470928 PWR_SEQ|INFO [PwrSeqSendMsgToMacroCmd,2246]: Send power on message to power on cmd ! 
20260819-173245:624493544 PWR_SEQ|INFO [RobotPwrSeqhandler,1686]: Power sequence: PowerOn subSM back to idle event  
20260819-173245:624522344 PwrOnSeqSM|INFO [ST_PwrOnSeqIdleState,455]: POWRE ON: idle state  
20260819-173245:624550776 PWR_SEQ|INFO [RobotPwrSeqhandler,1695]: Power sequence: from PowerOn subSM back to robot VDSM power on finished event  
20260819-173245:624577312 RobotVDSM|INFO [ST_RobotVDPowerOnState,1493]: robot vd: power on state 
20260819-173245:626450512 RobotVDStateMag|INFO [RobotVDStateManagerhandler,172]:  mainSM auto home to call robot home  
20260819-173245:626480928 RobotHome|INFO [robot_home_cmd,44]:  check axis home flag  
20260819-173245:626502952 RobotHome|INFO [robot_home_cmd,67]:  send already calibrated event  
20260819-173245:626534632 RobotVDSM|INFO [ST_RobotVDCalibratedState,1540]: robot vd: calibrated state 
20260819-173245:626758792 MacroRobot|INFO [robot_poweron,95]: RTEMS-------------robot_poweron end--------------- 
20260819-173245:628450168 RobotVDStateMag|INFO [RobotVDStateManagerhandler,241]:  valid_num = 0,  
20260819-173245:628481288 RobotVDStateMag|INFO [RobotVDStateManagerhandler,246]:  mainSM to ready event  
20260819-173245:628515576 RobotVDSM|INFO [ST_RobotVDMotionReadyState,1562]: robot vd: motion ready state 
20260819-173245:628718664 RobotVDSM|INFO [ST_RobotVDMotionReadyState,1625]: robot vd: motion ready state end 
20260819-173245:629020152 MacroRobot|INFO [robot_home,147]: RTEMS--------------------robot_home start------------------ 
20260819-173245:629735248 MacroRobot|INFO [robot_home,161]: RTEMS----------robot_home end--------- 
20260819-173245:632490384 MACRO_PRF|INFO [setProfile,73]: RTEMS------------------------profile_set---------------------
20260819-173245:632524072 MACRO_PRF|INFO [setProfile,202]: set profile end 
20260819-173317:464032256 MacroSys|INFO [system_abort,109]: RTEMS-------------system_abort--------------------- 
20260819-173317:464070584 MacroSys|INFO [system_abort,138]: send motion abort cmd event 
20260819-173317:464134944 MacroSys|INFO [system_abort,246]: Macro system abort exit. 
20260819-173317:464862784 BackToPath|INFO [BackToPathRecordCMDPose,394]: need_back_to_path_flag is 0, current joint cmd is [0.000000, 0.000000, 0.000000, 0.000000, 0.000000, 0.000000]  
20260819-173317:464901824 RapidStop|INFO [CfgRobotRapidStop,674]: rapid stop joint  
20260819-173317:466038512 MCLink|INFO [block_task_unbind,170]: unbind robot0 from bind_chl0
20260819-173317:466091872 RCTASKS|INFO [RobotWaitRapidStopFinishTask,405]: get rapid stop finished semaphore 
20260819-173317:530218088 MCLink|INFO [block_task_bind,123]: bind robot0 to bind_chl0
20260819-173317:551996392 MacroRobot|INFO [robot_poweron,80]: RTEMS-------------robot_poweron start--------------- 
20260819-173317:552063624 RobotExcepMonitor|INFO [CheckExceptionBeforeEnterPowerOnSM,2558]: power on cmd already ok  
20260819-173317:552087928 PWRCTL|INFO [PowerControlPowerOn,79]: already power on  
20260819-173317:552109992 MacroRobot|INFO [robot_poweron,95]: RTEMS-------------robot_poweron end---------------
20260819-173317:590260688 MacroRobot|INFO [robot_spd_set,617]: RTEMS------------------------robot_speed_set --------------------- 
20260819-173317:590295248 MacroRobot|INFO [robot_spd_set,640]: robot 0 speed_set end,speed=20.000000 
20260819-173319:676051424 MacroMove|INFO [move_joint,122]: RTEMS--------move joint start----------- 
20260819-173319:676115008 LocationMag|INFO [PrintJointLocation,29]: MOVE point joint = 0.000000 0.000000 0.000000 -90.000000 0.000000 0.000000 0.000000 
20260819-173319:676259432 RobotVDSM|INFO [ST_RobotVDMotionPrepareState,1664]: robot vd: motion prepare state 
20260819-173319:676287376 RobotVDSM|INFO [ST_RobotVDMotionPrepareState,1670]: move mode = 6  
20260819-173319:676492488 profile|INFO [CalcMotionProfile,2817]: block ready run, id = 0  
20260819-173319:676969184 MacroMove|INFO [move_joint,219]: RTEMS--------move joint end--------- 
20260819-173319:677017336 RobotVDStateMag|INFO [RobotVDStateManagerhandler,348]:  mainSM send motion in progress event 
20260819-173319:677049016 RobotVDSM|INFO [ST_RobotVDMotionInProgressState,1766]: robot vd: motion in progress state  
20260819-173319:677073224 RobotVDSM|INFO [ST_RobotVDMotionInProgressState,1776]: move mode = 6 
20260819-173325:993328032 pre_read|INFO [RobotMotionStateBackToExecutionLayer,295]: receiver msg: state = 0, error id = 0  
20260819-173325:993364392 pre_read|INFO [RobotMotionStateBackToExecutionLayer,313]:  valid_num = 1, 
20260819-173325:994115312 pre_read|INFO [RobotMotionStateBackToExecutionLayer,356]:  send cmd finish event, cmd.packet_id is 0  
20260819-173325:994145592 pre_read|INFO [RobotMotionStateBackToExecutionLayer,368]:  valid_num left = 0,  
20260819-173325:995020496 RobotVDStateMag|INFO [RobotVDStateManagerhandler,415]:  mainSM to motion complete event 
20260819-173325:995058448 RobotVDSM|INFO [ST_RobotVDMotionCompleteState,2404]: robot vd: motion complete state  
20260819-173325:995108216 RobotVDSM|INFO [ST_RobotVDMotionCompleteState,2448]: robot vd: motion complete state     6  
20260819-173325:997016464 RobotVDStateMag|INFO [RobotVDStateManagerhandler,802]:  switch mainSM to ready  
20260819-173325:997054496 RobotVDSM|INFO [ST_RobotVDMotionReadyState,1562]: robot vd: motion ready state 
20260819-173325:997249248 RobotVDSM|INFO [ST_RobotVDMotionReadyState,1625]: robot vd: motion ready state end
20260819-173336:074856688 MacroMove|INFO [move_joint,122]: RTEMS--------move joint start----------- 
20260819-173336:074922568 LocationMag|INFO [PrintJointLocation,29]: MOVE point joint = -12.101000 -2.786000 5.069000 -84.841000 -17.710000 -3.976000 -5.034000 
20260819-173336:075300424 RobotVDSM|INFO [ST_RobotVDMotionPrepareState,1664]: robot vd: motion prepare state 
20260819-173336:075327768 RobotVDSM|INFO [ST_RobotVDMotionPrepareState,1670]: move mode = 6  
20260819-173336:075839552 MacroMove|INFO [move_joint,219]: RTEMS--------move joint end--------- 
20260819-173336:076057872 profile|INFO [CalcMotionProfile,2817]: block ready run, id = 0  
20260819-173336:077010544 RobotVDStateMag|INFO [RobotVDStateManagerhandler,348]:  mainSM send motion in progress event 
20260819-173336:077048416 RobotVDSM|INFO [ST_RobotVDMotionInProgressState,1766]: robot vd: motion in progress state  
20260819-173336:077072088 RobotVDSM|INFO [ST_RobotVDMotionInProgressState,1776]: move mode = 6 
20260819-173340:802896704 pre_read|INFO [RobotMotionStateBackToExecutionLayer,295]: receiver msg: state = 0, error id = 0  
20260819-173340:802933224 pre_read|INFO [RobotMotionStateBackToExecutionLayer,313]:  valid_num = 1,  
20260819-173340:803003728 RobotVDStateMag|INFO [RobotVDStateManagerhandler,415]:  mainSM to motion complete event  
20260819-173340:803034464 RobotVDSM|INFO [ST_RobotVDMotionCompleteState,2404]: robot vd: motion complete state 
20260819-173340:803894704 RobotVDSM|INFO [ST_RobotVDMotionCompleteState,2448]: robot vd: motion complete state     6  
20260819-173340:803933624 pre_read|INFO [RobotMotionStateBackToExecutionLayer,356]:  send cmd finish event, cmd.packet_id is 1  
20260819-173340:803958304 pre_read|INFO [RobotMotionStateBackToExecutionLayer,368]:  valid_num left = 0, 
20260819-173340:805006376 RobotVDStateMag|INFO [RobotVDStateManagerhandler,802]:  switch mainSM to ready  
20260819-173340:805044368 RobotVDSM|INFO [ST_RobotVDMotionReadyState,1562]: robot vd: motion ready state  
20260819-173340:805248408 RobotVDSM|INFO [ST_RobotVDMotionReadyState,1625]: robot vd: motion ready state end
20260819-173350:885706448 MacroMove|INFO [move_joint,122]: RTEMS--------move joint start----------- 
20260819-173350:885766744 LocationMag|INFO [PrintJointLocation,29]: MOVE point joint = -4.812000 9.147000 7.722000 -100.703000 -39.196000 -2.924000 16.186000 
20260819-173350:885917384 RobotVDSM|INFO [ST_RobotVDMotionPrepareState,1664]: robot vd: motion prepare state 
20260819-173350:885943968 RobotVDSM|INFO [ST_RobotVDMotionPrepareState,1670]: move mode = 6  
20260819-173350:886166896 profile|INFO [CalcMotionProfile,2817]: block ready run, id = 0  
20260819-173350:886742488 MacroMove|INFO [move_joint,219]: RTEMS--------move joint end--------- 
20260819-173350:886995552 RobotVDStateMag|INFO [RobotVDStateManagerhandler,348]:  mainSM send motion in progress event 
20260819-173350:887029568 RobotVDSM|INFO [ST_RobotVDMotionInProgressState,1766]: robot vd: motion in progress state  
20260819-173350:887056864 RobotVDSM|INFO [ST_RobotVDMotionInProgressState,1776]: move mode = 6 
20260819-173355:918750808 pre_read|INFO [RobotMotionStateBackToExecutionLayer,295]: receiver msg: state = 0, error id = 0  
20260819-173355:918786904 pre_read|INFO [RobotMotionStateBackToExecutionLayer,313]:  valid_num = 1, 
20260819-173355:918991848 RobotVDStateMag|INFO [RobotVDStateManagerhandler,415]:  mainSM to motion complete event  
20260819-173355:919025176 RobotVDSM|INFO [ST_RobotVDMotionCompleteState,2404]: robot vd: motion complete state  
20260819-173355:919837968 RobotVDSM|INFO [ST_RobotVDMotionCompleteState,2448]: robot vd: motion complete state     6 
20260819-173355:919875888 pre_read|INFO [RobotMotionStateBackToExecutionLayer,356]:  send cmd finish event, cmd.packet_id is 2  
20260819-173355:919900672 pre_read|INFO [RobotMotionStateBackToExecutionLayer,368]:  valid_num left = 0,  
20260819-173355:920989112 RobotVDStateMag|INFO [RobotVDStateManagerhandler,802]:  switch mainSM to ready  
20260819-173355:921026672 RobotVDSM|INFO [ST_RobotVDMotionReadyState,1562]: robot vd: motion ready state 
20260819-173355:921653168 RobotVDSM|INFO [ST_RobotVDMotionReadyState,1625]: robot vd: motion ready state end
20260819-173405:997587904 MacroMove|INFO [move_joint,122]: RTEMS--------move joint start----------- 
20260819-173405:997649304 LocationMag|INFO [PrintJointLocation,29]: MOVE point joint = -0.240000 23.091000 5.819000 -109.649000 -48.700000 -7.476000 27.835000 
20260819-173405:997805904 RobotVDSM|INFO [ST_RobotVDMotionPrepareState,1664]: robot vd: motion prepare state 
20260819-173405:997832176 RobotVDSM|INFO [ST_RobotVDMotionPrepareState,1670]: move mode = 6  
20260819-173405:998118144 MacroMove|INFO [move_joint,219]: RTEMS--------move joint end--------- 
20260819-173405:998166176 profile|INFO [CalcMotionProfile,2817]: block ready run, id = 0  
20260819-173405:999971784 RobotVDStateMag|INFO [RobotVDStateManagerhandler,348]:  mainSM send motion in progress event 
20260819-173406:000009664 RobotVDSM|INFO [ST_RobotVDMotionInProgressState,1766]: robot vd: motion in progress state  
20260819-173406:000029568 RobotVDSM|INFO [ST_RobotVDMotionInProgressState,1776]: move mode = 6 
20260819-173410:359746152 pre_read|INFO [RobotMotionStateBackToExecutionLayer,295]: receiver msg: state = 0, error id = 0  
20260819-173410:359781088 pre_read|INFO [RobotMotionStateBackToExecutionLayer,313]:  valid_num = 1, 
20260819-173410:359969128 RobotVDStateMag|INFO [RobotVDStateManagerhandler,415]:  mainSM to motion complete event  
20260819-173410:360006608 RobotVDSM|INFO [ST_RobotVDMotionCompleteState,2404]: robot vd: motion complete state  
20260819-173410:360116256 pre_read|INFO [RobotMotionStateBackToExecutionLayer,356]:  send cmd finish event, cmd.packet_id is 3 
20260819-173410:360143424 pre_read|INFO [RobotMotionStateBackToExecutionLayer,368]:  valid_num left = 0,  
20260819-173410:360654384 RobotVDSM|INFO [ST_RobotVDMotionCompleteState,2448]: robot vd: motion complete state     6  
20260819-173410:361968176 RobotVDStateMag|INFO [RobotVDStateManagerhandler,802]:  switch mainSM to ready  
20260819-173410:362006072 RobotVDSM|INFO [ST_RobotVDMotionReadyState,1562]: robot vd: motion ready state 
20260819-173410:362640504 RobotVDSM|INFO [ST_RobotVDMotionReadyState,1625]: robot vd: motion ready state end
20260819-173420:439590104 MacroMove|INFO [move_joint,122]: RTEMS--------move joint start----------- 
20260819-173420:439648704 LocationMag|INFO [PrintJointLocation,29]: MOVE point joint = -10.961000 18.215000 6.987000 -99.146000 -27.162000 -10.637000 44.325000 
20260819-173420:439802512 RobotVDSM|INFO [ST_RobotVDMotionPrepareState,1664]: robot vd: motion prepare state 
20260819-173420:439829968 RobotVDSM|INFO [ST_RobotVDMotionPrepareState,1670]: move mode = 6  
20260819-173420:440504816 MacroMove|INFO [move_joint,219]: RTEMS--------move joint end--------- 
20260819-173420:440584776 profile|INFO [CalcMotionProfile,2817]: block ready run, id = 0  
20260819-173420:441958632 RobotVDStateMag|INFO [RobotVDStateManagerhandler,348]:  mainSM send motion in progress event 
20260819-173420:441997576 RobotVDSM|INFO [ST_RobotVDMotionInProgressState,1766]: robot vd: motion in progress state  
20260819-173420:442020944 RobotVDSM|INFO [ST_RobotVDMotionInProgressState,1776]: move mode = 6 
20260819-173425:479517488 pre_read|INFO [RobotMotionStateBackToExecutionLayer,295]: receiver msg: state = 0, error id = 0  
20260819-173425:479551816 pre_read|INFO [RobotMotionStateBackToExecutionLayer,313]:  valid_num = 1, 
20260819-173425:479871352 pre_read|INFO [RobotMotionStateBackToExecutionLayer,356]:  send cmd finish event, cmd.packet_id is 4  
20260819-173425:479899136 pre_read|INFO [RobotMotionStateBackToExecutionLayer,368]:  valid_num left = 0,  
20260819-173425:480415344 RobotVDStateMag|INFO [RobotVDStateManagerhandler,415]:  mainSM to motion complete event 
20260819-173425:480454696 RobotVDSM|INFO [ST_RobotVDMotionCompleteState,2404]: robot vd: motion complete state  
20260819-173425:480504336 RobotVDSM|INFO [ST_RobotVDMotionCompleteState,2448]: robot vd: motion complete state     6  
20260819-173425:482392992 RobotVDStateMag|INFO [RobotVDStateManagerhandler,802]:  switch mainSM to ready  
20260819-173425:482430208 RobotVDSM|INFO [ST_RobotVDMotionReadyState,1562]: robot vd: motion ready state 
20260819-173425:482628152 RobotVDSM|INFO [ST_RobotVDMotionReadyState,1625]: robot vd: motion ready state end
20260819-173435:551847184 MacroMove|INFO [move_joint,122]: RTEMS--------move joint start----------- 
20260819-173435:551915936 LocationMag|INFO [PrintJointLocation,29]: MOVE point joint = -16.666000 14.511000 12.469000 -97.407000 -22.731000 -2.363000 69.038000 
20260819-173435:552678344 RobotVDSM|INFO [ST_RobotVDMotionPrepareState,1664]: robot vd: motion prepare state 
20260819-173435:552706344 RobotVDSM|INFO [ST_RobotVDMotionPrepareState,1670]: move mode = 6  
20260819-173435:552912824 profile|INFO [CalcMotionProfile,2817]: block ready run, id = 0  
20260819-173435:553377656 RobotVDStateMag|INFO [RobotVDStateManagerhandler,348]:  mainSM send motion in progress event  
20260819-173435:553470096 RobotVDSM|INFO [ST_RobotVDMotionInProgressState,1766]: robot vd: motion in progress state 
20260819-173435:553494936 RobotVDSM|INFO [ST_RobotVDMotionInProgressState,1776]: move mode = 6  
20260819-173435:553545016 MacroMove|INFO [move_joint,219]: RTEMS--------move joint end---------
20260819-173440:834332488 pre_read|INFO [RobotMotionStateBackToExecutionLayer,295]: receiver msg: state = 0, error id = 0  
20260819-173440:834369312 pre_read|INFO [RobotMotionStateBackToExecutionLayer,313]:  valid_num = 1, 
20260819-173440:835110216 pre_read|INFO [RobotMotionStateBackToExecutionLayer,356]:  send cmd finish event, cmd.packet_id is 5  
20260819-173440:835140832 pre_read|INFO [RobotMotionStateBackToExecutionLayer,368]:  valid_num left = 0,  
20260819-173440:836042728 RobotVDStateMag|INFO [RobotVDStateManagerhandler,415]:  mainSM to motion complete event 
20260819-173440:836080264 RobotVDSM|INFO [ST_RobotVDMotionCompleteState,2404]: robot vd: motion complete state  
20260819-173440:836127152 RobotVDSM|INFO [ST_RobotVDMotionCompleteState,2448]: robot vd: motion complete state     6  
20260819-173440:838041728 RobotVDStateMag|INFO [RobotVDStateManagerhandler,802]:  switch mainSM to ready  
20260819-173440:838080856 RobotVDSM|INFO [ST_RobotVDMotionReadyState,1562]: robot vd: motion ready state 
20260819-173440:838290608 RobotVDSM|INFO [ST_RobotVDMotionReadyState,1625]: robot vd: motion ready state end
20260819-173450:901102024 MacroMove|INFO [move_joint,122]: RTEMS--------move joint start----------- 
20260819-173450:901161552 LocationMag|INFO [PrintJointLocation,29]: MOVE point joint = -11.501000 15.234000 10.804000 -103.701000 -14.711000 1.594000 44.812000 
20260819-173450:901313464 RobotVDSM|INFO [ST_RobotVDMotionPrepareState,1664]: robot vd: motion prepare state 
20260819-173450:901339616 RobotVDSM|INFO [ST_RobotVDMotionPrepareState,1670]: move mode = 6  
20260819-173450:901543904 profile|INFO [CalcMotionProfile,2817]: block ready run, id = 0  
20260819-173450:902320832 MacroMove|INFO [move_joint,219]: RTEMS--------move joint end--------- 
20260819-173450:903077504 RobotVDStateMag|INFO [RobotVDStateManagerhandler,348]:  mainSM send motion in progress event 
20260819-173450:903115976 RobotVDSM|INFO [ST_RobotVDMotionInProgressState,1766]: robot vd: motion in progress state  
20260819-173450:903139936 RobotVDSM|INFO [ST_RobotVDMotionInProgressState,1776]: move mode = 6 
20260819-173456:143189264 pre_read|INFO [RobotMotionStateBackToExecutionLayer,295]: receiver msg: state = 0, error id = 0  
20260819-173456:143224944 pre_read|INFO [RobotMotionStateBackToExecutionLayer,313]:  valid_num = 1, 
20260819-173456:143545056 pre_read|INFO [RobotMotionStateBackToExecutionLayer,356]:  send cmd finish event, cmd.packet_id is 6  
20260819-173456:143572736 pre_read|INFO [RobotMotionStateBackToExecutionLayer,368]:  valid_num left = 0,  
20260819-173456:145077344 RobotVDStateMag|INFO [RobotVDStateManagerhandler,415]:  mainSM to motion complete event 
20260819-173456:145116496 RobotVDSM|INFO [ST_RobotVDMotionCompleteState,2404]: robot vd: motion complete state  
20260819-173456:145167456 RobotVDSM|INFO [ST_RobotVDMotionCompleteState,2448]: robot vd: motion complete state     6  
20260819-173456:147051064 RobotVDStateMag|INFO [RobotVDStateManagerhandler,802]:  switch mainSM to ready  
20260819-173456:147088784 RobotVDSM|INFO [ST_RobotVDMotionReadyState,1562]: robot vd: motion ready state 
20260819-173456:147286864 RobotVDSM|INFO [ST_RobotVDMotionReadyState,1625]: robot vd: motion ready state end
20260819-173506:217289152 MacroMove|INFO [move_joint,122]: RTEMS--------move joint start----------- 
20260819-173506:217357544 LocationMag|INFO [PrintJointLocation,29]: MOVE point joint = -7.091000 5.821000 6.987000 -93.371000 -24.414000 6.579000 69.059000 
20260819-173506:218125984 RobotVDSM|INFO [ST_RobotVDMotionPrepareState,1664]: robot vd: motion prepare state 
20260819-173506:218156352 RobotVDSM|INFO [ST_RobotVDMotionPrepareState,1670]: move mode = 6  
20260819-173506:218362336 profile|INFO [CalcMotionProfile,2817]: block ready run, id = 0  
20260819-173506:218448568 MacroMove|INFO [move_joint,219]: RTEMS--------move joint end--------- 
20260819-173506:219930744 RobotVDStateMag|INFO [RobotVDStateManagerhandler,348]:  mainSM send motion in progress event 
20260819-173506:219969368 RobotVDSM|INFO [ST_RobotVDMotionInProgressState,1766]: robot vd: motion in progress state  
20260819-173506:219993024 RobotVDSM|INFO [ST_RobotVDMotionInProgressState,1776]: move mode = 6 
20260819-173511:460232392 pre_read|INFO [RobotMotionStateBackToExecutionLayer,295]: receiver msg: state = 0, error id = 0  
20260819-173511:460268968 pre_read|INFO [RobotMotionStateBackToExecutionLayer,313]:  valid_num = 1, 
20260819-173511:461001344 pre_read|INFO [RobotMotionStateBackToExecutionLayer,356]:  send cmd finish event, cmd.packet_id is 7  
20260819-173511:461031912 pre_read|INFO [RobotMotionStateBackToExecutionLayer,368]:  valid_num left = 0,  
20260819-173511:461921672 RobotVDStateMag|INFO [RobotVDStateManagerhandler,415]:  mainSM to motion complete event 
20260819-173511:461960232 RobotVDSM|INFO [ST_RobotVDMotionCompleteState,2404]: robot vd: motion complete state  
20260819-173511:462007976 RobotVDSM|INFO [ST_RobotVDMotionCompleteState,2448]: robot vd: motion complete state     6  
20260819-173511:463917712 RobotVDStateMag|INFO [RobotVDStateManagerhandler,802]:  switch mainSM to ready  
20260819-173511:463955312 RobotVDSM|INFO [ST_RobotVDMotionReadyState,1562]: robot vd: motion ready state 
20260819-173511:464152408 RobotVDSM|INFO [ST_RobotVDMotionReadyState,1625]: robot vd: motion ready state end
20260819-173521:564785104 MacroMove|INFO [move_joint,122]: RTEMS--------move joint start----------- 
20260819-173521:564850368 LocationMag|INFO [PrintJointLocation,29]: MOVE point joint = 0.462000 9.896000 -2.834000 -106.090000 -14.804000 7.525000 48.008000 
20260819-173521:565029088 RobotVDSM|INFO [ST_RobotVDMotionPrepareState,1664]: robot vd: motion prepare state 
20260819-173521:565056072 RobotVDSM|INFO [ST_RobotVDMotionPrepareState,1670]: move mode = 6  
20260819-173521:565264144 profile|INFO [CalcMotionProfile,2817]: block ready run, id = 0  
20260819-173521:565345608 MacroMove|INFO [move_joint,219]: RTEMS--------move joint end--------- 
20260819-173521:565900008 RobotVDStateMag|INFO [RobotVDStateManagerhandler,348]:  mainSM send motion in progress event 
20260819-173521:565935008 RobotVDSM|INFO [ST_RobotVDMotionInProgressState,1766]: robot vd: motion in progress state  
20260819-173521:565957752 RobotVDSM|INFO [ST_RobotVDMotionInProgressState,1776]: move mode = 6 
20260819-173526:566849224 pre_read|INFO [RobotMotionStateBackToExecutionLayer,295]: receiver msg: state = 0, error id = 0  
20260819-173526:567113568 pre_read|INFO [RobotMotionStateBackToExecutionLayer,313]:  valid_num = 1, 
20260819-173526:567818296 pre_read|INFO [RobotMotionStateBackToExecutionLayer,356]:  send cmd finish event, cmd.packet_id is 8  
20260819-173526:567847984 pre_read|INFO [RobotMotionStateBackToExecutionLayer,368]:  valid_num left = 0,  
20260819-173526:568902784 RobotVDStateMag|INFO [RobotVDStateManagerhandler,415]:  mainSM to motion complete event 
20260819-173526:568941128 RobotVDSM|INFO [ST_RobotVDMotionCompleteState,2404]: robot vd: motion complete state  
20260819-173526:568989752 RobotVDSM|INFO [ST_RobotVDMotionCompleteState,2448]: robot vd: motion complete state     6  
20260819-173526:570897904 RobotVDStateMag|INFO [RobotVDStateManagerhandler,802]:  switch mainSM to ready  
20260819-173526:570936648 RobotVDSM|INFO [ST_RobotVDMotionReadyState,1562]: robot vd: motion ready state 
20260819-173526:571140192 RobotVDSM|INFO [ST_RobotVDMotionReadyState,1625]: robot vd: motion ready state end
20260819-173536:654058112 MacroMove|INFO [move_joint,122]: RTEMS--------move joint start----------- 
20260819-173536:654126192 LocationMag|INFO [PrintJointLocation,29]: MOVE point joint = 6.706000 -0.242000 -0.520000 -93.544000 -4.039000 8.365000 28.565000 
20260819-173536:654659656 RobotVDSM|INFO [ST_RobotVDMotionPrepareState,1664]: robot vd: motion prepare state 
20260819-173536:654688104 RobotVDSM|INFO [ST_RobotVDMotionPrepareState,1670]: move mode = 6  
20260819-173536:654853496 profile|INFO [CalcMotionProfile,2817]: block ready run, id = 0  
20260819-173536:654924312 RobotVDStateMag|INFO [RobotVDStateManagerhandler,348]:  mainSM send motion in progress event  
20260819-173536:655623464 RobotVDSM|INFO [ST_RobotVDMotionInProgressState,1766]: robot vd: motion in progress state 
20260819-173536:655651096 RobotVDSM|INFO [ST_RobotVDMotionInProgressState,1776]: move mode = 6  
20260819-173536:655706192 MacroMove|INFO [move_joint,219]: RTEMS--------move joint end---------
20260819-173541:523712344 pre_read|INFO [RobotMotionStateBackToExecutionLayer,295]: receiver msg: state = 0, error id = 0  
20260819-173541:523748296 pre_read|INFO [RobotMotionStateBackToExecutionLayer,313]:  valid_num = 1, 
20260819-173541:524112576 pre_read|INFO [RobotMotionStateBackToExecutionLayer,356]:  send cmd finish event, cmd.packet_id is 9  
20260819-173541:524141288 pre_read|INFO [RobotMotionStateBackToExecutionLayer,368]:  valid_num left = 0,  
20260819-173541:524890888 RobotVDStateMag|INFO [RobotVDStateManagerhandler,415]:  mainSM to motion complete event 
20260819-173541:524927192 RobotVDSM|INFO [ST_RobotVDMotionCompleteState,2404]: robot vd: motion complete state  
20260819-173541:524976088 RobotVDSM|INFO [ST_RobotVDMotionCompleteState,2448]: robot vd: motion complete state     6  
20260819-173541:526881408 RobotVDStateMag|INFO [RobotVDStateManagerhandler,802]:  switch mainSM to ready  
20260819-173541:526919728 RobotVDSM|INFO [ST_RobotVDMotionReadyState,1562]: robot vd: motion ready state 
20260819-173541:527117176 RobotVDSM|INFO [ST_RobotVDMotionReadyState,1625]: robot vd: motion ready state end
20260819-173551:597967288 MacroMove|INFO [move_joint,122]: RTEMS--------move joint start----------- 
20260819-173551:598036408 LocationMag|INFO [PrintJointLocation,29]: MOVE point joint = 13.173000 -15.296000 -16.433000 -57.966000 -4.039000 -11.275000 52.901000 
20260819-173551:598571144 RobotVDSM|INFO [ST_RobotVDMotionPrepareState,1664]: robot vd: motion prepare state 
20260819-173551:598599128 RobotVDSM|INFO [ST_RobotVDMotionPrepareState,1670]: move mode = 6  
20260819-173551:598754096 profile|INFO [CalcMotionProfile,2817]: block ready run, id = 0  
20260819-173551:598878904 RobotVDStateMag|INFO [RobotVDStateManagerhandler,348]:  mainSM send motion in progress event  
20260819-173551:599567112 RobotVDSM|INFO [ST_RobotVDMotionInProgressState,1766]: robot vd: motion in progress state 
20260819-173551:599596568 RobotVDSM|INFO [ST_RobotVDMotionInProgressState,1776]: move mode = 6  
20260819-173551:599651512 MacroMove|INFO [move_joint,219]: RTEMS--------move joint end---------
20260819-173557:551631888 pre_read|INFO [RobotMotionStateBackToExecutionLayer,295]: receiver msg: state = 0, error id = 0  
20260819-173557:551669592 pre_read|INFO [RobotMotionStateBackToExecutionLayer,313]:  valid_num = 1, 
20260819-173557:551989136 pre_read|INFO [RobotMotionStateBackToExecutionLayer,356]:  send cmd finish event, cmd.packet_id is 10  
20260819-173557:552491792 pre_read|INFO [RobotMotionStateBackToExecutionLayer,368]:  valid_num left = 0,  
20260819-173557:552870104 RobotVDStateMag|INFO [RobotVDStateManagerhandler,415]:  mainSM to motion complete event 
20260819-173557:552905944 RobotVDSM|INFO [ST_RobotVDMotionCompleteState,2404]: robot vd: motion complete state  
20260819-173557:552951344 RobotVDSM|INFO [ST_RobotVDMotionCompleteState,2448]: robot vd: motion complete state     6  
20260819-173557:554872408 RobotVDStateMag|INFO [RobotVDStateManagerhandler,802]:  switch mainSM to ready  
20260819-173557:554909984 RobotVDSM|INFO [ST_RobotVDMotionReadyState,1562]: robot vd: motion ready state 
20260819-173557:555534408 RobotVDSM|INFO [ST_RobotVDMotionReadyState,1625]: robot vd: motion ready state end
20260819-173607:640334168 MacroMove|INFO [move_joint,122]: RTEMS--------move joint start----------- 
20260819-173607:640392488 LocationMag|INFO [PrintJointLocation,29]: MOVE point joint = 5.923000 -28.959000 -16.433000 -59.882000 -25.510000 -0.293000 81.517000 
20260819-173607:640543032 RobotVDSM|INFO [ST_RobotVDMotionPrepareState,1664]: robot vd: motion prepare state 
20260819-173607:640568992 RobotVDSM|INFO [ST_RobotVDMotionPrepareState,1670]: move mode = 6  
20260819-173607:640722656 profile|INFO [CalcMotionProfile,2817]: block ready run, id = 0  
20260819-173607:641539816 MacroMove|INFO [move_joint,219]: RTEMS--------move joint end--------- 
20260819-173607:641851128 RobotVDStateMag|INFO [RobotVDStateManagerhandler,348]:  mainSM send motion in progress event 
20260819-173607:641887048 RobotVDSM|INFO [ST_RobotVDMotionInProgressState,1766]: robot vd: motion in progress state  
20260819-173607:642326368 RobotVDSM|INFO [ST_RobotVDMotionInProgressState,1776]: move mode = 6 
20260819-173613:185428208 pre_read|INFO [RobotMotionStateBackToExecutionLayer,295]: receiver msg: state = 0, error id = 0  
20260819-173613:185462312 pre_read|INFO [RobotMotionStateBackToExecutionLayer,313]:  valid_num = 1, 
20260819-173613:185784992 pre_read|INFO [RobotMotionStateBackToExecutionLayer,356]:  send cmd finish event, cmd.packet_id is 11  
20260819-173613:185813904 pre_read|INFO [RobotMotionStateBackToExecutionLayer,368]:  valid_num left = 0,  
20260819-173613:186344888 RobotVDStateMag|INFO [RobotVDStateManagerhandler,415]:  mainSM to motion complete event 
20260819-173613:186379024 RobotVDSM|INFO [ST_RobotVDMotionCompleteState,2404]: robot vd: motion complete state  
20260819-173613:186425864 RobotVDSM|INFO [ST_RobotVDMotionCompleteState,2448]: robot vd: motion complete state     6  
20260819-173613:188265336 RobotVDStateMag|INFO [RobotVDStateManagerhandler,802]:  switch mainSM to ready  
20260819-173613:188304736 RobotVDSM|INFO [ST_RobotVDMotionReadyState,1562]: robot vd: motion ready state 
20260819-173613:188502568 RobotVDSM|INFO [ST_RobotVDMotionReadyState,1625]: robot vd: motion ready state end
20260819-173625:223252896 MacroMove|INFO [move_joint,122]: RTEMS--------move joint start----------- 
20260819-173625:223312432 LocationMag|INFO [PrintJointLocation,29]: MOVE point joint = 5.923000 -14.438000 -12.820000 -74.805000 -2.745000 5.299000 60.987000 
20260819-173625:223464344 RobotVDSM|INFO [ST_RobotVDMotionPrepareState,1664]: robot vd: motion prepare state 
20260819-173625:223491208 RobotVDSM|INFO [ST_RobotVDMotionPrepareState,1670]: move mode = 6  
20260819-173625:223686312 profile|INFO [CalcMotionProfile,2817]: block ready run, id = 0  
20260819-173625:223801304 MacroMove|INFO [move_joint,219]: RTEMS--------move joint end--------- 
20260819-173625:224269808 RobotVDStateMag|INFO [RobotVDStateManagerhandler,348]:  mainSM send motion in progress event 
20260819-173625:224302128 RobotVDSM|INFO [ST_RobotVDMotionInProgressState,1766]: robot vd: motion in progress state  
20260819-173625:224325288 RobotVDSM|INFO [ST_RobotVDMotionInProgressState,1776]: move mode = 6 
20260819-173630:361391144 pre_read|INFO [RobotMotionStateBackToExecutionLayer,295]: receiver msg: state = 0, error id = 0  
20260819-173630:361427176 pre_read|INFO [RobotMotionStateBackToExecutionLayer,313]:  valid_num = 1, 
20260819-173630:361759912 pre_read|INFO [RobotMotionStateBackToExecutionLayer,356]:  send cmd finish event, cmd.packet_id is 12  
20260819-173630:361788304 pre_read|INFO [RobotMotionStateBackToExecutionLayer,368]:  valid_num left = 0,  
20260819-173630:362319856 RobotVDStateMag|INFO [RobotVDStateManagerhandler,415]:  mainSM to motion complete event 
20260819-173630:362355104 RobotVDSM|INFO [ST_RobotVDMotionCompleteState,2404]: robot vd: motion complete state  
20260819-173630:362783744 RobotVDSM|INFO [ST_RobotVDMotionCompleteState,2448]: robot vd: motion complete state     6  
20260819-173630:365266512 RobotVDStateMag|INFO [RobotVDStateManagerhandler,802]:  switch mainSM to ready  
20260819-173630:365306584 RobotVDSM|INFO [ST_RobotVDMotionReadyState,1562]: robot vd: motion ready state 
20260819-173630:365514128 RobotVDSM|INFO [ST_RobotVDMotionReadyState,1625]: robot vd: motion ready state end
20260819-173640:450221768 MacroMove|INFO [move_joint,122]: RTEMS--------move joint start----------- 
20260819-173640:450281984 LocationMag|INFO [PrintJointLocation,29]: MOVE point joint = 9.779000 4.033000 -12.820000 -91.327000 -26.480000 9.864000 83.245000 
20260819-173640:450438584 RobotVDSM|INFO [ST_RobotVDMotionPrepareState,1664]: robot vd: motion prepare state 
20260819-173640:450466336 RobotVDSM|INFO [ST_RobotVDMotionPrepareState,1670]: move mode = 6  
20260819-173640:451058264 MacroMove|INFO [move_joint,219]: RTEMS--------move joint end--------- 
20260819-173640:451229552 profile|INFO [CalcMotionProfile,2817]: block ready run, id = 0  
20260819-173640:452010984 RobotVDStateMag|INFO [RobotVDStateManagerhandler,348]:  mainSM send motion in progress event 
20260819-173640:452048688 RobotVDSM|INFO [ST_RobotVDMotionInProgressState,1766]: robot vd: motion in progress state  
20260819-173640:452072888 RobotVDSM|INFO [ST_RobotVDMotionInProgressState,1776]: move mode = 6 
20260819-173645:667280992 pre_read|INFO [RobotMotionStateBackToExecutionLayer,295]: receiver msg: state = 0, error id = 0  
20260819-173645:667317608 pre_read|INFO [RobotMotionStateBackToExecutionLayer,313]:  valid_num = 1,  
20260819-173645:667665416 pre_read|INFO [RobotMotionStateBackToExecutionLayer,356]:  send cmd finish event, cmd.packet_id is 13 
20260819-173645:668182992 RobotVDStateMag|INFO [RobotVDStateManagerhandler,415]:  mainSM to motion complete event  
20260819-173645:668217744 RobotVDSM|INFO [ST_RobotVDMotionCompleteState,2404]: robot vd: motion complete state  
20260819-173645:668266304 RobotVDSM|INFO [ST_RobotVDMotionCompleteState,2448]: robot vd: motion complete state     6  
20260819-173645:668302592 pre_read|INFO [RobotMotionStateBackToExecutionLayer,368]:  valid_num left = 0, 
20260819-173645:670156392 RobotVDStateMag|INFO [RobotVDStateManagerhandler,802]:  switch mainSM to ready  
20260819-173645:670196472 RobotVDSM|INFO [ST_RobotVDMotionReadyState,1562]: robot vd: motion ready state  
20260819-173645:670396616 RobotVDSM|INFO [ST_RobotVDMotionReadyState,1625]: robot vd: motion ready state end
20260819-173655:742242672 MacroMove|INFO [move_joint,122]: RTEMS--------move joint start----------- 
20260819-173655:742308136 LocationMag|INFO [PrintJointLocation,29]: MOVE point joint = 26.003000 9.057000 -26.432000 -98.591000 -9.833000 3.563000 22.674000 
20260819-173655:743066144 RobotVDSM|INFO [ST_RobotVDMotionPrepareState,1664]: robot vd: motion prepare state 
20260819-173655:743096232 RobotVDSM|INFO [ST_RobotVDMotionPrepareState,1670]: move mode = 6  
20260819-173655:743306824 profile|INFO [CalcMotionProfile,2817]: block ready run, id = 0  
20260819-173655:743394048 MacroMove|INFO [move_joint,219]: RTEMS--------move joint end--------- 
20260819-173655:744865752 RobotVDStateMag|INFO [RobotVDStateManagerhandler,348]:  mainSM send motion in progress event 
20260819-173655:744903744 RobotVDSM|INFO [ST_RobotVDMotionInProgressState,1766]: robot vd: motion in progress state  
20260819-173655:744926448 RobotVDSM|INFO [ST_RobotVDMotionInProgressState,1776]: move mode = 6 
20260819-173702:853142216 pre_read|INFO [RobotMotionStateBackToExecutionLayer,295]: receiver msg: state = 0, error id = 0  
20260819-173702:853178032 pre_read|INFO [RobotMotionStateBackToExecutionLayer,313]:  valid_num = 1, 
20260819-173702:853911808 pre_read|INFO [RobotMotionStateBackToExecutionLayer,356]:  send cmd finish event, cmd.packet_id is 14  
20260819-173702:853941248 pre_read|INFO [RobotMotionStateBackToExecutionLayer,368]:  valid_num left = 0,  
20260819-173702:854828784 RobotVDStateMag|INFO [RobotVDStateManagerhandler,415]:  mainSM to motion complete event 
20260819-173702:854866168 RobotVDSM|INFO [ST_RobotVDMotionCompleteState,2404]: robot vd: motion complete state  
20260819-173702:854913776 RobotVDSM|INFO [ST_RobotVDMotionCompleteState,2448]: robot vd: motion complete state     6  
20260819-173702:856812224 RobotVDStateMag|INFO [RobotVDStateManagerhandler,802]:  switch mainSM to ready  
20260819-173702:856849976 RobotVDSM|INFO [ST_RobotVDMotionReadyState,1562]: robot vd: motion ready state 
20260819-173702:857049464 RobotVDSM|INFO [ST_RobotVDMotionReadyState,1625]: robot vd: motion ready state end
20260819-173712:955694216 MacroMove|INFO [move_joint,122]: RTEMS--------move joint start----------- 
20260819-173712:955755248 LocationMag|INFO [PrintJointLocation,29]: MOVE point joint = 35.986000 9.057000 -37.494000 -99.813000 -13.172000 7.695000 -6.244000 
20260819-173712:955941568 RobotVDSM|INFO [ST_RobotVDMotionPrepareState,1664]: robot vd: motion prepare state 
20260819-173712:955967648 RobotVDSM|INFO [ST_RobotVDMotionPrepareState,1670]: move mode = 6  
20260819-173712:956168768 profile|INFO [CalcMotionProfile,2817]: block ready run, id = 0  
20260819-173712:956732504 MacroMove|INFO [move_joint,219]: RTEMS--------move joint end--------- 
20260819-173712:956795112 RobotVDStateMag|INFO [RobotVDStateManagerhandler,348]:  mainSM send motion in progress event 
20260819-173712:956828352 RobotVDSM|INFO [ST_RobotVDMotionInProgressState,1766]: robot vd: motion in progress state  
20260819-173712:956853088 RobotVDSM|INFO [ST_RobotVDMotionInProgressState,1776]: move mode = 6 
20260819-173718:512984368 pre_read|INFO [RobotMotionStateBackToExecutionLayer,295]: receiver msg: state = 0, error id = 0  
20260819-173718:513022608 pre_read|INFO [RobotMotionStateBackToExecutionLayer,313]:  valid_num = 1, 
20260819-173718:513730736 pre_read|INFO [RobotMotionStateBackToExecutionLayer,356]:  send cmd finish event, cmd.packet_id is 15  
20260819-173718:513786624 pre_read|INFO [RobotMotionStateBackToExecutionLayer,368]:  valid_num left = 0,  
20260819-173718:514790624 RobotVDStateMag|INFO [RobotVDStateManagerhandler,415]:  mainSM to motion complete event 
20260819-173718:514829336 RobotVDSM|INFO [ST_RobotVDMotionCompleteState,2404]: robot vd: motion complete state  
20260819-173718:514878056 RobotVDSM|INFO [ST_RobotVDMotionCompleteState,2448]: robot vd: motion complete state     6  
20260819-173718:516787856 RobotVDStateMag|INFO [RobotVDStateManagerhandler,802]:  switch mainSM to ready  
20260819-173718:516824176 RobotVDSM|INFO [ST_RobotVDMotionReadyState,1562]: robot vd: motion ready state 
20260819-173718:517021824 RobotVDSM|INFO [ST_RobotVDMotionReadyState,1625]: robot vd: motion ready state end
20260819-173728:583582056 MacroMove|INFO [move_joint,122]: RTEMS--------move joint start----------- 
20260819-173728:583647984 LocationMag|INFO [PrintJointLocation,29]: MOVE point joint = -16.288000 9.057000 -8.784000 -80.452000 48.891000 -23.282000 -6.244000 
20260819-173728:583826296 RobotVDSM|INFO [ST_RobotVDMotionPrepareState,1664]: robot vd: motion prepare state 
20260819-173728:583853232 RobotVDSM|INFO [ST_RobotVDMotionPrepareState,1670]: move mode = 6  
20260819-173728:584034632 profile|INFO [CalcMotionProfile,2817]: block ready run, id = 0  
20260819-173728:584545088 MacroMove|INFO [move_joint,219]: RTEMS--------move joint end--------- 
20260819-173728:584777472 RobotVDStateMag|INFO [RobotVDStateManagerhandler,348]:  mainSM send motion in progress event 
20260819-173728:584813048 RobotVDSM|INFO [ST_RobotVDMotionInProgressState,1766]: robot vd: motion in progress state  
20260819-173728:584836088 RobotVDSM|INFO [ST_RobotVDMotionInProgressState,1776]: move mode = 6 
20260819-173735:752624448 pre_read|INFO [RobotMotionStateBackToExecutionLayer,295]: receiver msg: state = 0, error id = 0  
20260819-173735:752660784 pre_read|INFO [RobotMotionStateBackToExecutionLayer,313]:  valid_num = 1, 
20260819-173735:752773528 RobotVDStateMag|INFO [RobotVDStateManagerhandler,415]:  mainSM to motion complete event  
20260819-173735:752806648 RobotVDSM|INFO [ST_RobotVDMotionCompleteState,2404]: robot vd: motion complete state  
20260819-173735:753607712 RobotVDSM|INFO [ST_RobotVDMotionCompleteState,2448]: robot vd: motion complete state     6 
20260819-173735:753645288 pre_read|INFO [RobotMotionStateBackToExecutionLayer,356]:  send cmd finish event, cmd.packet_id is 16  
20260819-173735:753669656 pre_read|INFO [RobotMotionStateBackToExecutionLayer,368]:  valid_num left = 0,  
20260819-173735:754768696 RobotVDStateMag|INFO [RobotVDStateManagerhandler,802]:  switch mainSM to ready  
20260819-173735:754807048 RobotVDSM|INFO [ST_RobotVDMotionReadyState,1562]: robot vd: motion ready state 
20260819-173735:755009344 RobotVDSM|INFO [ST_RobotVDMotionReadyState,1625]: robot vd: motion ready state end
20260819-173745:821367536 MacroMove|INFO [move_joint,122]: RTEMS--------move joint start----------- 
20260819-173745:821427696 LocationMag|INFO [PrintJointLocation,29]: MOVE point joint = -25.538000 -6.754000 -8.784000 -62.253000 75.531000 -44.210000 -60.677000 
20260819-173745:821582848 RobotVDSM|INFO [ST_RobotVDMotionPrepareState,1664]: robot vd: motion prepare state 
20260819-173745:821610704 RobotVDSM|INFO [ST_RobotVDMotionPrepareState,1670]: move mode = 6  
20260819-173745:821834808 profile|INFO [CalcMotionProfile,2817]: block ready run, id = 0  
20260819-173745:821919672 MacroMove|INFO [move_joint,219]: RTEMS--------move joint end--------- 
20260819-173745:822761512 RobotVDStateMag|INFO [RobotVDStateManagerhandler,348]:  mainSM send motion in progress event 
20260819-173745:822799544 RobotVDSM|INFO [ST_RobotVDMotionInProgressState,1766]: robot vd: motion in progress state  
20260819-173745:822823608 RobotVDSM|INFO [ST_RobotVDMotionInProgressState,1776]: move mode = 6 
20260819-173752:683519248 pre_read|INFO [RobotMotionStateBackToExecutionLayer,295]: receiver msg: state = 0, error id = 0  
20260819-173752:683557136 pre_read|INFO [RobotMotionStateBackToExecutionLayer,313]:  valid_num = 1, 
20260819-173752:684407584 pre_read|INFO [RobotMotionStateBackToExecutionLayer,356]:  send cmd finish event, cmd.packet_id is 17  
20260819-173752:684438424 pre_read|INFO [RobotMotionStateBackToExecutionLayer,368]:  valid_num left = 0,  
20260819-173752:684753864 RobotVDStateMag|INFO [RobotVDStateManagerhandler,415]:  mainSM to motion complete event 
20260819-173752:684789344 RobotVDSM|INFO [ST_RobotVDMotionCompleteState,2404]: robot vd: motion complete state  
20260819-173752:684836008 RobotVDSM|INFO [ST_RobotVDMotionCompleteState,2448]: robot vd: motion complete state     6  
20260819-173752:686754152 RobotVDStateMag|INFO [RobotVDStateManagerhandler,802]:  switch mainSM to ready  
20260819-173752:686792832 RobotVDSM|INFO [ST_RobotVDMotionReadyState,1562]: robot vd: motion ready state 
20260819-173752:687415552 RobotVDSM|INFO [ST_RobotVDMotionReadyState,1625]: robot vd: motion ready state end
20260819-173802:766201656 MacroMove|INFO [move_joint,122]: RTEMS--------move joint start----------- 
20260819-173802:766262232 LocationMag|INFO [PrintJointLocation,29]: MOVE point joint = -29.539000 -21.916000 12.305000 -62.253000 75.531000 -33.403000 -71.855000 
20260819-173802:766413208 RobotVDSM|INFO [ST_RobotVDMotionPrepareState,1664]: robot vd: motion prepare state 
20260819-173802:766440328 RobotVDSM|INFO [ST_RobotVDMotionPrepareState,1670]: move mode = 6  
20260819-173802:766583936 profile|INFO [CalcMotionProfile,2817]: block ready run, id = 0  
20260819-173802:767458704 MacroMove|INFO [move_joint,219]: RTEMS--------move joint end--------- 
20260819-173802:767744616 RobotVDStateMag|INFO [RobotVDStateManagerhandler,348]:  mainSM send motion in progress event 
20260819-173802:768186032 RobotVDSM|INFO [ST_RobotVDMotionInProgressState,1766]: robot vd: motion in progress state  
20260819-173802:768214216 RobotVDSM|INFO [ST_RobotVDMotionInProgressState,1776]: move mode = 6 
20260819-173807:768511448 pre_read|INFO [RobotMotionStateBackToExecutionLayer,295]: receiver msg: state = 0, error id = 0  
20260819-173807:768548616 pre_read|INFO [RobotMotionStateBackToExecutionLayer,313]:  valid_num = 1, 
20260819-173807:769261952 pre_read|INFO [RobotMotionStateBackToExecutionLayer,356]:  send cmd finish event, cmd.packet_id is 18  
20260819-173807:769293232 pre_read|INFO [RobotMotionStateBackToExecutionLayer,368]:  valid_num left = 0,  
20260819-173807:770175624 RobotVDStateMag|INFO [RobotVDStateManagerhandler,415]:  mainSM to motion complete event 
20260819-173807:770212496 RobotVDSM|INFO [ST_RobotVDMotionCompleteState,2404]: robot vd: motion complete state  
20260819-173807:770259824 RobotVDSM|INFO [ST_RobotVDMotionCompleteState,2448]: robot vd: motion complete state     6  
20260819-173807:772160024 RobotVDStateMag|INFO [RobotVDStateManagerhandler,802]:  switch mainSM to ready  
20260819-173807:772198608 RobotVDSM|INFO [ST_RobotVDMotionReadyState,1562]: robot vd: motion ready state 
20260819-173807:772398696 RobotVDSM|INFO [ST_RobotVDMotionReadyState,1625]: robot vd: motion ready state end
20260819-173817:843378992 MacroMove|INFO [move_joint,122]: RTEMS--------move joint start----------- 
20260819-173817:843446352 LocationMag|INFO [PrintJointLocation,29]: MOVE point joint = -20.081000 -6.159000 10.848000 -80.451000 87.914000 -5.179000 -83.254000 
20260819-173817:843599768 RobotVDSM|INFO [ST_RobotVDMotionPrepareState,1664]: robot vd: motion prepare state 
20260819-173817:843627328 RobotVDSM|INFO [ST_RobotVDMotionPrepareState,1670]: move mode = 6  
20260819-173817:844399152 MacroMove|INFO [move_joint,219]: RTEMS--------move joint end--------- 
20260819-173817:844592496 profile|INFO [CalcMotionProfile,2817]: block ready run, id = 0  
20260819-173817:845130888 RobotVDStateMag|INFO [RobotVDStateManagerhandler,348]:  mainSM send motion in progress event 
20260819-173817:845169456 RobotVDSM|INFO [ST_RobotVDMotionInProgressState,1766]: robot vd: motion in progress state  
20260819-173817:845193464 RobotVDSM|INFO [ST_RobotVDMotionInProgressState,1776]: move mode = 6 
20260819-173823:363469728 pre_read|INFO [RobotMotionStateBackToExecutionLayer,295]: receiver msg: state = 0, error id = 0  
20260819-173823:363505536 pre_read|INFO [RobotMotionStateBackToExecutionLayer,313]:  valid_num = 1, 
20260819-173823:364184312 RobotVDStateMag|INFO [RobotVDStateManagerhandler,415]:  mainSM to motion complete event  
20260819-173823:364223352 RobotVDSM|INFO [ST_RobotVDMotionCompleteState,2404]: robot vd: motion complete state  
20260819-173823:364331192 RobotVDSM|INFO [ST_RobotVDMotionCompleteState,2448]: robot vd: motion complete state     6 
20260819-173823:364362952 pre_read|INFO [RobotMotionStateBackToExecutionLayer,356]:  send cmd finish event, cmd.packet_id is 19  
20260819-173823:364386544 pre_read|INFO [RobotMotionStateBackToExecutionLayer,368]:  valid_num left = 0,  
20260819-173823:366165904 RobotVDStateMag|INFO [RobotVDStateManagerhandler,802]:  switch mainSM to ready  
20260819-173823:366205952 RobotVDSM|INFO [ST_RobotVDMotionReadyState,1562]: robot vd: motion ready state 
20260819-173823:366406328 RobotVDSM|INFO [ST_RobotVDMotionReadyState,1625]: robot vd: motion ready state end
20260819-173833:437333216 MacroMove|INFO [move_joint,122]: RTEMS--------move joint start----------- 
20260819-173833:437392392 LocationMag|INFO [PrintJointLocation,29]: MOVE point joint = -31.983000 -10.464000 17.257000 -82.597000 84.552000 -6.700000 -86.843000 
20260819-173833:437545736 RobotVDSM|INFO [ST_RobotVDMotionPrepareState,1664]: robot vd: motion prepare state 
20260819-173833:437572848 RobotVDSM|INFO [ST_RobotVDMotionPrepareState,1670]: move mode = 6  
20260819-173833:438162816 MacroMove|INFO [move_joint,219]: RTEMS--------move joint end--------- 
20260819-173833:438328464 profile|INFO [CalcMotionProfile,2817]: block ready run, id = 0  
20260819-173833:439107472 RobotVDStateMag|INFO [RobotVDStateManagerhandler,348]:  mainSM send motion in progress event 
20260819-173833:439145544 RobotVDSM|INFO [ST_RobotVDMotionInProgressState,1766]: robot vd: motion in progress state  
20260819-173833:439168392 RobotVDSM|INFO [ST_RobotVDMotionInProgressState,1776]: move mode = 6 
20260819-173837:576261856 pre_read|INFO [RobotMotionStateBackToExecutionLayer,295]: receiver msg: state = 0, error id = 0  
20260819-173837:576297848 pre_read|INFO [RobotMotionStateBackToExecutionLayer,313]:  valid_num = 1, 
20260819-173837:577163832 RobotVDStateMag|INFO [RobotVDStateManagerhandler,415]:  mainSM to motion complete event  
20260819-173837:577202448 RobotVDSM|INFO [ST_RobotVDMotionCompleteState,2404]: robot vd: motion complete state  
20260819-173837:577530656 RobotVDSM|INFO [ST_RobotVDMotionCompleteState,2448]: robot vd: motion complete state     6 
20260819-173837:577564896 pre_read|INFO [RobotMotionStateBackToExecutionLayer,356]:  send cmd finish event, cmd.packet_id is 20  
20260819-173837:577589584 pre_read|INFO [RobotMotionStateBackToExecutionLayer,368]:  valid_num left = 0,  
20260819-173837:579138608 RobotVDStateMag|INFO [RobotVDStateManagerhandler,802]:  switch mainSM to ready  
20260819-173837:579177368 RobotVDSM|INFO [ST_RobotVDMotionReadyState,1562]: robot vd: motion ready state 
20260819-173837:579378984 RobotVDSM|INFO [ST_RobotVDMotionReadyState,1625]: robot vd: motion ready state end
20260819-173847:675920152 MacroMove|INFO [move_joint,122]: RTEMS--------move joint start----------- 
20260819-173847:675988112 LocationMag|INFO [PrintJointLocation,29]: MOVE point joint = -42.588000 -13.775000 21.263000 -81.711000 78.232000 -13.101000 -91.999000 
20260819-173847:676140328 RobotVDSM|INFO [ST_RobotVDMotionPrepareState,1664]: robot vd: motion prepare state 
20260819-173847:676168128 RobotVDSM|INFO [ST_RobotVDMotionPrepareState,1670]: move mode = 6  
20260819-173847:676336224 profile|INFO [CalcMotionProfile,2817]: block ready run, id = 0  
20260819-173847:677080088 MacroMove|INFO [move_joint,219]: RTEMS--------move joint end--------- 
20260819-173847:677778488 RobotVDStateMag|INFO [RobotVDStateManagerhandler,348]:  mainSM send motion in progress event 
20260819-173847:677817272 RobotVDSM|INFO [ST_RobotVDMotionInProgressState,1766]: robot vd: motion in progress state  
20260819-173847:677840984 RobotVDSM|INFO [ST_RobotVDMotionInProgressState,1776]: move mode = 6 
20260819-173851:653904544 pre_read|INFO [RobotMotionStateBackToExecutionLayer,295]: receiver msg: state = 0, error id = 0  
20260819-173851:653940256 pre_read|INFO [RobotMotionStateBackToExecutionLayer,313]:  valid_num = 1, 
20260819-173851:655081216 pre_read|INFO [RobotMotionStateBackToExecutionLayer,356]:  send cmd finish event, cmd.packet_id is 21  
20260819-173851:655112264 pre_read|INFO [RobotMotionStateBackToExecutionLayer,368]:  valid_num left = 0,  
20260819-173851:655771984 RobotVDStateMag|INFO [RobotVDStateManagerhandler,415]:  mainSM to motion complete event 
20260819-173851:655810232 RobotVDSM|INFO [ST_RobotVDMotionCompleteState,2404]: robot vd: motion complete state  
20260819-173851:655860272 RobotVDSM|INFO [ST_RobotVDMotionCompleteState,2448]: robot vd: motion complete state     6  
20260819-173851:657759792 RobotVDStateMag|INFO [RobotVDStateManagerhandler,802]:  switch mainSM to ready  
20260819-173851:657797016 RobotVDSM|INFO [ST_RobotVDMotionReadyState,1562]: robot vd: motion ready state 
20260819-173851:657999944 RobotVDSM|INFO [ST_RobotVDMotionReadyState,1625]: robot vd: motion ready state end
20260819-173901:735738944 MacroMove|INFO [move_joint,122]: RTEMS--------move joint start----------- 
20260819-173901:735805408 LocationMag|INFO [PrintJointLocation,29]: MOVE point joint = -49.243000 -20.003000 28.260000 -76.781000 81.582000 -15.794000 -93.529000 
20260819-173901:735957256 RobotVDSM|INFO [ST_RobotVDMotionPrepareState,1664]: robot vd: motion prepare state 
20260819-173901:735983704 RobotVDSM|INFO [ST_RobotVDMotionPrepareState,1670]: move mode = 6  
20260819-173901:736189128 profile|INFO [CalcMotionProfile,2817]: block ready run, id = 0  
20260819-173901:736914184 MacroMove|INFO [move_joint,219]: RTEMS--------move joint end--------- 
20260819-173901:737682192 RobotVDStateMag|INFO [RobotVDStateManagerhandler,348]:  mainSM send motion in progress event 
20260819-173901:737720672 RobotVDSM|INFO [ST_RobotVDMotionInProgressState,1766]: robot vd: motion in progress state  
20260819-173901:737744072 RobotVDSM|INFO [ST_RobotVDMotionInProgressState,1776]: move mode = 6 
20260819-173905:201770832 pre_read|INFO [RobotMotionStateBackToExecutionLayer,295]: receiver msg: state = 0, error id = 0  
20260819-173905:201806112 pre_read|INFO [RobotMotionStateBackToExecutionLayer,313]:  valid_num = 1, 
20260819-173905:202133016 pre_read|INFO [RobotMotionStateBackToExecutionLayer,356]:  send cmd finish event, cmd.packet_id is 22  
20260819-173905:202159752 pre_read|INFO [RobotMotionStateBackToExecutionLayer,368]:  valid_num left = 0,  
20260819-173905:203679496 RobotVDStateMag|INFO [RobotVDStateManagerhandler,415]:  mainSM to motion complete event 
20260819-173905:203717536 RobotVDSM|INFO [ST_RobotVDMotionCompleteState,2404]: robot vd: motion complete state  
20260819-173905:203765712 RobotVDSM|INFO [ST_RobotVDMotionCompleteState,2448]: robot vd: motion complete state     6  
20260819-173905:205673792 RobotVDStateMag|INFO [RobotVDStateManagerhandler,802]:  switch mainSM to ready  
20260819-173905:205710208 RobotVDSM|INFO [ST_RobotVDMotionReadyState,1562]: robot vd: motion ready state 
20260819-173905:205911824 RobotVDSM|INFO [ST_RobotVDMotionReadyState,1625]: robot vd: motion ready state end
20260819-173915:272913232 MacroMove|INFO [move_joint,122]: RTEMS--------move joint start----------- 
20260819-173915:272972128 LocationMag|INFO [PrintJointLocation,29]: MOVE point joint = -51.149000 -25.900000 38.995000 -75.412000 78.084000 -14.422000 -100.644000 
20260819-173915:273508536 RobotVDSM|INFO [ST_RobotVDMotionPrepareState,1664]: robot vd: motion prepare state 
20260819-173915:273536656 RobotVDSM|INFO [ST_RobotVDMotionPrepareState,1670]: move mode = 6  
20260819-173915:273780272 profile|INFO [CalcMotionProfile,2817]: block ready run, id = 0  
20260819-173915:273864224 MacroMove|INFO [move_joint,219]: RTEMS--------move joint end--------- 
20260819-173915:275664368 RobotVDStateMag|INFO [RobotVDStateManagerhandler,348]:  mainSM send motion in progress event 
20260819-173915:275702552 RobotVDSM|INFO [ST_RobotVDMotionInProgressState,1766]: robot vd: motion in progress state  
20260819-173915:275726352 RobotVDSM|INFO [ST_RobotVDMotionInProgressState,1776]: move mode = 6 
20260819-173919:267605736 pre_read|INFO [RobotMotionStateBackToExecutionLayer,295]: receiver msg: state = 0, error id = 0  
20260819-173919:267667168 pre_read|INFO [RobotMotionStateBackToExecutionLayer,313]:  valid_num = 1, 
20260819-173919:268004328 pre_read|INFO [RobotMotionStateBackToExecutionLayer,356]:  send cmd finish event, cmd.packet_id is 23  
20260819-173919:268033416 pre_read|INFO [RobotMotionStateBackToExecutionLayer,368]:  valid_num left = 0,  
20260819-173919:269666696 RobotVDStateMag|INFO [RobotVDStateManagerhandler,415]:  mainSM to motion complete event 
20260819-173919:269704872 RobotVDSM|INFO [ST_RobotVDMotionCompleteState,2404]: robot vd: motion complete state  
20260819-173919:269754152 RobotVDSM|INFO [ST_RobotVDMotionCompleteState,2448]: robot vd: motion complete state     6  
20260819-173919:271659352 RobotVDStateMag|INFO [RobotVDStateManagerhandler,802]:  switch mainSM to ready  
20260819-173919:271696992 RobotVDSM|INFO [ST_RobotVDMotionReadyState,1562]: robot vd: motion ready state 
20260819-173919:271897392 RobotVDSM|INFO [ST_RobotVDMotionReadyState,1625]: robot vd: motion ready state end
20260819-173929:344915624 MacroMove|INFO [move_joint,122]: RTEMS--------move joint start----------- 
20260819-173929:345347888 LocationMag|INFO [PrintJointLocation,29]: MOVE point joint = -54.040000 -32.669000 39.583000 -69.447000 77.552000 -12.333000 -103.451000 
20260819-173929:345504568 RobotVDSM|INFO [ST_RobotVDMotionPrepareState,1664]: robot vd: motion prepare state 
20260819-173929:345531736 RobotVDSM|INFO [ST_RobotVDMotionPrepareState,1670]: move mode = 6  
20260819-173929:345768184 profile|INFO [CalcMotionProfile,2817]: block ready run, id = 0  
20260819-173929:345853552 MacroMove|INFO [move_joint,219]: RTEMS--------move joint end--------- 
20260819-173929:347650024 RobotVDStateMag|INFO [RobotVDStateManagerhandler,348]:  mainSM send motion in progress event 
20260819-173929:347687032 RobotVDSM|INFO [ST_RobotVDMotionInProgressState,1766]: robot vd: motion in progress state  
20260819-173929:347710072 RobotVDSM|INFO [ST_RobotVDMotionInProgressState,1776]: move mode = 6 
20260819-173932:771480832 pre_read|INFO [RobotMotionStateBackToExecutionLayer,295]: receiver msg: state = 0, error id = 0  
20260819-173932:771517056 pre_read|INFO [RobotMotionStateBackToExecutionLayer,313]:  valid_num = 1, 
20260819-173932:771649632 RobotVDStateMag|INFO [RobotVDStateManagerhandler,415]:  mainSM to motion complete event  
20260819-173932:771683248 RobotVDSM|INFO [ST_RobotVDMotionCompleteState,2404]: robot vd: motion complete state  
20260819-173932:772379952 RobotVDSM|INFO [ST_RobotVDMotionCompleteState,2448]: robot vd: motion complete state     6 
20260819-173932:772449616 pre_read|INFO [RobotMotionStateBackToExecutionLayer,356]:  send cmd finish event, cmd.packet_id is 24  
20260819-173932:772475128 pre_read|INFO [RobotMotionStateBackToExecutionLayer,368]:  valid_num left = 0,  
20260819-173932:773649176 RobotVDStateMag|INFO [RobotVDStateManagerhandler,802]:  switch mainSM to ready  
20260819-173932:773687888 RobotVDSM|INFO [ST_RobotVDMotionReadyState,1562]: robot vd: motion ready state 
20260819-173932:773891848 RobotVDSM|INFO [ST_RobotVDMotionReadyState,1625]: robot vd: motion ready state end
20260819-173942:847681768 MacroMove|INFO [move_joint,122]: RTEMS--------move joint start----------- 
20260819-173942:847750888 LocationMag|INFO [PrintJointLocation,29]: MOVE point joint = -56.188000 -23.191000 39.583000 -70.882000 75.561000 -15.531000 -105.537000 
20260819-173942:848287376 RobotVDSM|INFO [ST_RobotVDMotionPrepareState,1664]: robot vd: motion prepare state 
20260819-173942:848316304 RobotVDSM|INFO [ST_RobotVDMotionPrepareState,1670]: move mode = 6  
20260819-173942:848513112 profile|INFO [CalcMotionProfile,2817]: block ready run, id = 0  
20260819-173942:848595096 MacroMove|INFO [move_joint,219]: RTEMS--------move joint end--------- 
20260819-173942:848652072 RobotVDStateMag|INFO [RobotVDStateManagerhandler,348]:  mainSM send motion in progress event 
20260819-173942:848682456 RobotVDSM|INFO [ST_RobotVDMotionInProgressState,1766]: robot vd: motion in progress state  
20260819-173942:848705088 RobotVDSM|INFO [ST_RobotVDMotionInProgressState,1776]: move mode = 6 
20260819-173946:683339528 pre_read|INFO [RobotMotionStateBackToExecutionLayer,295]: receiver msg: state = 0, error id = 0  
20260819-173946:683375176 pre_read|INFO [RobotMotionStateBackToExecutionLayer,313]:  valid_num = 1, 
20260819-173946:683639672 RobotVDStateMag|INFO [RobotVDStateManagerhandler,415]:  mainSM to motion complete event  
20260819-173946:683675296 RobotVDSM|INFO [ST_RobotVDMotionCompleteState,2404]: robot vd: motion complete state  
20260819-173946:684483016 RobotVDSM|INFO [ST_RobotVDMotionCompleteState,2448]: robot vd: motion complete state     6 
20260819-173946:684521208 pre_read|INFO [RobotMotionStateBackToExecutionLayer,356]:  send cmd finish event, cmd.packet_id is 25  
20260819-173946:684546304 pre_read|INFO [RobotMotionStateBackToExecutionLayer,368]:  valid_num left = 0,  
20260819-173946:685635744 RobotVDStateMag|INFO [RobotVDStateManagerhandler,802]:  switch mainSM to ready  
20260819-173946:685672696 RobotVDSM|INFO [ST_RobotVDMotionReadyState,1562]: robot vd: motion ready state 
20260819-173946:686300408 RobotVDSM|INFO [ST_RobotVDMotionReadyState,1625]: robot vd: motion ready state end
20260819-173956:753125496 MacroMove|INFO [move_joint,122]: RTEMS--------move joint start----------- 
20260819-173956:753185912 LocationMag|INFO [PrintJointLocation,29]: MOVE point joint = -58.066000 -17.912000 39.583000 -72.514000 72.110000 -14.741000 -108.053000 
20260819-173956:753338384 RobotVDSM|INFO [ST_RobotVDMotionPrepareState,1664]: robot vd: motion prepare state 
20260819-173956:753365712 RobotVDSM|INFO [ST_RobotVDMotionPrepareState,1670]: move mode = 6  
20260819-173956:753522224 profile|INFO [CalcMotionProfile,2817]: block ready run, id = 0  
20260819-173956:754307704 MacroMove|INFO [move_joint,219]: RTEMS--------move joint end--------- 
20260819-173956:754625576 RobotVDStateMag|INFO [RobotVDStateManagerhandler,348]:  mainSM send motion in progress event 
20260819-173956:754664968 RobotVDSM|INFO [ST_RobotVDMotionInProgressState,1766]: robot vd: motion in progress state  
20260819-173956:755095176 RobotVDSM|INFO [ST_RobotVDMotionInProgressState,1776]: move mode = 6 
20260819-173959:907384048 pre_read|INFO [RobotMotionStateBackToExecutionLayer,295]: receiver msg: state = 0, error id = 0  
20260819-173959:907421648 pre_read|INFO [RobotMotionStateBackToExecutionLayer,313]:  valid_num = 1, 
20260819-173959:907629528 RobotVDStateMag|INFO [RobotVDStateManagerhandler,415]:  mainSM to motion complete event  
20260819-173959:908130144 RobotVDSM|INFO [ST_RobotVDMotionCompleteState,2404]: robot vd: motion complete state  
20260819-173959:908463704 RobotVDSM|INFO [ST_RobotVDMotionCompleteState,2448]: robot vd: motion complete state     6 
20260819-173959:908499384 pre_read|INFO [RobotMotionStateBackToExecutionLayer,356]:  send cmd finish event, cmd.packet_id is 26  
20260819-173959:908524472 pre_read|INFO [RobotMotionStateBackToExecutionLayer,368]:  valid_num left = 0,  
20260819-173959:909631008 RobotVDStateMag|INFO [RobotVDStateManagerhandler,802]:  switch mainSM to ready  
20260819-173959:910108384 RobotVDSM|INFO [ST_RobotVDMotionReadyState,1562]: robot vd: motion ready state 
20260819-173959:910311976 RobotVDSM|INFO [ST_RobotVDMotionReadyState,1625]: robot vd: motion ready state end
20260819-174009:977233328 MacroMove|INFO [move_joint,122]: RTEMS--------move joint start----------- 
20260819-174009:977293112 LocationMag|INFO [PrintJointLocation,29]: MOVE point joint = -60.004000 -10.844000 39.583000 -79.631000 77.329000 -17.839000 -112.181000 
20260819-174009:977447816 RobotVDSM|INFO [ST_RobotVDMotionPrepareState,1664]: robot vd: motion prepare state 
20260819-174009:977474208 RobotVDSM|INFO [ST_RobotVDMotionPrepareState,1670]: move mode = 6  
20260819-174009:978056824 MacroMove|INFO [move_joint,219]: RTEMS--------move joint end--------- 
20260819-174009:978195408 profile|INFO [CalcMotionProfile,2817]: block ready run, id = 0  
20260819-174009:979010904 RobotVDStateMag|INFO [RobotVDStateManagerhandler,348]:  mainSM send motion in progress event 
20260819-174009:979048016 RobotVDSM|INFO [ST_RobotVDMotionInProgressState,1766]: robot vd: motion in progress state  
20260819-174009:979071592 RobotVDSM|INFO [ST_RobotVDMotionInProgressState,1776]: move mode = 6 
20260819-174013:466172024 pre_read|INFO [RobotMotionStateBackToExecutionLayer,295]: receiver msg: state = 0, error id = 0  
20260819-174013:466207832 pre_read|INFO [RobotMotionStateBackToExecutionLayer,313]:  valid_num = 1, 
20260819-174013:466518816 pre_read|INFO [RobotMotionStateBackToExecutionLayer,356]:  send cmd finish event, cmd.packet_id is 27  
20260819-174013:466546968 pre_read|INFO [RobotMotionStateBackToExecutionLayer,368]:  valid_num left = 0,  
20260819-174013:467070288 RobotVDStateMag|INFO [RobotVDStateManagerhandler,415]:  mainSM to motion complete event 
20260819-174013:467108904 RobotVDSM|INFO [ST_RobotVDMotionCompleteState,2404]: robot vd: motion complete state  
20260819-174013:467158144 RobotVDSM|INFO [ST_RobotVDMotionCompleteState,2448]: robot vd: motion complete state     6  
20260819-174013:469022624 RobotVDStateMag|INFO [RobotVDStateManagerhandler,802]:  switch mainSM to ready  
20260819-174013:469059864 RobotVDSM|INFO [ST_RobotVDMotionReadyState,1562]: robot vd: motion ready state 
20260819-174013:469262784 RobotVDSM|INFO [ST_RobotVDMotionReadyState,1625]: robot vd: motion ready state end
20260819-174023:537287312 MacroMove|INFO [move_joint,122]: RTEMS--------move joint start----------- 
20260819-174023:537356224 LocationMag|INFO [PrintJointLocation,29]: MOVE point joint = -63.478000 -6.177000 37.959000 -82.929000 74.898000 -20.987000 -115.448000 
20260819-174023:537511408 RobotVDSM|INFO [ST_RobotVDMotionPrepareState,1664]: robot vd: motion prepare state 
20260819-174023:537538208 RobotVDSM|INFO [ST_RobotVDMotionPrepareState,1670]: move mode = 6  
20260819-174023:538157232 profile|INFO [CalcMotionProfile,2817]: block ready run, id = 0  
20260819-174023:538245872 MacroMove|INFO [move_joint,219]: RTEMS--------move joint end--------- 
20260819-174023:538999728 RobotVDStateMag|INFO [RobotVDStateManagerhandler,348]:  mainSM send motion in progress event 
20260819-174023:539038688 RobotVDSM|INFO [ST_RobotVDMotionInProgressState,1766]: robot vd: motion in progress state  
20260819-174023:539063016 RobotVDSM|INFO [ST_RobotVDMotionInProgressState,1776]: move mode = 6 
20260819-174026:570161856 pre_read|INFO [RobotMotionStateBackToExecutionLayer,295]: receiver msg: state = 0, error id = 0  
20260819-174026:570198144 pre_read|INFO [RobotMotionStateBackToExecutionLayer,313]:  valid_num = 1, 
20260819-174026:570555752 pre_read|INFO [RobotMotionStateBackToExecutionLayer,356]:  send cmd finish event, cmd.packet_id is 28  
20260819-174026:571094128 RobotVDStateMag|INFO [RobotVDStateManagerhandler,415]:  mainSM to motion complete event  
20260819-174026:571128392 RobotVDSM|INFO [ST_RobotVDMotionCompleteState,2404]: robot vd: motion complete state 
20260819-174026:571176624 RobotVDSM|INFO [ST_RobotVDMotionCompleteState,2448]: robot vd: motion complete state     6  
20260819-174026:571457768 pre_read|INFO [RobotMotionStateBackToExecutionLayer,368]:  valid_num left = 0,  
20260819-174026:573021432 RobotVDStateMag|INFO [RobotVDStateManagerhandler,802]:  switch mainSM to ready  
20260819-174026:573059816 RobotVDSM|INFO [ST_RobotVDMotionReadyState,1562]: robot vd: motion ready state 
20260819-174026:573262016 RobotVDSM|INFO [ST_RobotVDMotionReadyState,1625]: robot vd: motion ready state end
20260819-174036:634942088 MacroMove|INFO [move_joint,122]: RTEMS--------move joint start----------- 
20260819-174036:635001544 LocationMag|INFO [PrintJointLocation,29]: MOVE point joint = -67.058000 -2.953000 38.207000 -84.631000 70.367000 -21.962000 -118.614000 
20260819-174036:635157616 RobotVDSM|INFO [ST_RobotVDMotionPrepareState,1664]: robot vd: motion prepare state 
20260819-174036:635184384 RobotVDSM|INFO [ST_RobotVDMotionPrepareState,1670]: move mode = 6  
20260819-174036:635781744 MacroMove|INFO [move_joint,219]: RTEMS--------move joint end--------- 
20260819-174036:635970064 profile|INFO [CalcMotionProfile,2817]: block ready run, id = 0  
20260819-174036:636727968 RobotVDStateMag|INFO [RobotVDStateManagerhandler,348]:  mainSM send motion in progress event 
20260819-174036:636766064 RobotVDSM|INFO [ST_RobotVDMotionInProgressState,1766]: robot vd: motion in progress state  
20260819-174036:636788912 RobotVDSM|INFO [ST_RobotVDMotionInProgressState,1776]: move mode = 6 
20260819-174039:633861496 pre_read|INFO [RobotMotionStateBackToExecutionLayer,295]: receiver msg: state = 0, error id = 0  
20260819-174039:633898136 pre_read|INFO [RobotMotionStateBackToExecutionLayer,313]:  valid_num = 1, 
20260819-174039:634268312 pre_read|INFO [RobotMotionStateBackToExecutionLayer,356]:  send cmd finish event, cmd.packet_id is 29  
20260819-174039:634796832 RobotVDStateMag|INFO [RobotVDStateManagerhandler,415]:  mainSM to motion complete event  
20260819-174039:634832728 RobotVDSM|INFO [ST_RobotVDMotionCompleteState,2404]: robot vd: motion complete state 
20260819-174039:634878632 RobotVDSM|INFO [ST_RobotVDMotionCompleteState,2448]: robot vd: motion complete state     6  
20260819-174039:635181288 pre_read|INFO [RobotMotionStateBackToExecutionLayer,368]:  valid_num left = 0,  
20260819-174039:636728936 RobotVDStateMag|INFO [RobotVDStateManagerhandler,802]:  switch mainSM to ready  
20260819-174039:636766048 RobotVDSM|INFO [ST_RobotVDMotionReadyState,1562]: robot vd: motion ready state 
20260819-174039:636966536 RobotVDSM|INFO [ST_RobotVDMotionReadyState,1625]: robot vd: motion ready state end
20260819-174049:735013872 MacroMove|INFO [move_joint,122]: RTEMS--------move joint start----------- 
20260819-174049:735078408 LocationMag|INFO [PrintJointLocation,29]: MOVE point joint = -68.344000 -3.760000 54.967000 -84.631000 70.367000 -5.162000 -115.017000 
20260819-174049:735646504 RobotVDSM|INFO [ST_RobotVDMotionPrepareState,1664]: robot vd: motion prepare state 
20260819-174049:735674936 RobotVDSM|INFO [ST_RobotVDMotionPrepareState,1670]: move mode = 6  
20260819-174049:735863104 profile|INFO [CalcMotionProfile,2817]: block ready run, id = 0  
20260819-174049:735989624 MacroMove|INFO [move_joint,219]: RTEMS--------move joint end--------- 
20260819-174049:736616472 RobotVDStateMag|INFO [RobotVDStateManagerhandler,348]:  mainSM send motion in progress event 
20260819-174049:736653312 RobotVDSM|INFO [ST_RobotVDMotionInProgressState,1766]: robot vd: motion in progress state  
20260819-174049:736676352 RobotVDSM|INFO [ST_RobotVDMotionInProgressState,1776]: move mode = 6 
20260819-174054:372915192 pre_read|INFO [RobotMotionStateBackToExecutionLayer,295]: receiver msg: state = 0, error id = 0  
20260819-174054:372951984 pre_read|INFO [RobotMotionStateBackToExecutionLayer,313]:  valid_num = 1, 
20260819-174054:373676776 pre_read|INFO [RobotMotionStateBackToExecutionLayer,356]:  send cmd finish event, cmd.packet_id is 30  
20260819-174054:373707304 pre_read|INFO [RobotMotionStateBackToExecutionLayer,368]:  valid_num left = 0,  
20260819-174054:374600488 RobotVDStateMag|INFO [RobotVDStateManagerhandler,415]:  mainSM to motion complete event 
20260819-174054:374637624 RobotVDSM|INFO [ST_RobotVDMotionCompleteState,2404]: robot vd: motion complete state  
20260819-174054:374684184 RobotVDSM|INFO [ST_RobotVDMotionCompleteState,2448]: robot vd: motion complete state     6  
20260819-174054:376581448 RobotVDStateMag|INFO [RobotVDStateManagerhandler,802]:  switch mainSM to ready  
20260819-174054:376617712 RobotVDSM|INFO [ST_RobotVDMotionReadyState,1562]: robot vd: motion ready state 
20260819-174054:376820064 RobotVDSM|INFO [ST_RobotVDMotionReadyState,1625]: robot vd: motion ready state end
20260819-174104:467749192 MacroMove|INFO [move_joint,122]: RTEMS--------move joint start----------- 
20260819-174104:467817896 LocationMag|INFO [PrintJointLocation,29]: MOVE point joint = -71.156000 -4.962000 55.330000 -86.067000 70.367000 -7.126000 -111.923000 
20260819-174104:467970592 RobotVDSM|INFO [ST_RobotVDMotionPrepareState,1664]: robot vd: motion prepare state 
20260819-174104:467996608 RobotVDSM|INFO [ST_RobotVDMotionPrepareState,1670]: move mode = 6  
20260819-174104:468842112 MacroMove|INFO [move_joint,219]: RTEMS--------move joint end--------- 
20260819-174104:468932752 profile|INFO [CalcMotionProfile,2817]: block ready run, id = 0  
20260819-174104:470569024 RobotVDStateMag|INFO [RobotVDStateManagerhandler,348]:  mainSM send motion in progress event 
20260819-174104:470608488 RobotVDSM|INFO [ST_RobotVDMotionInProgressState,1766]: robot vd: motion in progress state  
20260819-174104:470631824 RobotVDSM|INFO [ST_RobotVDMotionInProgressState,1776]: move mode = 6 
20260819-174107:110807336 pre_read|INFO [RobotMotionStateBackToExecutionLayer,295]: receiver msg: state = 0, error id = 0  
20260819-174107:110844128 pre_read|INFO [RobotMotionStateBackToExecutionLayer,313]:  valid_num = 1,  
20260819-174107:111551424 pre_read|INFO [RobotMotionStateBackToExecutionLayer,356]:  send cmd finish event, cmd.packet_id is 31 
20260819-174107:111582736 pre_read|INFO [RobotMotionStateBackToExecutionLayer,368]:  valid_num left = 0,  
20260819-174107:112563208 RobotVDStateMag|INFO [RobotVDStateManagerhandler,415]:  mainSM to motion complete event  
20260819-174107:112599736 RobotVDSM|INFO [ST_RobotVDMotionCompleteState,2404]: robot vd: motion complete state  
20260819-174107:112646456 RobotVDSM|INFO [ST_RobotVDMotionCompleteState,2448]: robot vd: motion complete state     6 
20260819-174107:114556648 RobotVDStateMag|INFO [RobotVDStateManagerhandler,802]:  switch mainSM to ready  
20260819-174107:114592448 RobotVDSM|INFO [ST_RobotVDMotionReadyState,1562]: robot vd: motion ready state  
20260819-174107:114794424 RobotVDSM|INFO [ST_RobotVDMotionReadyState,1625]: robot vd: motion ready state end
20260819-174117:177299184 MacroMove|INFO [move_joint,122]: RTEMS--------move joint start----------- 
20260819-174117:177358688 LocationMag|INFO [PrintJointLocation,29]: MOVE point joint = -65.970000 2.403000 55.330000 -89.812000 75.795000 -5.260000 -107.889000 
20260819-174117:177511168 RobotVDSM|INFO [ST_RobotVDMotionPrepareState,1664]: robot vd: motion prepare state 
20260819-174117:177562544 RobotVDSM|INFO [ST_RobotVDMotionPrepareState,1670]: move mode = 6  
20260819-174117:177754504 profile|INFO [CalcMotionProfile,2817]: block ready run, id = 0  
20260819-174117:177840336 MacroMove|INFO [move_joint,219]: RTEMS--------move joint end--------- 
20260819-174117:178551392 RobotVDStateMag|INFO [RobotVDStateManagerhandler,348]:  mainSM send motion in progress event 
20260819-174117:178588352 RobotVDSM|INFO [ST_RobotVDMotionInProgressState,1766]: robot vd: motion in progress state  
20260819-174117:178615032 RobotVDSM|INFO [ST_RobotVDMotionInProgressState,1776]: move mode = 6 
20260819-174120:702433448 pre_read|INFO [RobotMotionStateBackToExecutionLayer,295]: receiver msg: state = 0, error id = 0  
20260819-174120:702469072 pre_read|INFO [RobotMotionStateBackToExecutionLayer,313]:  valid_num = 1,  
20260819-174120:702543512 RobotVDStateMag|INFO [RobotVDStateManagerhandler,415]:  mainSM to motion complete event  
20260819-174120:702575344 RobotVDSM|INFO [ST_RobotVDMotionCompleteState,2404]: robot vd: motion complete state 
20260819-174120:703408072 RobotVDSM|INFO [ST_RobotVDMotionCompleteState,2448]: robot vd: motion complete state     6  
20260819-174120:703448328 pre_read|INFO [RobotMotionStateBackToExecutionLayer,356]:  send cmd finish event, cmd.packet_id is 32  
20260819-174120:703473296 pre_read|INFO [RobotMotionStateBackToExecutionLayer,368]:  valid_num left = 0, 
20260819-174120:704546992 RobotVDStateMag|INFO [RobotVDStateManagerhandler,802]:  switch mainSM to ready  
20260819-174120:704587208 RobotVDSM|INFO [ST_RobotVDMotionReadyState,1562]: robot vd: motion ready state  
20260819-174120:704795056 RobotVDSM|INFO [ST_RobotVDMotionReadyState,1625]: robot vd: motion ready state end
20260819-174130:790368928 MacroMove|INFO [move_joint,122]: RTEMS--------move joint start----------- 
20260819-174130:790435288 LocationMag|INFO [PrintJointLocation,29]: MOVE point joint = -63.912000 3.174000 56.378000 -90.485000 83.736000 -4.068000 -102.954000 
20260819-174130:791210392 RobotVDSM|INFO [ST_RobotVDMotionPrepareState,1664]: robot vd: motion prepare state 
20260819-174130:791240464 RobotVDSM|INFO [ST_RobotVDMotionPrepareState,1670]: move mode = 6  
20260819-174130:791461816 profile|INFO [CalcMotionProfile,2817]: block ready run, id = 0  
20260819-174130:791567112 MacroMove|INFO [move_joint,219]: RTEMS--------move joint end--------- 
20260819-174130:792538856 RobotVDStateMag|INFO [RobotVDStateManagerhandler,348]:  mainSM send motion in progress event 
20260819-174130:792577456 RobotVDSM|INFO [ST_RobotVDMotionInProgressState,1766]: robot vd: motion in progress state  
20260819-174130:792601392 RobotVDSM|INFO [ST_RobotVDMotionInProgressState,1776]: move mode = 6 
20260819-174134:404301288 pre_read|INFO [RobotMotionStateBackToExecutionLayer,295]: receiver msg: state = 0, error id = 0  
20260819-174134:404336192 pre_read|INFO [RobotMotionStateBackToExecutionLayer,313]:  valid_num = 1, 
20260819-174134:404532248 RobotVDStateMag|INFO [RobotVDStateManagerhandler,415]:  mainSM to motion complete event  
20260819-174134:404567168 RobotVDSM|INFO [ST_RobotVDMotionCompleteState,2404]: robot vd: motion complete state  
20260819-174134:405371336 RobotVDSM|INFO [ST_RobotVDMotionCompleteState,2448]: robot vd: motion complete state     6 
20260819-174134:405408176 pre_read|INFO [RobotMotionStateBackToExecutionLayer,356]:  send cmd finish event, cmd.packet_id is 33  
20260819-174134:405433064 pre_read|INFO [RobotMotionStateBackToExecutionLayer,368]:  valid_num left = 0,  
20260819-174134:406528648 RobotVDStateMag|INFO [RobotVDStateManagerhandler,802]:  switch mainSM to ready  
20260819-174134:406566368 RobotVDSM|INFO [ST_RobotVDMotionReadyState,1562]: robot vd: motion ready state 
20260819-174134:407195064 RobotVDSM|INFO [ST_RobotVDMotionReadyState,1625]: robot vd: motion ready state end
20260819-174144:493163288 MacroMove|INFO [move_joint,122]: RTEMS--------move joint start----------- 
20260819-174144:493223448 LocationMag|INFO [PrintJointLocation,29]: MOVE point joint = -57.385000 4.104000 56.652000 -90.485000 84.700000 5.392000 -99.910000 
20260819-174144:493374296 RobotVDSM|INFO [ST_RobotVDMotionPrepareState,1664]: robot vd: motion prepare state 
20260819-174144:493400472 RobotVDSM|INFO [ST_RobotVDMotionPrepareState,1670]: move mode = 6  
20260819-174144:493602368 profile|INFO [CalcMotionProfile,2817]: block ready run, id = 0  
20260819-174144:493688832 MacroMove|INFO [move_joint,219]: RTEMS--------move joint end--------- 
20260819-174144:494521384 RobotVDStateMag|INFO [RobotVDStateManagerhandler,348]:  mainSM send motion in progress event 
20260819-174144:494558576 RobotVDSM|INFO [ST_RobotVDMotionInProgressState,1766]: robot vd: motion in progress state  
20260819-174144:494582632 RobotVDSM|INFO [ST_RobotVDMotionInProgressState,1776]: move mode = 6 
20260819-174148:323258888 pre_read|INFO [RobotMotionStateBackToExecutionLayer,295]: receiver msg: state = 0, error id = 0  
20260819-174148:323294968 pre_read|INFO [RobotMotionStateBackToExecutionLayer,313]:  valid_num = 1, 
20260819-174148:323517072 RobotVDStateMag|INFO [RobotVDStateManagerhandler,415]:  mainSM to motion complete event  
20260819-174148:323550552 RobotVDSM|INFO [ST_RobotVDMotionCompleteState,2404]: robot vd: motion complete state  
20260819-174148:324353216 RobotVDSM|INFO [ST_RobotVDMotionCompleteState,2448]: robot vd: motion complete state     6 
20260819-174148:324390712 pre_read|INFO [RobotMotionStateBackToExecutionLayer,356]:  send cmd finish event, cmd.packet_id is 34  
20260819-174148:324415896 pre_read|INFO [RobotMotionStateBackToExecutionLayer,368]:  valid_num left = 0,  
20260819-174148:325516888 RobotVDStateMag|INFO [RobotVDStateManagerhandler,802]:  switch mainSM to ready  
20260819-174148:325556144 RobotVDSM|INFO [ST_RobotVDMotionReadyState,1562]: robot vd: motion ready state 
20260819-174148:326216328 RobotVDSM|INFO [ST_RobotVDMotionReadyState,1625]: robot vd: motion ready state end
20260819-174158:630967144 MacroMove|INFO [move_joint,122]: RTEMS--------move joint start----------- 
20260819-174158:631031088 LocationMag|INFO [PrintJointLocation,29]: MOVE point joint = -54.884000 -1.582000 55.911000 -90.343000 81.118000 10.042000 -96.435000 
20260819-174158:631191592 RobotVDSM|INFO [ST_RobotVDMotionPrepareState,1664]: robot vd: motion prepare state 
20260819-174158:631218904 RobotVDSM|INFO [ST_RobotVDMotionPrepareState,1670]: move mode = 6  
20260819-174158:631391768 profile|INFO [CalcMotionProfile,2817]: block ready run, id = 0  
20260819-174158:632217344 MacroMove|INFO [move_joint,219]: RTEMS--------move joint end--------- 
20260819-174158:632499632 RobotVDStateMag|INFO [RobotVDStateManagerhandler,348]:  mainSM send motion in progress event 
20260819-174158:632944536 RobotVDSM|INFO [ST_RobotVDMotionInProgressState,1766]: robot vd: motion in progress state  
20260819-174158:632970184 RobotVDSM|INFO [ST_RobotVDMotionInProgressState,1776]: move mode = 6 
20260819-174201:866263336 pre_read|INFO [RobotMotionStateBackToExecutionLayer,295]: receiver msg: state = 0, error id = 0  
20260819-174201:866301256 pre_read|INFO [RobotMotionStateBackToExecutionLayer,313]:  valid_num = 1, 
20260819-174201:867036176 pre_read|INFO [RobotMotionStateBackToExecutionLayer,356]:  send cmd finish event, cmd.packet_id is 35  
20260819-174201:867067128 pre_read|INFO [RobotMotionStateBackToExecutionLayer,368]:  valid_num left = 0,  
20260819-174201:867940336 RobotVDStateMag|INFO [RobotVDStateManagerhandler,415]:  mainSM to motion complete event 
20260819-174201:867978096 RobotVDSM|INFO [ST_RobotVDMotionCompleteState,2404]: robot vd: motion complete state  
20260819-174201:868026192 RobotVDSM|INFO [ST_RobotVDMotionCompleteState,2448]: robot vd: motion complete state     6  
20260819-174201:869915936 RobotVDStateMag|INFO [RobotVDStateManagerhandler,802]:  switch mainSM to ready  
20260819-174201:869953384 RobotVDSM|INFO [ST_RobotVDMotionReadyState,1562]: robot vd: motion ready state 
20260819-174201:870153016 RobotVDSM|INFO [ST_RobotVDMotionReadyState,1625]: robot vd: motion ready state end
20260819-174211:945350064 MacroMove|INFO [move_joint,122]: RTEMS--------move joint start----------- 
20260819-174211:945419696 LocationMag|INFO [PrintJointLocation,29]: MOVE point joint = -48.186000 -2.827000 54.440000 -89.508000 78.669000 13.931000 -92.848000 
20260819-174211:946187104 RobotVDSM|INFO [ST_RobotVDMotionPrepareState,1664]: robot vd: motion prepare state 
20260819-174211:946216448 RobotVDSM|INFO [ST_RobotVDMotionPrepareState,1670]: move mode = 6  
20260819-174211:946425336 profile|INFO [CalcMotionProfile,2817]: block ready run, id = 0  
20260819-174211:946943744 MacroMove|INFO [move_joint,219]: RTEMS--------move joint end--------- 
20260819-174211:947896264 RobotVDStateMag|INFO [RobotVDStateManagerhandler,348]:  mainSM send motion in progress event 
20260819-174211:947935056 RobotVDSM|INFO [ST_RobotVDMotionInProgressState,1766]: robot vd: motion in progress state  
20260819-174211:947959432 RobotVDSM|INFO [ST_RobotVDMotionInProgressState,1776]: move mode = 6 
20260819-174215:361052344 pre_read|INFO [RobotMotionStateBackToExecutionLayer,295]: receiver msg: state = 0, error id = 0  
20260819-174215:361087272 pre_read|INFO [RobotMotionStateBackToExecutionLayer,313]:  valid_num = 1, 
20260819-174215:361420808 pre_read|INFO [RobotMotionStateBackToExecutionLayer,356]:  send cmd finish event, cmd.packet_id is 36  
20260819-174215:361450368 pre_read|INFO [RobotMotionStateBackToExecutionLayer,368]:  valid_num left = 0,  
20260819-174215:361983152 RobotVDStateMag|INFO [RobotVDStateManagerhandler,415]:  mainSM to motion complete event 
20260819-174215:362017848 RobotVDSM|INFO [ST_RobotVDMotionCompleteState,2404]: robot vd: motion complete state  
20260819-174215:362066584 RobotVDSM|INFO [ST_RobotVDMotionCompleteState,2448]: robot vd: motion complete state     6  
20260819-174215:363911504 RobotVDStateMag|INFO [RobotVDStateManagerhandler,802]:  switch mainSM to ready  
20260819-174215:363950456 RobotVDSM|INFO [ST_RobotVDMotionReadyState,1562]: robot vd: motion ready state 
20260819-174215:364156424 RobotVDSM|INFO [ST_RobotVDMotionReadyState,1625]: robot vd: motion ready state end
20260819-174225:436916904 MacroMove|INFO [move_joint,122]: RTEMS--------move joint start----------- 
20260819-174225:436974808 LocationMag|INFO [PrintJointLocation,29]: MOVE point joint = -46.869000 -5.222000 53.547000 -89.507000 77.752000 16.499000 -89.354000 
20260819-174225:437128824 RobotVDSM|INFO [ST_RobotVDMotionPrepareState,1664]: robot vd: motion prepare state 
20260819-174225:437155256 RobotVDSM|INFO [ST_RobotVDMotionPrepareState,1670]: move mode = 6  
20260819-174225:437359968 profile|INFO [CalcMotionProfile,2817]: block ready run, id = 0  
20260819-174225:438085632 MacroMove|INFO [move_joint,219]: RTEMS--------move joint end--------- 
20260819-174225:438880936 RobotVDStateMag|INFO [RobotVDStateManagerhandler,348]:  mainSM send motion in progress event 
20260819-174225:438918384 RobotVDSM|INFO [ST_RobotVDMotionInProgressState,1766]: robot vd: motion in progress state  
20260819-174225:438942624 RobotVDSM|INFO [ST_RobotVDMotionInProgressState,1776]: move mode = 6 
20260819-174228:189817672 pre_read|INFO [RobotMotionStateBackToExecutionLayer,295]: receiver msg: state = 0, error id = 0  
20260819-174228:189852144 pre_read|INFO [RobotMotionStateBackToExecutionLayer,313]:  valid_num = 1, 
20260819-174228:190219848 pre_read|INFO [RobotMotionStateBackToExecutionLayer,356]:  send cmd finish event, cmd.packet_id is 37  
20260819-174228:190749904 RobotVDStateMag|INFO [RobotVDStateManagerhandler,415]:  mainSM to motion complete event  
20260819-174228:190784576 RobotVDSM|INFO [ST_RobotVDMotionCompleteState,2404]: robot vd: motion complete state 
20260819-174228:190833608 RobotVDSM|INFO [ST_RobotVDMotionCompleteState,2448]: robot vd: motion complete state     6  
20260819-174228:191110128 pre_read|INFO [RobotMotionStateBackToExecutionLayer,368]:  valid_num left = 0,  
20260819-174228:192679224 RobotVDStateMag|INFO [RobotVDStateManagerhandler,802]:  switch mainSM to ready  
20260819-174228:192715768 RobotVDSM|INFO [ST_RobotVDMotionReadyState,1562]: robot vd: motion ready state 
20260819-174228:192916944 RobotVDSM|INFO [ST_RobotVDMotionReadyState,1625]: robot vd: motion ready state end
20260819-174238:270757648 MacroMove|INFO [move_joint,122]: RTEMS--------move joint start----------- 
20260819-174238:270817104 LocationMag|INFO [PrintJointLocation,29]: MOVE point joint = -45.163000 -8.544000 53.547000 -87.680000 72.933000 17.995000 -82.463000 
20260819-174238:270973944 RobotVDSM|INFO [ST_RobotVDMotionPrepareState,1664]: robot vd: motion prepare state 
20260819-174238:270999608 RobotVDSM|INFO [ST_RobotVDMotionPrepareState,1670]: move mode = 6  
20260819-174238:271629344 MacroMove|INFO [move_joint,219]: RTEMS--------move joint end--------- 
20260819-174238:271787392 profile|INFO [CalcMotionProfile,2817]: block ready run, id = 0  
20260819-174238:272559664 RobotVDStateMag|INFO [RobotVDStateManagerhandler,348]:  mainSM send motion in progress event 
20260819-174238:272597632 RobotVDSM|INFO [ST_RobotVDMotionInProgressState,1766]: robot vd: motion in progress state  
20260819-174238:272621264 RobotVDSM|INFO [ST_RobotVDMotionInProgressState,1776]: move mode = 6 
20260819-174241:716887136 pre_read|INFO [RobotMotionStateBackToExecutionLayer,295]: receiver msg: state = 0, error id = 0  
20260819-174241:716923992 pre_read|INFO [RobotMotionStateBackToExecutionLayer,313]:  valid_num = 1, 
20260819-174241:717655208 pre_read|INFO [RobotMotionStateBackToExecutionLayer,356]:  send cmd finish event, cmd.packet_id is 38  
20260819-174241:717685984 pre_read|INFO [RobotMotionStateBackToExecutionLayer,368]:  valid_num left = 0,  
20260819-174241:718571616 RobotVDStateMag|INFO [RobotVDStateManagerhandler,415]:  mainSM to motion complete event 
20260819-174241:718609168 RobotVDSM|INFO [ST_RobotVDMotionCompleteState,2404]: robot vd: motion complete state  
20260819-174241:718658696 RobotVDSM|INFO [ST_RobotVDMotionCompleteState,2448]: robot vd: motion complete state     6  
20260819-174241:720551096 RobotVDStateMag|INFO [RobotVDStateManagerhandler,802]:  switch mainSM to ready  
20260819-174241:720589456 RobotVDSM|INFO [ST_RobotVDMotionReadyState,1562]: robot vd: motion ready state 
20260819-174241:720792296 RobotVDSM|INFO [ST_RobotVDMotionReadyState,1625]: robot vd: motion ready state end
20260819-174251:815918992 MacroMove|INFO [move_joint,122]: RTEMS--------move joint start----------- 
20260819-174251:815986416 LocationMag|INFO [PrintJointLocation,29]: MOVE point joint = -41.632000 -10.607000 50.773000 -84.760000 72.366000 19.263000 -77.372000 
20260819-174251:816756544 RobotVDSM|INFO [ST_RobotVDMotionPrepareState,1664]: robot vd: motion prepare state 
20260819-174251:816785696 RobotVDSM|INFO [ST_RobotVDMotionPrepareState,1670]: move mode = 6  
20260819-174251:816992032 profile|INFO [CalcMotionProfile,2817]: block ready run, id = 0  
20260819-174251:817501728 MacroMove|INFO [move_joint,219]: RTEMS--------move joint end--------- 
20260819-174251:818458304 RobotVDStateMag|INFO [RobotVDStateManagerhandler,348]:  mainSM send motion in progress event 
20260819-174251:818498032 RobotVDSM|INFO [ST_RobotVDMotionInProgressState,1766]: robot vd: motion in progress state  
20260819-174251:818521976 RobotVDSM|INFO [ST_RobotVDMotionInProgressState,1776]: move mode = 6 
20260819-174254:934764096 pre_read|INFO [RobotMotionStateBackToExecutionLayer,295]: receiver msg: state = 0, error id = 0  
20260819-174254:934801928 pre_read|INFO [RobotMotionStateBackToExecutionLayer,313]:  valid_num = 1, 
20260819-174254:935532144 pre_read|INFO [RobotMotionStateBackToExecutionLayer,356]:  send cmd finish event, cmd.packet_id is 39  
20260819-174254:935563592 pre_read|INFO [RobotMotionStateBackToExecutionLayer,368]:  valid_num left = 0,  
20260819-174254:936452832 RobotVDStateMag|INFO [RobotVDStateManagerhandler,415]:  mainSM to motion complete event 
20260819-174254:936491032 RobotVDSM|INFO [ST_RobotVDMotionCompleteState,2404]: robot vd: motion complete state  
20260819-174254:936539136 RobotVDSM|INFO [ST_RobotVDMotionCompleteState,2448]: robot vd: motion complete state     6  
20260819-174254:938449768 RobotVDStateMag|INFO [RobotVDStateManagerhandler,802]:  switch mainSM to ready  
20260819-174254:938487736 RobotVDSM|INFO [ST_RobotVDMotionReadyState,1562]: robot vd: motion ready state 
20260819-174254:938686168 RobotVDSM|INFO [ST_RobotVDMotionReadyState,1625]: robot vd: motion ready state end
20260819-174305:028370728 MacroMove|INFO [move_joint,122]: RTEMS--------move joint start----------- 
20260819-174305:028657624 LocationMag|INFO [PrintJointLocation,29]: MOVE point joint = -36.387000 -13.703000 48.445000 -83.658000 67.723000 19.263000 -73.705000 
20260819-174305:028813312 RobotVDSM|INFO [ST_RobotVDMotionPrepareState,1664]: robot vd: motion prepare state 
20260819-174305:028838768 RobotVDSM|INFO [ST_RobotVDMotionPrepareState,1670]: move mode = 6  
20260819-174305:029456656 profile|INFO [CalcMotionProfile,2817]: block ready run, id = 0  
20260819-174305:029545336 MacroMove|INFO [move_joint,219]: RTEMS--------move joint end--------- 
20260819-174305:030444408 RobotVDStateMag|INFO [RobotVDStateManagerhandler,348]:  mainSM send motion in progress event 
20260819-174305:030480616 RobotVDSM|INFO [ST_RobotVDMotionInProgressState,1766]: robot vd: motion in progress state  
20260819-174305:030503008 RobotVDSM|INFO [ST_RobotVDMotionInProgressState,1776]: move mode = 6 
20260819-174308:178401888 pre_read|INFO [RobotMotionStateBackToExecutionLayer,295]: receiver msg: state = 0, error id = 0  
20260819-174308:178671952 pre_read|INFO [RobotMotionStateBackToExecutionLayer,313]:  valid_num = 1, 
20260819-174308:179382976 pre_read|INFO [RobotMotionStateBackToExecutionLayer,356]:  send cmd finish event, cmd.packet_id is 40  
20260819-174308:179437208 pre_read|INFO [RobotMotionStateBackToExecutionLayer,368]:  valid_num left = 0,  
20260819-174308:180442552 RobotVDStateMag|INFO [RobotVDStateManagerhandler,415]:  mainSM to motion complete event 
20260819-174308:180479208 RobotVDSM|INFO [ST_RobotVDMotionCompleteState,2404]: robot vd: motion complete state  
20260819-174308:180528512 RobotVDSM|INFO [ST_RobotVDMotionCompleteState,2448]: robot vd: motion complete state     6  
20260819-174308:182438592 RobotVDStateMag|INFO [RobotVDStateManagerhandler,802]:  switch mainSM to ready  
20260819-174308:182475056 RobotVDSM|INFO [ST_RobotVDMotionReadyState,1562]: robot vd: motion ready state 
20260819-174308:182673416 RobotVDSM|INFO [ST_RobotVDMotionReadyState,1625]: robot vd: motion ready state end
20260819-174318:274686448 MacroMove|INFO [move_joint,122]: RTEMS--------move joint start----------- 
20260819-174318:274750568 LocationMag|INFO [PrintJointLocation,29]: MOVE point joint = -34.029000 -15.485000 47.258000 -82.763000 61.141000 18.899000 -69.664000 
20260819-174318:275288392 RobotVDSM|INFO [ST_RobotVDMotionPrepareState,1664]: robot vd: motion prepare state 
20260819-174318:275315928 RobotVDSM|INFO [ST_RobotVDMotionPrepareState,1670]: move mode = 6  
20260819-174318:275603416 profile|INFO [CalcMotionProfile,2817]: block ready run, id = 0  
20260819-174318:275633624 MacroMove|INFO [move_joint,219]: RTEMS--------move joint end--------- 
20260819-174318:276434576 RobotVDStateMag|INFO [RobotVDStateManagerhandler,348]:  mainSM send motion in progress event 
20260819-174318:276469968 RobotVDSM|INFO [ST_RobotVDMotionInProgressState,1766]: robot vd: motion in progress state  
20260819-174318:276493216 RobotVDSM|INFO [ST_RobotVDMotionInProgressState,1776]: move mode = 6 
20260819-174321:668274504 pre_read|INFO [RobotMotionStateBackToExecutionLayer,295]: receiver msg: state = 0, error id = 0  
20260819-174321:668310152 pre_read|INFO [RobotMotionStateBackToExecutionLayer,313]:  valid_num = 1, 
20260819-174321:668426192 RobotVDStateMag|INFO [RobotVDStateManagerhandler,415]:  mainSM to motion complete event  
20260819-174321:668458936 RobotVDSM|INFO [ST_RobotVDMotionCompleteState,2404]: robot vd: motion complete state  
20260819-174321:669260592 RobotVDSM|INFO [ST_RobotVDMotionCompleteState,2448]: robot vd: motion complete state     6 
20260819-174321:669297552 pre_read|INFO [RobotMotionStateBackToExecutionLayer,356]:  send cmd finish event, cmd.packet_id is 41  
20260819-174321:669322456 pre_read|INFO [RobotMotionStateBackToExecutionLayer,368]:  valid_num left = 0,  
20260819-174321:670424744 RobotVDStateMag|INFO [RobotVDStateManagerhandler,802]:  switch mainSM to ready  
20260819-174321:670463408 RobotVDSM|INFO [ST_RobotVDMotionReadyState,1562]: robot vd: motion ready state 
20260819-174321:670666496 RobotVDSM|INFO [ST_RobotVDMotionReadyState,1625]: robot vd: motion ready state end
20260819-174331:732044632 MacroMove|INFO [move_joint,122]: RTEMS--------move joint start----------- 
20260819-174331:732103056 LocationMag|INFO [PrintJointLocation,29]: MOVE point joint = -31.460000 -16.535000 46.240000 -83.061000 57.494000 23.047000 -64.998000 
20260819-174331:732253536 RobotVDSM|INFO [ST_RobotVDMotionPrepareState,1664]: robot vd: motion prepare state 
20260819-174331:732280904 RobotVDSM|INFO [ST_RobotVDMotionPrepareState,1670]: move mode = 6  
20260819-174331:733105408 MacroMove|INFO [move_joint,219]: RTEMS--------move joint end--------- 
20260819-174331:733272872 profile|INFO [CalcMotionProfile,2817]: block ready run, id = 0  
20260819-174331:734414272 RobotVDStateMag|INFO [RobotVDStateManagerhandler,348]:  mainSM send motion in progress event 
20260819-174331:734451464 RobotVDSM|INFO [ST_RobotVDMotionInProgressState,1766]: robot vd: motion in progress state  
20260819-174331:734474448 RobotVDSM|INFO [ST_RobotVDMotionInProgressState,1776]: move mode = 6 
20260819-174334:758149848 pre_read|INFO [RobotMotionStateBackToExecutionLayer,295]: receiver msg: state = 0, error id = 0  
20260819-174334:758186104 pre_read|INFO [RobotMotionStateBackToExecutionLayer,313]:  valid_num = 1, 
20260819-174334:758408744 RobotVDStateMag|INFO [RobotVDStateManagerhandler,415]:  mainSM to motion complete event  
20260819-174334:758442856 RobotVDSM|INFO [ST_RobotVDMotionCompleteState,2404]: robot vd: motion complete state  
20260819-174334:759251416 RobotVDSM|INFO [ST_RobotVDMotionCompleteState,2448]: robot vd: motion complete state     6 
20260819-174334:759289096 pre_read|INFO [RobotMotionStateBackToExecutionLayer,356]:  send cmd finish event, cmd.packet_id is 42  
20260819-174334:759313432 pre_read|INFO [RobotMotionStateBackToExecutionLayer,368]:  valid_num left = 0,  
20260819-174334:760408016 RobotVDStateMag|INFO [RobotVDStateManagerhandler,802]:  switch mainSM to ready  
20260819-174334:760445248 RobotVDSM|INFO [ST_RobotVDMotionReadyState,1562]: robot vd: motion ready state 
20260819-174334:761073624 RobotVDSM|INFO [ST_RobotVDMotionReadyState,1625]: robot vd: motion ready state end
20260819-174344:832266576 MacroMove|INFO [move_joint,122]: RTEMS--------move joint start----------- 
20260819-174344:832333952 LocationMag|INFO [PrintJointLocation,29]: MOVE point joint = -29.987000 -18.366000 44.276000 -82.358000 57.000000 24.374000 -61.550000 
20260819-174344:833111544 RobotVDSM|INFO [ST_RobotVDMotionPrepareState,1664]: robot vd: motion prepare state 
20260819-174344:833140488 RobotVDSM|INFO [ST_RobotVDMotionPrepareState,1670]: move mode = 6  
20260819-174344:833357712 profile|INFO [CalcMotionProfile,2817]: block ready run, id = 0  
20260819-174344:833465832 MacroMove|INFO [move_joint,219]: RTEMS--------move joint end--------- 
20260819-174344:834403016 RobotVDStateMag|INFO [RobotVDStateManagerhandler,348]:  mainSM send motion in progress event 
20260819-174344:834442864 RobotVDSM|INFO [ST_RobotVDMotionInProgressState,1766]: robot vd: motion in progress state  
20260819-174344:834467096 RobotVDSM|INFO [ST_RobotVDMotionInProgressState,1776]: move mode = 6 
20260819-174347:571031448 pre_read|INFO [RobotMotionStateBackToExecutionLayer,295]: receiver msg: state = 0, error id = 0  
20260819-174347:571066912 pre_read|INFO [RobotMotionStateBackToExecutionLayer,313]:  valid_num = 1, 
20260819-174347:571403064 RobotVDStateMag|INFO [RobotVDStateManagerhandler,415]:  mainSM to motion complete event  
20260819-174347:571438664 RobotVDSM|INFO [ST_RobotVDMotionCompleteState,2404]: robot vd: motion complete state  
20260819-174347:572200384 RobotVDSM|INFO [ST_RobotVDMotionCompleteState,2448]: robot vd: motion complete state     6 
20260819-174347:572237784 pre_read|INFO [RobotMotionStateBackToExecutionLayer,356]:  send cmd finish event, cmd.packet_id is 43  
20260819-174347:572261704 pre_read|INFO [RobotMotionStateBackToExecutionLayer,368]:  valid_num left = 0,  
20260819-174347:573406328 RobotVDStateMag|INFO [RobotVDStateManagerhandler,802]:  switch mainSM to ready  
20260819-174347:573443488 RobotVDSM|INFO [ST_RobotVDMotionReadyState,1562]: robot vd: motion ready state 
20260819-174347:574058872 RobotVDSM|INFO [ST_RobotVDMotionReadyState,1625]: robot vd: motion ready state end
20260819-174357:664771656 MacroMove|INFO [move_joint,122]: RTEMS--------move joint start----------- 
20260819-174357:664831344 LocationMag|INFO [PrintJointLocation,29]: MOVE point joint = -26.228000 -19.733000 42.333000 -82.810000 55.436000 26.280000 -58.955000 
20260819-174357:664985608 RobotVDSM|INFO [ST_RobotVDMotionPrepareState,1664]: robot vd: motion prepare state 
20260819-174357:665012976 RobotVDSM|INFO [ST_RobotVDMotionPrepareState,1670]: move mode = 6  
20260819-174357:665234192 profile|INFO [CalcMotionProfile,2817]: block ready run, id = 0  
20260819-174357:665320112 MacroMove|INFO [move_joint,219]: RTEMS--------move joint end--------- 
20260819-174357:666781696 RobotVDStateMag|INFO [RobotVDStateManagerhandler,348]:  mainSM send motion in progress event 
20260819-174357:666824072 RobotVDSM|INFO [ST_RobotVDMotionInProgressState,1766]: robot vd: motion in progress state  
20260819-174357:666847376 RobotVDSM|INFO [ST_RobotVDMotionInProgressState,1776]: move mode = 6 
20260819-174400:488940008 pre_read|INFO [RobotMotionStateBackToExecutionLayer,295]: receiver msg: state = 0, error id = 0  
20260819-174400:488975304 pre_read|INFO [RobotMotionStateBackToExecutionLayer,313]:  valid_num = 1, 
20260819-174400:489319456 pre_read|INFO [RobotMotionStateBackToExecutionLayer,356]:  send cmd finish event, cmd.packet_id is 44  
20260819-174400:489345528 pre_read|INFO [RobotMotionStateBackToExecutionLayer,368]:  valid_num left = 0,  
20260819-174400:489871424 RobotVDStateMag|INFO [RobotVDStateManagerhandler,415]:  mainSM to motion complete event 
20260819-174400:489906416 RobotVDSM|INFO [ST_RobotVDMotionCompleteState,2404]: robot vd: motion complete state  
20260819-174400:489958376 RobotVDSM|INFO [ST_RobotVDMotionCompleteState,2448]: robot vd: motion complete state     6  
20260819-174400:491812712 RobotVDStateMag|INFO [RobotVDStateManagerhandler,802]:  switch mainSM to ready  
20260819-174400:491849944 RobotVDSM|INFO [ST_RobotVDMotionReadyState,1562]: robot vd: motion ready state 
20260819-174400:492049048 RobotVDSM|INFO [ST_RobotVDMotionReadyState,1625]: robot vd: motion ready state end
20260819-174410:607864816 MacroMove|INFO [move_joint,122]: RTEMS--------move joint start----------- 
20260819-174410:607927712 LocationMag|INFO [PrintJointLocation,29]: MOVE point joint = -23.849000 -21.091000 41.397000 -81.979000 52.867000 27.826000 -54.598000 
20260819-174410:608078952 RobotVDSM|INFO [ST_RobotVDMotionPrepareState,1664]: robot vd: motion prepare state 
20260819-174410:608106904 RobotVDSM|INFO [ST_RobotVDMotionPrepareState,1670]: move mode = 6  
20260819-174410:608750592 MacroMove|INFO [move_joint,219]: RTEMS--------move joint end--------- 
20260819-174410:608849192 profile|INFO [CalcMotionProfile,2817]: block ready run, id = 0  
20260819-174410:609702576 RobotVDStateMag|INFO [RobotVDStateManagerhandler,348]:  mainSM send motion in progress event 
20260819-174410:609740256 RobotVDSM|INFO [ST_RobotVDMotionInProgressState,1766]: robot vd: motion in progress state  
20260819-174410:609764568 RobotVDSM|INFO [ST_RobotVDMotionInProgressState,1776]: move mode = 6 
20260819-174413:568824016 pre_read|INFO [RobotMotionStateBackToExecutionLayer,295]: receiver msg: state = 0, error id = 0  
20260819-174413:568859328 pre_read|INFO [RobotMotionStateBackToExecutionLayer,313]:  valid_num = 1, 
20260819-174413:569718144 RobotVDStateMag|INFO [RobotVDStateManagerhandler,415]:  mainSM to motion complete event  
20260819-174413:569768424 RobotVDSM|INFO [ST_RobotVDMotionCompleteState,2404]: robot vd: motion complete state  
20260819-174413:569817552 RobotVDSM|INFO [ST_RobotVDMotionCompleteState,2448]: robot vd: motion complete state     6 
20260819-174413:570096952 pre_read|INFO [RobotMotionStateBackToExecutionLayer,356]:  send cmd finish event, cmd.packet_id is 45  
20260819-174413:570126256 pre_read|INFO [RobotMotionStateBackToExecutionLayer,368]:  valid_num left = 0,  
20260819-174413:571676824 RobotVDStateMag|INFO [RobotVDStateManagerhandler,802]:  switch mainSM to ready  
20260819-174413:571713248 RobotVDSM|INFO [ST_RobotVDMotionReadyState,1562]: robot vd: motion ready state 
20260819-174413:571915688 RobotVDSM|INFO [ST_RobotVDMotionReadyState,1625]: robot vd: motion ready state end
20260819-174423:640580176 MacroMove|INFO [move_joint,122]: RTEMS--------move joint start----------- 
20260819-174423:640639488 LocationMag|INFO [PrintJointLocation,29]: MOVE point joint = -20.078000 -25.815000 40.232000 -79.755000 50.104000 30.523000 -48.291000 
20260819-174423:640793272 RobotVDSM|INFO [ST_RobotVDMotionPrepareState,1664]: robot vd: motion prepare state 
20260819-174423:640820688 RobotVDSM|INFO [ST_RobotVDMotionPrepareState,1670]: move mode = 6  
20260819-174423:641027104 profile|INFO [CalcMotionProfile,2817]: block ready run, id = 0  
20260819-174423:641559048 RobotVDStateMag|INFO [RobotVDStateManagerhandler,348]:  mainSM send motion in progress event  
20260819-174423:641853048 RobotVDSM|INFO [ST_RobotVDMotionInProgressState,1766]: robot vd: motion in progress state 
20260819-174423:641880008 RobotVDSM|INFO [ST_RobotVDMotionInProgressState,1776]: move mode = 6  
20260819-174423:641932832 MacroMove|INFO [move_joint,219]: RTEMS--------move joint end---------
20260819-174426:989889176 pre_read|INFO [RobotMotionStateBackToExecutionLayer,295]: receiver msg: state = 0, error id = 0  
20260819-174426:989925808 pre_read|INFO [RobotMotionStateBackToExecutionLayer,313]:  valid_num = 1, 
20260819-174426:990653064 pre_read|INFO [RobotMotionStateBackToExecutionLayer,356]:  send cmd finish event, cmd.packet_id is 46  
20260819-174426:990685112 pre_read|INFO [RobotMotionStateBackToExecutionLayer,368]:  valid_num left = 0,  
20260819-174426:991576448 RobotVDStateMag|INFO [RobotVDStateManagerhandler,415]:  mainSM to motion complete event 
20260819-174426:991617736 RobotVDSM|INFO [ST_RobotVDMotionCompleteState,2404]: robot vd: motion complete state  
20260819-174426:991667856 RobotVDSM|INFO [ST_RobotVDMotionCompleteState,2448]: robot vd: motion complete state     6  
20260819-174426:993560264 RobotVDStateMag|INFO [RobotVDStateManagerhandler,802]:  switch mainSM to ready  
20260819-174426:993598936 RobotVDSM|INFO [ST_RobotVDMotionReadyState,1562]: robot vd: motion ready state 
20260819-174426:993798936 RobotVDSM|INFO [ST_RobotVDMotionReadyState,1625]: robot vd: motion ready state end
20260819-174437:076455448 MacroMove|INFO [move_joint,122]: RTEMS--------move joint start----------- 
20260819-174437:076513856 LocationMag|INFO [PrintJointLocation,29]: MOVE point joint = -16.604000 -29.173000 38.278000 -77.022000 47.800000 33.862000 -43.512000 
20260819-174437:076665464 RobotVDSM|INFO [ST_RobotVDMotionPrepareState,1664]: robot vd: motion prepare state 
20260819-174437:076691408 RobotVDSM|INFO [ST_RobotVDMotionPrepareState,1670]: move mode = 6  
20260819-174437:076898712 profile|INFO [CalcMotionProfile,2817]: block ready run, id = 0  
20260819-174437:077440776 RobotVDStateMag|INFO [RobotVDStateManagerhandler,348]:  mainSM send motion in progress event  
20260819-174437:077698944 RobotVDSM|INFO [ST_RobotVDMotionInProgressState,1766]: robot vd: motion in progress state 
20260819-174437:077725616 RobotVDSM|INFO [ST_RobotVDMotionInProgressState,1776]: move mode = 6  
20260819-174437:077779496 MacroMove|INFO [move_joint,219]: RTEMS--------move joint end---------
20260819-174440:129764856 pre_read|INFO [RobotMotionStateBackToExecutionLayer,295]: receiver msg: state = 0, error id = 0  
20260819-174440:129801384 pre_read|INFO [RobotMotionStateBackToExecutionLayer,313]:  valid_num = 1, 
20260819-174440:130524424 pre_read|INFO [RobotMotionStateBackToExecutionLayer,356]:  send cmd finish event, cmd.packet_id is 47  
20260819-174440:130554592 pre_read|INFO [RobotMotionStateBackToExecutionLayer,368]:  valid_num left = 0,  
20260819-174440:131446792 RobotVDStateMag|INFO [RobotVDStateManagerhandler,415]:  mainSM to motion complete event 
20260819-174440:131484072 RobotVDSM|INFO [ST_RobotVDMotionCompleteState,2404]: robot vd: motion complete state  
20260819-174440:131534216 RobotVDSM|INFO [ST_RobotVDMotionCompleteState,2448]: robot vd: motion complete state     6  
20260819-174440:133454056 RobotVDStateMag|INFO [RobotVDStateManagerhandler,802]:  switch mainSM to ready  
20260819-174440:133490848 RobotVDSM|INFO [ST_RobotVDMotionReadyState,1562]: robot vd: motion ready state 
20260819-174440:133690336 RobotVDSM|INFO [ST_RobotVDMotionReadyState,1625]: robot vd: motion ready state end
20260819-174450:233324888 MacroMove|INFO [move_joint,122]: RTEMS--------move joint start----------- 
20260819-174450:233384632 LocationMag|INFO [PrintJointLocation,29]: MOVE point joint = -10.000000 -34.363000 28.398000 -75.170000 43.931000 37.298000 -35.884000 
20260819-174450:233534376 RobotVDSM|INFO [ST_RobotVDMotionPrepareState,1664]: robot vd: motion prepare state 
20260819-174450:233561072 RobotVDSM|INFO [ST_RobotVDMotionPrepareState,1670]: move mode = 6  
20260819-174450:233766048 profile|INFO [CalcMotionProfile,2817]: block ready run, id = 0  
20260819-174450:233858232 MacroMove|INFO [move_joint,219]: RTEMS--------move joint end--------- 
20260819-174450:234335296 RobotVDStateMag|INFO [RobotVDStateManagerhandler,348]:  mainSM send motion in progress event 
20260819-174450:234369008 RobotVDSM|INFO [ST_RobotVDMotionInProgressState,1766]: robot vd: motion in progress state  
20260819-174450:234392472 RobotVDSM|INFO [ST_RobotVDMotionInProgressState,1776]: move mode = 6 
20260819-174454:118627464 pre_read|INFO [RobotMotionStateBackToExecutionLayer,295]: receiver msg: state = 0, error id = 0  
20260819-174454:118663168 pre_read|INFO [RobotMotionStateBackToExecutionLayer,313]:  valid_num = 1, 
20260819-174454:119388856 pre_read|INFO [RobotMotionStateBackToExecutionLayer,356]:  send cmd finish event, cmd.packet_id is 48  
20260819-174454:119418304 pre_read|INFO [RobotMotionStateBackToExecutionLayer,368]:  valid_num left = 0,  
20260819-174454:120332936 RobotVDStateMag|INFO [RobotVDStateManagerhandler,415]:  mainSM to motion complete event 
20260819-174454:120369728 RobotVDSM|INFO [ST_RobotVDMotionCompleteState,2404]: robot vd: motion complete state  
20260819-174454:120416544 RobotVDSM|INFO [ST_RobotVDMotionCompleteState,2448]: robot vd: motion complete state     6  
20260819-174454:122329512 RobotVDStateMag|INFO [RobotVDStateManagerhandler,802]:  switch mainSM to ready  
20260819-174454:122365184 RobotVDSM|INFO [ST_RobotVDMotionReadyState,1562]: robot vd: motion ready state 
20260819-174454:122565432 RobotVDSM|INFO [ST_RobotVDMotionReadyState,1625]: robot vd: motion ready state end
20260819-174504:195157864 MacroMove|INFO [move_joint,122]: RTEMS--------move joint start----------- 
20260819-174504:195216144 LocationMag|INFO [PrintJointLocation,29]: MOVE point joint = 4.003000 -37.741000 20.941000 -79.268000 38.625000 42.341000 -15.248000 
20260819-174504:195392072 RobotVDSM|INFO [ST_RobotVDMotionPrepareState,1664]: robot vd: motion prepare state 
20260819-174504:195418416 RobotVDSM|INFO [ST_RobotVDMotionPrepareState,1670]: move mode = 6  
20260819-174504:195619584 profile|INFO [CalcMotionProfile,2817]: block ready run, id = 0  
20260819-174504:195695256 MacroMove|INFO [move_joint,219]: RTEMS--------move joint end--------- 
20260819-174504:196332208 RobotVDStateMag|INFO [RobotVDStateManagerhandler,348]:  mainSM send motion in progress event 
20260819-174504:196366776 RobotVDSM|INFO [ST_RobotVDMotionInProgressState,1766]: robot vd: motion in progress state  
20260819-174504:196389928 RobotVDSM|INFO [ST_RobotVDMotionInProgressState,1776]: move mode = 6 
20260819-174509:160259168 pre_read|INFO [RobotMotionStateBackToExecutionLayer,295]: receiver msg: state = 0, error id = 0  
20260819-174509:160700184 pre_read|INFO [RobotMotionStateBackToExecutionLayer,313]:  valid_num = 1, 
20260819-174509:161565392 pre_read|INFO [RobotMotionStateBackToExecutionLayer,356]:  send cmd finish event, cmd.packet_id is 49  
20260819-174509:161595192 pre_read|INFO [RobotMotionStateBackToExecutionLayer,368]:  valid_num left = 0,  
20260819-174509:162320384 RobotVDStateMag|INFO [RobotVDStateManagerhandler,415]:  mainSM to motion complete event 
20260819-174509:162359152 RobotVDSM|INFO [ST_RobotVDMotionCompleteState,2404]: robot vd: motion complete state  
20260819-174509:162412024 RobotVDSM|INFO [ST_RobotVDMotionCompleteState,2448]: robot vd: motion complete state     6  
20260819-174509:164312176 RobotVDStateMag|INFO [RobotVDStateManagerhandler,802]:  switch mainSM to ready  
20260819-174509:164349272 RobotVDSM|INFO [ST_RobotVDMotionReadyState,1562]: robot vd: motion ready state 
20260819-174509:164548792 RobotVDSM|INFO [ST_RobotVDMotionReadyState,1625]: robot vd: motion ready state end
20260819-174519:227466096 MacroMove|INFO [move_joint,122]: RTEMS--------move joint start----------- 
20260819-174519:227533784 LocationMag|INFO [PrintJointLocation,29]: MOVE point joint = -41.214000 -18.156000 43.914000 -88.248000 62.625000 14.668000 -78.622000 
20260819-174519:228069664 RobotVDSM|INFO [ST_RobotVDMotionPrepareState,1664]: robot vd: motion prepare state 
20260819-174519:228097872 RobotVDSM|INFO [ST_RobotVDMotionPrepareState,1670]: move mode = 6  
20260819-174519:228263472 profile|INFO [CalcMotionProfile,2817]: block ready run, id = 0  
20260819-174519:228333016 RobotVDStateMag|INFO [RobotVDStateManagerhandler,348]:  mainSM send motion in progress event  
20260819-174519:229031624 RobotVDSM|INFO [ST_RobotVDMotionInProgressState,1766]: robot vd: motion in progress state 
20260819-174519:229059936 RobotVDSM|INFO [ST_RobotVDMotionInProgressState,1776]: move mode = 6  
20260819-174519:229114576 MacroMove|INFO [move_joint,219]: RTEMS--------move joint end---------
20260819-174526:445102392 pre_read|INFO [RobotMotionStateBackToExecutionLayer,295]: receiver msg: state = 0, error id = 0  
20260819-174526:445138048 pre_read|INFO [RobotMotionStateBackToExecutionLayer,313]:  valid_num = 1, 
20260819-174526:445508336 pre_read|INFO [RobotMotionStateBackToExecutionLayer,356]:  send cmd finish event, cmd.packet_id is 50  
20260819-174526:445535736 pre_read|INFO [RobotMotionStateBackToExecutionLayer,368]:  valid_num left = 0,  
20260819-174526:446307352 RobotVDStateMag|INFO [RobotVDStateManagerhandler,415]:  mainSM to motion complete event 
20260819-174526:446342128 RobotVDSM|INFO [ST_RobotVDMotionCompleteState,2404]: robot vd: motion complete state  
20260819-174526:446391464 RobotVDSM|INFO [ST_RobotVDMotionCompleteState,2448]: robot vd: motion complete state     6  
20260819-174526:448296784 RobotVDStateMag|INFO [RobotVDStateManagerhandler,802]:  switch mainSM to ready  
20260819-174526:448334384 RobotVDSM|INFO [ST_RobotVDMotionReadyState,1562]: robot vd: motion ready state 
20260819-174526:448537984 RobotVDSM|INFO [ST_RobotVDMotionReadyState,1625]: robot vd: motion ready state end
20260819-174536:519856488 MacroMove|INFO [move_joint,122]: RTEMS--------move joint start----------- 
20260819-174536:519915824 LocationMag|INFO [PrintJointLocation,29]: MOVE point joint = -39.025000 -20.163000 42.888000 -87.450000 56.110000 13.269000 -74.020000 
20260819-174536:520071792 RobotVDSM|INFO [ST_RobotVDMotionPrepareState,1664]: robot vd: motion prepare state 
20260819-174536:520099576 RobotVDSM|INFO [ST_RobotVDMotionPrepareState,1670]: move mode = 6  
20260819-174536:520975512 MacroMove|INFO [move_joint,219]: RTEMS--------move joint end--------- 
20260819-174536:521066792 profile|INFO [CalcMotionProfile,2817]: block ready run, id = 0  
20260819-174536:521286168 RobotVDStateMag|INFO [RobotVDStateManagerhandler,348]:  mainSM send motion in progress event 
20260819-174536:521320656 RobotVDSM|INFO [ST_RobotVDMotionInProgressState,1766]: robot vd: motion in progress state  
20260819-174536:521344072 RobotVDSM|INFO [ST_RobotVDMotionInProgressState,1776]: move mode = 6 
20260819-174539:905052856 pre_read|INFO [RobotMotionStateBackToExecutionLayer,295]: receiver msg: state = 0, error id = 0  
20260819-174539:905089672 pre_read|INFO [RobotMotionStateBackToExecutionLayer,313]:  valid_num = 1, 
20260819-174539:905281072 RobotVDStateMag|INFO [RobotVDStateManagerhandler,415]:  mainSM to motion complete event  
20260819-174539:905317928 RobotVDSM|INFO [ST_RobotVDMotionCompleteState,2404]: robot vd: motion complete state  
20260819-174539:905900376 RobotVDSM|INFO [ST_RobotVDMotionCompleteState,2448]: robot vd: motion complete state     6 
20260819-174539:905937776 pre_read|INFO [RobotMotionStateBackToExecutionLayer,356]:  send cmd finish event, cmd.packet_id is 51  
20260819-174539:905962976 pre_read|INFO [RobotMotionStateBackToExecutionLayer,368]:  valid_num left = 0,  
20260819-174539:907282304 RobotVDStateMag|INFO [RobotVDStateManagerhandler,802]:  switch mainSM to ready  
20260819-174539:907320144 RobotVDSM|INFO [ST_RobotVDMotionReadyState,1562]: robot vd: motion ready state 
20260819-174539:907964696 RobotVDSM|INFO [ST_RobotVDMotionReadyState,1625]: robot vd: motion ready state end
20260819-174549:999121752 MacroMove|INFO [move_joint,122]: RTEMS--------move joint start----------- 
20260819-174549:999188536 LocationMag|INFO [PrintJointLocation,29]: MOVE point joint = -36.737000 -21.183000 41.962000 -88.504000 52.365000 18.510000 -70.269000 
20260819-174549:999760504 RobotVDSM|INFO [ST_RobotVDMotionPrepareState,1664]: robot vd: motion prepare state 
20260819-174549:999790832 RobotVDSM|INFO [ST_RobotVDMotionPrepareState,1670]: move mode = 6  
20260819-174550:000002104 profile|INFO [CalcMotionProfile,2817]: block ready run, id = 0  
20260819-174550:000084472 MacroMove|INFO [move_joint,219]: RTEMS--------move joint end--------- 
20260819-174550:001272376 RobotVDStateMag|INFO [RobotVDStateManagerhandler,348]:  mainSM send motion in progress event 
20260819-174550:001309296 RobotVDSM|INFO [ST_RobotVDMotionInProgressState,1766]: robot vd: motion in progress state  
20260819-174550:001730496 RobotVDSM|INFO [ST_RobotVDMotionInProgressState,1776]: move mode = 6 
20260819-174553:151851528 pre_read|INFO [RobotMotionStateBackToExecutionLayer,295]: receiver msg: state = 0, error id = 0  
20260819-174553:151887096 pre_read|INFO [RobotMotionStateBackToExecutionLayer,313]:  valid_num = 1, 
20260819-174553:153012232 pre_read|INFO [RobotMotionStateBackToExecutionLayer,356]:  send cmd finish event, cmd.packet_id is 52  
20260819-174553:153041864 pre_read|INFO [RobotMotionStateBackToExecutionLayer,368]:  valid_num left = 0,  
20260819-174553:153262568 RobotVDStateMag|INFO [RobotVDStateManagerhandler,415]:  mainSM to motion complete event 
20260819-174553:153745744 RobotVDSM|INFO [ST_RobotVDMotionCompleteState,2404]: robot vd: motion complete state  
20260819-174553:153797968 RobotVDSM|INFO [ST_RobotVDMotionCompleteState,2448]: robot vd: motion complete state     6  
20260819-174553:155262824 RobotVDStateMag|INFO [RobotVDStateManagerhandler,802]:  switch mainSM to ready  
20260819-174553:155736776 RobotVDSM|INFO [ST_RobotVDMotionReadyState,1562]: robot vd: motion ready state 
20260819-174553:155940112 RobotVDSM|INFO [ST_RobotVDMotionReadyState,1625]: robot vd: motion ready state end
20260819-174603:235680584 MacroMove|INFO [move_joint,122]: RTEMS--------move joint start----------- 
20260819-174603:235739712 LocationMag|INFO [PrintJointLocation,29]: MOVE point joint = -35.379000 -23.318000 39.114000 -87.106000 52.381000 19.196000 -66.482000 
20260819-174603:235891136 RobotVDSM|INFO [ST_RobotVDMotionPrepareState,1664]: robot vd: motion prepare state 
20260819-174603:235917336 RobotVDSM|INFO [ST_RobotVDMotionPrepareState,1670]: move mode = 6  
20260819-174603:236121624 profile|INFO [CalcMotionProfile,2817]: block ready run, id = 0  
20260819-174603:236898024 MacroMove|INFO [move_joint,219]: RTEMS--------move joint end--------- 
20260819-174603:237665376 RobotVDStateMag|INFO [RobotVDStateManagerhandler,348]:  mainSM send motion in progress event 
20260819-174603:237702744 RobotVDSM|INFO [ST_RobotVDMotionInProgressState,1766]: robot vd: motion in progress state  
20260819-174603:237725864 RobotVDSM|INFO [ST_RobotVDMotionInProgressState,1776]: move mode = 6 
20260819-174606:064020608 pre_read|INFO [RobotMotionStateBackToExecutionLayer,295]: receiver msg: state = 0, error id = 0  
20260819-174606:064056224 pre_read|INFO [RobotMotionStateBackToExecutionLayer,313]:  valid_num = 1, 
20260819-174606:064789648 pre_read|INFO [RobotMotionStateBackToExecutionLayer,356]:  send cmd finish event, cmd.packet_id is 53  
20260819-174606:064818784 pre_read|INFO [RobotMotionStateBackToExecutionLayer,368]:  valid_num left = 0,  
20260819-174606:065684832 RobotVDStateMag|INFO [RobotVDStateManagerhandler,415]:  mainSM to motion complete event 
20260819-174606:065720008 RobotVDSM|INFO [ST_RobotVDMotionCompleteState,2404]: robot vd: motion complete state  
20260819-174606:065766544 RobotVDSM|INFO [ST_RobotVDMotionCompleteState,2448]: robot vd: motion complete state     6  
20260819-174606:067677448 RobotVDStateMag|INFO [RobotVDStateManagerhandler,802]:  switch mainSM to ready  
20260819-174606:067713784 RobotVDSM|INFO [ST_RobotVDMotionReadyState,1562]: robot vd: motion ready state 
20260819-174606:067913704 RobotVDSM|INFO [ST_RobotVDMotionReadyState,1625]: robot vd: motion ready state end
20260819-174616:156681624 MacroMove|INFO [move_joint,122]: RTEMS--------move joint start----------- 
20260819-174616:156739464 LocationMag|INFO [PrintJointLocation,29]: MOVE point joint = -31.454000 -25.563000 37.824000 -87.245000 50.820000 21.116000 -63.226000 
20260819-174616:156892552 RobotVDSM|INFO [ST_RobotVDMotionPrepareState,1664]: robot vd: motion prepare state 
20260819-174616:156917976 RobotVDSM|INFO [ST_RobotVDMotionPrepareState,1670]: move mode = 6  
20260819-174616:157133928 profile|INFO [CalcMotionProfile,2817]: block ready run, id = 0  
20260819-174616:157650624 RobotVDStateMag|INFO [RobotVDStateManagerhandler,348]:  mainSM send motion in progress event  
20260819-174616:157686768 RobotVDSM|INFO [ST_RobotVDMotionInProgressState,1766]: robot vd: motion in progress state 
20260819-174616:157711536 RobotVDSM|INFO [ST_RobotVDMotionInProgressState,1776]: move mode = 6  
20260819-174616:158032328 MacroMove|INFO [move_joint,219]: RTEMS--------move joint end---------
20260819-174619:016883048 pre_read|INFO [RobotMotionStateBackToExecutionLayer,295]: receiver msg: state = 0, error id = 0  
20260819-174619:016918248 pre_read|INFO [RobotMotionStateBackToExecutionLayer,313]:  valid_num = 1, 
20260819-174619:017584104 pre_read|INFO [RobotMotionStateBackToExecutionLayer,356]:  send cmd finish event, cmd.packet_id is 54  
20260819-174619:017612728 pre_read|INFO [RobotMotionStateBackToExecutionLayer,368]:  valid_num left = 0,  
20260819-174619:018518592 RobotVDStateMag|INFO [RobotVDStateManagerhandler,415]:  mainSM to motion complete event 
20260819-174619:018556752 RobotVDSM|INFO [ST_RobotVDMotionCompleteState,2404]: robot vd: motion complete state  
20260819-174619:018602304 RobotVDSM|INFO [ST_RobotVDMotionCompleteState,2448]: robot vd: motion complete state     6  
20260819-174619:020489544 RobotVDStateMag|INFO [RobotVDStateManagerhandler,802]:  switch mainSM to ready  
20260819-174619:020525072 RobotVDSM|INFO [ST_RobotVDMotionReadyState,1562]: robot vd: motion ready state 
20260819-174619:020724336 RobotVDSM|INFO [ST_RobotVDMotionReadyState,1625]: robot vd: motion ready state end
20260819-174629:112583584 MacroMove|INFO [move_joint,122]: RTEMS--------move joint start----------- 
20260819-174629:112643192 LocationMag|INFO [PrintJointLocation,29]: MOVE point joint = -28.427000 -26.087000 35.923000 -86.295000 47.580000 22.102000 -59.486000 
20260819-174629:112797528 RobotVDSM|INFO [ST_RobotVDMotionPrepareState,1664]: robot vd: motion prepare state 
20260819-174629:112823888 RobotVDSM|INFO [ST_RobotVDMotionPrepareState,1670]: move mode = 6  
20260819-174629:113415432 MacroMove|INFO [move_joint,219]: RTEMS--------move joint end--------- 
20260819-174629:113588512 profile|INFO [CalcMotionProfile,2817]: block ready run, id = 0  
20260819-174629:114374712 RobotVDStateMag|INFO [RobotVDStateManagerhandler,348]:  mainSM send motion in progress event 
20260819-174629:114412848 RobotVDSM|INFO [ST_RobotVDMotionInProgressState,1766]: robot vd: motion in progress state  
20260819-174629:114438488 RobotVDSM|INFO [ST_RobotVDMotionInProgressState,1776]: move mode = 6 
20260819-174631:927707832 pre_read|INFO [RobotMotionStateBackToExecutionLayer,295]: receiver msg: state = 0, error id = 0  
20260819-174631:927744864 pre_read|INFO [RobotMotionStateBackToExecutionLayer,313]:  valid_num = 1, 
20260819-174631:928407312 RobotVDStateMag|INFO [RobotVDStateManagerhandler,415]:  mainSM to motion complete event  
20260819-174631:928446936 RobotVDSM|INFO [ST_RobotVDMotionCompleteState,2404]: robot vd: motion complete state  
20260819-174631:928552552 RobotVDSM|INFO [ST_RobotVDMotionCompleteState,2448]: robot vd: motion complete state     6 
20260819-174631:928584448 pre_read|INFO [RobotMotionStateBackToExecutionLayer,356]:  send cmd finish event, cmd.packet_id is 55  
20260819-174631:928608992 pre_read|INFO [RobotMotionStateBackToExecutionLayer,368]:  valid_num left = 0,  
20260819-174631:930378912 RobotVDStateMag|INFO [RobotVDStateManagerhandler,802]:  switch mainSM to ready  
20260819-174631:930416344 RobotVDSM|INFO [ST_RobotVDMotionReadyState,1562]: robot vd: motion ready state 
20260819-174631:930618768 RobotVDSM|INFO [ST_RobotVDMotionReadyState,1625]: robot vd: motion ready state end
20260819-174642:001468768 MacroMove|INFO [move_joint,122]: RTEMS--------move joint start----------- 
20260819-174642:001525552 LocationMag|INFO [PrintJointLocation,29]: MOVE point joint = -25.562000 -30.061000 35.637000 -85.579000 45.761000 25.288000 -53.310000 
20260819-174642:001681608 RobotVDSM|INFO [ST_RobotVDMotionPrepareState,1664]: robot vd: motion prepare state 
20260819-174642:001706176 RobotVDSM|INFO [ST_RobotVDMotionPrepareState,1670]: move mode = 6  
20260819-174642:002291888 MacroMove|INFO [move_joint,219]: RTEMS--------move joint end--------- 
20260819-174642:002470192 profile|INFO [CalcMotionProfile,2817]: block ready run, id = 0  
20260819-174642:003258328 RobotVDStateMag|INFO [RobotVDStateManagerhandler,348]:  mainSM send motion in progress event 
20260819-174642:003294112 RobotVDSM|INFO [ST_RobotVDMotionInProgressState,1766]: robot vd: motion in progress state  
20260819-174642:003316272 RobotVDSM|INFO [ST_RobotVDMotionInProgressState,1776]: move mode = 6 
20260819-174645:327576144 pre_read|INFO [RobotMotionStateBackToExecutionLayer,295]: receiver msg: state = 0, error id = 0  
20260819-174645:327612176 pre_read|INFO [RobotMotionStateBackToExecutionLayer,313]:  valid_num = 1, 
20260819-174645:328332176 pre_read|INFO [RobotMotionStateBackToExecutionLayer,356]:  send cmd finish event, cmd.packet_id is 56  
20260819-174645:328362224 pre_read|INFO [RobotMotionStateBackToExecutionLayer,368]:  valid_num left = 0,  
20260819-174645:329260776 RobotVDStateMag|INFO [RobotVDStateManagerhandler,415]:  mainSM to motion complete event 
20260819-174645:329297376 RobotVDSM|INFO [ST_RobotVDMotionCompleteState,2404]: robot vd: motion complete state  
20260819-174645:329344176 RobotVDSM|INFO [ST_RobotVDMotionCompleteState,2448]: robot vd: motion complete state     6  
20260819-174645:331244168 RobotVDStateMag|INFO [RobotVDStateManagerhandler,802]:  switch mainSM to ready  
20260819-174645:331281088 RobotVDSM|INFO [ST_RobotVDMotionReadyState,1562]: robot vd: motion ready state 
20260819-174645:331485016 RobotVDSM|INFO [ST_RobotVDMotionReadyState,1625]: robot vd: motion ready state end
20260819-174655:403581224 MacroMove|INFO [move_joint,122]: RTEMS--------move joint start----------- 
20260819-174655:403648664 LocationMag|INFO [PrintJointLocation,29]: MOVE point joint = -21.290000 -34.722000 33.956000 -82.307000 42.383000 28.099000 -48.241000 
20260819-174655:404213944 RobotVDSM|INFO [ST_RobotVDMotionPrepareState,1664]: robot vd: motion prepare state 
20260819-174655:404244856 RobotVDSM|INFO [ST_RobotVDMotionPrepareState,1670]: move mode = 6  
20260819-174655:404452936 profile|INFO [CalcMotionProfile,2817]: block ready run, id = 0  
20260819-174655:404540136 MacroMove|INFO [move_joint,219]: RTEMS--------move joint end--------- 
20260819-174655:405213864 RobotVDStateMag|INFO [RobotVDStateManagerhandler,348]:  mainSM send motion in progress event 
20260819-174655:405252696 RobotVDSM|INFO [ST_RobotVDMotionInProgressState,1766]: robot vd: motion in progress state  
20260819-174655:405276112 RobotVDSM|INFO [ST_RobotVDMotionInProgressState,1776]: move mode = 6 
20260819-174658:517440304 pre_read|INFO [RobotMotionStateBackToExecutionLayer,295]: receiver msg: state = 0, error id = 0  
20260819-174658:517475888 pre_read|INFO [RobotMotionStateBackToExecutionLayer,313]:  valid_num = 1, 
20260819-174658:518213024 pre_read|INFO [RobotMotionStateBackToExecutionLayer,356]:  send cmd finish event, cmd.packet_id is 57  
20260819-174658:518244112 pre_read|INFO [RobotMotionStateBackToExecutionLayer,368]:  valid_num left = 0,  
20260819-174658:519217008 RobotVDStateMag|INFO [RobotVDStateManagerhandler,415]:  mainSM to motion complete event 
20260819-174658:519255376 RobotVDSM|INFO [ST_RobotVDMotionCompleteState,2404]: robot vd: motion complete state  
20260819-174658:519303568 RobotVDSM|INFO [ST_RobotVDMotionCompleteState,2448]: robot vd: motion complete state     6  
20260819-174658:521204944 RobotVDStateMag|INFO [RobotVDStateManagerhandler,802]:  switch mainSM to ready  
20260819-174658:521243056 RobotVDSM|INFO [ST_RobotVDMotionReadyState,1562]: robot vd: motion ready state 
20260819-174658:521446576 RobotVDSM|INFO [ST_RobotVDMotionReadyState,1625]: robot vd: motion ready state end
20260819-174708:605993336 MacroMove|INFO [move_joint,122]: RTEMS--------move joint start----------- 
20260819-174708:606052288 LocationMag|INFO [PrintJointLocation,29]: MOVE point joint = -15.528000 -39.214000 23.305000 -80.627000 38.623000 32.200000 -40.449000 
20260819-174708:606228432 RobotVDSM|INFO [ST_RobotVDMotionPrepareState,1664]: robot vd: motion prepare state 
20260819-174708:606255456 RobotVDSM|INFO [ST_RobotVDMotionPrepareState,1670]: move mode = 6  
20260819-174708:606459336 profile|INFO [CalcMotionProfile,2817]: block ready run, id = 0  
20260819-174708:606560072 MacroMove|INFO [move_joint,219]: RTEMS--------move joint end--------- 
20260819-174708:607197848 RobotVDStateMag|INFO [RobotVDStateManagerhandler,348]:  mainSM send motion in progress event 
20260819-174708:607233528 RobotVDSM|INFO [ST_RobotVDMotionInProgressState,1766]: robot vd: motion in progress state  
20260819-174708:607256904 RobotVDSM|INFO [ST_RobotVDMotionInProgressState,1776]: move mode = 6 
20260819-174712:591082472 pre_read|INFO [RobotMotionStateBackToExecutionLayer,295]: receiver msg: state = 0, error id = 0  
20260819-174712:591116984 pre_read|INFO [RobotMotionStateBackToExecutionLayer,313]:  valid_num = 1,  
20260819-174712:591191016 RobotVDStateMag|INFO [RobotVDStateManagerhandler,415]:  mainSM to motion complete event  
20260819-174712:591222176 RobotVDSM|INFO [ST_RobotVDMotionCompleteState,2404]: robot vd: motion complete state 
20260819-174712:592061872 RobotVDSM|INFO [ST_RobotVDMotionCompleteState,2448]: robot vd: motion complete state     6  
20260819-174712:592101208 pre_read|INFO [RobotMotionStateBackToExecutionLayer,356]:  send cmd finish event, cmd.packet_id is 58  
20260819-174712:592126792 pre_read|INFO [RobotMotionStateBackToExecutionLayer,368]:  valid_num left = 0, 
20260819-174712:593197352 RobotVDStateMag|INFO [RobotVDStateManagerhandler,802]:  switch mainSM to ready  
20260819-174712:593233376 RobotVDSM|INFO [ST_RobotVDMotionReadyState,1562]: robot vd: motion ready state  
20260819-174712:593437256 RobotVDSM|INFO [ST_RobotVDMotionReadyState,1625]: robot vd: motion ready state end
20260819-174722:668238744 MacroMove|INFO [move_joint,122]: RTEMS--------move joint start----------- 
20260819-174722:668305872 LocationMag|INFO [PrintJointLocation,29]: MOVE point joint = -1.068000 -42.484000 15.618000 -84.293000 33.404000 38.414000 -20.363000 
20260819-174722:668835632 RobotVDSM|INFO [ST_RobotVDMotionPrepareState,1664]: robot vd: motion prepare state 
20260819-174722:668865728 RobotVDSM|INFO [ST_RobotVDMotionPrepareState,1670]: move mode = 6  
20260819-174722:669075944 profile|INFO [CalcMotionProfile,2817]: block ready run, id = 0  
20260819-174722:669187336 RobotVDStateMag|INFO [RobotVDStateManagerhandler,348]:  mainSM send motion in progress event  
20260819-174722:669223808 MacroMove|INFO [move_joint,219]: RTEMS--------move joint end---------
20260819-174722:669249816 RobotVDSM|INFO [ST_RobotVDMotionInProgressState,1766]: robot vd: motion in progress state  
20260819-174722:669272464 RobotVDSM|INFO [ST_RobotVDMotionInProgressState,1776]: move mode = 6 
20260819-174727:588939856 pre_read|INFO [RobotMotionStateBackToExecutionLayer,295]: receiver msg: state = 0, error id = 0  
20260819-174727:588975256 pre_read|INFO [RobotMotionStateBackToExecutionLayer,313]:  valid_num = 1, 
20260819-174727:589180568 RobotVDStateMag|INFO [RobotVDStateManagerhandler,415]:  mainSM to motion complete event  
20260819-174727:589216752 RobotVDSM|INFO [ST_RobotVDMotionCompleteState,2404]: robot vd: motion complete state  
20260819-174727:590028136 RobotVDSM|INFO [ST_RobotVDMotionCompleteState,2448]: robot vd: motion complete state     6 
20260819-174727:590065104 pre_read|INFO [RobotMotionStateBackToExecutionLayer,356]:  send cmd finish event, cmd.packet_id is 59  
20260819-174727:590089616 pre_read|INFO [RobotMotionStateBackToExecutionLayer,368]:  valid_num left = 0,  
20260819-174727:591176384 RobotVDStateMag|INFO [RobotVDStateManagerhandler,802]:  switch mainSM to ready  
20260819-174727:591213816 RobotVDSM|INFO [ST_RobotVDMotionReadyState,1562]: robot vd: motion ready state 
20260819-174727:591836336 RobotVDSM|INFO [ST_RobotVDMotionReadyState,1625]: robot vd: motion ready state end
20260819-174958:401449408 MacroSys|INFO [system_abort,109]: RTEMS-------------system_abort--------------------- 
20260819-174958:401489408 MacroSys|INFO [system_abort,138]: send motion abort cmd event 
20260819-174958:401551984 MacroSys|INFO [system_abort,246]: Macro system abort exit. 
20260819-174958:402307072 BackToPath|INFO [BackToPathRecordCMDPose,394]: need_back_to_path_flag is 0, current joint cmd is [0.000000, 0.000000, 0.000000, 0.000000, 0.000000, 0.000000]  
20260819-174958:402346504 RapidStop|INFO [CfgRobotRapidStop,674]: rapid stop joint  
20260819-174958:402889536 MCLink|INFO [block_task_unbind,170]: unbind robot0 from bind_chl0
20260819-174958:403448488 RCTASKS|INFO [RobotWaitRapidStopFinishTask,405]: get rapid stop finished semaphore 
20260819-174958:467681752 MCLink|INFO [block_task_bind,123]: bind robot0 to bind_chl0
20260819-174958:525435848 MacroRobot|INFO [robot_poweron,80]: RTEMS-------------robot_poweron start--------------- 
20260819-174958:525473736 RobotExcepMonitor|INFO [CheckExceptionBeforeEnterPowerOnSM,2558]: power on cmd already ok  
20260819-174958:525498408 PWRCTL|INFO [PowerControlPowerOn,79]: already power on  
20260819-174958:525519856 MacroRobot|INFO [robot_poweron,95]: RTEMS-------------robot_poweron end---------------
20260819-174958:551535376 MacroRobot|INFO [robot_home,147]: RTEMS--------------------robot_home start------------------ 
20260819-174958:551571048 MacroRobot|INFO [robot_home,161]: RTEMS----------robot_home end---------
20260819-174958:678639016 MACRO_PRF|INFO [setProfile,73]: RTEMS------------------------profile_set---------------------  
20260819-174958:678678584 MACRO_PRF|INFO [setProfile,202]: set profile end 
20260819-175037:909030584 MacroSys|INFO [system_abort,109]: RTEMS-------------system_abort---------------------
20260819-175037:910270904 MCLink|INFO [block_task_unbind,170]: unbind robot0 from bind_chl0
20260819-175038:008455616 MCLink|INFO [block_task_bind,123]: bind robot0 to bind_chl0
20260819-175038:030429872 MacroRobot|INFO [robot_poweron,80]: RTEMS-------------robot_poweron start--------------- 
20260819-175038:030466816 RobotExcepMonitor|INFO [CheckExceptionBeforeEnterPowerOnSM,2558]: power on cmd already ok  
20260819-175038:030489792 PWRCTL|INFO [PowerControlPowerOn,79]: already power on  
20260819-175038:030511472 MacroRobot|INFO [robot_poweron,95]: RTEMS-------------robot_poweron end---------------
20260819-175038:068547992 MacroRobot|INFO [robot_spd_set,617]: RTEMS------------------------robot_speed_set --------------------- 
20260819-175038:068581536 MacroRobot|INFO [robot_spd_set,640]: robot 0 speed_set end,speed=20.000000 
20260819-175040:166247928 MacroMove|INFO [move_joint,122]: RTEMS--------move joint start----------- 
20260819-175040:166314496 LocationMag|INFO [PrintJointLocation,29]: MOVE point joint = 0.000000 0.000000 0.000000 -90.000000 0.000000 0.000000 0.000000 
20260819-175040:166460224 RobotVDSM|INFO [ST_RobotVDMotionPrepareState,1664]: robot vd: motion prepare state 
20260819-175040:166485624 RobotVDSM|INFO [ST_RobotVDMotionPrepareState,1670]: move mode = 6  
20260819-175040:167045088 MacroMove|INFO [move_joint,219]: RTEMS--------move joint end--------- 
20260819-175040:167241368 profile|INFO [CalcMotionProfile,2817]: block ready run, id = 0  
20260819-175040:168012496 RobotVDStateMag|INFO [RobotVDStateManagerhandler,348]:  mainSM send motion in progress event 
20260819-175040:168049664 RobotVDSM|INFO [ST_RobotVDMotionInProgressState,1766]: robot vd: motion in progress state  
20260819-175040:168072912 RobotVDSM|INFO [ST_RobotVDMotionInProgressState,1776]: move mode = 6 
20260819-175046:486096304 pre_read|INFO [RobotMotionStateBackToExecutionLayer,295]: receiver msg: state = 0, error id = 0  
20260819-175046:486131984 pre_read|INFO [RobotMotionStateBackToExecutionLayer,313]:  valid_num = 1, 
20260819-175046:486462856 pre_read|INFO [RobotMotionStateBackToExecutionLayer,356]:  send cmd finish event, cmd.packet_id is 60  
20260819-175046:486491184 pre_read|INFO [RobotMotionStateBackToExecutionLayer,368]:  valid_num left = 0,  
20260819-175046:487974296 RobotVDStateMag|INFO [RobotVDStateManagerhandler,415]:  mainSM to motion complete event 
20260819-175046:488012088 RobotVDSM|INFO [ST_RobotVDMotionCompleteState,2404]: robot vd: motion complete state  
20260819-175046:488063688 RobotVDSM|INFO [ST_RobotVDMotionCompleteState,2448]: robot vd: motion complete state     6  
20260819-175046:489972848 RobotVDStateMag|INFO [RobotVDStateManagerhandler,802]:  switch mainSM to ready  
20260819-175046:490010576 RobotVDSM|INFO [ST_RobotVDMotionReadyState,1562]: robot vd: motion ready state 
20260819-175046:490205632 RobotVDSM|INFO [ST_RobotVDMotionReadyState,1625]: robot vd: motion ready state end
20260819-175056:587223376 MacroMove|INFO [move_joint,122]: RTEMS--------move joint start----------- 
20260819-175056:587287208 LocationMag|INFO [PrintJointLocation,29]: MOVE point joint = -12.101000 -2.786000 5.069000 -84.841000 -17.710000 -3.976000 -5.034000 
20260819-175056:587809224 RobotVDSM|INFO [ST_RobotVDMotionPrepareState,1664]: robot vd: motion prepare state 
20260819-175056:587838368 RobotVDSM|INFO [ST_RobotVDMotionPrepareState,1670]: move mode = 6  
20260819-175056:588073704 profile|INFO [CalcMotionProfile,2817]: block ready run, id = 0  
20260819-175056:588160192 MacroMove|INFO [move_joint,219]: RTEMS--------move joint end--------- 
20260819-175056:589965416 RobotVDStateMag|INFO [RobotVDStateManagerhandler,348]:  mainSM send motion in progress event 
20260819-175056:590005208 RobotVDSM|INFO [ST_RobotVDMotionInProgressState,1766]: robot vd: motion in progress state  
20260819-175056:590028832 RobotVDSM|INFO [ST_RobotVDMotionInProgressState,1776]: move mode = 6 
20260819-175101:311977224 pre_read|INFO [RobotMotionStateBackToExecutionLayer,295]: receiver msg: state = 0, error id = 0  
20260819-175101:312012984 pre_read|INFO [RobotMotionStateBackToExecutionLayer,313]:  valid_num = 1, 
20260819-175101:312336776 pre_read|INFO [RobotMotionStateBackToExecutionLayer,356]:  send cmd finish event, cmd.packet_id is 61  
20260819-175101:312364128 pre_read|INFO [RobotMotionStateBackToExecutionLayer,368]:  valid_num left = 0,  
20260819-175101:313961208 RobotVDStateMag|INFO [RobotVDStateManagerhandler,415]:  mainSM to motion complete event 
20260819-175101:314001432 RobotVDSM|INFO [ST_RobotVDMotionCompleteState,2404]: robot vd: motion complete state  
20260819-175101:314054096 RobotVDSM|INFO [ST_RobotVDMotionCompleteState,2448]: robot vd: motion complete state     6  
20260819-175101:315960912 RobotVDStateMag|INFO [RobotVDStateManagerhandler,802]:  switch mainSM to ready  
20260819-175101:315998872 RobotVDSM|INFO [ST_RobotVDMotionReadyState,1562]: robot vd: motion ready state 
20260819-175101:316199096 RobotVDSM|INFO [ST_RobotVDMotionReadyState,1625]: robot vd: motion ready state end
20260819-175111:374709848 MacroMove|INFO [move_joint,122]: RTEMS--------move joint start----------- 
20260819-175111:374774104 LocationMag|INFO [PrintJointLocation,29]: MOVE point joint = -4.812000 9.147000 7.722000 -100.703000 -39.196000 -2.924000 16.186000 
20260819-175111:375155664 RobotVDSM|INFO [ST_RobotVDMotionPrepareState,1664]: robot vd: motion prepare state 
20260819-175111:375186192 RobotVDSM|INFO [ST_RobotVDMotionPrepareState,1670]: move mode = 6  
20260819-175111:375747184 MacroMove|INFO [move_joint,219]: RTEMS--------move joint end--------- 
20260819-175111:375897872 profile|INFO [CalcMotionProfile,2817]: block ready run, id = 0  
20260819-175111:375945024 RobotVDStateMag|INFO [RobotVDStateManagerhandler,348]:  mainSM send motion in progress event 
20260819-175111:375978872 RobotVDSM|INFO [ST_RobotVDMotionInProgressState,1766]: robot vd: motion in progress state  
20260819-175111:376001376 RobotVDSM|INFO [ST_RobotVDMotionInProgressState,1776]: move mode = 6 
20260819-175116:407793984 pre_read|INFO [RobotMotionStateBackToExecutionLayer,295]: receiver msg: state = 0, error id = 0  
20260819-175116:407829376 pre_read|INFO [RobotMotionStateBackToExecutionLayer,313]:  valid_num = 1, 
20260819-175116:408222184 pre_read|INFO [RobotMotionStateBackToExecutionLayer,356]:  send cmd finish event, cmd.packet_id is 62  
20260819-175116:408743312 pre_read|INFO [RobotMotionStateBackToExecutionLayer,368]:  valid_num left = 0,  
20260819-175116:408951024 RobotVDStateMag|INFO [RobotVDStateManagerhandler,415]:  mainSM to motion complete event 
20260819-175116:408986928 RobotVDSM|INFO [ST_RobotVDMotionCompleteState,2404]: robot vd: motion complete state  
20260819-175116:409032656 RobotVDSM|INFO [ST_RobotVDMotionCompleteState,2448]: robot vd: motion complete state     6  
20260819-175116:410950272 RobotVDStateMag|INFO [RobotVDStateManagerhandler,802]:  switch mainSM to ready  
20260819-175116:410988008 RobotVDSM|INFO [ST_RobotVDMotionReadyState,1562]: robot vd: motion ready state 
20260819-175116:411189136 RobotVDSM|INFO [ST_RobotVDMotionReadyState,1625]: robot vd: motion ready state end
20260819-175126:485951624 MacroMove|INFO [move_joint,122]: RTEMS--------move joint start----------- 
20260819-175126:486017824 LocationMag|INFO [PrintJointLocation,29]: MOVE point joint = -0.240000 23.091000 5.819000 -109.649000 -48.700000 -7.476000 27.835000 
20260819-175126:486551096 RobotVDSM|INFO [ST_RobotVDMotionPrepareState,1664]: robot vd: motion prepare state 
20260819-175126:486580144 RobotVDSM|INFO [ST_RobotVDMotionPrepareState,1670]: move mode = 6  
20260819-175126:486785896 profile|INFO [CalcMotionProfile,2817]: block ready run, id = 0  
20260819-175126:486870488 MacroMove|INFO [move_joint,219]: RTEMS--------move joint end--------- 
20260819-175126:486931824 RobotVDStateMag|INFO [RobotVDStateManagerhandler,348]:  mainSM send motion in progress event 
20260819-175126:486961688 RobotVDSM|INFO [ST_RobotVDMotionInProgressState,1766]: robot vd: motion in progress state  
20260819-175126:486983968 RobotVDSM|INFO [ST_RobotVDMotionInProgressState,1776]: move mode = 6 
20260819-175130:842661736 pre_read|INFO [RobotMotionStateBackToExecutionLayer,295]: receiver msg: state = 0, error id = 0  
20260819-175130:842696632 pre_read|INFO [RobotMotionStateBackToExecutionLayer,313]:  valid_num = 1, 
20260819-175130:842936056 RobotVDStateMag|INFO [RobotVDStateManagerhandler,415]:  mainSM to motion complete event  
20260819-175130:842971432 RobotVDSM|INFO [ST_RobotVDMotionCompleteState,2404]: robot vd: motion complete state  
20260819-175130:843764264 RobotVDSM|INFO [ST_RobotVDMotionCompleteState,2448]: robot vd: motion complete state     6 
20260819-175130:843801912 pre_read|INFO [RobotMotionStateBackToExecutionLayer,356]:  send cmd finish event, cmd.packet_id is 63  
20260819-175130:843827504 pre_read|INFO [RobotMotionStateBackToExecutionLayer,368]:  valid_num left = 0,  
20260819-175130:844936496 RobotVDStateMag|INFO [RobotVDStateManagerhandler,802]:  switch mainSM to ready  
20260819-175130:844974544 RobotVDSM|INFO [ST_RobotVDMotionReadyState,1562]: robot vd: motion ready state 
20260819-175130:845621552 RobotVDSM|INFO [ST_RobotVDMotionReadyState,1625]: robot vd: motion ready state end
20260819-175140:939699576 MacroMove|INFO [move_joint,122]: RTEMS--------move joint start----------- 
20260819-175140:939766712 LocationMag|INFO [PrintJointLocation,29]: MOVE point joint = -10.961000 18.215000 6.987000 -99.146000 -27.162000 -10.637000 44.325000 
20260819-175140:939945464 RobotVDSM|INFO [ST_RobotVDMotionPrepareState,1664]: robot vd: motion prepare state 
20260819-175140:939973288 RobotVDSM|INFO [ST_RobotVDMotionPrepareState,1670]: move mode = 6  
20260819-175140:940572952 profile|INFO [CalcMotionProfile,2817]: block ready run, id = 0  
20260819-175140:940664024 MacroMove|INFO [move_joint,219]: RTEMS--------move joint end--------- 
20260819-175140:941922512 RobotVDStateMag|INFO [RobotVDStateManagerhandler,348]:  mainSM send motion in progress event 
20260819-175140:941962528 RobotVDSM|INFO [ST_RobotVDMotionInProgressState,1766]: robot vd: motion in progress state  
20260819-175140:941986664 RobotVDSM|INFO [ST_RobotVDMotionInProgressState,1776]: move mode = 6 
20260819-175145:984684168 pre_read|INFO [RobotMotionStateBackToExecutionLayer,295]: receiver msg: state = 0, error id = 0  
20260819-175145:984720488 pre_read|INFO [RobotMotionStateBackToExecutionLayer,313]:  valid_num = 1, 
20260819-175145:985479488 pre_read|INFO [RobotMotionStateBackToExecutionLayer,356]:  send cmd finish event, cmd.packet_id is 64  
20260819-175145:985511168 pre_read|INFO [RobotMotionStateBackToExecutionLayer,368]:  valid_num left = 0,  
20260819-175145:985919856 RobotVDStateMag|INFO [RobotVDStateManagerhandler,415]:  mainSM to motion complete event 
20260819-175145:985955664 RobotVDSM|INFO [ST_RobotVDMotionCompleteState,2404]: robot vd: motion complete state  
20260819-175145:986438136 RobotVDSM|INFO [ST_RobotVDMotionCompleteState,2448]: robot vd: motion complete state     6  
20260819-175145:987917504 RobotVDStateMag|INFO [RobotVDStateManagerhandler,802]:  switch mainSM to ready  
20260819-175145:987953648 RobotVDSM|INFO [ST_RobotVDMotionReadyState,1562]: robot vd: motion ready state 
20260819-175145:988570568 RobotVDSM|INFO [ST_RobotVDMotionReadyState,1625]: robot vd: motion ready state end
20260819-175156:063338184 MacroMove|INFO [move_joint,122]: RTEMS--------move joint start----------- 
20260819-175156:063395256 LocationMag|INFO [PrintJointLocation,29]: MOVE point joint = -16.666000 14.511000 12.469000 -97.407000 -22.731000 -2.363000 69.038000 
20260819-175156:063546152 RobotVDSM|INFO [ST_RobotVDMotionPrepareState,1664]: robot vd: motion prepare state 
20260819-175156:063571536 RobotVDSM|INFO [ST_RobotVDMotionPrepareState,1670]: move mode = 6  
20260819-175156:063755936 profile|INFO [CalcMotionProfile,2817]: block ready run, id = 0  
20260819-175156:064323048 RobotVDStateMag|INFO [RobotVDStateManagerhandler,348]:  mainSM send motion in progress event  
20260819-175156:064624064 RobotVDSM|INFO [ST_RobotVDMotionInProgressState,1766]: robot vd: motion in progress state 
20260819-175156:064650712 RobotVDSM|INFO [ST_RobotVDMotionInProgressState,1776]: move mode = 6  
20260819-175156:064682408 MacroMove|INFO [move_joint,219]: RTEMS--------move joint end---------
20260819-175201:342564784 pre_read|INFO [RobotMotionStateBackToExecutionLayer,295]: receiver msg: state = 0, error id = 0  
20260819-175201:342601112 pre_read|INFO [RobotMotionStateBackToExecutionLayer,313]:  valid_num = 1, 
20260819-175201:343325008 pre_read|INFO [RobotMotionStateBackToExecutionLayer,356]:  send cmd finish event, cmd.packet_id is 65  
20260819-175201:343357064 pre_read|INFO [RobotMotionStateBackToExecutionLayer,368]:  valid_num left = 0,  
20260819-175201:344236688 RobotVDStateMag|INFO [RobotVDStateManagerhandler,415]:  mainSM to motion complete event 
20260819-175201:344272144 RobotVDSM|INFO [ST_RobotVDMotionCompleteState,2404]: robot vd: motion complete state  
20260819-175201:344320664 RobotVDSM|INFO [ST_RobotVDMotionCompleteState,2448]: robot vd: motion complete state     6  
20260819-175201:346221176 RobotVDStateMag|INFO [RobotVDStateManagerhandler,802]:  switch mainSM to ready  
20260819-175201:346257896 RobotVDSM|INFO [ST_RobotVDMotionReadyState,1562]: robot vd: motion ready state 
20260819-175201:346455712 RobotVDSM|INFO [ST_RobotVDMotionReadyState,1625]: robot vd: motion ready state end
20260819-175211:431773904 MacroMove|INFO [move_joint,122]: RTEMS--------move joint start----------- 
20260819-175211:431838072 LocationMag|INFO [PrintJointLocation,29]: MOVE point joint = -11.501000 15.234000 10.804000 -103.701000 -14.711000 1.594000 44.812000 
20260819-175211:432626496 RobotVDSM|INFO [ST_RobotVDMotionPrepareState,1664]: robot vd: motion prepare state 
20260819-175211:432655168 RobotVDSM|INFO [ST_RobotVDMotionPrepareState,1670]: move mode = 6  
20260819-175211:433341432 MacroMove|INFO [move_joint,219]: RTEMS--------move joint end--------- 
20260819-175211:433402528 profile|INFO [CalcMotionProfile,2817]: block ready run, id = 0  
20260819-175211:434294824 RobotVDStateMag|INFO [RobotVDStateManagerhandler,348]:  mainSM send motion in progress event 
20260819-175211:434333136 RobotVDSM|INFO [ST_RobotVDMotionInProgressState,1766]: robot vd: motion in progress state  
20260819-175211:434357288 RobotVDSM|INFO [ST_RobotVDMotionInProgressState,1776]: move mode = 6 
20260819-175216:680452584 pre_read|INFO [RobotMotionStateBackToExecutionLayer,295]: receiver msg: state = 0, error id = 0  
20260819-175216:680487008 pre_read|INFO [RobotMotionStateBackToExecutionLayer,313]:  valid_num = 1, 
20260819-175216:681350096 RobotVDStateMag|INFO [RobotVDStateManagerhandler,415]:  mainSM to motion complete event  
20260819-175216:681388344 RobotVDSM|INFO [ST_RobotVDMotionCompleteState,2404]: robot vd: motion complete state  
20260819-175216:681437664 RobotVDSM|INFO [ST_RobotVDMotionCompleteState,2448]: robot vd: motion complete state     6 
20260819-175216:681717896 pre_read|INFO [RobotMotionStateBackToExecutionLayer,356]:  send cmd finish event, cmd.packet_id is 66  
20260819-175216:681746648 pre_read|INFO [RobotMotionStateBackToExecutionLayer,368]:  valid_num left = 0,  
20260819-175216:683304808 RobotVDStateMag|INFO [RobotVDStateManagerhandler,802]:  switch mainSM to ready  
20260819-175216:683341024 RobotVDSM|INFO [ST_RobotVDMotionReadyState,1562]: robot vd: motion ready state 
20260819-175216:683537864 RobotVDSM|INFO [ST_RobotVDMotionReadyState,1625]: robot vd: motion ready state end
20260819-175226:759216736 MacroMove|INFO [move_joint,122]: RTEMS--------move joint start----------- 
20260819-175226:759277032 LocationMag|INFO [PrintJointLocation,29]: MOVE point joint = -7.091000 5.821000 6.987000 -93.371000 -24.414000 6.579000 69.059000 
20260819-175226:759429984 RobotVDSM|INFO [ST_RobotVDMotionPrepareState,1664]: robot vd: motion prepare state 
20260819-175226:759456472 RobotVDSM|INFO [ST_RobotVDMotionPrepareState,1670]: move mode = 6  
20260819-175226:760057984 MacroMove|INFO [move_joint,219]: RTEMS--------move joint end--------- 
20260819-175226:760230352 profile|INFO [CalcMotionProfile,2817]: block ready run, id = 0  
20260819-175226:761003248 RobotVDStateMag|INFO [RobotVDStateManagerhandler,348]:  mainSM send motion in progress event 
20260819-175226:761041464 RobotVDSM|INFO [ST_RobotVDMotionInProgressState,1766]: robot vd: motion in progress state  
20260819-175226:761064776 RobotVDSM|INFO [ST_RobotVDMotionInProgressState,1776]: move mode = 6 
20260819-175232:001309376 pre_read|INFO [RobotMotionStateBackToExecutionLayer,295]: receiver msg: state = 0, error id = 0  
20260819-175232:001343136 pre_read|INFO [RobotMotionStateBackToExecutionLayer,313]:  valid_num = 1, 
20260819-175232:002104776 pre_read|INFO [RobotMotionStateBackToExecutionLayer,356]:  send cmd finish event, cmd.packet_id is 67  
20260819-175232:002132184 pre_read|INFO [RobotMotionStateBackToExecutionLayer,368]:  valid_num left = 0,  
20260819-175232:002991576 RobotVDStateMag|INFO [RobotVDStateManagerhandler,415]:  mainSM to motion complete event 
20260819-175232:003026456 RobotVDSM|INFO [ST_RobotVDMotionCompleteState,2404]: robot vd: motion complete state  
20260819-175232:003074056 RobotVDSM|INFO [ST_RobotVDMotionCompleteState,2448]: robot vd: motion complete state     6  
20260819-175232:004981432 RobotVDStateMag|INFO [RobotVDStateManagerhandler,802]:  switch mainSM to ready  
20260819-175232:005016608 RobotVDSM|INFO [ST_RobotVDMotionReadyState,1562]: robot vd: motion ready state 
20260819-175232:005212912 RobotVDSM|INFO [ST_RobotVDMotionReadyState,1625]: robot vd: motion ready state end
20260819-175242:086214216 MacroMove|INFO [move_joint,122]: RTEMS--------move joint start----------- 
20260819-175242:086279296 LocationMag|INFO [PrintJointLocation,29]: MOVE point joint = 0.462000 9.896000 -2.834000 -106.090000 -14.804000 7.525000 48.008000 
20260819-175242:086806864 RobotVDSM|INFO [ST_RobotVDMotionPrepareState,1664]: robot vd: motion prepare state 
20260819-175242:087082032 RobotVDSM|INFO [ST_RobotVDMotionPrepareState,1670]: move mode = 6  
20260819-175242:087297288 profile|INFO [CalcMotionProfile,2817]: block ready run, id = 0  
20260819-175242:087384232 MacroMove|INFO [move_joint,219]: RTEMS--------move joint end--------- 
20260819-175242:088867072 RobotVDStateMag|INFO [RobotVDStateManagerhandler,348]:  mainSM send motion in progress event 
20260819-175242:088907888 RobotVDSM|INFO [ST_RobotVDMotionInProgressState,1766]: robot vd: motion in progress state  
20260819-175242:088930576 RobotVDSM|INFO [ST_RobotVDMotionInProgressState,1776]: move mode = 6 
20260819-175247:088980808 pre_read|INFO [RobotMotionStateBackToExecutionLayer,295]: receiver msg: state = 0, error id = 0  
20260819-175247:089016256 pre_read|INFO [RobotMotionStateBackToExecutionLayer,313]:  valid_num = 1, 
20260819-175247:090140912 pre_read|INFO [RobotMotionStateBackToExecutionLayer,356]:  send cmd finish event, cmd.packet_id is 68  
20260819-175247:090171624 pre_read|INFO [RobotMotionStateBackToExecutionLayer,368]:  valid_num left = 0,  
20260819-175247:090854488 RobotVDStateMag|INFO [RobotVDStateManagerhandler,415]:  mainSM to motion complete event 
20260819-175247:090890792 RobotVDSM|INFO [ST_RobotVDMotionCompleteState,2404]: robot vd: motion complete state  
20260819-175247:090940008 RobotVDSM|INFO [ST_RobotVDMotionCompleteState,2448]: robot vd: motion complete state     6  
20260819-175247:092859592 RobotVDStateMag|INFO [RobotVDStateManagerhandler,802]:  switch mainSM to ready  
20260819-175247:092896568 RobotVDSM|INFO [ST_RobotVDMotionReadyState,1562]: robot vd: motion ready state 
20260819-175247:093098368 RobotVDSM|INFO [ST_RobotVDMotionReadyState,1625]: robot vd: motion ready state end
20260819-175257:142723408 MacroMove|INFO [move_joint,122]: RTEMS--------move joint start----------- 
20260819-175257:142786752 LocationMag|INFO [PrintJointLocation,29]: MOVE point joint = 6.706000 -0.242000 -0.520000 -93.544000 -4.039000 8.365000 28.565000 
20260819-175257:142963824 RobotVDSM|INFO [ST_RobotVDMotionPrepareState,1664]: robot vd: motion prepare state 
20260819-175257:142990992 RobotVDSM|INFO [ST_RobotVDMotionPrepareState,1670]: move mode = 6  
20260819-175257:143193352 profile|INFO [CalcMotionProfile,2817]: block ready run, id = 0  
20260819-175257:143271792 MacroMove|INFO [move_joint,219]: RTEMS--------move joint end--------- 
20260819-175257:143861272 RobotVDStateMag|INFO [RobotVDStateManagerhandler,348]:  mainSM send motion in progress event 
20260819-175257:143898008 RobotVDSM|INFO [ST_RobotVDMotionInProgressState,1766]: robot vd: motion in progress state  
20260819-175257:143921072 RobotVDSM|INFO [ST_RobotVDMotionInProgressState,1776]: move mode = 6 
20260819-175302:012982848 pre_read|INFO [RobotMotionStateBackToExecutionLayer,295]: receiver msg: state = 0, error id = 0  
20260819-175302:013015584 pre_read|INFO [RobotMotionStateBackToExecutionLayer,313]:  valid_num = 1, 
20260819-175302:013347848 pre_read|INFO [RobotMotionStateBackToExecutionLayer,356]:  send cmd finish event, cmd.packet_id is 69  
20260819-175302:013374224 pre_read|INFO [RobotMotionStateBackToExecutionLayer,368]:  valid_num left = 0,  
20260819-175302:013894032 RobotVDStateMag|INFO [RobotVDStateManagerhandler,415]:  mainSM to motion complete event 
20260819-175302:013929904 RobotVDSM|INFO [ST_RobotVDMotionCompleteState,2404]: robot vd: motion complete state  
20260819-175302:013977864 RobotVDSM|INFO [ST_RobotVDMotionCompleteState,2448]: robot vd: motion complete state     6  
20260819-175302:015850992 RobotVDStateMag|INFO [RobotVDStateManagerhandler,802]:  switch mainSM to ready  
20260819-175302:015887616 RobotVDSM|INFO [ST_RobotVDMotionReadyState,1562]: robot vd: motion ready state 
20260819-175302:016084352 RobotVDSM|INFO [ST_RobotVDMotionReadyState,1625]: robot vd: motion ready state end
20260819-175312:108725704 MacroMove|INFO [move_joint,122]: RTEMS--------move joint start----------- 
20260819-175312:108791808 LocationMag|INFO [PrintJointLocation,29]: MOVE point joint = 13.173000 -15.296000 -16.433000 -57.966000 -4.039000 -11.275000 52.901000 
20260819-175312:108971672 RobotVDSM|INFO [ST_RobotVDMotionPrepareState,1664]: robot vd: motion prepare state 
20260819-175312:108997184 RobotVDSM|INFO [ST_RobotVDMotionPrepareState,1670]: move mode = 6  
20260819-175312:109619952 MacroMove|INFO [move_joint,219]: RTEMS--------move joint end--------- 
20260819-175312:109701888 profile|INFO [CalcMotionProfile,2817]: block ready run, id = 0  
20260819-175312:109832664 RobotVDStateMag|INFO [RobotVDStateManagerhandler,348]:  mainSM send motion in progress event 
20260819-175312:109866376 RobotVDSM|INFO [ST_RobotVDMotionInProgressState,1766]: robot vd: motion in progress state  
20260819-175312:109888752 RobotVDSM|INFO [ST_RobotVDMotionInProgressState,1776]: move mode = 6 
20260819-175318:070672504 pre_read|INFO [RobotMotionStateBackToExecutionLayer,295]: receiver msg: state = 0, error id = 0  
20260819-175318:070707072 pre_read|INFO [RobotMotionStateBackToExecutionLayer,313]:  valid_num = 1, 
20260819-175318:071070672 pre_read|INFO [RobotMotionStateBackToExecutionLayer,356]:  send cmd finish event, cmd.packet_id is 70  
20260819-175318:071098088 pre_read|INFO [RobotMotionStateBackToExecutionLayer,368]:  valid_num left = 0,  
20260819-175318:071827568 RobotVDStateMag|INFO [RobotVDStateManagerhandler,415]:  mainSM to motion complete event 
20260819-175318:071864072 RobotVDSM|INFO [ST_RobotVDMotionCompleteState,2404]: robot vd: motion complete state  
20260819-175318:071911096 RobotVDSM|INFO [ST_RobotVDMotionCompleteState,2448]: robot vd: motion complete state     6  
20260819-175318:073833936 RobotVDStateMag|INFO [RobotVDStateManagerhandler,802]:  switch mainSM to ready  
20260819-175318:073870152 RobotVDSM|INFO [ST_RobotVDMotionReadyState,1562]: robot vd: motion ready state 
20260819-175318:074069664 RobotVDSM|INFO [ST_RobotVDMotionReadyState,1625]: robot vd: motion ready state end
20260819-175328:148541808 MacroMove|INFO [move_joint,122]: RTEMS--------move joint start----------- 
20260819-175328:148608248 LocationMag|INFO [PrintJointLocation,29]: MOVE point joint = 5.923000 -28.959000 -16.433000 -59.882000 -25.510000 -0.293000 81.517000 
20260819-175328:148761296 RobotVDSM|INFO [ST_RobotVDMotionPrepareState,1664]: robot vd: motion prepare state 
20260819-175328:148814464 RobotVDSM|INFO [ST_RobotVDMotionPrepareState,1670]: move mode = 6  
20260819-175328:149006184 profile|INFO [CalcMotionProfile,2817]: block ready run, id = 0  
20260819-175328:149512152 MacroMove|INFO [move_joint,219]: RTEMS--------move joint end--------- 
20260819-175328:149820112 RobotVDStateMag|INFO [RobotVDStateManagerhandler,348]:  mainSM send motion in progress event 
20260819-175328:149859336 RobotVDSM|INFO [ST_RobotVDMotionInProgressState,1766]: robot vd: motion in progress state  
20260819-175328:149883456 RobotVDSM|INFO [ST_RobotVDMotionInProgressState,1776]: move mode = 6 
20260819-175333:685516568 pre_read|INFO [RobotMotionStateBackToExecutionLayer,295]: receiver msg: state = 0, error id = 0  
20260819-175333:685551536 pre_read|INFO [RobotMotionStateBackToExecutionLayer,313]:  valid_num = 1, 
20260819-175333:685819096 RobotVDStateMag|INFO [RobotVDStateManagerhandler,415]:  mainSM to motion complete event  
20260819-175333:685855248 RobotVDSM|INFO [ST_RobotVDMotionCompleteState,2404]: robot vd: motion complete state  
20260819-175333:686658232 RobotVDSM|INFO [ST_RobotVDMotionCompleteState,2448]: robot vd: motion complete state     6 
20260819-175333:686696112 pre_read|INFO [RobotMotionStateBackToExecutionLayer,356]:  send cmd finish event, cmd.packet_id is 71  
20260819-175333:686720856 pre_read|INFO [RobotMotionStateBackToExecutionLayer,368]:  valid_num left = 0,  
20260819-175333:687809232 RobotVDStateMag|INFO [RobotVDStateManagerhandler,802]:  switch mainSM to ready  
20260819-175333:687846328 RobotVDSM|INFO [ST_RobotVDMotionReadyState,1562]: robot vd: motion ready state 
20260819-175333:688469672 RobotVDSM|INFO [ST_RobotVDMotionReadyState,1625]: robot vd: motion ready state end
20260819-175343:742995552 MacroMove|INFO [move_joint,122]: RTEMS--------move joint start----------- 
20260819-175343:743056528 LocationMag|INFO [PrintJointLocation,29]: MOVE point joint = 5.923000 -14.438000 -12.820000 -74.805000 -2.745000 5.299000 60.987000 
20260819-175343:743209816 RobotVDSM|INFO [ST_RobotVDMotionPrepareState,1664]: robot vd: motion prepare state 
20260819-175343:743236968 RobotVDSM|INFO [ST_RobotVDMotionPrepareState,1670]: move mode = 6  
20260819-175343:743435312 profile|INFO [CalcMotionProfile,2817]: block ready run, id = 0  
20260819-175343:743555848 MacroMove|INFO [move_joint,219]: RTEMS--------move joint end--------- 
20260819-175343:744042776 RobotVDStateMag|INFO [RobotVDStateManagerhandler,348]:  mainSM send motion in progress event 
20260819-175343:744076144 RobotVDSM|INFO [ST_RobotVDMotionInProgressState,1766]: robot vd: motion in progress state  
20260819-175343:744098664 RobotVDSM|INFO [ST_RobotVDMotionInProgressState,1776]: move mode = 6 
20260819-175348:879556032 pre_read|INFO [RobotMotionStateBackToExecutionLayer,295]: receiver msg: state = 0, error id = 0  
20260819-175348:879592576 pre_read|INFO [RobotMotionStateBackToExecutionLayer,313]:  valid_num = 1, 
20260819-175348:880338368 pre_read|INFO [RobotMotionStateBackToExecutionLayer,356]:  send cmd finish event, cmd.packet_id is 72  
20260819-175348:880368576 pre_read|INFO [RobotMotionStateBackToExecutionLayer,368]:  valid_num left = 0,  
20260819-175348:880794856 RobotVDStateMag|INFO [RobotVDStateManagerhandler,415]:  mainSM to motion complete event 
20260819-175348:881268312 RobotVDSM|INFO [ST_RobotVDMotionCompleteState,2404]: robot vd: motion complete state  
20260819-175348:881318768 RobotVDSM|INFO [ST_RobotVDMotionCompleteState,2448]: robot vd: motion complete state     6  
20260819-175348:882791888 RobotVDStateMag|INFO [RobotVDStateManagerhandler,802]:  switch mainSM to ready  
20260819-175348:883239608 RobotVDSM|INFO [ST_RobotVDMotionReadyState,1562]: robot vd: motion ready state 
20260819-175348:883437912 RobotVDSM|INFO [ST_RobotVDMotionReadyState,1625]: robot vd: motion ready state end
20260819-175358:945357112 MacroMove|INFO [move_joint,122]: RTEMS--------move joint start----------- 
20260819-175358:945420712 LocationMag|INFO [PrintJointLocation,29]: MOVE point joint = 9.779000 4.033000 -12.820000 -91.327000 -26.480000 9.864000 83.245000 
20260819-175358:945575344 RobotVDSM|INFO [ST_RobotVDMotionPrepareState,1664]: robot vd: motion prepare state 
20260819-175358:945601888 RobotVDSM|INFO [ST_RobotVDMotionPrepareState,1670]: move mode = 6  
20260819-175358:946237368 MacroMove|INFO [move_joint,219]: RTEMS--------move joint end--------- 
20260819-175358:946349272 profile|INFO [CalcMotionProfile,2817]: block ready run, id = 0  
20260819-175358:948157336 RobotVDStateMag|INFO [RobotVDStateManagerhandler,348]:  mainSM send motion in progress event 
20260819-175358:948195912 RobotVDSM|INFO [ST_RobotVDMotionInProgressState,1766]: robot vd: motion in progress state  
20260819-175358:948219832 RobotVDSM|INFO [ST_RobotVDMotionInProgressState,1776]: move mode = 6 
20260819-175404:155546608 pre_read|INFO [RobotMotionStateBackToExecutionLayer,295]: receiver msg: state = 0, error id = 0  
20260819-175404:155582736 pre_read|INFO [RobotMotionStateBackToExecutionLayer,313]:  valid_num = 1, 
20260819-175404:156297168 pre_read|INFO [RobotMotionStateBackToExecutionLayer,356]:  send cmd finish event, cmd.packet_id is 73  
20260819-175404:156326968 pre_read|INFO [RobotMotionStateBackToExecutionLayer,368]:  valid_num left = 0,  
20260819-175404:157213616 RobotVDStateMag|INFO [RobotVDStateManagerhandler,415]:  mainSM to motion complete event 
20260819-175404:157249672 RobotVDSM|INFO [ST_RobotVDMotionCompleteState,2404]: robot vd: motion complete state  
20260819-175404:157298432 RobotVDSM|INFO [ST_RobotVDMotionCompleteState,2448]: robot vd: motion complete state     6  
20260819-175404:159194888 RobotVDStateMag|INFO [RobotVDStateManagerhandler,802]:  switch mainSM to ready  
20260819-175404:159231832 RobotVDSM|INFO [ST_RobotVDMotionReadyState,1562]: robot vd: motion ready state 
20260819-175404:159428792 RobotVDSM|INFO [ST_RobotVDMotionReadyState,1625]: robot vd: motion ready state end
20260819-175414:249226032 MacroMove|INFO [move_joint,122]: RTEMS--------move joint start----------- 
20260819-175414:249289016 LocationMag|INFO [PrintJointLocation,29]: MOVE point joint = 26.003000 9.057000 -26.432000 -98.591000 -9.833000 3.563000 22.674000 
20260819-175414:249444536 RobotVDSM|INFO [ST_RobotVDMotionPrepareState,1664]: robot vd: motion prepare state 
20260819-175414:249471856 RobotVDSM|INFO [ST_RobotVDMotionPrepareState,1670]: move mode = 6  
20260819-175414:250065208 MacroMove|INFO [move_joint,219]: RTEMS--------move joint end--------- 
20260819-175414:250223344 profile|INFO [CalcMotionProfile,2817]: block ready run, id = 0  
20260819-175414:251008088 RobotVDStateMag|INFO [RobotVDStateManagerhandler,348]:  mainSM send motion in progress event 
20260819-175414:251045424 RobotVDSM|INFO [ST_RobotVDMotionInProgressState,1766]: robot vd: motion in progress state  
20260819-175414:251070064 RobotVDSM|INFO [ST_RobotVDMotionInProgressState,1776]: move mode = 6 
20260819-175421:366342584 pre_read|INFO [RobotMotionStateBackToExecutionLayer,295]: receiver msg: state = 0, error id = 0  
20260819-175421:366380824 pre_read|INFO [RobotMotionStateBackToExecutionLayer,313]:  valid_num = 1, 
20260819-175421:366730584 pre_read|INFO [RobotMotionStateBackToExecutionLayer,356]:  send cmd finish event, cmd.packet_id is 74  
20260819-175421:367256944 RobotVDStateMag|INFO [RobotVDStateManagerhandler,415]:  mainSM to motion complete event  
20260819-175421:367293224 RobotVDSM|INFO [ST_RobotVDMotionCompleteState,2404]: robot vd: motion complete state 
20260819-175421:367340512 RobotVDSM|INFO [ST_RobotVDMotionCompleteState,2448]: robot vd: motion complete state     6  
20260819-175421:367611472 pre_read|INFO [RobotMotionStateBackToExecutionLayer,368]:  valid_num left = 0,  
20260819-175421:369200952 RobotVDStateMag|INFO [RobotVDStateManagerhandler,802]:  switch mainSM to ready  
20260819-175421:369239464 RobotVDSM|INFO [ST_RobotVDMotionReadyState,1562]: robot vd: motion ready state 
20260819-175421:369438072 RobotVDSM|INFO [ST_RobotVDMotionReadyState,1625]: robot vd: motion ready state end
20260819-175431:451936664 MacroMove|INFO [move_joint,122]: RTEMS--------move joint start----------- 
20260819-175431:452003352 LocationMag|INFO [PrintJointLocation,29]: MOVE point joint = 35.986000 9.057000 -37.494000 -99.813000 -13.172000 7.695000 -6.244000 
20260819-175431:452156584 RobotVDSM|INFO [ST_RobotVDMotionPrepareState,1664]: robot vd: motion prepare state 
20260819-175431:452183608 RobotVDSM|INFO [ST_RobotVDMotionPrepareState,1670]: move mode = 6  
20260819-175431:452338968 profile|INFO [CalcMotionProfile,2817]: block ready run, id = 0  
20260819-175431:453121168 MacroMove|INFO [move_joint,219]: RTEMS--------move joint end--------- 
20260819-175431:453861392 RobotVDStateMag|INFO [RobotVDStateManagerhandler,348]:  mainSM send motion in progress event 
20260819-175431:453900336 RobotVDSM|INFO [ST_RobotVDMotionInProgressState,1766]: robot vd: motion in progress state  
20260819-175431:453924216 RobotVDSM|INFO [ST_RobotVDMotionInProgressState,1776]: move mode = 6 
20260819-175437:009971896 pre_read|INFO [RobotMotionStateBackToExecutionLayer,295]: receiver msg: state = 0, error id = 0  
20260819-175437:010005168 pre_read|INFO [RobotMotionStateBackToExecutionLayer,313]:  valid_num = 1, 
20260819-175437:011108144 pre_read|INFO [RobotMotionStateBackToExecutionLayer,356]:  send cmd finish event, cmd.packet_id is 75  
20260819-175437:011137456 pre_read|INFO [RobotMotionStateBackToExecutionLayer,368]:  valid_num left = 0,  
20260819-175437:011838152 RobotVDStateMag|INFO [RobotVDStateManagerhandler,415]:  mainSM to motion complete event 
20260819-175437:011874328 RobotVDSM|INFO [ST_RobotVDMotionCompleteState,2404]: robot vd: motion complete state  
20260819-175437:011922376 RobotVDSM|INFO [ST_RobotVDMotionCompleteState,2448]: robot vd: motion complete state     6  
20260819-175437:013820032 RobotVDStateMag|INFO [RobotVDStateManagerhandler,802]:  switch mainSM to ready  
20260819-175437:013855824 RobotVDSM|INFO [ST_RobotVDMotionReadyState,1562]: robot vd: motion ready state 
20260819-175437:014052752 RobotVDSM|INFO [ST_RobotVDMotionReadyState,1625]: robot vd: motion ready state end
20260819-175447:069706744 MacroMove|INFO [move_joint,122]: RTEMS--------move joint start----------- 
20260819-175447:069783376 LocationMag|INFO [PrintJointLocation,29]: MOVE point joint = -16.288000 9.057000 -8.784000 -80.452000 48.891000 -23.282000 -6.244000 
20260819-175447:069935496 RobotVDSM|INFO [ST_RobotVDMotionPrepareState,1664]: robot vd: motion prepare state 
20260819-175447:069962256 RobotVDSM|INFO [ST_RobotVDMotionPrepareState,1670]: move mode = 6  
20260819-175447:070144064 profile|INFO [CalcMotionProfile,2817]: block ready run, id = 0  
20260819-175447:070267712 MacroMove|INFO [move_joint,219]: RTEMS--------move joint end--------- 
20260819-175447:070736952 RobotVDStateMag|INFO [RobotVDStateManagerhandler,348]:  mainSM send motion in progress event 
20260819-175447:070769168 RobotVDSM|INFO [ST_RobotVDMotionInProgressState,1766]: robot vd: motion in progress state  
20260819-175447:070791448 RobotVDSM|INFO [ST_RobotVDMotionInProgressState,1776]: move mode = 6 
20260819-175454:238995792 pre_read|INFO [RobotMotionStateBackToExecutionLayer,295]: receiver msg: state = 0, error id = 0  
20260819-175454:239033248 pre_read|INFO [RobotMotionStateBackToExecutionLayer,313]:  valid_num = 1, 
20260819-175454:239771384 pre_read|INFO [RobotMotionStateBackToExecutionLayer,356]:  send cmd finish event, cmd.packet_id is 76  
20260819-175454:239802856 pre_read|INFO [RobotMotionStateBackToExecutionLayer,368]:  valid_num left = 0,  
20260819-175454:240730808 RobotVDStateMag|INFO [RobotVDStateManagerhandler,415]:  mainSM to motion complete event 
20260819-175454:240768168 RobotVDSM|INFO [ST_RobotVDMotionCompleteState,2404]: robot vd: motion complete state  
20260819-175454:240815816 RobotVDSM|INFO [ST_RobotVDMotionCompleteState,2448]: robot vd: motion complete state     6  
20260819-175454:242729384 RobotVDStateMag|INFO [RobotVDStateManagerhandler,802]:  switch mainSM to ready  
20260819-175454:242765712 RobotVDSM|INFO [ST_RobotVDMotionReadyState,1562]: robot vd: motion ready state 
20260819-175454:242963552 RobotVDSM|INFO [ST_RobotVDMotionReadyState,1625]: robot vd: motion ready state end
20260819-175504:318534664 MacroMove|INFO [move_joint,122]: RTEMS--------move joint start----------- 
20260819-175504:318593776 LocationMag|INFO [PrintJointLocation,29]: MOVE point joint = -25.538000 -6.754000 -8.784000 -62.253000 75.531000 -44.210000 -60.677000 
20260819-175504:318988464 RobotVDSM|INFO [ST_RobotVDMotionPrepareState,1664]: robot vd: motion prepare state 
20260819-175504:319015792 RobotVDSM|INFO [ST_RobotVDMotionPrepareState,1670]: move mode = 6  
20260819-175504:319591288 MacroMove|INFO [move_joint,219]: RTEMS--------move joint end--------- 
20260819-175504:319780832 profile|INFO [CalcMotionProfile,2817]: block ready run, id = 0  
20260819-175504:320722704 RobotVDStateMag|INFO [RobotVDStateManagerhandler,348]:  mainSM send motion in progress event 
20260819-175504:320760288 RobotVDSM|INFO [ST_RobotVDMotionInProgressState,1766]: robot vd: motion in progress state  
20260819-175504:320784064 RobotVDSM|INFO [ST_RobotVDMotionInProgressState,1776]: move mode = 6 
20260819-175511:180619128 pre_read|INFO [RobotMotionStateBackToExecutionLayer,295]: receiver msg: state = 0, error id = 0  
20260819-175511:180654984 pre_read|INFO [RobotMotionStateBackToExecutionLayer,313]:  valid_num = 1,  
20260819-175511:180711152 RobotVDStateMag|INFO [RobotVDStateManagerhandler,415]:  mainSM to motion complete event  
20260819-175511:180750608 RobotVDSM|INFO [ST_RobotVDMotionCompleteState,2404]: robot vd: motion complete state 
20260819-175511:181520992 RobotVDSM|INFO [ST_RobotVDMotionCompleteState,2448]: robot vd: motion complete state     6  
20260819-175511:181918392 pre_read|INFO [RobotMotionStateBackToExecutionLayer,356]:  send cmd finish event, cmd.packet_id is 77  
20260819-175511:181946584 pre_read|INFO [RobotMotionStateBackToExecutionLayer,368]:  valid_num left = 0, 
20260819-175511:182715416 RobotVDStateMag|INFO [RobotVDStateManagerhandler,802]:  switch mainSM to ready  
20260819-175511:182752088 RobotVDSM|INFO [ST_RobotVDMotionReadyState,1562]: robot vd: motion ready state  
20260819-175511:182951488 RobotVDSM|INFO [ST_RobotVDMotionReadyState,1625]: robot vd: motion ready state end
20260819-175521:289333896 MacroMove|INFO [move_joint,122]: RTEMS--------move joint start----------- 
20260819-175521:289395168 LocationMag|INFO [PrintJointLocation,29]: MOVE point joint = -29.539000 -21.916000 12.305000 -62.253000 75.531000 -33.403000 -71.855000 
20260819-175521:289549456 RobotVDSM|INFO [ST_RobotVDMotionPrepareState,1664]: robot vd: motion prepare state 
20260819-175521:289575616 RobotVDSM|INFO [ST_RobotVDMotionPrepareState,1670]: move mode = 6  
20260819-175521:289785784 profile|INFO [CalcMotionProfile,2817]: block ready run, id = 0  
20260819-175521:289867496 MacroMove|INFO [move_joint,219]: RTEMS--------move joint end--------- 
20260819-175521:290705584 RobotVDStateMag|INFO [RobotVDStateManagerhandler,348]:  mainSM send motion in progress event 
20260819-175521:290742008 RobotVDSM|INFO [ST_RobotVDMotionInProgressState,1766]: robot vd: motion in progress state  
20260819-175521:290765992 RobotVDSM|INFO [ST_RobotVDMotionInProgressState,1776]: move mode = 6 
20260819-175526:290466752 pre_read|INFO [RobotMotionStateBackToExecutionLayer,295]: receiver msg: state = 0, error id = 0  
20260819-175526:290503232 pre_read|INFO [RobotMotionStateBackToExecutionLayer,313]:  valid_num = 1, 
20260819-175526:290700056 RobotVDStateMag|INFO [RobotVDStateManagerhandler,415]:  mainSM to motion complete event  
20260819-175526:290733008 RobotVDSM|INFO [ST_RobotVDMotionCompleteState,2404]: robot vd: motion complete state  
20260819-175526:291534152 RobotVDSM|INFO [ST_RobotVDMotionCompleteState,2448]: robot vd: motion complete state     6 
20260819-175526:291572416 pre_read|INFO [RobotMotionStateBackToExecutionLayer,356]:  send cmd finish event, cmd.packet_id is 78  
20260819-175526:291596456 pre_read|INFO [RobotMotionStateBackToExecutionLayer,368]:  valid_num left = 0,  
20260819-175526:292697024 RobotVDStateMag|INFO [RobotVDStateManagerhandler,802]:  switch mainSM to ready  
20260819-175526:292734024 RobotVDSM|INFO [ST_RobotVDMotionReadyState,1562]: robot vd: motion ready state 
20260819-175526:293357056 RobotVDSM|INFO [ST_RobotVDMotionReadyState,1625]: robot vd: motion ready state end
20260819-175536:379306488 MacroMove|INFO [move_joint,122]: RTEMS--------move joint start----------- 
20260819-175536:379365488 LocationMag|INFO [PrintJointLocation,29]: MOVE point joint = -20.081000 -6.159000 10.848000 -80.451000 87.914000 -5.179000 -83.254000 
20260819-175536:379522728 RobotVDSM|INFO [ST_RobotVDMotionPrepareState,1664]: robot vd: motion prepare state 
20260819-175536:379549456 RobotVDSM|INFO [ST_RobotVDMotionPrepareState,1670]: move mode = 6  
20260819-175536:380257976 profile|INFO [CalcMotionProfile,2817]: block ready run, id = 0  
20260819-175536:380290808 MacroMove|INFO [move_joint,219]: RTEMS--------move joint end--------- 
20260819-175536:380692832 RobotVDStateMag|INFO [RobotVDStateManagerhandler,348]:  mainSM send motion in progress event 
20260819-175536:380728256 RobotVDSM|INFO [ST_RobotVDMotionInProgressState,1766]: robot vd: motion in progress state  
20260819-175536:380752456 RobotVDSM|INFO [ST_RobotVDMotionInProgressState,1776]: move mode = 6 
20260819-175541:895441216 pre_read|INFO [RobotMotionStateBackToExecutionLayer,295]: receiver msg: state = 0, error id = 0  
20260819-175541:895477312 pre_read|INFO [RobotMotionStateBackToExecutionLayer,313]:  valid_num = 1, 
20260819-175541:896282216 pre_read|INFO [RobotMotionStateBackToExecutionLayer,356]:  send cmd finish event, cmd.packet_id is 79  
20260819-175541:896313032 pre_read|INFO [RobotMotionStateBackToExecutionLayer,368]:  valid_num left = 0,  
20260819-175541:896687528 RobotVDStateMag|INFO [RobotVDStateManagerhandler,415]:  mainSM to motion complete event 
20260819-175541:896721992 RobotVDSM|INFO [ST_RobotVDMotionCompleteState,2404]: robot vd: motion complete state  
20260819-175541:897219056 RobotVDSM|INFO [ST_RobotVDMotionCompleteState,2448]: robot vd: motion complete state     6  
20260819-175541:898680784 RobotVDStateMag|INFO [RobotVDStateManagerhandler,802]:  switch mainSM to ready  
20260819-175541:898718416 RobotVDSM|INFO [ST_RobotVDMotionReadyState,1562]: robot vd: motion ready state 
20260819-175541:899338496 RobotVDSM|INFO [ST_RobotVDMotionReadyState,1625]: robot vd: motion ready state end
20260819-175551:972485192 MacroMove|INFO [move_joint,122]: RTEMS--------move joint start----------- 
20260819-175551:972553848 LocationMag|INFO [PrintJointLocation,29]: MOVE point joint = -31.983000 -10.464000 17.257000 -82.597000 84.552000 -6.700000 -86.843000 
20260819-175551:973323784 RobotVDSM|INFO [ST_RobotVDMotionPrepareState,1664]: robot vd: motion prepare state 
20260819-175551:973353728 RobotVDSM|INFO [ST_RobotVDMotionPrepareState,1670]: move mode = 6  
20260819-175551:973559896 profile|INFO [CalcMotionProfile,2817]: block ready run, id = 0  
20260819-175551:973664872 MacroMove|INFO [move_joint,219]: RTEMS--------move joint end--------- 
20260819-175551:974097984 RobotVDStateMag|INFO [RobotVDStateManagerhandler,348]:  mainSM send motion in progress event 
20260819-175551:974130216 RobotVDSM|INFO [ST_RobotVDMotionInProgressState,1766]: robot vd: motion in progress state  
20260819-175551:974153664 RobotVDSM|INFO [ST_RobotVDMotionInProgressState,1776]: move mode = 6 
20260819-175556:108426264 pre_read|INFO [RobotMotionStateBackToExecutionLayer,295]: receiver msg: state = 0, error id = 0  
20260819-175556:108462152 pre_read|INFO [RobotMotionStateBackToExecutionLayer,313]:  valid_num = 1, 
20260819-175556:109215296 pre_read|INFO [RobotMotionStateBackToExecutionLayer,356]:  send cmd finish event, cmd.packet_id is 80  
20260819-175556:109245112 pre_read|INFO [RobotMotionStateBackToExecutionLayer,368]:  valid_num left = 0,  
20260819-175556:110104424 RobotVDStateMag|INFO [RobotVDStateManagerhandler,415]:  mainSM to motion complete event 
20260819-175556:110139944 RobotVDSM|INFO [ST_RobotVDMotionCompleteState,2404]: robot vd: motion complete state  
20260819-175556:110188808 RobotVDSM|INFO [ST_RobotVDMotionCompleteState,2448]: robot vd: motion complete state     6  
20260819-175556:112082272 RobotVDStateMag|INFO [RobotVDStateManagerhandler,802]:  switch mainSM to ready  
20260819-175556:112120608 RobotVDSM|INFO [ST_RobotVDMotionReadyState,1562]: robot vd: motion ready state 
20260819-175556:112321696 RobotVDSM|INFO [ST_RobotVDMotionReadyState,1625]: robot vd: motion ready state end
20260819-175606:202365112 MacroMove|INFO [move_joint,122]: RTEMS--------move joint start----------- 
20260819-175606:202430152 LocationMag|INFO [PrintJointLocation,29]: MOVE point joint = -42.588000 -13.775000 21.263000 -81.711000 78.232000 -13.101000 -91.999000 
20260819-175606:202991872 RobotVDSM|INFO [ST_RobotVDMotionPrepareState,1664]: robot vd: motion prepare state 
20260819-175606:203019792 RobotVDSM|INFO [ST_RobotVDMotionPrepareState,1670]: move mode = 6  
20260819-175606:203235304 profile|INFO [CalcMotionProfile,2817]: block ready run, id = 0  
20260819-175606:203322192 MacroMove|INFO [move_joint,219]: RTEMS--------move joint end--------- 
20260819-175606:203990496 RobotVDStateMag|INFO [RobotVDStateManagerhandler,348]:  mainSM send motion in progress event 
20260819-175606:204025912 RobotVDSM|INFO [ST_RobotVDMotionInProgressState,1766]: robot vd: motion in progress state  
20260819-175606:204049112 RobotVDSM|INFO [ST_RobotVDMotionInProgressState,1776]: move mode = 6 
20260819-175610:184301088 pre_read|INFO [RobotMotionStateBackToExecutionLayer,295]: receiver msg: state = 0, error id = 0  
20260819-175610:184338248 pre_read|INFO [RobotMotionStateBackToExecutionLayer,313]:  valid_num = 1, 
20260819-175610:185054496 pre_read|INFO [RobotMotionStateBackToExecutionLayer,356]:  send cmd finish event, cmd.packet_id is 81  
20260819-175610:185085064 pre_read|INFO [RobotMotionStateBackToExecutionLayer,368]:  valid_num left = 0,  
20260819-175610:185985464 RobotVDStateMag|INFO [RobotVDStateManagerhandler,415]:  mainSM to motion complete event 
20260819-175610:186022104 RobotVDSM|INFO [ST_RobotVDMotionCompleteState,2404]: robot vd: motion complete state  
20260819-175610:186070944 RobotVDSM|INFO [ST_RobotVDMotionCompleteState,2448]: robot vd: motion complete state     6  
20260819-175610:187965208 RobotVDStateMag|INFO [RobotVDStateManagerhandler,802]:  switch mainSM to ready  
20260819-175610:188001816 RobotVDSM|INFO [ST_RobotVDMotionReadyState,1562]: robot vd: motion ready state 
20260819-175610:188203456 RobotVDSM|INFO [ST_RobotVDMotionReadyState,1625]: robot vd: motion ready state end
20260819-175620:296092304 MacroMove|INFO [move_joint,122]: RTEMS--------move joint start----------- 
20260819-175620:296155664 LocationMag|INFO [PrintJointLocation,29]: MOVE point joint = -49.243000 -20.003000 28.260000 -76.781000 81.582000 -15.794000 -93.529000 
20260819-175620:296308936 RobotVDSM|INFO [ST_RobotVDMotionPrepareState,1664]: robot vd: motion prepare state 
20260819-175620:296335528 RobotVDSM|INFO [ST_RobotVDMotionPrepareState,1670]: move mode = 6  
20260819-175620:296923736 MacroMove|INFO [move_joint,219]: RTEMS--------move joint end--------- 
20260819-175620:297091744 profile|INFO [CalcMotionProfile,2817]: block ready run, id = 0  
20260819-175620:297876744 RobotVDStateMag|INFO [RobotVDStateManagerhandler,348]:  mainSM send motion in progress event 
20260819-175620:297913824 RobotVDSM|INFO [ST_RobotVDMotionInProgressState,1766]: robot vd: motion in progress state  
20260819-175620:297936488 RobotVDSM|INFO [ST_RobotVDMotionInProgressState,1776]: move mode = 6 
20260819-175623:765172312 pre_read|INFO [RobotMotionStateBackToExecutionLayer,295]: receiver msg: state = 0, error id = 0  
20260819-175623:765209184 pre_read|INFO [RobotMotionStateBackToExecutionLayer,313]:  valid_num = 1, 
20260819-175623:765936448 pre_read|INFO [RobotMotionStateBackToExecutionLayer,356]:  send cmd finish event, cmd.packet_id is 82  
20260819-175623:765967712 pre_read|INFO [RobotMotionStateBackToExecutionLayer,368]:  valid_num left = 0,  
20260819-175623:766863728 RobotVDStateMag|INFO [RobotVDStateManagerhandler,415]:  mainSM to motion complete event 
20260819-175623:766901496 RobotVDSM|INFO [ST_RobotVDMotionCompleteState,2404]: robot vd: motion complete state  
20260819-175623:766949736 RobotVDSM|INFO [ST_RobotVDMotionCompleteState,2448]: robot vd: motion complete state     6  
20260819-175623:768844264 RobotVDStateMag|INFO [RobotVDStateManagerhandler,802]:  switch mainSM to ready  
20260819-175623:768882248 RobotVDSM|INFO [ST_RobotVDMotionReadyState,1562]: robot vd: motion ready state 
20260819-175623:769081864 RobotVDSM|INFO [ST_RobotVDMotionReadyState,1625]: robot vd: motion ready state end
20260819-175635:768942648 MacroMove|INFO [move_joint,122]: RTEMS--------move joint start----------- 
20260819-175635:769010024 LocationMag|INFO [PrintJointLocation,29]: MOVE point joint = -51.149000 -25.900000 38.995000 -75.412000 78.084000 -14.422000 -100.644000 
20260819-175635:769171192 RobotVDSM|INFO [ST_RobotVDMotionPrepareState,1664]: robot vd: motion prepare state 
20260819-175635:769197632 RobotVDSM|INFO [ST_RobotVDMotionPrepareState,1670]: move mode = 6  
20260819-175635:769756024 MacroMove|INFO [move_joint,219]: RTEMS--------move joint end--------- 
20260819-175635:769952944 profile|INFO [CalcMotionProfile,2817]: block ready run, id = 0  
20260819-175635:771687496 RobotVDStateMag|INFO [RobotVDStateManagerhandler,348]:  mainSM send motion in progress event 
20260819-175635:771726688 RobotVDSM|INFO [ST_RobotVDMotionInProgressState,1766]: robot vd: motion in progress state  
20260819-175635:771751224 RobotVDSM|INFO [ST_RobotVDMotionInProgressState,1776]: move mode = 6 
20260819-175639:763830424 pre_read|INFO [RobotMotionStateBackToExecutionLayer,295]: receiver msg: state = 0, error id = 0  
20260819-175639:763865736 pre_read|INFO [RobotMotionStateBackToExecutionLayer,313]:  valid_num = 1, 
20260819-175639:764989288 pre_read|INFO [RobotMotionStateBackToExecutionLayer,356]:  send cmd finish event, cmd.packet_id is 83  
20260819-175639:765019664 pre_read|INFO [RobotMotionStateBackToExecutionLayer,368]:  valid_num left = 0,  
20260819-175639:765704392 RobotVDStateMag|INFO [RobotVDStateManagerhandler,415]:  mainSM to motion complete event 
20260819-175639:765743536 RobotVDSM|INFO [ST_RobotVDMotionCompleteState,2404]: robot vd: motion complete state  
20260819-175639:765793344 RobotVDSM|INFO [ST_RobotVDMotionCompleteState,2448]: robot vd: motion complete state     6  
20260819-175639:767692144 RobotVDStateMag|INFO [RobotVDStateManagerhandler,802]:  switch mainSM to ready  
20260819-175639:767729056 RobotVDSM|INFO [ST_RobotVDMotionReadyState,1562]: robot vd: motion ready state 
20260819-175639:767932496 RobotVDSM|INFO [ST_RobotVDMotionReadyState,1625]: robot vd: motion ready state end
20260819-175649:840874216 MacroMove|INFO [move_joint,122]: RTEMS--------move joint start----------- 
20260819-175649:840934576 LocationMag|INFO [PrintJointLocation,29]: MOVE point joint = -54.040000 -32.669000 39.583000 -69.447000 77.552000 -12.333000 -103.451000 
20260819-175649:841089256 RobotVDSM|INFO [ST_RobotVDMotionPrepareState,1664]: robot vd: motion prepare state 
20260819-175649:841117176 RobotVDSM|INFO [ST_RobotVDMotionPrepareState,1670]: move mode = 6  
20260819-175649:841665992 MacroMove|INFO [move_joint,219]: RTEMS--------move joint end--------- 
20260819-175649:841850584 profile|INFO [CalcMotionProfile,2817]: block ready run, id = 0  
20260819-175649:842634392 RobotVDStateMag|INFO [RobotVDStateManagerhandler,348]:  mainSM send motion in progress event 
20260819-175649:842673272 RobotVDSM|INFO [ST_RobotVDMotionInProgressState,1766]: robot vd: motion in progress state  
20260819-175649:842697208 RobotVDSM|INFO [ST_RobotVDMotionInProgressState,1776]: move mode = 6 
20260819-175653:266894384 pre_read|INFO [RobotMotionStateBackToExecutionLayer,295]: receiver msg: state = 0, error id = 0  
20260819-175653:266930504 pre_read|INFO [RobotMotionStateBackToExecutionLayer,313]:  valid_num = 1, 
20260819-175653:267668064 pre_read|INFO [RobotMotionStateBackToExecutionLayer,356]:  send cmd finish event, cmd.packet_id is 84  
20260819-175653:267698312 pre_read|INFO [RobotMotionStateBackToExecutionLayer,368]:  valid_num left = 0,  
20260819-175653:268612832 RobotVDStateMag|INFO [RobotVDStateManagerhandler,415]:  mainSM to motion complete event 
20260819-175653:268651144 RobotVDSM|INFO [ST_RobotVDMotionCompleteState,2404]: robot vd: motion complete state  
20260819-175653:268700504 RobotVDSM|INFO [ST_RobotVDMotionCompleteState,2448]: robot vd: motion complete state     6  
20260819-175653:270612568 RobotVDStateMag|INFO [RobotVDStateManagerhandler,802]:  switch mainSM to ready  
20260819-175653:270652936 RobotVDSM|INFO [ST_RobotVDMotionReadyState,1562]: robot vd: motion ready state 
20260819-175653:270858168 RobotVDSM|INFO [ST_RobotVDMotionReadyState,1625]: robot vd: motion ready state end
20260819-175703:344858456 MacroMove|INFO [move_joint,122]: RTEMS--------move joint start----------- 
20260819-175703:344918744 LocationMag|INFO [PrintJointLocation,29]: MOVE point joint = -56.188000 -23.191000 39.583000 -70.882000 75.561000 -15.531000 -105.537000 
20260819-175703:345073776 RobotVDSM|INFO [ST_RobotVDMotionPrepareState,1664]: robot vd: motion prepare state 
20260819-175703:345100112 RobotVDSM|INFO [ST_RobotVDMotionPrepareState,1670]: move mode = 6  
20260819-175703:345702568 profile|INFO [CalcMotionProfile,2817]: block ready run, id = 0  
20260819-175703:345796288 MacroMove|INFO [move_joint,219]: RTEMS--------move joint end--------- 
20260819-175703:346608232 RobotVDStateMag|INFO [RobotVDStateManagerhandler,348]:  mainSM send motion in progress event 
20260819-175703:346644696 RobotVDSM|INFO [ST_RobotVDMotionInProgressState,1766]: robot vd: motion in progress state  
20260819-175703:346667688 RobotVDSM|INFO [ST_RobotVDMotionInProgressState,1776]: move mode = 6 
20260819-175707:178539648 pre_read|INFO [RobotMotionStateBackToExecutionLayer,295]: receiver msg: state = 0, error id = 0  
20260819-175707:178808208 pre_read|INFO [RobotMotionStateBackToExecutionLayer,313]:  valid_num = 1, 
20260819-175707:179502632 pre_read|INFO [RobotMotionStateBackToExecutionLayer,356]:  send cmd finish event, cmd.packet_id is 85  
20260819-175707:179532152 pre_read|INFO [RobotMotionStateBackToExecutionLayer,368]:  valid_num left = 0,  
20260819-175707:180601496 RobotVDStateMag|INFO [RobotVDStateManagerhandler,415]:  mainSM to motion complete event 
20260819-175707:180639544 RobotVDSM|INFO [ST_RobotVDMotionCompleteState,2404]: robot vd: motion complete state  
20260819-175707:180687608 RobotVDSM|INFO [ST_RobotVDMotionCompleteState,2448]: robot vd: motion complete state     6  
20260819-175707:182601056 RobotVDStateMag|INFO [RobotVDStateManagerhandler,802]:  switch mainSM to ready  
20260819-175707:182637312 RobotVDSM|INFO [ST_RobotVDMotionReadyState,1562]: robot vd: motion ready state 
20260819-175707:182838664 RobotVDSM|INFO [ST_RobotVDMotionReadyState,1625]: robot vd: motion ready state end
20260819-175717:272258552 MacroMove|INFO [move_joint,122]: RTEMS--------move joint start----------- 
20260819-175717:272319584 LocationMag|INFO [PrintJointLocation,29]: MOVE point joint = -58.066000 -17.912000 39.583000 -72.514000 72.110000 -14.741000 -108.053000 
20260819-175717:272472432 RobotVDSM|INFO [ST_RobotVDMotionPrepareState,1664]: robot vd: motion prepare state 
20260819-175717:272498728 RobotVDSM|INFO [ST_RobotVDMotionPrepareState,1670]: move mode = 6  
20260819-175717:272872392 MacroMove|INFO [move_joint,219]: RTEMS--------move joint end--------- 
20260819-175717:273468784 profile|INFO [CalcMotionProfile,2817]: block ready run, id = 0  
20260819-175717:274589648 RobotVDStateMag|INFO [RobotVDStateManagerhandler,348]:  mainSM send motion in progress event 
20260819-175717:274625824 RobotVDSM|INFO [ST_RobotVDMotionInProgressState,1766]: robot vd: motion in progress state  
20260819-175717:274649232 RobotVDSM|INFO [ST_RobotVDMotionInProgressState,1776]: move mode = 6 
20260819-175720:426413752 pre_read|INFO [RobotMotionStateBackToExecutionLayer,295]: receiver msg: state = 0, error id = 0  
20260819-175720:426449048 pre_read|INFO [RobotMotionStateBackToExecutionLayer,313]:  valid_num = 1,  
20260819-175720:426585912 RobotVDStateMag|INFO [RobotVDStateManagerhandler,415]:  mainSM to motion complete event  
20260819-175720:426618984 RobotVDSM|INFO [ST_RobotVDMotionCompleteState,2404]: robot vd: motion complete state 
20260819-175720:427392368 RobotVDSM|INFO [ST_RobotVDMotionCompleteState,2448]: robot vd: motion complete state     6  
20260819-175720:427430032 pre_read|INFO [RobotMotionStateBackToExecutionLayer,356]:  send cmd finish event, cmd.packet_id is 86  
20260819-175720:427455552 pre_read|INFO [RobotMotionStateBackToExecutionLayer,368]:  valid_num left = 0, 
20260819-175720:428584856 RobotVDStateMag|INFO [RobotVDStateManagerhandler,802]:  switch mainSM to ready  
20260819-175720:428621104 RobotVDSM|INFO [ST_RobotVDMotionReadyState,1562]: robot vd: motion ready state  
20260819-175720:428828016 RobotVDSM|INFO [ST_RobotVDMotionReadyState,1625]: robot vd: motion ready state end
20260819-175730:518474608 MacroMove|INFO [move_joint,122]: RTEMS--------move joint start----------- 
20260819-175730:518538992 LocationMag|INFO [PrintJointLocation,29]: MOVE point joint = -60.004000 -10.844000 39.583000 -79.631000 77.329000 -17.839000 -112.181000 
20260819-175730:519325024 RobotVDSM|INFO [ST_RobotVDMotionPrepareState,1664]: robot vd: motion prepare state 
20260819-175730:519352072 RobotVDSM|INFO [ST_RobotVDMotionPrepareState,1670]: move mode = 6  
20260819-175730:519575912 profile|INFO [CalcMotionProfile,2817]: block ready run, id = 0  
20260819-175730:519661592 MacroMove|INFO [move_joint,219]: RTEMS--------move joint end--------- 
20260819-175730:520578224 RobotVDStateMag|INFO [RobotVDStateManagerhandler,348]:  mainSM send motion in progress event 
20260819-175730:520616256 RobotVDSM|INFO [ST_RobotVDMotionInProgressState,1766]: robot vd: motion in progress state  
20260819-175730:520640128 RobotVDSM|INFO [ST_RobotVDMotionInProgressState,1776]: move mode = 6 
20260819-175734:004302688 pre_read|INFO [RobotMotionStateBackToExecutionLayer,295]: receiver msg: state = 0, error id = 0  
20260819-175734:004334704 pre_read|INFO [RobotMotionStateBackToExecutionLayer,313]:  valid_num = 1, 
20260819-175734:004576096 RobotVDStateMag|INFO [RobotVDStateManagerhandler,415]:  mainSM to motion complete event  
20260819-175734:004608872 RobotVDSM|INFO [ST_RobotVDMotionCompleteState,2404]: robot vd: motion complete state  
20260819-175734:005402864 RobotVDSM|INFO [ST_RobotVDMotionCompleteState,2448]: robot vd: motion complete state     6 
20260819-175734:005459952 pre_read|INFO [RobotMotionStateBackToExecutionLayer,356]:  send cmd finish event, cmd.packet_id is 87  
20260819-175734:005484488 pre_read|INFO [RobotMotionStateBackToExecutionLayer,368]:  valid_num left = 0,  
20260819-175734:006568176 RobotVDStateMag|INFO [RobotVDStateManagerhandler,802]:  switch mainSM to ready  
20260819-175734:006602384 RobotVDSM|INFO [ST_RobotVDMotionReadyState,1562]: robot vd: motion ready state 
20260819-175734:007229176 RobotVDSM|INFO [ST_RobotVDMotionReadyState,1625]: robot vd: motion ready state end
20260819-175744:088516216 MacroMove|INFO [move_joint,122]: RTEMS--------move joint start----------- 
20260819-175744:089182872 LocationMag|INFO [PrintJointLocation,29]: MOVE point joint = -63.478000 -6.177000 37.959000 -82.929000 74.898000 -20.987000 -115.448000 
20260819-175744:089341216 RobotVDSM|INFO [ST_RobotVDMotionPrepareState,1664]: robot vd: motion prepare state 
20260819-175744:089367096 RobotVDSM|INFO [ST_RobotVDMotionPrepareState,1670]: move mode = 6  
20260819-175744:090066656 MacroMove|INFO [move_joint,219]: RTEMS--------move joint end--------- 
20260819-175744:090117936 profile|INFO [CalcMotionProfile,2817]: block ready run, id = 0  
20260819-175744:090560128 RobotVDStateMag|INFO [RobotVDStateManagerhandler,348]:  mainSM send motion in progress event 
20260819-175744:090595304 RobotVDSM|INFO [ST_RobotVDMotionInProgressState,1766]: robot vd: motion in progress state  
20260819-175744:090618024 RobotVDSM|INFO [ST_RobotVDMotionInProgressState,1776]: move mode = 6 
20260819-175747:120332832 pre_read|INFO [RobotMotionStateBackToExecutionLayer,295]: receiver msg: state = 0, error id = 0  
20260819-175747:120368872 pre_read|INFO [RobotMotionStateBackToExecutionLayer,313]:  valid_num = 1, 
20260819-175747:120691264 pre_read|INFO [RobotMotionStateBackToExecutionLayer,356]:  send cmd finish event, cmd.packet_id is 88  
20260819-175747:121188616 pre_read|INFO [RobotMotionStateBackToExecutionLayer,368]:  valid_num left = 0,  
20260819-175747:121558888 RobotVDStateMag|INFO [RobotVDStateManagerhandler,415]:  mainSM to motion complete event 
20260819-175747:121594408 RobotVDSM|INFO [ST_RobotVDMotionCompleteState,2404]: robot vd: motion complete state  
20260819-175747:121640096 RobotVDSM|INFO [ST_RobotVDMotionCompleteState,2448]: robot vd: motion complete state     6  
20260819-175747:123561696 RobotVDStateMag|INFO [RobotVDStateManagerhandler,802]:  switch mainSM to ready  
20260819-175747:123598392 RobotVDSM|INFO [ST_RobotVDMotionReadyState,1562]: robot vd: motion ready state 
20260819-175747:124229288 RobotVDSM|INFO [ST_RobotVDMotionReadyState,1625]: robot vd: motion ready state end
20260819-181349:551538552 MacroSys|INFO [system_abort,109]: RTEMS-------------system_abort--------------------- 
20260819-181349:551810936 MacroSys|INFO [system_abort,138]: send motion abort cmd event 
20260819-181349:551876152 MacroSys|INFO [system_abort,246]: Macro system abort exit. 
20260819-181349:552400232 BackToPath|INFO [BackToPathRecordCMDPose,394]: need_back_to_path_flag is 0, current joint cmd is [0.000000, 0.000000, 0.000000, 0.000000, 0.000000, 0.000000]  
20260819-181349:552438936 RapidStop|INFO [CfgRobotRapidStop,674]: rapid stop joint  
20260819-181349:552773952 MCLink|INFO [block_task_unbind,170]: unbind robot0 from bind_chl0
20260819-181349:553512648 RCTASKS|INFO [RobotWaitRapidStopFinishTask,405]: get rapid stop finished semaphore 
20260819-181410:598445456 MCLink|INFO [block_task_bind,123]: bind robot0 to bind_chl0
20260819-181410:657112128 MacroRobot|INFO [robot_poweron,80]: RTEMS-------------robot_poweron start--------------- 
20260819-181410:657150712 RobotExcepMonitor|INFO [CheckExceptionBeforeEnterPowerOnSM,2558]: power on cmd already ok  
20260819-181410:657174632 PWRCTL|INFO [PowerControlPowerOn,79]: already power on  
20260819-181410:657195688 MacroRobot|INFO [robot_poweron,95]: RTEMS-------------robot_poweron end---------------
20260819-181410:695300848 MacroRobot|INFO [robot_home,147]: RTEMS--------------------robot_home start------------------ 
20260819-181410:695337752 MacroRobot|INFO [robot_home,161]: RTEMS----------robot_home end---------
20260819-181410:802196448 MACRO_PRF|INFO [setProfile,73]: RTEMS------------------------profile_set---------------------  
20260819-181410:802236016 MACRO_PRF|INFO [setProfile,202]: set profile end 
20260819-181430:847287472 MacroSys|INFO [system_abort,109]: RTEMS-------------system_abort---------------------
20260819-181430:848943744 MCLink|INFO [block_task_unbind,170]: unbind robot0 from bind_chl0
20260819-181430:913122184 MCLink|INFO [block_task_bind,123]: bind robot0 to bind_chl0
20260819-181430:972298744 MacroRobot|INFO [robot_poweron,80]: RTEMS-------------robot_poweron start--------------- 
20260819-181430:972339512 RobotExcepMonitor|INFO [CheckExceptionBeforeEnterPowerOnSM,2558]: power on cmd already ok  
20260819-181430:972364216 PWRCTL|INFO [PowerControlPowerOn,79]: already power on  
20260819-181430:972385408 MacroRobot|INFO [robot_poweron,95]: RTEMS-------------robot_poweron end---------------
20260819-181430:998409248 MacroRobot|INFO [robot_home,147]: RTEMS--------------------robot_home start------------------ 
20260819-181430:998444912 MacroRobot|INFO [robot_home,161]: RTEMS----------robot_home end---------
20260819-181431:112168968 MACRO_PRF|INFO [setProfile,73]: RTEMS------------------------profile_set---------------------  
20260819-181431:112207784 MACRO_PRF|INFO [setProfile,202]: set profile end 
20260819-181449:380115456 MacroSys|INFO [system_abort,109]: RTEMS-------------system_abort---------------------
20260819-181449:381997184 MCLink|INFO [block_task_unbind,170]: unbind robot0 from bind_chl0
20260819-181449:446209392 MCLink|INFO [block_task_bind,123]: bind robot0 to bind_chl0
20260819-181449:478912088 MacroRobot|INFO [robot_poweron,80]: RTEMS-------------robot_poweron start--------------- 
20260819-181449:478951752 RobotExcepMonitor|INFO [CheckExceptionBeforeEnterPowerOnSM,2558]: power on cmd already ok  
20260819-181449:478976136 PWRCTL|INFO [PowerControlPowerOn,79]: already power on  
20260819-181449:478997872 MacroRobot|INFO [robot_poweron,95]: RTEMS-------------robot_poweron end---------------
20260819-181449:506206448 MacroRobot|INFO [robot_spd_set,617]: RTEMS------------------------robot_speed_set --------------------- 
20260819-181449:506239552 MacroRobot|INFO [robot_spd_set,640]: robot 0 speed_set end,speed=20.000000 
20260819-181451:649245456 MacroMove|INFO [move_joint,122]: RTEMS--------move joint start----------- 
20260819-181451:649313456 LocationMag|INFO [PrintJointLocation,29]: MOVE point joint = 0.000000 0.000000 0.000000 -90.000000 0.000000 0.000000 0.000000 
20260819-181451:649460944 RobotVDSM|INFO [ST_RobotVDMotionPrepareState,1664]: robot vd: motion prepare state 
20260819-181451:649487792 RobotVDSM|INFO [ST_RobotVDMotionPrepareState,1670]: move mode = 6  
20260819-181451:650322384 profile|INFO [CalcMotionProfile,2817]: block ready run, id = 0  
20260819-181451:650412216 MacroMove|INFO [move_joint,219]: RTEMS--------move joint end--------- 
20260819-181451:651917832 RobotVDStateMag|INFO [RobotVDStateManagerhandler,348]:  mainSM send motion in progress event 
20260819-181451:651959344 RobotVDSM|INFO [ST_RobotVDMotionInProgressState,1766]: robot vd: motion in progress state  
20260819-181451:651984088 RobotVDSM|INFO [ST_RobotVDMotionInProgressState,1776]: move mode = 6 
20260819-181501:729811568 pre_read|INFO [RobotMotionStateBackToExecutionLayer,295]: receiver msg: state = 0, error id = 0  
20260819-181501:729846936 pre_read|INFO [RobotMotionStateBackToExecutionLayer,313]:  valid_num = 1, 
20260819-181501:730171288 pre_read|INFO [RobotMotionStateBackToExecutionLayer,356]:  send cmd finish event, cmd.packet_id is 89  
20260819-181501:730201216 pre_read|INFO [RobotMotionStateBackToExecutionLayer,368]:  valid_num left = 0,  
20260819-181501:730716312 RobotVDStateMag|INFO [RobotVDStateManagerhandler,415]:  mainSM to motion complete event 
20260819-181501:730751936 RobotVDSM|INFO [ST_RobotVDMotionCompleteState,2404]: robot vd: motion complete state  
20260819-181501:730799944 RobotVDSM|INFO [ST_RobotVDMotionCompleteState,2448]: robot vd: motion complete state     6  
20260819-181501:732685728 RobotVDStateMag|INFO [RobotVDStateManagerhandler,802]:  switch mainSM to ready  
20260819-181501:732722984 RobotVDSM|INFO [ST_RobotVDMotionReadyState,1562]: robot vd: motion ready state 
20260819-181501:732915072 RobotVDSM|INFO [ST_RobotVDMotionReadyState,1625]: robot vd: motion ready state end
20260819-181511:813888392 MacroMove|INFO [move_joint,122]: RTEMS--------move joint start----------- 
20260819-181511:813954352 LocationMag|INFO [PrintJointLocation,29]: MOVE point joint = -12.101000 -2.786000 5.069000 -84.841000 -17.710000 -3.976000 -5.034000 
20260819-181511:814105464 RobotVDSM|INFO [ST_RobotVDMotionPrepareState,1664]: robot vd: motion prepare state 
20260819-181511:814131576 RobotVDSM|INFO [ST_RobotVDMotionPrepareState,1670]: move mode = 6  
20260819-181511:814974416 profile|INFO [CalcMotionProfile,2817]: block ready run, id = 0  
20260819-181511:815065048 MacroMove|INFO [move_joint,219]: RTEMS--------move joint end--------- 
20260819-181511:816519888 RobotVDStateMag|INFO [RobotVDStateManagerhandler,348]:  mainSM send motion in progress event 
20260819-181511:816560256 RobotVDSM|INFO [ST_RobotVDMotionInProgressState,1766]: robot vd: motion in progress state  
20260819-181511:816585016 RobotVDSM|INFO [ST_RobotVDMotionInProgressState,1776]: move mode = 6 
20260819-181516:537690024 pre_read|INFO [RobotMotionStateBackToExecutionLayer,295]: receiver msg: state = 0, error id = 0  
20260819-181516:537725072 pre_read|INFO [RobotMotionStateBackToExecutionLayer,313]:  valid_num = 1, 
20260819-181516:538027008 pre_read|INFO [RobotMotionStateBackToExecutionLayer,356]:  send cmd finish event, cmd.packet_id is 90  
20260819-181516:538056264 pre_read|INFO [RobotMotionStateBackToExecutionLayer,368]:  valid_num left = 0,  
20260819-181516:538586792 RobotVDStateMag|INFO [RobotVDStateManagerhandler,415]:  mainSM to motion complete event 
20260819-181516:538624984 RobotVDSM|INFO [ST_RobotVDMotionCompleteState,2404]: robot vd: motion complete state  
20260819-181516:538671824 RobotVDSM|INFO [ST_RobotVDMotionCompleteState,2448]: robot vd: motion complete state     6  
20260819-181516:540561496 RobotVDStateMag|INFO [RobotVDStateManagerhandler,802]:  switch mainSM to ready  
20260819-181516:540599856 RobotVDSM|INFO [ST_RobotVDMotionReadyState,1562]: robot vd: motion ready state 
20260819-181516:540800768 RobotVDSM|INFO [ST_RobotVDMotionReadyState,1625]: robot vd: motion ready state end
20260819-181526:636429384 MacroMove|INFO [move_joint,122]: RTEMS--------move joint start----------- 
20260819-181526:636721136 LocationMag|INFO [PrintJointLocation,29]: MOVE point joint = -4.812000 9.147000 7.722000 -100.703000 -39.196000 -2.924000 16.186000 
20260819-181526:636883952 RobotVDSM|INFO [ST_RobotVDMotionPrepareState,1664]: robot vd: motion prepare state 
20260819-181526:636911192 RobotVDSM|INFO [ST_RobotVDMotionPrepareState,1670]: move mode = 6  
20260819-181526:637494504 MacroMove|INFO [move_joint,219]: RTEMS--------move joint end--------- 
20260819-181526:637679672 profile|INFO [CalcMotionProfile,2817]: block ready run, id = 0  
20260819-181526:638503936 RobotVDStateMag|INFO [RobotVDStateManagerhandler,348]:  mainSM send motion in progress event 
20260819-181526:638542648 RobotVDSM|INFO [ST_RobotVDMotionInProgressState,1766]: robot vd: motion in progress state  
20260819-181526:638566984 RobotVDSM|INFO [ST_RobotVDMotionInProgressState,1776]: move mode = 6 
20260819-181531:670744416 pre_read|INFO [RobotMotionStateBackToExecutionLayer,295]: receiver msg: state = 0, error id = 0  
20260819-181531:670780808 pre_read|INFO [RobotMotionStateBackToExecutionLayer,313]:  valid_num = 1, 
20260819-181531:671519832 pre_read|INFO [RobotMotionStateBackToExecutionLayer,356]:  send cmd finish event, cmd.packet_id is 91  
20260819-181531:671550312 pre_read|INFO [RobotMotionStateBackToExecutionLayer,368]:  valid_num left = 0,  
20260819-181531:672496656 RobotVDStateMag|INFO [RobotVDStateManagerhandler,415]:  mainSM to motion complete event 
20260819-181531:672536464 RobotVDSM|INFO [ST_RobotVDMotionCompleteState,2404]: robot vd: motion complete state  
20260819-181531:672586288 RobotVDSM|INFO [ST_RobotVDMotionCompleteState,2448]: robot vd: motion complete state     6  
20260819-181531:674496112 RobotVDStateMag|INFO [RobotVDStateManagerhandler,802]:  switch mainSM to ready  
20260819-181531:674533856 RobotVDSM|INFO [ST_RobotVDMotionReadyState,1562]: robot vd: motion ready state 
20260819-181531:674731136 RobotVDSM|INFO [ST_RobotVDMotionReadyState,1625]: robot vd: motion ready state end
20260819-181532:753363648 MacroSys|INFO [system_abort,109]: RTEMS-------------system_abort--------------------- 
20260819-181532:753401672 MacroSys|INFO [system_abort,138]: send motion abort cmd event 
20260819-181532:753496488 MacroSys|INFO [system_abort,246]: Macro system abort exit. 
20260819-181532:754244712 BackToPath|INFO [BackToPathRecordCMDPose,394]: need_back_to_path_flag is 0, current joint cmd is [0.000000, 0.000000, 0.000000, 0.000000, 0.000000, 0.000000]  
20260819-181532:754283736 RapidStop|INFO [CfgRobotRapidStop,674]: rapid stop joint  
20260819-181532:754849136 MCLink|INFO [block_task_unbind,170]: unbind robot0 from bind_chl0
20260819-181532:755369224 RCTASKS|INFO [RobotWaitRapidStopFinishTask,405]: get rapid stop finished semaphore 
20260819-181543:413718464 MCLink|INFO [block_task_bind,123]: bind robot0 to bind_chl0
20260819-181543:471704656 MacroRobot|INFO [robot_poweron,80]: RTEMS-------------robot_poweron start--------------- 
20260819-181543:471744936 RobotExcepMonitor|INFO [CheckExceptionBeforeEnterPowerOnSM,2558]: power on cmd already ok  
20260819-181543:471770384 PWRCTL|INFO [PowerControlPowerOn,79]: already power on  
20260819-181543:471793072 MacroRobot|INFO [robot_poweron,95]: RTEMS-------------robot_poweron end---------------
20260819-181543:497847112 MacroRobot|INFO [robot_home,147]: RTEMS--------------------robot_home start------------------ 
20260819-181543:498257432 MacroRobot|INFO [robot_home,161]: RTEMS----------robot_home end---------
20260819-181543:613405168 MACRO_PRF|INFO [setProfile,73]: RTEMS------------------------profile_set---------------------  
20260819-181543:613443344 MACRO_PRF|INFO [setProfile,202]: set profile end 
20260819-181611:609072328 MacroSys|INFO [system_abort,109]: RTEMS-------------system_abort---------------------
20260819-181611:611074952 MCLink|INFO [block_task_unbind,170]: unbind robot0 from bind_chl0
20260819-181611:687295624 MCLink|INFO [block_task_bind,123]: bind robot0 to bind_chl0
20260819-181611:708030864 MacroRobot|INFO [robot_poweron,80]: RTEMS-------------robot_poweron start--------------- 
20260819-181611:708067776 RobotExcepMonitor|INFO [CheckExceptionBeforeEnterPowerOnSM,2558]: power on cmd already ok  
20260819-181611:708092048 PWRCTL|INFO [PowerControlPowerOn,79]: already power on  
20260819-181611:708112984 MacroRobot|INFO [robot_poweron,95]: RTEMS-------------robot_poweron end---------------
20260819-181611:746326872 MacroRobot|INFO [robot_spd_set,617]: RTEMS------------------------robot_speed_set --------------------- 
20260819-181611:746362792 MacroRobot|INFO [robot_spd_set,640]: robot 0 speed_set end,speed=20.000000 
20260819-181613:855512848 MacroMove|INFO [move_joint,122]: RTEMS--------move joint start----------- 
20260819-181613:855578864 LocationMag|INFO [PrintJointLocation,29]: MOVE point joint = 0.000000 0.000000 0.000000 -90.000000 0.000000 0.000000 0.000000 
20260819-181613:856108432 RobotVDSM|INFO [ST_RobotVDMotionPrepareState,1664]: robot vd: motion prepare state 
20260819-181613:856136224 RobotVDSM|INFO [ST_RobotVDMotionPrepareState,1670]: move mode = 6  
20260819-181613:856359688 profile|INFO [CalcMotionProfile,2817]: block ready run, id = 0  
20260819-181613:856470264 RobotVDStateMag|INFO [RobotVDStateManagerhandler,348]:  mainSM send motion in progress event  
20260819-181613:856505768 MacroMove|INFO [move_joint,219]: RTEMS--------move joint end---------
20260819-181613:856530496 RobotVDSM|INFO [ST_RobotVDMotionInProgressState,1766]: robot vd: motion in progress state  
20260819-181613:856552616 RobotVDSM|INFO [ST_RobotVDMotionInProgressState,1776]: move mode = 6 
20260819-181620:004195544 pre_read|INFO [RobotMotionStateBackToExecutionLayer,295]: receiver msg: state = 0, error id = 0  
20260819-181620:004229624 pre_read|INFO [RobotMotionStateBackToExecutionLayer,313]:  valid_num = 1, 
20260819-181620:004549296 pre_read|INFO [RobotMotionStateBackToExecutionLayer,356]:  send cmd finish event, cmd.packet_id is 92  
20260819-181620:004576296 pre_read|INFO [RobotMotionStateBackToExecutionLayer,368]:  valid_num left = 0,  
20260819-181620:005453872 RobotVDStateMag|INFO [RobotVDStateManagerhandler,415]:  mainSM to motion complete event 
20260819-181620:005490088 RobotVDSM|INFO [ST_RobotVDMotionCompleteState,2404]: robot vd: motion complete state  
20260819-181620:005536568 RobotVDSM|INFO [ST_RobotVDMotionCompleteState,2448]: robot vd: motion complete state     6  
20260819-181620:007445584 RobotVDStateMag|INFO [RobotVDStateManagerhandler,802]:  switch mainSM to ready  
20260819-181620:007480464 RobotVDSM|INFO [ST_RobotVDMotionReadyState,1562]: robot vd: motion ready state 
20260819-181620:008082112 RobotVDSM|INFO [ST_RobotVDMotionReadyState,1625]: robot vd: motion ready state end
20260819-181630:088050328 MacroMove|INFO [move_joint,122]: RTEMS--------move joint start----------- 
20260819-181630:088109328 LocationMag|INFO [PrintJointLocation,29]: MOVE point joint = -12.101000 -2.786000 5.069000 -84.841000 -17.710000 -3.976000 -5.034000 
20260819-181630:088263448 RobotVDSM|INFO [ST_RobotVDMotionPrepareState,1664]: robot vd: motion prepare state 
20260819-181630:088289624 RobotVDSM|INFO [ST_RobotVDMotionPrepareState,1670]: move mode = 6  
20260819-181630:088892328 MacroMove|INFO [move_joint,219]: RTEMS--------move joint end--------- 
20260819-181630:089012824 profile|INFO [CalcMotionProfile,2817]: block ready run, id = 0  
20260819-181630:089436384 RobotVDStateMag|INFO [RobotVDStateManagerhandler,348]:  mainSM send motion in progress event 
20260819-181630:089868448 RobotVDSM|INFO [ST_RobotVDMotionInProgressState,1766]: robot vd: motion in progress state  
20260819-181630:089892848 RobotVDSM|INFO [ST_RobotVDMotionInProgressState,1776]: move mode = 6 
20260819-181634:809983648 pre_read|INFO [RobotMotionStateBackToExecutionLayer,295]: receiver msg: state = 0, error id = 0  
20260819-181634:810018336 pre_read|INFO [RobotMotionStateBackToExecutionLayer,313]:  valid_num = 1, 
20260819-181634:810327392 pre_read|INFO [RobotMotionStateBackToExecutionLayer,356]:  send cmd finish event, cmd.packet_id is 93  
20260819-181634:810355584 pre_read|INFO [RobotMotionStateBackToExecutionLayer,368]:  valid_num left = 0,  
20260819-181634:810889248 RobotVDStateMag|INFO [RobotVDStateManagerhandler,415]:  mainSM to motion complete event 
20260819-181634:810925872 RobotVDSM|INFO [ST_RobotVDMotionCompleteState,2404]: robot vd: motion complete state  
20260819-181634:810975128 RobotVDSM|INFO [ST_RobotVDMotionCompleteState,2448]: robot vd: motion complete state     6  
20260819-181634:812837904 RobotVDStateMag|INFO [RobotVDStateManagerhandler,802]:  switch mainSM to ready  
20260819-181634:812877632 RobotVDSM|INFO [ST_RobotVDMotionReadyState,1562]: robot vd: motion ready state 
20260819-181634:813077176 RobotVDSM|INFO [ST_RobotVDMotionReadyState,1625]: robot vd: motion ready state end
20260819-181646:822934016 MacroMove|INFO [move_joint,122]: RTEMS--------move joint start----------- 
20260819-181646:822995336 LocationMag|INFO [PrintJointLocation,29]: MOVE point joint = -4.812000 9.147000 7.722000 -100.703000 -39.196000 -2.924000 16.186000 
20260819-181646:823148928 RobotVDSM|INFO [ST_RobotVDMotionPrepareState,1664]: robot vd: motion prepare state 
20260819-181646:823175624 RobotVDSM|INFO [ST_RobotVDMotionPrepareState,1670]: move mode = 6  
20260819-181646:823765568 MacroMove|INFO [move_joint,219]: RTEMS--------move joint end--------- 
20260819-181646:823913152 profile|INFO [CalcMotionProfile,2817]: block ready run, id = 0  
20260819-181646:824728224 RobotVDStateMag|INFO [RobotVDStateManagerhandler,348]:  mainSM send motion in progress event 
20260819-181646:824767088 RobotVDSM|INFO [ST_RobotVDMotionInProgressState,1766]: robot vd: motion in progress state  
20260819-181646:824790312 RobotVDSM|INFO [ST_RobotVDMotionInProgressState,1776]: move mode = 6 
20260819-181651:861840864 pre_read|INFO [RobotMotionStateBackToExecutionLayer,295]: receiver msg: state = 0, error id = 0  
20260819-181651:861875648 pre_read|INFO [RobotMotionStateBackToExecutionLayer,313]:  valid_num = 1, 
20260819-181651:862248512 pre_read|INFO [RobotMotionStateBackToExecutionLayer,356]:  send cmd finish event, cmd.packet_id is 94  
20260819-181651:862782512 RobotVDStateMag|INFO [RobotVDStateManagerhandler,415]:  mainSM to motion complete event  
20260819-181651:862816224 RobotVDSM|INFO [ST_RobotVDMotionCompleteState,2404]: robot vd: motion complete state 
20260819-181651:862864888 RobotVDSM|INFO [ST_RobotVDMotionCompleteState,2448]: robot vd: motion complete state     6  
20260819-181651:863147304 pre_read|INFO [RobotMotionStateBackToExecutionLayer,368]:  valid_num left = 0,  
20260819-181651:864712752 RobotVDStateMag|INFO [RobotVDStateManagerhandler,802]:  switch mainSM to ready  
20260819-181651:864752696 RobotVDSM|INFO [ST_RobotVDMotionReadyState,1562]: robot vd: motion ready state 
20260819-181651:864954536 RobotVDSM|INFO [ST_RobotVDMotionReadyState,1625]: robot vd: motion ready state end
20260819-181701:935093272 MacroMove|INFO [move_joint,122]: RTEMS--------move joint start----------- 
20260819-181701:935564392 LocationMag|INFO [PrintJointLocation,29]: MOVE point joint = -0.240000 23.091000 5.819000 -109.649000 -48.700000 -7.476000 27.835000 
20260819-181701:935722648 RobotVDSM|INFO [ST_RobotVDMotionPrepareState,1664]: robot vd: motion prepare state 
20260819-181701:935748704 RobotVDSM|INFO [ST_RobotVDMotionPrepareState,1670]: move mode = 6  
20260819-181701:935954016 profile|INFO [CalcMotionProfile,2817]: block ready run, id = 0  
20260819-181701:936047784 MacroMove|INFO [move_joint,219]: RTEMS--------move joint end--------- 
20260819-181701:937594152 RobotVDStateMag|INFO [RobotVDStateManagerhandler,348]:  mainSM send motion in progress event 
20260819-181701:937634848 RobotVDSM|INFO [ST_RobotVDMotionInProgressState,1766]: robot vd: motion in progress state  
20260819-181701:937658648 RobotVDSM|INFO [ST_RobotVDMotionInProgressState,1776]: move mode = 6 
20260819-181706:296927864 pre_read|INFO [RobotMotionStateBackToExecutionLayer,295]: receiver msg: state = 0, error id = 0  
20260819-181706:296964048 pre_read|INFO [RobotMotionStateBackToExecutionLayer,313]:  valid_num = 1,  
20260819-181706:297673072 pre_read|INFO [RobotMotionStateBackToExecutionLayer,356]:  send cmd finish event, cmd.packet_id is 95 
20260819-181706:297703744 pre_read|INFO [RobotMotionStateBackToExecutionLayer,368]:  valid_num left = 0,  
20260819-181706:298606672 RobotVDStateMag|INFO [RobotVDStateManagerhandler,415]:  mainSM to motion complete event  
20260819-181706:298643936 RobotVDSM|INFO [ST_RobotVDMotionCompleteState,2404]: robot vd: motion complete state  
20260819-181706:298689704 RobotVDSM|INFO [ST_RobotVDMotionCompleteState,2448]: robot vd: motion complete state     6 
20260819-181706:300571672 RobotVDStateMag|INFO [RobotVDStateManagerhandler,802]:  switch mainSM to ready  
20260819-181706:300607608 RobotVDSM|INFO [ST_RobotVDMotionReadyState,1562]: robot vd: motion ready state  
20260819-181706:300807176 RobotVDSM|INFO [ST_RobotVDMotionReadyState,1625]: robot vd: motion ready state end
20260819-181716:386661144 MacroMove|INFO [move_joint,122]: RTEMS--------move joint start----------- 
20260819-181716:386724144 LocationMag|INFO [PrintJointLocation,29]: MOVE point joint = -10.961000 18.215000 6.987000 -99.146000 -27.162000 -10.637000 44.325000 
20260819-181716:386879296 RobotVDSM|INFO [ST_RobotVDMotionPrepareState,1664]: robot vd: motion prepare state 
20260819-181716:386905944 RobotVDSM|INFO [ST_RobotVDMotionPrepareState,1670]: move mode = 6  
20260819-181716:387512864 MacroMove|INFO [move_joint,219]: RTEMS--------move joint end--------- 
20260819-181716:387685384 profile|INFO [CalcMotionProfile,2817]: block ready run, id = 0  
20260819-181716:388470944 RobotVDStateMag|INFO [RobotVDStateManagerhandler,348]:  mainSM send motion in progress event 
20260819-181716:388508776 RobotVDSM|INFO [ST_RobotVDMotionInProgressState,1766]: robot vd: motion in progress state  
20260819-181716:388532536 RobotVDSM|INFO [ST_RobotVDMotionInProgressState,1776]: move mode = 6 
20260819-181721:424895512 pre_read|INFO [RobotMotionStateBackToExecutionLayer,295]: receiver msg: state = 0, error id = 0  
20260819-181721:424931432 pre_read|INFO [RobotMotionStateBackToExecutionLayer,313]:  valid_num = 1, 
20260819-181721:425647512 pre_read|INFO [RobotMotionStateBackToExecutionLayer,356]:  send cmd finish event, cmd.packet_id is 96  
20260819-181721:425677848 pre_read|INFO [RobotMotionStateBackToExecutionLayer,368]:  valid_num left = 0,  
20260819-181721:426585904 RobotVDStateMag|INFO [RobotVDStateManagerhandler,415]:  mainSM to motion complete event 
20260819-181721:426625144 RobotVDSM|INFO [ST_RobotVDMotionCompleteState,2404]: robot vd: motion complete state  
20260819-181721:426674968 RobotVDSM|INFO [ST_RobotVDMotionCompleteState,2448]: robot vd: motion complete state     6  
20260819-181721:428542248 RobotVDStateMag|INFO [RobotVDStateManagerhandler,802]:  switch mainSM to ready  
20260819-181721:428579208 RobotVDSM|INFO [ST_RobotVDMotionReadyState,1562]: robot vd: motion ready state 
20260819-181721:428778392 RobotVDSM|INFO [ST_RobotVDMotionReadyState,1625]: robot vd: motion ready state end
20260819-181733:443622808 MacroMove|INFO [move_joint,122]: RTEMS--------move joint start----------- 
20260819-181733:443691864 LocationMag|INFO [PrintJointLocation,29]: MOVE point joint = -16.666000 14.511000 12.469000 -97.407000 -22.731000 -2.363000 69.038000 
20260819-181733:443842872 RobotVDSM|INFO [ST_RobotVDMotionPrepareState,1664]: robot vd: motion prepare state 
20260819-181733:443869392 RobotVDSM|INFO [ST_RobotVDMotionPrepareState,1670]: move mode = 6  
20260819-181733:444649848 MacroMove|INFO [move_joint,219]: RTEMS--------move joint end--------- 
20260819-181733:444821744 profile|INFO [CalcMotionProfile,2817]: block ready run, id = 0  
20260819-181733:446378216 RobotVDStateMag|INFO [RobotVDStateManagerhandler,348]:  mainSM send motion in progress event 
20260819-181733:446415632 RobotVDSM|INFO [ST_RobotVDMotionInProgressState,1766]: robot vd: motion in progress state  
20260819-181733:446439744 RobotVDSM|INFO [ST_RobotVDMotionInProgressState,1776]: move mode = 6 
20260819-181738:718609704 pre_read|INFO [RobotMotionStateBackToExecutionLayer,295]: receiver msg: state = 0, error id = 0  
20260819-181738:718647368 pre_read|INFO [RobotMotionStateBackToExecutionLayer,313]:  valid_num = 1, 
20260819-181738:719377848 pre_read|INFO [RobotMotionStateBackToExecutionLayer,356]:  send cmd finish event, cmd.packet_id is 97  
20260819-181738:719408392 pre_read|INFO [RobotMotionStateBackToExecutionLayer,368]:  valid_num left = 0,  
20260819-181738:720367912 RobotVDStateMag|INFO [RobotVDStateManagerhandler,415]:  mainSM to motion complete event 
20260819-181738:720405928 RobotVDSM|INFO [ST_RobotVDMotionCompleteState,2404]: robot vd: motion complete state  
20260819-181738:720454224 RobotVDSM|INFO [ST_RobotVDMotionCompleteState,2448]: robot vd: motion complete state     6  
20260819-181738:722363344 RobotVDStateMag|INFO [RobotVDStateManagerhandler,802]:  switch mainSM to ready  
20260819-181738:722401144 RobotVDSM|INFO [ST_RobotVDMotionReadyState,1562]: robot vd: motion ready state 
20260819-181738:722602928 RobotVDSM|INFO [ST_RobotVDMotionReadyState,1625]: robot vd: motion ready state end
20260819-181750:746141424 MacroMove|INFO [move_joint,122]: RTEMS--------move joint start----------- 
20260819-181750:746202552 LocationMag|INFO [PrintJointLocation,29]: MOVE point joint = -11.501000 15.234000 10.804000 -103.701000 -14.711000 1.594000 44.812000 
20260819-181750:746601336 RobotVDSM|INFO [ST_RobotVDMotionPrepareState,1664]: robot vd: motion prepare state 
20260819-181750:746629696 RobotVDSM|INFO [ST_RobotVDMotionPrepareState,1670]: move mode = 6  
20260819-181750:747182192 MacroMove|INFO [move_joint,219]: RTEMS--------move joint end--------- 
20260819-181750:747399608 profile|INFO [CalcMotionProfile,2817]: block ready run, id = 0  
20260819-181750:748358248 RobotVDStateMag|INFO [RobotVDStateManagerhandler,348]:  mainSM send motion in progress event 
20260819-181750:748396896 RobotVDSM|INFO [ST_RobotVDMotionInProgressState,1766]: robot vd: motion in progress state  
20260819-181750:748420104 RobotVDSM|INFO [ST_RobotVDMotionInProgressState,1776]: move mode = 6 
20260819-181755:988234024 pre_read|INFO [RobotMotionStateBackToExecutionLayer,295]: receiver msg: state = 0, error id = 0  
20260819-181755:988269576 pre_read|INFO [RobotMotionStateBackToExecutionLayer,313]:  valid_num = 1,  
20260819-181755:988349072 RobotVDStateMag|INFO [RobotVDStateManagerhandler,415]:  mainSM to motion complete event  
20260819-181755:988381208 RobotVDSM|INFO [ST_RobotVDMotionCompleteState,2404]: robot vd: motion complete state 
20260819-181755:989219344 RobotVDSM|INFO [ST_RobotVDMotionCompleteState,2448]: robot vd: motion complete state     6  
20260819-181755:989258448 pre_read|INFO [RobotMotionStateBackToExecutionLayer,356]:  send cmd finish event, cmd.packet_id is 98  
20260819-181755:989283656 pre_read|INFO [RobotMotionStateBackToExecutionLayer,368]:  valid_num left = 0, 
20260819-181755:990350232 RobotVDStateMag|INFO [RobotVDStateManagerhandler,802]:  switch mainSM to ready  
20260819-181755:990389328 RobotVDSM|INFO [ST_RobotVDMotionReadyState,1562]: robot vd: motion ready state  
20260819-181755:990591032 RobotVDSM|INFO [ST_RobotVDMotionReadyState,1625]: robot vd: motion ready state end
20260819-181806:073043448 MacroMove|INFO [move_joint,122]: RTEMS--------move joint start----------- 
20260819-181806:073109224 LocationMag|INFO [PrintJointLocation,29]: MOVE point joint = -7.091000 5.821000 6.987000 -93.371000 -24.414000 6.579000 69.059000 
20260819-181806:073258856 RobotVDSM|INFO [ST_RobotVDMotionPrepareState,1664]: robot vd: motion prepare state 
20260819-181806:073284632 RobotVDSM|INFO [ST_RobotVDMotionPrepareState,1670]: move mode = 6  
20260819-181806:073509936 profile|INFO [CalcMotionProfile,2817]: block ready run, id = 0  
20260819-181806:073999216 MacroMove|INFO [move_joint,219]: RTEMS--------move joint end--------- 
20260819-181806:074339712 RobotVDStateMag|INFO [RobotVDStateManagerhandler,348]:  mainSM send motion in progress event 
20260819-181806:074376304 RobotVDSM|INFO [ST_RobotVDMotionInProgressState,1766]: robot vd: motion in progress state  
20260819-181806:074398912 RobotVDSM|INFO [ST_RobotVDMotionInProgressState,1776]: move mode = 6 
20260819-181811:314094632 pre_read|INFO [RobotMotionStateBackToExecutionLayer,295]: receiver msg: state = 0, error id = 0  
20260819-181811:314129776 pre_read|INFO [RobotMotionStateBackToExecutionLayer,313]:  valid_num = 1, 
20260819-181811:314334552 RobotVDStateMag|INFO [RobotVDStateManagerhandler,415]:  mainSM to motion complete event  
20260819-181811:314369992 RobotVDSM|INFO [ST_RobotVDMotionCompleteState,2404]: robot vd: motion complete state  
20260819-181811:315170984 RobotVDSM|INFO [ST_RobotVDMotionCompleteState,2448]: robot vd: motion complete state     6 
20260819-181811:315227144 pre_read|INFO [RobotMotionStateBackToExecutionLayer,356]:  send cmd finish event, cmd.packet_id is 99  
20260819-181811:315252392 pre_read|INFO [RobotMotionStateBackToExecutionLayer,368]:  valid_num left = 0,  
20260819-181811:316336152 RobotVDStateMag|INFO [RobotVDStateManagerhandler,802]:  switch mainSM to ready  
20260819-181811:316373432 RobotVDSM|INFO [ST_RobotVDMotionReadyState,1562]: robot vd: motion ready state 
20260819-181811:317007032 RobotVDSM|INFO [ST_RobotVDMotionReadyState,1625]: robot vd: motion ready state end
20260819-181821:421131056 MacroMove|INFO [move_joint,122]: RTEMS--------move joint start----------- 
20260819-181821:421197096 LocationMag|INFO [PrintJointLocation,29]: MOVE point joint = 0.462000 9.896000 -2.834000 -106.090000 -14.804000 7.525000 48.008000 
20260819-181821:421379984 RobotVDSM|INFO [ST_RobotVDMotionPrepareState,1664]: robot vd: motion prepare state 
20260819-181821:421406304 RobotVDSM|INFO [ST_RobotVDMotionPrepareState,1670]: move mode = 6  
20260819-181821:421610256 profile|INFO [CalcMotionProfile,2817]: block ready run, id = 0  
20260819-181821:422097064 MacroMove|INFO [move_joint,219]: RTEMS--------move joint end--------- 
20260819-181821:423322568 RobotVDStateMag|INFO [RobotVDStateManagerhandler,348]:  mainSM send motion in progress event 
20260819-181821:423360592 RobotVDSM|INFO [ST_RobotVDMotionInProgressState,1766]: robot vd: motion in progress state  
20260819-181821:423385296 RobotVDSM|INFO [ST_RobotVDMotionInProgressState,1776]: move mode = 6 
20260819-181826:431884184 pre_read|INFO [RobotMotionStateBackToExecutionLayer,295]: receiver msg: state = 0, error id = 0  
20260819-181826:431919256 pre_read|INFO [RobotMotionStateBackToExecutionLayer,313]:  valid_num = 1, 
20260819-181826:432234608 pre_read|INFO [RobotMotionStateBackToExecutionLayer,356]:  send cmd finish event, cmd.packet_id is 100  
20260819-181826:432263376 pre_read|INFO [RobotMotionStateBackToExecutionLayer,368]:  valid_num left = 0,  
20260819-181826:433312704 RobotVDStateMag|INFO [RobotVDStateManagerhandler,415]:  mainSM to motion complete event 
20260819-181826:433792488 RobotVDSM|INFO [ST_RobotVDMotionCompleteState,2404]: robot vd: motion complete state  
20260819-181826:433843192 RobotVDSM|INFO [ST_RobotVDMotionCompleteState,2448]: robot vd: motion complete state     6  
20260819-181826:435310328 RobotVDStateMag|INFO [RobotVDStateManagerhandler,802]:  switch mainSM to ready  
20260819-181826:435777344 RobotVDSM|INFO [ST_RobotVDMotionReadyState,1562]: robot vd: motion ready state 
20260819-181826:435976952 RobotVDSM|INFO [ST_RobotVDMotionReadyState,1625]: robot vd: motion ready state end
20260819-181836:544925608 MacroMove|INFO [move_joint,122]: RTEMS--------move joint start----------- 
20260819-181836:544986248 LocationMag|INFO [PrintJointLocation,29]: MOVE point joint = 6.706000 -0.242000 -0.520000 -93.544000 -4.039000 8.365000 28.565000 
20260819-181836:545142224 RobotVDSM|INFO [ST_RobotVDMotionPrepareState,1664]: robot vd: motion prepare state 
20260819-181836:545168208 RobotVDSM|INFO [ST_RobotVDMotionPrepareState,1670]: move mode = 6  
20260819-181836:545773784 MacroMove|INFO [move_joint,219]: RTEMS--------move joint end--------- 
20260819-181836:545903504 profile|INFO [CalcMotionProfile,2817]: block ready run, id = 0  
20260819-181836:547309472 RobotVDStateMag|INFO [RobotVDStateManagerhandler,348]:  mainSM send motion in progress event 
20260819-181836:547727424 RobotVDSM|INFO [ST_RobotVDMotionInProgressState,1766]: robot vd: motion in progress state  
20260819-181836:547752176 RobotVDSM|INFO [ST_RobotVDMotionInProgressState,1776]: move mode = 6 
20260819-181841:417871616 pre_read|INFO [RobotMotionStateBackToExecutionLayer,295]: receiver msg: state = 0, error id = 0  
20260819-181841:417908016 pre_read|INFO [RobotMotionStateBackToExecutionLayer,313]:  valid_num = 1, 
20260819-181841:418202568 pre_read|INFO [RobotMotionStateBackToExecutionLayer,356]:  send cmd finish event, cmd.packet_id is 101  
20260819-181841:418231768 pre_read|INFO [RobotMotionStateBackToExecutionLayer,368]:  valid_num left = 0,  
20260819-181841:418763808 RobotVDStateMag|INFO [RobotVDStateManagerhandler,415]:  mainSM to motion complete event 
20260819-181841:418802144 RobotVDSM|INFO [ST_RobotVDMotionCompleteState,2404]: robot vd: motion complete state  
20260819-181841:418856008 RobotVDSM|INFO [ST_RobotVDMotionCompleteState,2448]: robot vd: motion complete state     6  
20260819-181841:420717416 RobotVDStateMag|INFO [RobotVDStateManagerhandler,802]:  switch mainSM to ready  
20260819-181841:420754528 RobotVDSM|INFO [ST_RobotVDMotionReadyState,1562]: robot vd: motion ready state 
20260819-181841:420953616 RobotVDSM|INFO [ST_RobotVDMotionReadyState,1625]: robot vd: motion ready state end
20260819-181851:691699952 MacroMove|INFO [move_joint,122]: RTEMS--------move joint start----------- 
20260819-181851:691759512 LocationMag|INFO [PrintJointLocation,29]: MOVE point joint = 13.173000 -15.296000 -16.433000 -57.966000 -4.039000 -11.275000 52.901000 
20260819-181851:691919376 RobotVDSM|INFO [ST_RobotVDMotionPrepareState,1664]: robot vd: motion prepare state 
20260819-181851:691945456 RobotVDSM|INFO [ST_RobotVDMotionPrepareState,1670]: move mode = 6  
20260819-181851:692141872 profile|INFO [CalcMotionProfile,2817]: block ready run, id = 0  
20260819-181851:692243744 MacroMove|INFO [move_joint,219]: RTEMS--------move joint end--------- 
20260819-181851:692713072 RobotVDStateMag|INFO [RobotVDStateManagerhandler,348]:  mainSM send motion in progress event 
20260819-181851:692746824 RobotVDSM|INFO [ST_RobotVDMotionInProgressState,1766]: robot vd: motion in progress state  
20260819-181851:692769168 RobotVDSM|INFO [ST_RobotVDMotionInProgressState,1776]: move mode = 6 
20260819-181857:651037848 pre_read|INFO [RobotMotionStateBackToExecutionLayer,295]: receiver msg: state = 0, error id = 0  
20260819-181857:651073648 pre_read|INFO [RobotMotionStateBackToExecutionLayer,313]:  valid_num = 1, 
20260819-181857:651796328 pre_read|INFO [RobotMotionStateBackToExecutionLayer,356]:  send cmd finish event, cmd.packet_id is 102  
20260819-181857:651826392 pre_read|INFO [RobotMotionStateBackToExecutionLayer,368]:  valid_num left = 0,  
20260819-181857:652718872 RobotVDStateMag|INFO [RobotVDStateManagerhandler,415]:  mainSM to motion complete event 
20260819-181857:652755264 RobotVDSM|INFO [ST_RobotVDMotionCompleteState,2404]: robot vd: motion complete state  
20260819-181857:652801856 RobotVDSM|INFO [ST_RobotVDMotionCompleteState,2448]: robot vd: motion complete state     6  
20260819-181857:654700992 RobotVDStateMag|INFO [RobotVDStateManagerhandler,802]:  switch mainSM to ready  
20260819-181857:654738664 RobotVDSM|INFO [ST_RobotVDMotionReadyState,1562]: robot vd: motion ready state 
20260819-181857:654935448 RobotVDSM|INFO [ST_RobotVDMotionReadyState,1625]: robot vd: motion ready state end
20260819-181909:699851936 MacroMove|INFO [move_joint,122]: RTEMS--------move joint start----------- 
20260819-181909:699919368 LocationMag|INFO [PrintJointLocation,29]: MOVE point joint = 5.923000 -28.959000 -16.433000 -59.882000 -25.510000 -0.293000 81.517000 
20260819-181909:700683288 RobotVDSM|INFO [ST_RobotVDMotionPrepareState,1664]: robot vd: motion prepare state 
20260819-181909:700711848 RobotVDSM|INFO [ST_RobotVDMotionPrepareState,1670]: move mode = 6  
20260819-181909:700909192 profile|INFO [CalcMotionProfile,2817]: block ready run, id = 0  
20260819-181909:700997776 MacroMove|INFO [move_joint,219]: RTEMS--------move joint end--------- 
20260819-181909:702447168 RobotVDStateMag|INFO [RobotVDStateManagerhandler,348]:  mainSM send motion in progress event 
20260819-181909:702485424 RobotVDSM|INFO [ST_RobotVDMotionInProgressState,1766]: robot vd: motion in progress state  
20260819-181909:702509472 RobotVDSM|INFO [ST_RobotVDMotionInProgressState,1776]: move mode = 6 
20260819-181915:242746784 pre_read|INFO [RobotMotionStateBackToExecutionLayer,295]: receiver msg: state = 0, error id = 0  
20260819-181915:242784208 pre_read|INFO [RobotMotionStateBackToExecutionLayer,313]:  valid_num = 1, 
20260819-181915:243524016 pre_read|INFO [RobotMotionStateBackToExecutionLayer,356]:  send cmd finish event, cmd.packet_id is 103  
20260819-181915:243555648 pre_read|INFO [RobotMotionStateBackToExecutionLayer,368]:  valid_num left = 0,  
20260819-181915:244432352 RobotVDStateMag|INFO [RobotVDStateManagerhandler,415]:  mainSM to motion complete event 
20260819-181915:244469608 RobotVDSM|INFO [ST_RobotVDMotionCompleteState,2404]: robot vd: motion complete state  
20260819-181915:244517128 RobotVDSM|INFO [ST_RobotVDMotionCompleteState,2448]: robot vd: motion complete state     6  
20260819-181915:246407512 RobotVDStateMag|INFO [RobotVDStateManagerhandler,802]:  switch mainSM to ready  
20260819-181915:246445304 RobotVDSM|INFO [ST_RobotVDMotionReadyState,1562]: robot vd: motion ready state 
20260819-181915:246643848 RobotVDSM|INFO [ST_RobotVDMotionReadyState,1625]: robot vd: motion ready state end
20260819-181925:339343696 MacroMove|INFO [move_joint,122]: RTEMS--------move joint start----------- 
20260819-181925:339402504 LocationMag|INFO [PrintJointLocation,29]: MOVE point joint = 5.923000 -14.438000 -12.820000 -74.805000 -2.745000 5.299000 60.987000 
20260819-181925:339557448 RobotVDSM|INFO [ST_RobotVDMotionPrepareState,1664]: robot vd: motion prepare state 
20260819-181925:339583384 RobotVDSM|INFO [ST_RobotVDMotionPrepareState,1670]: move mode = 6  
20260819-181925:339778824 profile|INFO [CalcMotionProfile,2817]: block ready run, id = 0  
20260819-181925:340323824 MacroMove|INFO [move_joint,219]: RTEMS--------move joint end--------- 
20260819-181925:340356528 RobotVDStateMag|INFO [RobotVDStateManagerhandler,348]:  mainSM send motion in progress event 
20260819-181925:340387512 RobotVDSM|INFO [ST_RobotVDMotionInProgressState,1766]: robot vd: motion in progress state  
20260819-181925:340410008 RobotVDSM|INFO [ST_RobotVDMotionInProgressState,1776]: move mode = 6 
20260819-181930:472619152 pre_read|INFO [RobotMotionStateBackToExecutionLayer,295]: receiver msg: state = 0, error id = 0  
20260819-181930:472655216 pre_read|INFO [RobotMotionStateBackToExecutionLayer,313]:  valid_num = 1, 
20260819-181930:473393784 pre_read|INFO [RobotMotionStateBackToExecutionLayer,356]:  send cmd finish event, cmd.packet_id is 104  
20260819-181930:473424016 pre_read|INFO [RobotMotionStateBackToExecutionLayer,368]:  valid_num left = 0,  
20260819-181930:474308744 RobotVDStateMag|INFO [RobotVDStateManagerhandler,415]:  mainSM to motion complete event 
20260819-181930:474346384 RobotVDSM|INFO [ST_RobotVDMotionCompleteState,2404]: robot vd: motion complete state  
20260819-181930:474394768 RobotVDSM|INFO [ST_RobotVDMotionCompleteState,2448]: robot vd: motion complete state     6  
20260819-181930:476286616 RobotVDStateMag|INFO [RobotVDStateManagerhandler,802]:  switch mainSM to ready  
20260819-181930:476323832 RobotVDSM|INFO [ST_RobotVDMotionReadyState,1562]: robot vd: motion ready state 
20260819-181930:476522016 RobotVDSM|INFO [ST_RobotVDMotionReadyState,1625]: robot vd: motion ready state end
20260819-181940:575174264 MacroMove|INFO [move_joint,122]: RTEMS--------move joint start----------- 
20260819-181940:575251456 LocationMag|INFO [PrintJointLocation,29]: MOVE point joint = 9.779000 4.033000 -12.820000 -91.327000 -26.480000 9.864000 83.245000 
20260819-181940:575402728 RobotVDSM|INFO [ST_RobotVDMotionPrepareState,1664]: robot vd: motion prepare state 
20260819-181940:575430352 RobotVDSM|INFO [ST_RobotVDMotionPrepareState,1670]: move mode = 6  
20260819-181940:575623792 profile|INFO [CalcMotionProfile,2817]: block ready run, id = 0  
20260819-181940:576163408 MacroMove|INFO [move_joint,219]: RTEMS--------move joint end--------- 
20260819-181940:576242592 RobotVDStateMag|INFO [RobotVDStateManagerhandler,348]:  mainSM send motion in progress event 
20260819-181940:576275968 RobotVDSM|INFO [ST_RobotVDMotionInProgressState,1766]: robot vd: motion in progress state  
20260819-181940:576300008 RobotVDSM|INFO [ST_RobotVDMotionInProgressState,1776]: move mode = 6 
20260819-181945:780482272 pre_read|INFO [RobotMotionStateBackToExecutionLayer,295]: receiver msg: state = 0, error id = 0  
20260819-181945:780518904 pre_read|INFO [RobotMotionStateBackToExecutionLayer,313]:  valid_num = 1, 
20260819-181945:781254072 pre_read|INFO [RobotMotionStateBackToExecutionLayer,356]:  send cmd finish event, cmd.packet_id is 105  
20260819-181945:781286008 pre_read|INFO [RobotMotionStateBackToExecutionLayer,368]:  valid_num left = 0,  
20260819-181945:782243448 RobotVDStateMag|INFO [RobotVDStateManagerhandler,415]:  mainSM to motion complete event 
20260819-181945:782282136 RobotVDSM|INFO [ST_RobotVDMotionCompleteState,2404]: robot vd: motion complete state  
20260819-181945:782331144 RobotVDSM|INFO [ST_RobotVDMotionCompleteState,2448]: robot vd: motion complete state     6  
20260819-181945:784236808 RobotVDStateMag|INFO [RobotVDStateManagerhandler,802]:  switch mainSM to ready  
20260819-181945:784275528 RobotVDSM|INFO [ST_RobotVDMotionReadyState,1562]: robot vd: motion ready state 
20260819-181945:784473904 RobotVDSM|INFO [ST_RobotVDMotionReadyState,1625]: robot vd: motion ready state end
20260819-181955:867976104 MacroMove|INFO [move_joint,122]: RTEMS--------move joint start----------- 
20260819-181955:868037592 LocationMag|INFO [PrintJointLocation,29]: MOVE point joint = 26.003000 9.057000 -26.432000 -98.591000 -9.833000 3.563000 22.674000 
20260819-181955:868190304 RobotVDSM|INFO [ST_RobotVDMotionPrepareState,1664]: robot vd: motion prepare state 
20260819-181955:868467512 RobotVDSM|INFO [ST_RobotVDMotionPrepareState,1670]: move mode = 6  
20260819-181955:869082816 MacroMove|INFO [move_joint,219]: RTEMS--------move joint end--------- 
20260819-181955:869267696 profile|INFO [CalcMotionProfile,2817]: block ready run, id = 0  
20260819-181955:870233744 RobotVDStateMag|INFO [RobotVDStateManagerhandler,348]:  mainSM send motion in progress event 
20260819-181955:870273336 RobotVDSM|INFO [ST_RobotVDMotionInProgressState,1766]: robot vd: motion in progress state  
20260819-181955:870298128 RobotVDSM|INFO [ST_RobotVDMotionInProgressState,1776]: move mode = 6 
20260819-182002:978092888 pre_read|INFO [RobotMotionStateBackToExecutionLayer,295]: receiver msg: state = 0, error id = 0  
20260819-182002:978128296 pre_read|INFO [RobotMotionStateBackToExecutionLayer,313]:  valid_num = 1, 
20260819-182002:978232768 RobotVDStateMag|INFO [RobotVDStateManagerhandler,415]:  mainSM to motion complete event  
20260819-182002:978266992 RobotVDSM|INFO [ST_RobotVDMotionCompleteState,2404]: robot vd: motion complete state  
20260819-182002:979076536 RobotVDSM|INFO [ST_RobotVDMotionCompleteState,2448]: robot vd: motion complete state     6 
20260819-182002:979114712 pre_read|INFO [RobotMotionStateBackToExecutionLayer,356]:  send cmd finish event, cmd.packet_id is 106  
20260819-182002:979140064 pre_read|INFO [RobotMotionStateBackToExecutionLayer,368]:  valid_num left = 0,  
20260819-182002:980225328 RobotVDStateMag|INFO [RobotVDStateManagerhandler,802]:  switch mainSM to ready  
20260819-182002:980262056 RobotVDSM|INFO [ST_RobotVDMotionReadyState,1562]: robot vd: motion ready state 
20260819-182002:980461424 RobotVDSM|INFO [ST_RobotVDMotionReadyState,1625]: robot vd: motion ready state end
20260819-182013:049059328 MacroMove|INFO [move_joint,122]: RTEMS--------move joint start----------- 
20260819-182013:049125416 LocationMag|INFO [PrintJointLocation,29]: MOVE point joint = 35.986000 9.057000 -37.494000 -99.813000 -13.172000 7.695000 -6.244000 
20260819-182013:049316616 RobotVDSM|INFO [ST_RobotVDMotionPrepareState,1664]: robot vd: motion prepare state 
20260819-182013:049342232 RobotVDSM|INFO [ST_RobotVDMotionPrepareState,1670]: move mode = 6  
20260819-182013:049920728 MacroMove|INFO [move_joint,219]: RTEMS--------move joint end--------- 
20260819-182013:050048328 profile|INFO [CalcMotionProfile,2817]: block ready run, id = 0  
20260819-182013:050210872 RobotVDStateMag|INFO [RobotVDStateManagerhandler,348]:  mainSM send motion in progress event 
20260819-182013:050244384 RobotVDSM|INFO [ST_RobotVDMotionInProgressState,1766]: robot vd: motion in progress state  
20260819-182013:050267088 RobotVDSM|INFO [ST_RobotVDMotionInProgressState,1776]: move mode = 6 
20260819-182018:605977448 pre_read|INFO [RobotMotionStateBackToExecutionLayer,295]: receiver msg: state = 0, error id = 0  
20260819-182018:606014272 pre_read|INFO [RobotMotionStateBackToExecutionLayer,313]:  valid_num = 1, 
20260819-182018:606206064 RobotVDStateMag|INFO [RobotVDStateManagerhandler,415]:  mainSM to motion complete event  
20260819-182018:606239016 RobotVDSM|INFO [ST_RobotVDMotionCompleteState,2404]: robot vd: motion complete state  
20260819-182018:607042704 RobotVDSM|INFO [ST_RobotVDMotionCompleteState,2448]: robot vd: motion complete state     6 
20260819-182018:607078296 pre_read|INFO [RobotMotionStateBackToExecutionLayer,356]:  send cmd finish event, cmd.packet_id is 107  
20260819-182018:607102896 pre_read|INFO [RobotMotionStateBackToExecutionLayer,368]:  valid_num left = 0,  
20260819-182018:608210112 RobotVDStateMag|INFO [RobotVDStateManagerhandler,802]:  switch mainSM to ready  
20260819-182018:608247168 RobotVDSM|INFO [ST_RobotVDMotionReadyState,1562]: robot vd: motion ready state 
20260819-182018:608874864 RobotVDSM|INFO [ST_RobotVDMotionReadyState,1625]: robot vd: motion ready state end
20260819-182028:701737784 MacroMove|INFO [move_joint,122]: RTEMS--------move joint start----------- 
20260819-182028:701798264 LocationMag|INFO [PrintJointLocation,29]: MOVE point joint = -16.288000 9.057000 -8.784000 -80.452000 48.891000 -23.282000 -6.244000 
20260819-182028:701951592 RobotVDSM|INFO [ST_RobotVDMotionPrepareState,1664]: robot vd: motion prepare state 
20260819-182028:701979056 RobotVDSM|INFO [ST_RobotVDMotionPrepareState,1670]: move mode = 6  
20260819-182028:702121344 profile|INFO [CalcMotionProfile,2817]: block ready run, id = 0  
20260819-182028:702883232 MacroMove|INFO [move_joint,219]: RTEMS--------move joint end--------- 
20260819-182028:703193144 RobotVDStateMag|INFO [RobotVDStateManagerhandler,348]:  mainSM send motion in progress event 
20260819-182028:703228168 RobotVDSM|INFO [ST_RobotVDMotionInProgressState,1766]: robot vd: motion in progress state  
20260819-182028:703253096 RobotVDSM|INFO [ST_RobotVDMotionInProgressState,1776]: move mode = 6 
20260819-182035:880949328 pre_read|INFO [RobotMotionStateBackToExecutionLayer,295]: receiver msg: state = 0, error id = 0  
20260819-182035:880985616 pre_read|INFO [RobotMotionStateBackToExecutionLayer,313]:  valid_num = 1, 
20260819-182035:881184536 RobotVDStateMag|INFO [RobotVDStateManagerhandler,415]:  mainSM to motion complete event  
20260819-182035:881221072 RobotVDSM|INFO [ST_RobotVDMotionCompleteState,2404]: robot vd: motion complete state  
20260819-182035:881783768 pre_read|INFO [RobotMotionStateBackToExecutionLayer,356]:  send cmd finish event, cmd.packet_id is 108 
20260819-182035:881813768 pre_read|INFO [RobotMotionStateBackToExecutionLayer,368]:  valid_num left = 0,  
20260819-182035:881893216 RobotVDSM|INFO [ST_RobotVDMotionCompleteState,2448]: robot vd: motion complete state     6  
20260819-182035:883182344 RobotVDStateMag|INFO [RobotVDStateManagerhandler,802]:  switch mainSM to ready  
20260819-182035:883219576 RobotVDSM|INFO [ST_RobotVDMotionReadyState,1562]: robot vd: motion ready state 
20260819-182035:883857112 RobotVDSM|INFO [ST_RobotVDMotionReadyState,1625]: robot vd: motion ready state end
20260819-182045:972783552 MacroMove|INFO [move_joint,122]: RTEMS--------move joint start----------- 
20260819-182045:972846704 LocationMag|INFO [PrintJointLocation,29]: MOVE point joint = -25.538000 -6.754000 -8.784000 -62.253000 75.531000 -44.210000 -60.677000 
20260819-182045:973001704 RobotVDSM|INFO [ST_RobotVDMotionPrepareState,1664]: robot vd: motion prepare state 
20260819-182045:973028816 RobotVDSM|INFO [ST_RobotVDMotionPrepareState,1670]: move mode = 6  
20260819-182045:973632088 MacroMove|INFO [move_joint,219]: RTEMS--------move joint end--------- 
20260819-182045:973765792 profile|INFO [CalcMotionProfile,2817]: block ready run, id = 0  
20260819-182045:975547984 RobotVDStateMag|INFO [RobotVDStateManagerhandler,348]:  mainSM send motion in progress event 
20260819-182045:975589136 RobotVDSM|INFO [ST_RobotVDMotionInProgressState,1766]: robot vd: motion in progress state  
20260819-182045:975614152 RobotVDSM|INFO [ST_RobotVDMotionInProgressState,1776]: move mode = 6 
20260819-182052:839940904 pre_read|INFO [RobotMotionStateBackToExecutionLayer,295]: receiver msg: state = 0, error id = 0  
20260819-182052:839978224 pre_read|INFO [RobotMotionStateBackToExecutionLayer,313]:  valid_num = 1, 
20260819-182052:840639664 RobotVDStateMag|INFO [RobotVDStateManagerhandler,415]:  mainSM to motion complete event  
20260819-182052:840680512 RobotVDSM|INFO [ST_RobotVDMotionCompleteState,2404]: robot vd: motion complete state  
20260819-182052:840784424 RobotVDSM|INFO [ST_RobotVDMotionCompleteState,2448]: robot vd: motion complete state     6 
20260819-182052:840817928 pre_read|INFO [RobotMotionStateBackToExecutionLayer,356]:  send cmd finish event, cmd.packet_id is 109  
20260819-182052:840842976 pre_read|INFO [RobotMotionStateBackToExecutionLayer,368]:  valid_num left = 0,  
20260819-182052:842161704 RobotVDStateMag|INFO [RobotVDStateManagerhandler,802]:  switch mainSM to ready  
20260819-182052:842640216 RobotVDSM|INFO [ST_RobotVDMotionReadyState,1562]: robot vd: motion ready state 
20260819-182052:842840712 RobotVDSM|INFO [ST_RobotVDMotionReadyState,1625]: robot vd: motion ready state end
20260819-182102:929448168 MacroMove|INFO [move_joint,122]: RTEMS--------move joint start----------- 
20260819-182102:929508864 LocationMag|INFO [PrintJointLocation,29]: MOVE point joint = -29.539000 -21.916000 12.305000 -62.253000 75.531000 -33.403000 -71.855000 
20260819-182102:929662928 RobotVDSM|INFO [ST_RobotVDMotionPrepareState,1664]: robot vd: motion prepare state 
20260819-182102:929690216 RobotVDSM|INFO [ST_RobotVDMotionPrepareState,1670]: move mode = 6  
20260819-182102:929892184 profile|INFO [CalcMotionProfile,2817]: block ready run, id = 0  
20260819-182102:929984472 MacroMove|INFO [move_joint,219]: RTEMS--------move joint end--------- 
20260819-182102:930474904 RobotVDStateMag|INFO [RobotVDStateManagerhandler,348]:  mainSM send motion in progress event 
20260819-182102:930523776 RobotVDSM|INFO [ST_RobotVDMotionInProgressState,1766]: robot vd: motion in progress state  
20260819-182102:930547192 RobotVDSM|INFO [ST_RobotVDMotionInProgressState,1776]: move mode = 6 
20260819-182107:934937744 pre_read|INFO [RobotMotionStateBackToExecutionLayer,295]: receiver msg: state = 0, error id = 0  
20260819-182107:934974752 pre_read|INFO [RobotMotionStateBackToExecutionLayer,313]:  valid_num = 1,  
20260819-182107:935679192 pre_read|INFO [RobotMotionStateBackToExecutionLayer,356]:  send cmd finish event, cmd.packet_id is 110 
20260819-182107:935709088 pre_read|INFO [RobotMotionStateBackToExecutionLayer,368]:  valid_num left = 0,  
20260819-182107:936601984 RobotVDStateMag|INFO [RobotVDStateManagerhandler,415]:  mainSM to motion complete event  
20260819-182107:936640456 RobotVDSM|INFO [ST_RobotVDMotionCompleteState,2404]: robot vd: motion complete state  
20260819-182107:936687936 RobotVDSM|INFO [ST_RobotVDMotionCompleteState,2448]: robot vd: motion complete state     6 
20260819-182107:938566232 RobotVDStateMag|INFO [RobotVDStateManagerhandler,802]:  switch mainSM to ready  
20260819-182107:938602832 RobotVDSM|INFO [ST_RobotVDMotionReadyState,1562]: robot vd: motion ready state  
20260819-182107:938801024 RobotVDSM|INFO [ST_RobotVDMotionReadyState,1625]: robot vd: motion ready state end
20260819-182118:042521392 MacroMove|INFO [move_joint,122]: RTEMS--------move joint start----------- 
20260819-182118:042580496 LocationMag|INFO [PrintJointLocation,29]: MOVE point joint = -20.081000 -6.159000 10.848000 -80.451000 87.914000 -5.179000 -83.254000 
20260819-182118:042733776 RobotVDSM|INFO [ST_RobotVDMotionPrepareState,1664]: robot vd: motion prepare state 
20260819-182118:042760008 RobotVDSM|INFO [ST_RobotVDMotionPrepareState,1670]: move mode = 6  
20260819-182118:043373408 MacroMove|INFO [move_joint,219]: RTEMS--------move joint end--------- 
20260819-182118:043540224 profile|INFO [CalcMotionProfile,2817]: block ready run, id = 0  
20260819-182118:045293232 RobotVDStateMag|INFO [RobotVDStateManagerhandler,348]:  mainSM send motion in progress event 
20260819-182118:045330824 RobotVDSM|INFO [ST_RobotVDMotionInProgressState,1766]: robot vd: motion in progress state  
20260819-182118:045354264 RobotVDSM|INFO [ST_RobotVDMotionInProgressState,1776]: move mode = 6 
20260819-182123:561473744 pre_read|INFO [RobotMotionStateBackToExecutionLayer,295]: receiver msg: state = 0, error id = 0  
20260819-182123:561510032 pre_read|INFO [RobotMotionStateBackToExecutionLayer,313]:  valid_num = 1, 
20260819-182123:561842512 pre_read|INFO [RobotMotionStateBackToExecutionLayer,356]:  send cmd finish event, cmd.packet_id is 111  
20260819-182123:561870872 pre_read|INFO [RobotMotionStateBackToExecutionLayer,368]:  valid_num left = 0,  
20260819-182123:562407008 RobotVDStateMag|INFO [RobotVDStateManagerhandler,415]:  mainSM to motion complete event 
20260819-182123:562442168 RobotVDSM|INFO [ST_RobotVDMotionCompleteState,2404]: robot vd: motion complete state  
20260819-182123:562489088 RobotVDSM|INFO [ST_RobotVDMotionCompleteState,2448]: robot vd: motion complete state     6  
20260819-182123:564327216 RobotVDStateMag|INFO [RobotVDStateManagerhandler,802]:  switch mainSM to ready  
20260819-182123:564367232 RobotVDSM|INFO [ST_RobotVDMotionReadyState,1562]: robot vd: motion ready state 
20260819-182123:564566488 RobotVDSM|INFO [ST_RobotVDMotionReadyState,1625]: robot vd: motion ready state end
20260819-182133:649324168 MacroMove|INFO [move_joint,122]: RTEMS--------move joint start----------- 
20260819-182133:649391984 LocationMag|INFO [PrintJointLocation,29]: MOVE point joint = -31.983000 -10.464000 17.257000 -82.597000 84.552000 -6.700000 -86.843000 
20260819-182133:649547168 RobotVDSM|INFO [ST_RobotVDMotionPrepareState,1664]: robot vd: motion prepare state 
20260819-182133:649574648 RobotVDSM|INFO [ST_RobotVDMotionPrepareState,1670]: move mode = 6  
20260819-182133:649741248 profile|INFO [CalcMotionProfile,2817]: block ready run, id = 0  
20260819-182133:650481504 MacroMove|INFO [move_joint,219]: RTEMS--------move joint end--------- 
20260819-182133:651183528 RobotVDStateMag|INFO [RobotVDStateManagerhandler,348]:  mainSM send motion in progress event 
20260819-182133:651220272 RobotVDSM|INFO [ST_RobotVDMotionInProgressState,1766]: robot vd: motion in progress state  
20260819-182133:651245144 RobotVDSM|INFO [ST_RobotVDMotionInProgressState,1776]: move mode = 6 
20260819-182137:783300696 pre_read|INFO [RobotMotionStateBackToExecutionLayer,295]: receiver msg: state = 0, error id = 0  
20260819-182137:783336088 pre_read|INFO [RobotMotionStateBackToExecutionLayer,313]:  valid_num = 1, 
20260819-182137:784485224 pre_read|INFO [RobotMotionStateBackToExecutionLayer,356]:  send cmd finish event, cmd.packet_id is 112  
20260819-182137:784517104 pre_read|INFO [RobotMotionStateBackToExecutionLayer,368]:  valid_num left = 0,  
20260819-182137:785185856 RobotVDStateMag|INFO [RobotVDStateManagerhandler,415]:  mainSM to motion complete event 
20260819-182137:785223568 RobotVDSM|INFO [ST_RobotVDMotionCompleteState,2404]: robot vd: motion complete state  
20260819-182137:785271496 RobotVDSM|INFO [ST_RobotVDMotionCompleteState,2448]: robot vd: motion complete state     6  
20260819-182137:787172864 RobotVDStateMag|INFO [RobotVDStateManagerhandler,802]:  switch mainSM to ready  
20260819-182137:787210816 RobotVDSM|INFO [ST_RobotVDMotionReadyState,1562]: robot vd: motion ready state 
20260819-182137:787411552 RobotVDSM|INFO [ST_RobotVDMotionReadyState,1625]: robot vd: motion ready state end
20260819-182147:865439472 MacroMove|INFO [move_joint,122]: RTEMS--------move joint start----------- 
20260819-182147:865506072 LocationMag|INFO [PrintJointLocation,29]: MOVE point joint = -42.588000 -13.775000 21.263000 -81.711000 78.232000 -13.101000 -91.999000 
20260819-182147:866035592 RobotVDSM|INFO [ST_RobotVDMotionPrepareState,1664]: robot vd: motion prepare state 
20260819-182147:866064216 RobotVDSM|INFO [ST_RobotVDMotionPrepareState,1670]: move mode = 6  
20260819-182147:866511136 profile|INFO [CalcMotionProfile,2817]: block ready run, id = 0  
20260819-182147:866599896 MacroMove|INFO [move_joint,219]: RTEMS--------move joint end--------- 
20260819-182147:868125024 RobotVDStateMag|INFO [RobotVDStateManagerhandler,348]:  mainSM send motion in progress event 
20260819-182147:868164328 RobotVDSM|INFO [ST_RobotVDMotionInProgressState,1766]: robot vd: motion in progress state  
20260819-182147:868188528 RobotVDSM|INFO [ST_RobotVDMotionInProgressState,1776]: move mode = 6 
20260819-182151:844367696 pre_read|INFO [RobotMotionStateBackToExecutionLayer,295]: receiver msg: state = 0, error id = 0  
20260819-182151:844403656 pre_read|INFO [RobotMotionStateBackToExecutionLayer,313]:  valid_num = 1, 
20260819-182151:845140248 pre_read|INFO [RobotMotionStateBackToExecutionLayer,356]:  send cmd finish event, cmd.packet_id is 113  
20260819-182151:845170304 pre_read|INFO [RobotMotionStateBackToExecutionLayer,368]:  valid_num left = 0,  
20260819-182151:846118256 RobotVDStateMag|INFO [RobotVDStateManagerhandler,415]:  mainSM to motion complete event 
20260819-182151:846157288 RobotVDSM|INFO [ST_RobotVDMotionCompleteState,2404]: robot vd: motion complete state  
20260819-182151:846205704 RobotVDSM|INFO [ST_RobotVDMotionCompleteState,2448]: robot vd: motion complete state     6  
20260819-182151:848115232 RobotVDStateMag|INFO [RobotVDStateManagerhandler,802]:  switch mainSM to ready  
20260819-182151:848153768 RobotVDSM|INFO [ST_RobotVDMotionReadyState,1562]: robot vd: motion ready state 
20260819-182151:848356224 RobotVDSM|INFO [ST_RobotVDMotionReadyState,1625]: robot vd: motion ready state end
20260819-182201:937912864 MacroMove|INFO [move_joint,122]: RTEMS--------move joint start----------- 
20260819-182201:937971952 LocationMag|INFO [PrintJointLocation,29]: MOVE point joint = -49.243000 -20.003000 28.260000 -76.781000 81.582000 -15.794000 -93.529000 
20260819-182201:938373168 RobotVDSM|INFO [ST_RobotVDMotionPrepareState,1664]: robot vd: motion prepare state 
20260819-182201:938400928 RobotVDSM|INFO [ST_RobotVDMotionPrepareState,1670]: move mode = 6  
20260819-182201:938959144 MacroMove|INFO [move_joint,219]: RTEMS--------move joint end--------- 
20260819-182201:939191112 profile|INFO [CalcMotionProfile,2817]: block ready run, id = 0  
20260819-182201:940108552 RobotVDStateMag|INFO [RobotVDStateManagerhandler,348]:  mainSM send motion in progress event 
20260819-182201:940148328 RobotVDSM|INFO [ST_RobotVDMotionInProgressState,1766]: robot vd: motion in progress state  
20260819-182201:940173288 RobotVDSM|INFO [ST_RobotVDMotionInProgressState,1776]: move mode = 6 
20260819-182205:404033736 pre_read|INFO [RobotMotionStateBackToExecutionLayer,295]: receiver msg: state = 0, error id = 0  
20260819-182205:404068672 pre_read|INFO [RobotMotionStateBackToExecutionLayer,313]:  valid_num = 1, 
20260819-182205:405011648 pre_read|INFO [RobotMotionStateBackToExecutionLayer,356]:  send cmd finish event, cmd.packet_id is 114  
20260819-182205:405042176 pre_read|INFO [RobotMotionStateBackToExecutionLayer,368]:  valid_num left = 0,  
20260819-182205:406101752 RobotVDStateMag|INFO [RobotVDStateManagerhandler,415]:  mainSM to motion complete event 
20260819-182205:406139224 RobotVDSM|INFO [ST_RobotVDMotionCompleteState,2404]: robot vd: motion complete state  
20260819-182205:406187552 RobotVDSM|INFO [ST_RobotVDMotionCompleteState,2448]: robot vd: motion complete state     6  
20260819-182205:408098016 RobotVDStateMag|INFO [RobotVDStateManagerhandler,802]:  switch mainSM to ready  
20260819-182205:408136576 RobotVDSM|INFO [ST_RobotVDMotionReadyState,1562]: robot vd: motion ready state 
20260819-182205:408338272 RobotVDSM|INFO [ST_RobotVDMotionReadyState,1625]: robot vd: motion ready state end
20260819-182215:496304968 MacroMove|INFO [move_joint,122]: RTEMS--------move joint start----------- 
20260819-182215:496364704 LocationMag|INFO [PrintJointLocation,29]: MOVE point joint = -51.149000 -25.900000 38.995000 -75.412000 78.084000 -14.422000 -100.644000 
20260819-182215:496909608 RobotVDSM|INFO [ST_RobotVDMotionPrepareState,1664]: robot vd: motion prepare state 
20260819-182215:496936904 RobotVDSM|INFO [ST_RobotVDMotionPrepareState,1670]: move mode = 6  
20260819-182215:497222384 profile|INFO [CalcMotionProfile,2817]: block ready run, id = 0  
20260819-182215:497254296 MacroMove|INFO [move_joint,219]: RTEMS--------move joint end--------- 
20260819-182215:498095224 RobotVDStateMag|INFO [RobotVDStateManagerhandler,348]:  mainSM send motion in progress event 
20260819-182215:498134032 RobotVDSM|INFO [ST_RobotVDMotionInProgressState,1766]: robot vd: motion in progress state  
20260819-182215:498158136 RobotVDSM|INFO [ST_RobotVDMotionInProgressState,1776]: move mode = 6 
20260819-182219:489894544 pre_read|INFO [RobotMotionStateBackToExecutionLayer,295]: receiver msg: state = 0, error id = 0  
20260819-182219:489931496 pre_read|INFO [RobotMotionStateBackToExecutionLayer,313]:  valid_num = 1, 
20260819-182219:490088024 RobotVDStateMag|INFO [RobotVDStateManagerhandler,415]:  mainSM to motion complete event  
20260819-182219:490121088 RobotVDSM|INFO [ST_RobotVDMotionCompleteState,2404]: robot vd: motion complete state  
20260819-182219:490923008 RobotVDSM|INFO [ST_RobotVDMotionCompleteState,2448]: robot vd: motion complete state     6 
20260819-182219:490960184 pre_read|INFO [RobotMotionStateBackToExecutionLayer,356]:  send cmd finish event, cmd.packet_id is 115  
20260819-182219:490985024 pre_read|INFO [RobotMotionStateBackToExecutionLayer,368]:  valid_num left = 0,  
20260819-182219:492085176 RobotVDStateMag|INFO [RobotVDStateManagerhandler,802]:  switch mainSM to ready  
20260819-182219:492120928 RobotVDSM|INFO [ST_RobotVDMotionReadyState,1562]: robot vd: motion ready state 
20260819-182219:492322816 RobotVDSM|INFO [ST_RobotVDMotionReadyState,1625]: robot vd: motion ready state end
20260819-182229:580701704 MacroMove|INFO [move_joint,122]: RTEMS--------move joint start----------- 
20260819-182229:580761152 LocationMag|INFO [PrintJointLocation,29]: MOVE point joint = -54.040000 -32.669000 39.583000 -69.447000 77.552000 -12.333000 -103.451000 
20260819-182229:580915016 RobotVDSM|INFO [ST_RobotVDMotionPrepareState,1664]: robot vd: motion prepare state 
20260819-182229:580942136 RobotVDSM|INFO [ST_RobotVDMotionPrepareState,1670]: move mode = 6  
20260819-182229:581170784 profile|INFO [CalcMotionProfile,2817]: block ready run, id = 0  
20260819-182229:581670088 MacroMove|INFO [move_joint,219]: RTEMS--------move joint end--------- 
20260819-182229:582076808 RobotVDStateMag|INFO [RobotVDStateManagerhandler,348]:  mainSM send motion in progress event 
20260819-182229:582112112 RobotVDSM|INFO [ST_RobotVDMotionInProgressState,1766]: robot vd: motion in progress state  
20260819-182229:582134952 RobotVDSM|INFO [ST_RobotVDMotionInProgressState,1776]: move mode = 6 
20260819-182233:008845072 pre_read|INFO [RobotMotionStateBackToExecutionLayer,295]: receiver msg: state = 0, error id = 0  
20260819-182233:008879104 pre_read|INFO [RobotMotionStateBackToExecutionLayer,313]:  valid_num = 1, 
20260819-182233:009719024 pre_read|INFO [RobotMotionStateBackToExecutionLayer,356]:  send cmd finish event, cmd.packet_id is 116  
20260819-182233:009748664 pre_read|INFO [RobotMotionStateBackToExecutionLayer,368]:  valid_num left = 0,  
20260819-182233:010070104 RobotVDStateMag|INFO [RobotVDStateManagerhandler,415]:  mainSM to motion complete event 
20260819-182233:010101352 RobotVDSM|INFO [ST_RobotVDMotionCompleteState,2404]: robot vd: motion complete state  
20260819-182233:010147496 RobotVDSM|INFO [ST_RobotVDMotionCompleteState,2448]: robot vd: motion complete state     6  
20260819-182233:012068888 RobotVDStateMag|INFO [RobotVDStateManagerhandler,802]:  switch mainSM to ready  
20260819-182233:012105088 RobotVDSM|INFO [ST_RobotVDMotionReadyState,1562]: robot vd: motion ready state 
20260819-182233:012733064 RobotVDSM|INFO [ST_RobotVDMotionReadyState,1625]: robot vd: motion ready state end
20260819-182243:083002744 MacroMove|INFO [move_joint,122]: RTEMS--------move joint start----------- 
20260819-182243:083091424 LocationMag|INFO [PrintJointLocation,29]: MOVE point joint = -56.188000 -23.191000 39.583000 -70.882000 75.561000 -15.531000 -105.537000 
20260819-182243:083629536 RobotVDSM|INFO [ST_RobotVDMotionPrepareState,1664]: robot vd: motion prepare state 
20260819-182243:083656904 RobotVDSM|INFO [ST_RobotVDMotionPrepareState,1670]: move mode = 6  
20260819-182243:083852344 profile|INFO [CalcMotionProfile,2817]: block ready run, id = 0  
20260819-182243:083941608 MacroMove|INFO [move_joint,219]: RTEMS--------move joint end--------- 
20260819-182243:084061232 RobotVDStateMag|INFO [RobotVDStateManagerhandler,348]:  mainSM send motion in progress event 
20260819-182243:084094816 RobotVDSM|INFO [ST_RobotVDMotionInProgressState,1766]: robot vd: motion in progress state  
20260819-182243:084540192 RobotVDSM|INFO [ST_RobotVDMotionInProgressState,1776]: move mode = 6 
20260819-182246:922659208 pre_read|INFO [RobotMotionStateBackToExecutionLayer,295]: receiver msg: state = 0, error id = 0  
20260819-182246:922694576 pre_read|INFO [RobotMotionStateBackToExecutionLayer,313]:  valid_num = 1, 
20260819-182246:923010768 pre_read|INFO [RobotMotionStateBackToExecutionLayer,356]:  send cmd finish event, cmd.packet_id is 117  
20260819-182246:923077472 RobotVDStateMag|INFO [RobotVDStateManagerhandler,415]:  mainSM to motion complete event  
20260819-182246:923576672 RobotVDSM|INFO [ST_RobotVDMotionCompleteState,2404]: robot vd: motion complete state 
20260819-182246:923626184 RobotVDSM|INFO [ST_RobotVDMotionCompleteState,2448]: robot vd: motion complete state     6  
20260819-182246:923908008 pre_read|INFO [RobotMotionStateBackToExecutionLayer,368]:  valid_num left = 0,  
20260819-182246:925056552 RobotVDStateMag|INFO [RobotVDStateManagerhandler,802]:  switch mainSM to ready  
20260819-182246:925528128 RobotVDSM|INFO [ST_RobotVDMotionReadyState,1562]: robot vd: motion ready state 
20260819-182246:925736416 RobotVDSM|INFO [ST_RobotVDMotionReadyState,1625]: robot vd: motion ready state end
20260819-182257:021909552 MacroMove|INFO [move_joint,122]: RTEMS--------move joint start----------- 
20260819-182257:021976208 LocationMag|INFO [PrintJointLocation,29]: MOVE point joint = -58.066000 -17.912000 39.583000 -72.514000 72.110000 -14.741000 -108.053000 
20260819-182257:022539448 RobotVDSM|INFO [ST_RobotVDMotionPrepareState,1664]: robot vd: motion prepare state 
20260819-182257:022566256 RobotVDSM|INFO [ST_RobotVDMotionPrepareState,1670]: move mode = 6  
20260819-182257:022760056 profile|INFO [CalcMotionProfile,2817]: block ready run, id = 0  
20260819-182257:022848832 MacroMove|INFO [move_joint,219]: RTEMS--------move joint end--------- 
20260819-182257:024435496 RobotVDStateMag|INFO [RobotVDStateManagerhandler,348]:  mainSM send motion in progress event 
20260819-182257:024471456 RobotVDSM|INFO [ST_RobotVDMotionInProgressState,1766]: robot vd: motion in progress state  
20260819-182257:024494176 RobotVDSM|INFO [ST_RobotVDMotionInProgressState,1776]: move mode = 6 
20260819-182300:180561176 pre_read|INFO [RobotMotionStateBackToExecutionLayer,295]: receiver msg: state = 0, error id = 0  
20260819-182300:180595608 pre_read|INFO [RobotMotionStateBackToExecutionLayer,313]:  valid_num = 1, 
20260819-182300:180912128 pre_read|INFO [RobotMotionStateBackToExecutionLayer,356]:  send cmd finish event, cmd.packet_id is 118  
20260819-182300:180940944 pre_read|INFO [RobotMotionStateBackToExecutionLayer,368]:  valid_num left = 0,  
20260819-182300:181454376 RobotVDStateMag|INFO [RobotVDStateManagerhandler,415]:  mainSM to motion complete event 
20260819-182300:181491088 RobotVDSM|INFO [ST_RobotVDMotionCompleteState,2404]: robot vd: motion complete state  
20260819-182300:181539872 RobotVDSM|INFO [ST_RobotVDMotionCompleteState,2448]: robot vd: motion complete state     6  
20260819-182300:183405384 RobotVDStateMag|INFO [RobotVDStateManagerhandler,802]:  switch mainSM to ready  
20260819-182300:183441592 RobotVDSM|INFO [ST_RobotVDMotionReadyState,1562]: robot vd: motion ready state 
20260819-182300:183643232 RobotVDSM|INFO [ST_RobotVDMotionReadyState,1625]: robot vd: motion ready state end
20260819-182310:244777208 MacroMove|INFO [move_joint,122]: RTEMS--------move joint start----------- 
20260819-182310:244845216 LocationMag|INFO [PrintJointLocation,29]: MOVE point joint = -60.004000 -10.844000 39.583000 -79.631000 77.329000 -17.839000 -112.181000 
20260819-182310:244996832 RobotVDSM|INFO [ST_RobotVDMotionPrepareState,1664]: robot vd: motion prepare state 
20260819-182310:245649048 RobotVDSM|INFO [ST_RobotVDMotionPrepareState,1670]: move mode = 6  
20260819-182310:245849224 profile|INFO [CalcMotionProfile,2817]: block ready run, id = 0  
20260819-182310:245934744 MacroMove|INFO [move_joint,219]: RTEMS--------move joint end--------- 
20260819-182310:247431688 RobotVDStateMag|INFO [RobotVDStateManagerhandler,348]:  mainSM send motion in progress event 
20260819-182310:247472808 RobotVDSM|INFO [ST_RobotVDMotionInProgressState,1766]: robot vd: motion in progress state  
20260819-182310:247495816 RobotVDSM|INFO [ST_RobotVDMotionInProgressState,1776]: move mode = 6 
20260819-182313:736443864 pre_read|INFO [RobotMotionStateBackToExecutionLayer,295]: receiver msg: state = 0, error id = 0  
20260819-182313:736478832 pre_read|INFO [RobotMotionStateBackToExecutionLayer,313]:  valid_num = 1, 
20260819-182313:736784664 pre_read|INFO [RobotMotionStateBackToExecutionLayer,356]:  send cmd finish event, cmd.packet_id is 119  
20260819-182313:736813344 pre_read|INFO [RobotMotionStateBackToExecutionLayer,368]:  valid_num left = 0,  
20260819-182313:737343432 RobotVDStateMag|INFO [RobotVDStateManagerhandler,415]:  mainSM to motion complete event 
20260819-182313:737381896 RobotVDSM|INFO [ST_RobotVDMotionCompleteState,2404]: robot vd: motion complete state  
20260819-182313:737799768 RobotVDSM|INFO [ST_RobotVDMotionCompleteState,2448]: robot vd: motion complete state     6  
20260819-182313:739316088 RobotVDStateMag|INFO [RobotVDStateManagerhandler,802]:  switch mainSM to ready  
20260819-182313:739354272 RobotVDSM|INFO [ST_RobotVDMotionReadyState,1562]: robot vd: motion ready state 
20260819-182313:739553816 RobotVDSM|INFO [ST_RobotVDMotionReadyState,1625]: robot vd: motion ready state end
20260819-182323:815395472 MacroMove|INFO [move_joint,122]: RTEMS--------move joint start----------- 
20260819-182323:815456832 LocationMag|INFO [PrintJointLocation,29]: MOVE point joint = -63.478000 -6.177000 37.959000 -82.929000 74.898000 -20.987000 -115.448000 
20260819-182323:815609944 RobotVDSM|INFO [ST_RobotVDMotionPrepareState,1664]: robot vd: motion prepare state 
20260819-182323:815637424 RobotVDSM|INFO [ST_RobotVDMotionPrepareState,1670]: move mode = 6  
20260819-182323:816250736 MacroMove|INFO [move_joint,219]: RTEMS--------move joint end--------- 
20260819-182323:816417232 profile|INFO [CalcMotionProfile,2817]: block ready run, id = 0  
20260819-182323:818175584 RobotVDStateMag|INFO [RobotVDStateManagerhandler,348]:  mainSM send motion in progress event 
20260819-182323:818212984 RobotVDSM|INFO [ST_RobotVDMotionInProgressState,1766]: robot vd: motion in progress state  
20260819-182323:818238216 RobotVDSM|INFO [ST_RobotVDMotionInProgressState,1776]: move mode = 6 
20260819-182326:850549152 pre_read|INFO [RobotMotionStateBackToExecutionLayer,295]: receiver msg: state = 0, error id = 0  
20260819-182326:850585768 pre_read|INFO [RobotMotionStateBackToExecutionLayer,313]:  valid_num = 1,  
20260819-182326:851298304 pre_read|INFO [RobotMotionStateBackToExecutionLayer,356]:  send cmd finish event, cmd.packet_id is 120 
20260819-182326:851329288 pre_read|INFO [RobotMotionStateBackToExecutionLayer,368]:  valid_num left = 0,  
20260819-182326:852230344 RobotVDStateMag|INFO [RobotVDStateManagerhandler,415]:  mainSM to motion complete event  
20260819-182326:852268016 RobotVDSM|INFO [ST_RobotVDMotionCompleteState,2404]: robot vd: motion complete state  
20260819-182326:852314184 RobotVDSM|INFO [ST_RobotVDMotionCompleteState,2448]: robot vd: motion complete state     6 
20260819-182326:854210984 RobotVDStateMag|INFO [RobotVDStateManagerhandler,802]:  switch mainSM to ready  
20260819-182326:854249832 RobotVDSM|INFO [ST_RobotVDMotionReadyState,1562]: robot vd: motion ready state  
20260819-182326:854451264 RobotVDSM|INFO [ST_RobotVDMotionReadyState,1625]: robot vd: motion ready state end
20260819-182336:927101096 MacroMove|INFO [move_joint,122]: RTEMS--------move joint start----------- 
20260819-182336:927161048 LocationMag|INFO [PrintJointLocation,29]: MOVE point joint = -67.058000 -2.953000 38.207000 -84.631000 70.367000 -21.962000 -118.614000 
20260819-182336:927315688 RobotVDSM|INFO [ST_RobotVDMotionPrepareState,1664]: robot vd: motion prepare state 
20260819-182336:927344024 RobotVDSM|INFO [ST_RobotVDMotionPrepareState,1670]: move mode = 6  
20260819-182336:927549432 profile|INFO [CalcMotionProfile,2817]: block ready run, id = 0  
20260819-182336:928315312 MacroMove|INFO [move_joint,219]: RTEMS--------move joint end--------- 
20260819-182336:929086616 RobotVDStateMag|INFO [RobotVDStateManagerhandler,348]:  mainSM send motion in progress event 
20260819-182336:929126312 RobotVDSM|INFO [ST_RobotVDMotionInProgressState,1766]: robot vd: motion in progress state  
20260819-182336:929150392 RobotVDSM|INFO [ST_RobotVDMotionInProgressState,1776]: move mode = 6 
20260819-182339:925224632 pre_read|INFO [RobotMotionStateBackToExecutionLayer,295]: receiver msg: state = 0, error id = 0  
20260819-182339:925260552 pre_read|INFO [RobotMotionStateBackToExecutionLayer,313]:  valid_num = 1, 
20260819-182339:925579592 pre_read|INFO [RobotMotionStateBackToExecutionLayer,356]:  send cmd finish event, cmd.packet_id is 121  
20260819-182339:925608288 pre_read|INFO [RobotMotionStateBackToExecutionLayer,368]:  valid_num left = 0,  
20260819-182339:927091744 RobotVDStateMag|INFO [RobotVDStateManagerhandler,415]:  mainSM to motion complete event 
20260819-182339:927129976 RobotVDSM|INFO [ST_RobotVDMotionCompleteState,2404]: robot vd: motion complete state  
20260819-182339:927179536 RobotVDSM|INFO [ST_RobotVDMotionCompleteState,2448]: robot vd: motion complete state     6  
20260819-182339:929078728 RobotVDStateMag|INFO [RobotVDStateManagerhandler,802]:  switch mainSM to ready  
20260819-182339:929120544 RobotVDSM|INFO [ST_RobotVDMotionReadyState,1562]: robot vd: motion ready state 
20260819-182339:929323424 RobotVDSM|INFO [ST_RobotVDMotionReadyState,1625]: robot vd: motion ready state end
20260819-182350:026246448 MacroMove|INFO [move_joint,122]: RTEMS--------move joint start----------- 
20260819-182350:026305184 LocationMag|INFO [PrintJointLocation,29]: MOVE point joint = -68.344000 -3.760000 54.967000 -84.631000 70.367000 -5.162000 -115.017000 
20260819-182350:026459656 RobotVDSM|INFO [ST_RobotVDMotionPrepareState,1664]: robot vd: motion prepare state 
20260819-182350:026485608 RobotVDSM|INFO [ST_RobotVDMotionPrepareState,1670]: move mode = 6  
20260819-182350:027003296 MacroMove|INFO [move_joint,219]: RTEMS--------move joint end--------- 
20260819-182350:027179648 profile|INFO [CalcMotionProfile,2817]: block ready run, id = 0  
20260819-182350:027999624 RobotVDStateMag|INFO [RobotVDStateManagerhandler,348]:  mainSM send motion in progress event 
20260819-182350:028034704 RobotVDSM|INFO [ST_RobotVDMotionInProgressState,1766]: robot vd: motion in progress state  
20260819-182350:028057368 RobotVDSM|INFO [ST_RobotVDMotionInProgressState,1776]: move mode = 6 
20260819-182354:664280384 pre_read|INFO [RobotMotionStateBackToExecutionLayer,295]: receiver msg: state = 0, error id = 0  
20260819-182354:664316968 pre_read|INFO [RobotMotionStateBackToExecutionLayer,313]:  valid_num = 1, 
20260819-182354:665053752 pre_read|INFO [RobotMotionStateBackToExecutionLayer,356]:  send cmd finish event, cmd.packet_id is 122  
20260819-182354:665084896 pre_read|INFO [RobotMotionStateBackToExecutionLayer,368]:  valid_num left = 0,  
20260819-182354:665993176 RobotVDStateMag|INFO [RobotVDStateManagerhandler,415]:  mainSM to motion complete event 
20260819-182354:666031432 RobotVDSM|INFO [ST_RobotVDMotionCompleteState,2404]: robot vd: motion complete state  
20260819-182354:666080112 RobotVDSM|INFO [ST_RobotVDMotionCompleteState,2448]: robot vd: motion complete state     6  
20260819-182354:667989392 RobotVDStateMag|INFO [RobotVDStateManagerhandler,802]:  switch mainSM to ready  
20260819-182354:668027744 RobotVDSM|INFO [ST_RobotVDMotionReadyState,1562]: robot vd: motion ready state 
20260819-182354:668230696 RobotVDSM|INFO [ST_RobotVDMotionReadyState,1625]: robot vd: motion ready state end
20260819-182404:760422824 MacroMove|INFO [move_joint,122]: RTEMS--------move joint start----------- 
20260819-182404:760874632 LocationMag|INFO [PrintJointLocation,29]: MOVE point joint = -71.156000 -4.962000 55.330000 -86.067000 70.367000 -7.126000 -111.923000 
20260819-182404:761055672 RobotVDSM|INFO [ST_RobotVDMotionPrepareState,1664]: robot vd: motion prepare state 
20260819-182404:761082048 RobotVDSM|INFO [ST_RobotVDMotionPrepareState,1670]: move mode = 6  
20260819-182404:761289336 profile|INFO [CalcMotionProfile,2817]: block ready run, id = 0  
20260819-182404:761894712 MacroMove|INFO [move_joint,219]: RTEMS--------move joint end--------- 
20260819-182404:761980296 RobotVDStateMag|INFO [RobotVDStateManagerhandler,348]:  mainSM send motion in progress event 
20260819-182404:762013024 RobotVDSM|INFO [ST_RobotVDMotionInProgressState,1766]: robot vd: motion in progress state  
20260819-182404:762036008 RobotVDSM|INFO [ST_RobotVDMotionInProgressState,1776]: move mode = 6 
20260819-182407:401937424 pre_read|INFO [RobotMotionStateBackToExecutionLayer,295]: receiver msg: state = 0, error id = 0  
20260819-182407:402204792 pre_read|INFO [RobotMotionStateBackToExecutionLayer,313]:  valid_num = 1, 
20260819-182407:402905072 pre_read|INFO [RobotMotionStateBackToExecutionLayer,356]:  send cmd finish event, cmd.packet_id is 123  
20260819-182407:402935672 pre_read|INFO [RobotMotionStateBackToExecutionLayer,368]:  valid_num left = 0,  
20260819-182407:403980152 RobotVDStateMag|INFO [RobotVDStateManagerhandler,415]:  mainSM to motion complete event 
20260819-182407:404016968 RobotVDSM|INFO [ST_RobotVDMotionCompleteState,2404]: robot vd: motion complete state  
20260819-182407:404065832 RobotVDSM|INFO [ST_RobotVDMotionCompleteState,2448]: robot vd: motion complete state     6  
20260819-182407:405974296 RobotVDStateMag|INFO [RobotVDStateManagerhandler,802]:  switch mainSM to ready  
20260819-182407:406011592 RobotVDSM|INFO [ST_RobotVDMotionReadyState,1562]: robot vd: motion ready state 
20260819-182407:406213744 RobotVDSM|INFO [ST_RobotVDMotionReadyState,1625]: robot vd: motion ready state end
20260819-182417:481119328 MacroMove|INFO [move_joint,122]: RTEMS--------move joint start----------- 
20260819-182417:481186272 LocationMag|INFO [PrintJointLocation,29]: MOVE point joint = -65.970000 2.403000 55.330000 -89.812000 75.795000 -5.260000 -107.889000 
20260819-182417:481719712 RobotVDSM|INFO [ST_RobotVDMotionPrepareState,1664]: robot vd: motion prepare state 
20260819-182417:481747568 RobotVDSM|INFO [ST_RobotVDMotionPrepareState,1670]: move mode = 6  
20260819-182417:481902472 profile|INFO [CalcMotionProfile,2817]: block ready run, id = 0  
20260819-182417:481970704 RobotVDStateMag|INFO [RobotVDStateManagerhandler,348]:  mainSM send motion in progress event  
20260819-182417:482279304 RobotVDSM|INFO [ST_RobotVDMotionInProgressState,1766]: robot vd: motion in progress state 
20260819-182417:482712112 RobotVDSM|INFO [ST_RobotVDMotionInProgressState,1776]: move mode = 6  
20260819-182417:482770816 MacroMove|INFO [move_joint,219]: RTEMS--------move joint end---------
20260819-182421:006826848 pre_read|INFO [RobotMotionStateBackToExecutionLayer,295]: receiver msg: state = 0, error id = 0  
20260819-182421:006859144 pre_read|INFO [RobotMotionStateBackToExecutionLayer,313]:  valid_num = 1, 
20260819-182421:007182248 pre_read|INFO [RobotMotionStateBackToExecutionLayer,356]:  send cmd finish event, cmd.packet_id is 124  
20260819-182421:007209896 pre_read|INFO [RobotMotionStateBackToExecutionLayer,368]:  valid_num left = 0,  
20260819-182421:007968256 RobotVDStateMag|INFO [RobotVDStateManagerhandler,415]:  mainSM to motion complete event 
20260819-182421:008003184 RobotVDSM|INFO [ST_RobotVDMotionCompleteState,2404]: robot vd: motion complete state  
20260819-182421:008049336 RobotVDSM|INFO [ST_RobotVDMotionCompleteState,2448]: robot vd: motion complete state     6  
20260819-182421:009967416 RobotVDStateMag|INFO [RobotVDStateManagerhandler,802]:  switch mainSM to ready  
20260819-182421:010003192 RobotVDSM|INFO [ST_RobotVDMotionReadyState,1562]: robot vd: motion ready state 
20260819-182421:010206104 RobotVDSM|INFO [ST_RobotVDMotionReadyState,1625]: robot vd: motion ready state end
20260819-182431:084795048 MacroMove|INFO [move_joint,122]: RTEMS--------move joint start----------- 
20260819-182431:084860536 LocationMag|INFO [PrintJointLocation,29]: MOVE point joint = -63.912000 3.174000 56.378000 -90.485000 83.736000 -4.068000 -102.954000 
20260819-182431:085040776 RobotVDSM|INFO [ST_RobotVDMotionPrepareState,1664]: robot vd: motion prepare state 
20260819-182431:085067224 RobotVDSM|INFO [ST_RobotVDMotionPrepareState,1670]: move mode = 6  
20260819-182431:085637792 MacroMove|INFO [move_joint,219]: RTEMS--------move joint end--------- 
20260819-182431:085779872 profile|INFO [CalcMotionProfile,2817]: block ready run, id = 0  
20260819-182431:085953936 RobotVDStateMag|INFO [RobotVDStateManagerhandler,348]:  mainSM send motion in progress event 
20260819-182431:085986472 RobotVDSM|INFO [ST_RobotVDMotionInProgressState,1766]: robot vd: motion in progress state  
20260819-182431:086008456 RobotVDSM|INFO [ST_RobotVDMotionInProgressState,1776]: move mode = 6 
20260819-182434:697695128 pre_read|INFO [RobotMotionStateBackToExecutionLayer,295]: receiver msg: state = 0, error id = 0  
20260819-182434:697731296 pre_read|INFO [RobotMotionStateBackToExecutionLayer,313]:  valid_num = 1, 
20260819-182434:697949408 RobotVDStateMag|INFO [RobotVDStateManagerhandler,415]:  mainSM to motion complete event  
20260819-182434:697983496 RobotVDSM|INFO [ST_RobotVDMotionCompleteState,2404]: robot vd: motion complete state  
20260819-182434:698787768 RobotVDSM|INFO [ST_RobotVDMotionCompleteState,2448]: robot vd: motion complete state     6 
20260819-182434:698826032 pre_read|INFO [RobotMotionStateBackToExecutionLayer,356]:  send cmd finish event, cmd.packet_id is 125  
20260819-182434:698851072 pre_read|INFO [RobotMotionStateBackToExecutionLayer,368]:  valid_num left = 0,  
20260819-182434:699953704 RobotVDStateMag|INFO [RobotVDStateManagerhandler,802]:  switch mainSM to ready  
20260819-182434:699991544 RobotVDSM|INFO [ST_RobotVDMotionReadyState,1562]: robot vd: motion ready state 
20260819-182434:700622352 RobotVDSM|INFO [ST_RobotVDMotionReadyState,1625]: robot vd: motion ready state end
20260819-182444:832568592 MacroMove|INFO [move_joint,122]: RTEMS--------move joint start----------- 
20260819-182444:832633824 LocationMag|INFO [PrintJointLocation,29]: MOVE point joint = -57.385000 4.104000 56.652000 -90.485000 84.700000 5.392000 -99.910000 
20260819-182444:832793224 RobotVDSM|INFO [ST_RobotVDMotionPrepareState,1664]: robot vd: motion prepare state 
20260819-182444:832820064 RobotVDSM|INFO [ST_RobotVDMotionPrepareState,1670]: move mode = 6  
20260819-182444:833049256 profile|INFO [CalcMotionProfile,2817]: block ready run, id = 0  
20260819-182444:833546696 MacroMove|INFO [move_joint,219]: RTEMS--------move joint end--------- 
20260819-182444:834934784 RobotVDStateMag|INFO [RobotVDStateManagerhandler,348]:  mainSM send motion in progress event 
20260819-182444:834973344 RobotVDSM|INFO [ST_RobotVDMotionInProgressState,1766]: robot vd: motion in progress state  
20260819-182444:834997664 RobotVDSM|INFO [ST_RobotVDMotionInProgressState,1776]: move mode = 6 
20260819-182448:662582304 pre_read|INFO [RobotMotionStateBackToExecutionLayer,295]: receiver msg: state = 0, error id = 0  
20260819-182448:662617736 pre_read|INFO [RobotMotionStateBackToExecutionLayer,313]:  valid_num = 1, 
20260819-182448:662942872 RobotVDStateMag|INFO [RobotVDStateManagerhandler,415]:  mainSM to motion complete event  
20260819-182448:662980144 RobotVDSM|INFO [ST_RobotVDMotionCompleteState,2404]: robot vd: motion complete state  
20260819-182448:663761928 RobotVDSM|INFO [ST_RobotVDMotionCompleteState,2448]: robot vd: motion complete state     6 
20260819-182448:663799944 pre_read|INFO [RobotMotionStateBackToExecutionLayer,356]:  send cmd finish event, cmd.packet_id is 126  
20260819-182448:663826096 pre_read|INFO [RobotMotionStateBackToExecutionLayer,368]:  valid_num left = 0,  
20260819-182448:664934272 RobotVDStateMag|INFO [RobotVDStateManagerhandler,802]:  switch mainSM to ready  
20260819-182448:664972664 RobotVDSM|INFO [ST_RobotVDMotionReadyState,1562]: robot vd: motion ready state 
20260819-182448:665615888 RobotVDSM|INFO [ST_RobotVDMotionReadyState,1625]: robot vd: motion ready state end
20260819-182458:746307624 MacroMove|INFO [move_joint,122]: RTEMS--------move joint start----------- 
20260819-182458:746368112 LocationMag|INFO [PrintJointLocation,29]: MOVE point joint = -54.884000 -1.582000 55.911000 -90.343000 81.118000 10.042000 -96.435000 
20260819-182458:746521776 RobotVDSM|INFO [ST_RobotVDMotionPrepareState,1664]: robot vd: motion prepare state 
20260819-182458:746549712 RobotVDSM|INFO [ST_RobotVDMotionPrepareState,1670]: move mode = 6  
20260819-182458:746761384 profile|INFO [CalcMotionProfile,2817]: block ready run, id = 0  
20260819-182458:746847144 MacroMove|INFO [move_joint,219]: RTEMS--------move joint end--------- 
20260819-182458:747923664 RobotVDStateMag|INFO [RobotVDStateManagerhandler,348]:  mainSM send motion in progress event 
20260819-182458:748372432 RobotVDSM|INFO [ST_RobotVDMotionInProgressState,1766]: robot vd: motion in progress state  
20260819-182458:748397616 RobotVDSM|INFO [ST_RobotVDMotionInProgressState,1776]: move mode = 6 
20260819-182501:980484848 pre_read|INFO [RobotMotionStateBackToExecutionLayer,295]: receiver msg: state = 0, error id = 0  
20260819-182501:980520136 pre_read|INFO [RobotMotionStateBackToExecutionLayer,313]:  valid_num = 1, 
20260819-182501:980872872 pre_read|INFO [RobotMotionStateBackToExecutionLayer,356]:  send cmd finish event, cmd.packet_id is 127  
20260819-182501:981408592 RobotVDStateMag|INFO [RobotVDStateManagerhandler,415]:  mainSM to motion complete event  
20260819-182501:981443824 RobotVDSM|INFO [ST_RobotVDMotionCompleteState,2404]: robot vd: motion complete state 
20260819-182501:981492384 RobotVDSM|INFO [ST_RobotVDMotionCompleteState,2448]: robot vd: motion complete state     6  
20260819-182501:981775136 pre_read|INFO [RobotMotionStateBackToExecutionLayer,368]:  valid_num left = 0,  
20260819-182501:982921512 RobotVDStateMag|INFO [RobotVDStateManagerhandler,802]:  switch mainSM to ready  
20260819-182501:983388752 RobotVDSM|INFO [ST_RobotVDMotionReadyState,1562]: robot vd: motion ready state 
20260819-182501:983587808 RobotVDSM|INFO [ST_RobotVDMotionReadyState,1625]: robot vd: motion ready state end
20260819-182512:069654504 MacroMove|INFO [move_joint,122]: RTEMS--------move joint start----------- 
20260819-182512:069720072 LocationMag|INFO [PrintJointLocation,29]: MOVE point joint = -48.186000 -2.827000 54.440000 -89.508000 78.669000 13.931000 -92.848000 
20260819-182512:069873824 RobotVDSM|INFO [ST_RobotVDMotionPrepareState,1664]: robot vd: motion prepare state 
20260819-182512:070309152 RobotVDSM|INFO [ST_RobotVDMotionPrepareState,1670]: move mode = 6  
20260819-182512:070519392 profile|INFO [CalcMotionProfile,2817]: block ready run, id = 0  
20260819-182512:070603232 MacroMove|INFO [move_joint,219]: RTEMS--------move joint end--------- 
20260819-182512:071327568 RobotVDStateMag|INFO [RobotVDStateManagerhandler,348]:  mainSM send motion in progress event 
20260819-182512:071364264 RobotVDSM|INFO [ST_RobotVDMotionInProgressState,1766]: robot vd: motion in progress state  
20260819-182512:071387048 RobotVDSM|INFO [ST_RobotVDMotionInProgressState,1776]: move mode = 6 
20260819-182515:487569288 pre_read|INFO [RobotMotionStateBackToExecutionLayer,295]: receiver msg: state = 0, error id = 0  
20260819-182515:487607272 pre_read|INFO [RobotMotionStateBackToExecutionLayer,313]:  valid_num = 1, 
20260819-182515:488323272 pre_read|INFO [RobotMotionStateBackToExecutionLayer,356]:  send cmd finish event, cmd.packet_id is 128  
20260819-182515:488353712 pre_read|INFO [RobotMotionStateBackToExecutionLayer,368]:  valid_num left = 0,  
20260819-182515:489262832 RobotVDStateMag|INFO [RobotVDStateManagerhandler,415]:  mainSM to motion complete event 
20260819-182515:489300256 RobotVDSM|INFO [ST_RobotVDMotionCompleteState,2404]: robot vd: motion complete state  
20260819-182515:489352152 RobotVDSM|INFO [ST_RobotVDMotionCompleteState,2448]: robot vd: motion complete state     6  
20260819-182515:491241856 RobotVDStateMag|INFO [RobotVDStateManagerhandler,802]:  switch mainSM to ready  
20260819-182515:491278992 RobotVDSM|INFO [ST_RobotVDMotionReadyState,1562]: robot vd: motion ready state 
20260819-182515:491481624 RobotVDSM|INFO [ST_RobotVDMotionReadyState,1625]: robot vd: motion ready state end
20260819-182525:584144608 MacroMove|INFO [move_joint,122]: RTEMS--------move joint start----------- 
20260819-182525:584203536 LocationMag|INFO [PrintJointLocation,29]: MOVE point joint = -46.869000 -5.222000 53.547000 -89.507000 77.752000 16.499000 -89.354000 
20260819-182525:584356504 RobotVDSM|INFO [ST_RobotVDMotionPrepareState,1664]: robot vd: motion prepare state 
20260819-182525:584382864 RobotVDSM|INFO [ST_RobotVDMotionPrepareState,1670]: move mode = 6  
20260819-182525:584589336 profile|INFO [CalcMotionProfile,2817]: block ready run, id = 0  
20260819-182525:585372136 MacroMove|INFO [move_joint,219]: RTEMS--------move joint end--------- 
20260819-182525:586126208 RobotVDStateMag|INFO [RobotVDStateManagerhandler,348]:  mainSM send motion in progress event 
20260819-182525:586164208 RobotVDSM|INFO [ST_RobotVDMotionInProgressState,1766]: robot vd: motion in progress state  
20260819-182525:586187936 RobotVDSM|INFO [ST_RobotVDMotionInProgressState,1776]: move mode = 6 
20260819-182528:337254296 pre_read|INFO [RobotMotionStateBackToExecutionLayer,295]: receiver msg: state = 0, error id = 0  
20260819-182528:337289992 pre_read|INFO [RobotMotionStateBackToExecutionLayer,313]:  valid_num = 1, 
20260819-182528:337622904 pre_read|INFO [RobotMotionStateBackToExecutionLayer,356]:  send cmd finish event, cmd.packet_id is 129  
20260819-182528:337651296 pre_read|INFO [RobotMotionStateBackToExecutionLayer,368]:  valid_num left = 0,  
20260819-182528:338177216 RobotVDStateMag|INFO [RobotVDStateManagerhandler,415]:  mainSM to motion complete event 
20260819-182528:338212616 RobotVDSM|INFO [ST_RobotVDMotionCompleteState,2404]: robot vd: motion complete state  
20260819-182528:338260464 RobotVDSM|INFO [ST_RobotVDMotionCompleteState,2448]: robot vd: motion complete state     6  
20260819-182528:340120464 RobotVDStateMag|INFO [RobotVDStateManagerhandler,802]:  switch mainSM to ready  
20260819-182528:340158088 RobotVDSM|INFO [ST_RobotVDMotionReadyState,1562]: robot vd: motion ready state 
20260819-182528:340362704 RobotVDSM|INFO [ST_RobotVDMotionReadyState,1625]: robot vd: motion ready state end
20260819-182538:450211648 MacroMove|INFO [move_joint,122]: RTEMS--------move joint start----------- 
20260819-182538:450271376 LocationMag|INFO [PrintJointLocation,29]: MOVE point joint = -45.163000 -8.544000 53.547000 -87.680000 72.933000 17.995000 -82.463000 
20260819-182538:450432464 RobotVDSM|INFO [ST_RobotVDMotionPrepareState,1664]: robot vd: motion prepare state 
20260819-182538:450460064 RobotVDSM|INFO [ST_RobotVDMotionPrepareState,1670]: move mode = 6  
20260819-182538:451056192 MacroMove|INFO [move_joint,219]: RTEMS--------move joint end--------- 
20260819-182538:451224816 profile|INFO [CalcMotionProfile,2817]: block ready run, id = 0  
20260819-182538:452012928 RobotVDStateMag|INFO [RobotVDStateManagerhandler,348]:  mainSM send motion in progress event 
20260819-182538:452051392 RobotVDSM|INFO [ST_RobotVDMotionInProgressState,1766]: robot vd: motion in progress state  
20260819-182538:452074864 RobotVDSM|INFO [ST_RobotVDMotionInProgressState,1776]: move mode = 6 
20260819-182541:896336608 pre_read|INFO [RobotMotionStateBackToExecutionLayer,295]: receiver msg: state = 0, error id = 0  
20260819-182541:896372632 pre_read|INFO [RobotMotionStateBackToExecutionLayer,313]:  valid_num = 1, 
20260819-182541:897098408 pre_read|INFO [RobotMotionStateBackToExecutionLayer,356]:  send cmd finish event, cmd.packet_id is 130  
20260819-182541:897129856 pre_read|INFO [RobotMotionStateBackToExecutionLayer,368]:  valid_num left = 0,  
20260819-182541:898010248 RobotVDStateMag|INFO [RobotVDStateManagerhandler,415]:  mainSM to motion complete event 
20260819-182541:898048184 RobotVDSM|INFO [ST_RobotVDMotionCompleteState,2404]: robot vd: motion complete state  
20260819-182541:898096008 RobotVDSM|INFO [ST_RobotVDMotionCompleteState,2448]: robot vd: motion complete state     6  
20260819-182541:899993496 RobotVDStateMag|INFO [RobotVDStateManagerhandler,802]:  switch mainSM to ready  
20260819-182541:900031048 RobotVDSM|INFO [ST_RobotVDMotionReadyState,1562]: robot vd: motion ready state 
20260819-182541:900231096 RobotVDSM|INFO [ST_RobotVDMotionReadyState,1625]: robot vd: motion ready state end
20260819-182551:976118168 MacroMove|INFO [move_joint,122]: RTEMS--------move joint start----------- 
20260819-182551:976177848 LocationMag|INFO [PrintJointLocation,29]: MOVE point joint = -41.632000 -10.607000 50.773000 -84.760000 72.366000 19.263000 -77.372000 
20260819-182551:976333096 RobotVDSM|INFO [ST_RobotVDMotionPrepareState,1664]: robot vd: motion prepare state 
20260819-182551:976359704 RobotVDSM|INFO [ST_RobotVDMotionPrepareState,1670]: move mode = 6  
20260819-182551:976935976 MacroMove|INFO [move_joint,219]: RTEMS--------move joint end--------- 
20260819-182551:977131152 profile|INFO [CalcMotionProfile,2817]: block ready run, id = 0  
20260819-182551:978869416 RobotVDStateMag|INFO [RobotVDStateManagerhandler,348]:  mainSM send motion in progress event 
20260819-182551:978908752 RobotVDSM|INFO [ST_RobotVDMotionInProgressState,1766]: robot vd: motion in progress state  
20260819-182551:978933296 RobotVDSM|INFO [ST_RobotVDMotionInProgressState,1776]: move mode = 6 
20260819-182555:096204328 pre_read|INFO [RobotMotionStateBackToExecutionLayer,295]: receiver msg: state = 0, error id = 0  
20260819-182555:096239536 pre_read|INFO [RobotMotionStateBackToExecutionLayer,313]:  valid_num = 1, 
20260819-182555:096924216 RobotVDStateMag|INFO [RobotVDStateManagerhandler,415]:  mainSM to motion complete event  
20260819-182555:096962472 RobotVDSM|INFO [ST_RobotVDMotionCompleteState,2404]: robot vd: motion complete state  
20260819-182555:097069728 RobotVDSM|INFO [ST_RobotVDMotionCompleteState,2448]: robot vd: motion complete state     6 
20260819-182555:097102176 pre_read|INFO [RobotMotionStateBackToExecutionLayer,356]:  send cmd finish event, cmd.packet_id is 131  
20260819-182555:097126608 pre_read|INFO [RobotMotionStateBackToExecutionLayer,368]:  valid_num left = 0,  
20260819-182555:098886664 RobotVDStateMag|INFO [RobotVDStateManagerhandler,802]:  switch mainSM to ready  
20260819-182555:098923344 RobotVDSM|INFO [ST_RobotVDMotionReadyState,1562]: robot vd: motion ready state 
20260819-182555:099121832 RobotVDSM|INFO [ST_RobotVDMotionReadyState,1625]: robot vd: motion ready state end
20260819-182605:165013512 MacroMove|INFO [move_joint,122]: RTEMS--------move joint start----------- 
20260819-182605:165071344 LocationMag|INFO [PrintJointLocation,29]: MOVE point joint = -36.387000 -13.703000 48.445000 -83.658000 67.723000 19.263000 -73.705000 
20260819-182605:165221312 RobotVDSM|INFO [ST_RobotVDMotionPrepareState,1664]: robot vd: motion prepare state 
20260819-182605:165246696 RobotVDSM|INFO [ST_RobotVDMotionPrepareState,1670]: move mode = 6  
20260819-182605:165442368 profile|INFO [CalcMotionProfile,2817]: block ready run, id = 0  
20260819-182605:166224792 MacroMove|INFO [move_joint,219]: RTEMS--------move joint end--------- 
20260819-182605:166966464 RobotVDStateMag|INFO [RobotVDStateManagerhandler,348]:  mainSM send motion in progress event 
20260819-182605:167003696 RobotVDSM|INFO [ST_RobotVDMotionInProgressState,1766]: robot vd: motion in progress state  
20260819-182605:167026672 RobotVDSM|INFO [ST_RobotVDMotionInProgressState,1776]: move mode = 6 
20260819-182608:316082888 pre_read|INFO [RobotMotionStateBackToExecutionLayer,295]: receiver msg: state = 0, error id = 0  
20260819-182608:316119736 pre_read|INFO [RobotMotionStateBackToExecutionLayer,313]:  valid_num = 1, 
20260819-182608:316859288 RobotVDStateMag|INFO [RobotVDStateManagerhandler,415]:  mainSM to motion complete event  
20260819-182608:316897888 RobotVDSM|INFO [ST_RobotVDMotionCompleteState,2404]: robot vd: motion complete state  
20260819-182608:316943112 RobotVDSM|INFO [ST_RobotVDMotionCompleteState,2448]: robot vd: motion complete state     6 
20260819-182608:316982432 pre_read|INFO [RobotMotionStateBackToExecutionLayer,356]:  send cmd finish event, cmd.packet_id is 132  
20260819-182608:317006864 pre_read|INFO [RobotMotionStateBackToExecutionLayer,368]:  valid_num left = 0,  
20260819-182608:318851176 RobotVDStateMag|INFO [RobotVDStateManagerhandler,802]:  switch mainSM to ready  
20260819-182608:318888424 RobotVDSM|INFO [ST_RobotVDMotionReadyState,1562]: robot vd: motion ready state 
20260819-182608:319089304 RobotVDSM|INFO [ST_RobotVDMotionReadyState,1625]: robot vd: motion ready state end
20260819-182618:410646744 MacroMove|INFO [move_joint,122]: RTEMS--------move joint start----------- 
20260819-182618:410705152 LocationMag|INFO [PrintJointLocation,29]: MOVE point joint = -34.029000 -15.485000 47.258000 -82.763000 61.141000 18.899000 -69.664000 
20260819-182618:410882576 RobotVDSM|INFO [ST_RobotVDMotionPrepareState,1664]: robot vd: motion prepare state 
20260819-182618:410909768 RobotVDSM|INFO [ST_RobotVDMotionPrepareState,1670]: move mode = 6  
20260819-182618:411109232 profile|INFO [CalcMotionProfile,2817]: block ready run, id = 0  
20260819-182618:411687968 MacroMove|INFO [move_joint,219]: RTEMS--------move joint end--------- 
20260819-182618:412841056 RobotVDStateMag|INFO [RobotVDStateManagerhandler,348]:  mainSM send motion in progress event 
20260819-182618:412877384 RobotVDSM|INFO [ST_RobotVDMotionInProgressState,1766]: robot vd: motion in progress state  
20260819-182618:412901152 RobotVDSM|INFO [ST_RobotVDMotionInProgressState,1776]: move mode = 6 
20260819-182621:804755208 pre_read|INFO [RobotMotionStateBackToExecutionLayer,295]: receiver msg: state = 0, error id = 0  
20260819-182621:804791448 pre_read|INFO [RobotMotionStateBackToExecutionLayer,313]:  valid_num = 1,  
20260819-182621:804846784 RobotVDStateMag|INFO [RobotVDStateManagerhandler,415]:  mainSM to motion complete event  
20260819-182621:804882768 RobotVDSM|INFO [ST_RobotVDMotionCompleteState,2404]: robot vd: motion complete state 
20260819-182621:805185344 RobotVDSM|INFO [ST_RobotVDMotionCompleteState,2448]: robot vd: motion complete state     6  
20260819-182621:806700536 pre_read|INFO [RobotMotionStateBackToExecutionLayer,356]:  send cmd finish event, cmd.packet_id is 133  
20260819-182621:806732584 pre_read|INFO [RobotMotionStateBackToExecutionLayer,368]:  valid_num left = 0, 
20260819-182621:806836168 RobotVDStateMag|INFO [RobotVDStateManagerhandler,802]:  switch mainSM to ready  
20260819-182621:806868392 RobotVDSM|INFO [ST_RobotVDMotionReadyState,1562]: robot vd: motion ready state  
20260819-182621:807069232 RobotVDSM|INFO [ST_RobotVDMotionReadyState,1625]: robot vd: motion ready state end
20260819-182631:892539552 MacroMove|INFO [move_joint,122]: RTEMS--------move joint start----------- 
20260819-182631:892599744 LocationMag|INFO [PrintJointLocation,29]: MOVE point joint = -31.460000 -16.535000 46.240000 -83.061000 57.494000 23.047000 -64.998000 
20260819-182631:892750088 RobotVDSM|INFO [ST_RobotVDMotionPrepareState,1664]: robot vd: motion prepare state 
20260819-182631:892777568 RobotVDSM|INFO [ST_RobotVDMotionPrepareState,1670]: move mode = 6  
20260819-182631:893021056 profile|INFO [CalcMotionProfile,2817]: block ready run, id = 0  
20260819-182631:893567504 MacroMove|INFO [move_joint,219]: RTEMS--------move joint end--------- 
20260819-182631:894828664 RobotVDStateMag|INFO [RobotVDStateManagerhandler,348]:  mainSM send motion in progress event 
20260819-182631:894866552 RobotVDSM|INFO [ST_RobotVDMotionInProgressState,1766]: robot vd: motion in progress state  
20260819-182631:894890032 RobotVDSM|INFO [ST_RobotVDMotionInProgressState,1776]: move mode = 6 
20260819-182634:918640912 pre_read|INFO [RobotMotionStateBackToExecutionLayer,295]: receiver msg: state = 0, error id = 0  
20260819-182634:918676904 pre_read|INFO [RobotMotionStateBackToExecutionLayer,313]:  valid_num = 1, 
20260819-182634:918831832 RobotVDStateMag|INFO [RobotVDStateManagerhandler,415]:  mainSM to motion complete event  
20260819-182634:918865488 RobotVDSM|INFO [ST_RobotVDMotionCompleteState,2404]: robot vd: motion complete state  
20260819-182634:919069952 RobotVDSM|INFO [ST_RobotVDMotionCompleteState,2448]: robot vd: motion complete state     6 
20260819-182634:919607576 pre_read|INFO [RobotMotionStateBackToExecutionLayer,356]:  send cmd finish event, cmd.packet_id is 134  
20260819-182634:919635352 pre_read|INFO [RobotMotionStateBackToExecutionLayer,368]:  valid_num left = 0,  
20260819-182634:920826512 RobotVDStateMag|INFO [RobotVDStateManagerhandler,802]:  switch mainSM to ready  
20260819-182634:920867136 RobotVDSM|INFO [ST_RobotVDMotionReadyState,1562]: robot vd: motion ready state 
20260819-182634:921074224 RobotVDSM|INFO [ST_RobotVDMotionReadyState,1625]: robot vd: motion ready state end
20260819-182644:992878368 MacroMove|INFO [move_joint,122]: RTEMS--------move joint start----------- 
20260819-182644:992946544 LocationMag|INFO [PrintJointLocation,29]: MOVE point joint = -29.987000 -18.366000 44.276000 -82.358000 57.000000 24.374000 -61.550000 
20260819-182644:993492352 RobotVDSM|INFO [ST_RobotVDMotionPrepareState,1664]: robot vd: motion prepare state 
20260819-182644:993520704 RobotVDSM|INFO [ST_RobotVDMotionPrepareState,1670]: move mode = 6  
20260819-182644:993736288 profile|INFO [CalcMotionProfile,2817]: block ready run, id = 0  
20260819-182644:994462336 MacroMove|INFO [move_joint,219]: RTEMS--------move joint end--------- 
20260819-182644:994818464 RobotVDStateMag|INFO [RobotVDStateManagerhandler,348]:  mainSM send motion in progress event 
20260819-182644:994856112 RobotVDSM|INFO [ST_RobotVDMotionInProgressState,1766]: robot vd: motion in progress state  
20260819-182644:994883648 RobotVDSM|INFO [ST_RobotVDMotionInProgressState,1776]: move mode = 6 
20260819-182647:730582064 pre_read|INFO [RobotMotionStateBackToExecutionLayer,295]: receiver msg: state = 0, error id = 0  
20260819-182647:730617528 pre_read|INFO [RobotMotionStateBackToExecutionLayer,313]:  valid_num = 1, 
20260819-182647:730818192 RobotVDStateMag|INFO [RobotVDStateManagerhandler,415]:  mainSM to motion complete event  
20260819-182647:730852112 RobotVDSM|INFO [ST_RobotVDMotionCompleteState,2404]: robot vd: motion complete state  
20260819-182647:731659984 RobotVDSM|INFO [ST_RobotVDMotionCompleteState,2448]: robot vd: motion complete state     6 
20260819-182647:731697488 pre_read|INFO [RobotMotionStateBackToExecutionLayer,356]:  send cmd finish event, cmd.packet_id is 135  
20260819-182647:731722816 pre_read|INFO [RobotMotionStateBackToExecutionLayer,368]:  valid_num left = 0,  
20260819-182647:732827608 RobotVDStateMag|INFO [RobotVDStateManagerhandler,802]:  switch mainSM to ready  
20260819-182647:732863752 RobotVDSM|INFO [ST_RobotVDMotionReadyState,1562]: robot vd: motion ready state 
20260819-182647:733492792 RobotVDSM|INFO [ST_RobotVDMotionReadyState,1625]: robot vd: motion ready state end
20260819-182657:835059568 MacroMove|INFO [move_joint,122]: RTEMS--------move joint start----------- 
20260819-182657:835119272 LocationMag|INFO [PrintJointLocation,29]: MOVE point joint = -26.228000 -19.733000 42.333000 -82.810000 55.436000 26.280000 -58.955000 
20260819-182657:835652184 RobotVDSM|INFO [ST_RobotVDMotionPrepareState,1664]: robot vd: motion prepare state 
20260819-182657:835681712 RobotVDSM|INFO [ST_RobotVDMotionPrepareState,1670]: move mode = 6  
20260819-182657:835968232 MacroMove|INFO [move_joint,219]: RTEMS--------move joint end--------- 
20260819-182657:836014736 profile|INFO [CalcMotionProfile,2817]: block ready run, id = 0  
20260819-182657:837803552 RobotVDStateMag|INFO [RobotVDStateManagerhandler,348]:  mainSM send motion in progress event 
20260819-182657:837841688 RobotVDSM|INFO [ST_RobotVDMotionInProgressState,1766]: robot vd: motion in progress state  
20260819-182657:837865512 RobotVDSM|INFO [ST_RobotVDMotionInProgressState,1776]: move mode = 6 
20260819-182700:658409632 pre_read|INFO [RobotMotionStateBackToExecutionLayer,295]: receiver msg: state = 0, error id = 0  
20260819-182700:658445208 pre_read|INFO [RobotMotionStateBackToExecutionLayer,313]:  valid_num = 1, 
20260819-182700:659545608 pre_read|INFO [RobotMotionStateBackToExecutionLayer,356]:  send cmd finish event, cmd.packet_id is 136  
20260819-182700:659576344 pre_read|INFO [RobotMotionStateBackToExecutionLayer,368]:  valid_num left = 0,  
20260819-182700:659796288 RobotVDStateMag|INFO [RobotVDStateManagerhandler,415]:  mainSM to motion complete event 
20260819-182700:659830504 RobotVDSM|INFO [ST_RobotVDMotionCompleteState,2404]: robot vd: motion complete state  
20260819-182700:660327304 RobotVDSM|INFO [ST_RobotVDMotionCompleteState,2448]: robot vd: motion complete state     6  
20260819-182700:661797104 RobotVDStateMag|INFO [RobotVDStateManagerhandler,802]:  switch mainSM to ready  
20260819-182700:661836848 RobotVDSM|INFO [ST_RobotVDMotionReadyState,1562]: robot vd: motion ready state 
20260819-182700:662479616 RobotVDSM|INFO [ST_RobotVDMotionReadyState,1625]: robot vd: motion ready state end
20260819-182710:724186776 MacroMove|INFO [move_joint,122]: RTEMS--------move joint start----------- 
20260819-182710:724246632 LocationMag|INFO [PrintJointLocation,29]: MOVE point joint = -23.849000 -21.091000 41.397000 -81.979000 52.867000 27.826000 -54.598000 
20260819-182710:724401128 RobotVDSM|INFO [ST_RobotVDMotionPrepareState,1664]: robot vd: motion prepare state 
20260819-182710:724427864 RobotVDSM|INFO [ST_RobotVDMotionPrepareState,1670]: move mode = 6  
20260819-182710:724643584 profile|INFO [CalcMotionProfile,2817]: block ready run, id = 0  
20260819-182710:724762248 MacroMove|INFO [move_joint,219]: RTEMS--------move joint end--------- 
20260819-182710:725238328 RobotVDStateMag|INFO [RobotVDStateManagerhandler,348]:  mainSM send motion in progress event 
20260819-182710:725271512 RobotVDSM|INFO [ST_RobotVDMotionInProgressState,1766]: robot vd: motion in progress state  
20260819-182710:725295144 RobotVDSM|INFO [ST_RobotVDMotionInProgressState,1776]: move mode = 6 
20260819-182713:682546432 pre_read|INFO [RobotMotionStateBackToExecutionLayer,295]: receiver msg: state = 0, error id = 0  
20260819-182713:682582936 pre_read|INFO [RobotMotionStateBackToExecutionLayer,313]:  valid_num = 1, 
20260819-182713:683317392 pre_read|INFO [RobotMotionStateBackToExecutionLayer,356]:  send cmd finish event, cmd.packet_id is 137  
20260819-182713:683348128 pre_read|INFO [RobotMotionStateBackToExecutionLayer,368]:  valid_num left = 0,  
20260819-182713:684248448 RobotVDStateMag|INFO [RobotVDStateManagerhandler,415]:  mainSM to motion complete event 
20260819-182713:684287536 RobotVDSM|INFO [ST_RobotVDMotionCompleteState,2404]: robot vd: motion complete state  
20260819-182713:684335432 RobotVDSM|INFO [ST_RobotVDMotionCompleteState,2448]: robot vd: motion complete state     6  
20260819-182713:686211936 RobotVDStateMag|INFO [RobotVDStateManagerhandler,802]:  switch mainSM to ready  
20260819-182713:686251128 RobotVDSM|INFO [ST_RobotVDMotionReadyState,1562]: robot vd: motion ready state 
20260819-182713:686449816 RobotVDSM|INFO [ST_RobotVDMotionReadyState,1625]: robot vd: motion ready state end
20260819-182723:759492376 MacroMove|INFO [move_joint,122]: RTEMS--------move joint start----------- 
20260819-182723:759558328 LocationMag|INFO [PrintJointLocation,29]: MOVE point joint = -20.078000 -25.815000 40.232000 -79.755000 50.104000 30.523000 -48.291000 
20260819-182723:760324808 RobotVDSM|INFO [ST_RobotVDMotionPrepareState,1664]: robot vd: motion prepare state 
20260819-182723:760353432 RobotVDSM|INFO [ST_RobotVDMotionPrepareState,1670]: move mode = 6  
20260819-182723:760560952 profile|INFO [CalcMotionProfile,2817]: block ready run, id = 0  
20260819-182723:761056272 MacroMove|INFO [move_joint,219]: RTEMS--------move joint end--------- 
20260819-182723:762072864 RobotVDStateMag|INFO [RobotVDStateManagerhandler,348]:  mainSM send motion in progress event 
20260819-182723:762110328 RobotVDSM|INFO [ST_RobotVDMotionInProgressState,1766]: robot vd: motion in progress state  
20260819-182723:762134192 RobotVDSM|INFO [ST_RobotVDMotionInProgressState,1776]: move mode = 6 
20260819-182727:109333848 pre_read|INFO [RobotMotionStateBackToExecutionLayer,295]: receiver msg: state = 0, error id = 0  
20260819-182727:109368208 pre_read|INFO [RobotMotionStateBackToExecutionLayer,313]:  valid_num = 1, 
20260819-182727:109662264 pre_read|INFO [RobotMotionStateBackToExecutionLayer,356]:  send cmd finish event, cmd.packet_id is 138  
20260819-182727:109707464 pre_read|INFO [RobotMotionStateBackToExecutionLayer,368]:  valid_num left = 0,  
20260819-182727:110236048 RobotVDStateMag|INFO [RobotVDStateManagerhandler,415]:  mainSM to motion complete event 
20260819-182727:110271984 RobotVDSM|INFO [ST_RobotVDMotionCompleteState,2404]: robot vd: motion complete state  
20260819-182727:110665072 RobotVDSM|INFO [ST_RobotVDMotionCompleteState,2448]: robot vd: motion complete state     6  
20260819-182727:112200952 RobotVDStateMag|INFO [RobotVDStateManagerhandler,802]:  switch mainSM to ready  
20260819-182727:112236864 RobotVDSM|INFO [ST_RobotVDMotionReadyState,1562]: robot vd: motion ready state 
20260819-182727:112434336 RobotVDSM|INFO [ST_RobotVDMotionReadyState,1625]: robot vd: motion ready state end
20260819-182737:217034952 MacroMove|INFO [move_joint,122]: RTEMS--------move joint start----------- 
20260819-182737:217102952 LocationMag|INFO [PrintJointLocation,29]: MOVE point joint = -16.604000 -29.173000 38.278000 -77.022000 47.800000 33.862000 -43.512000 
20260819-182737:217254376 RobotVDSM|INFO [ST_RobotVDMotionPrepareState,1664]: robot vd: motion prepare state 
20260819-182737:217281376 RobotVDSM|INFO [ST_RobotVDMotionPrepareState,1670]: move mode = 6  
20260819-182737:217446584 profile|INFO [CalcMotionProfile,2817]: block ready run, id = 0  
20260819-182737:218250736 MacroMove|INFO [move_joint,219]: RTEMS--------move joint end--------- 
20260819-182737:218949144 RobotVDStateMag|INFO [RobotVDStateManagerhandler,348]:  mainSM send motion in progress event 
20260819-182737:218987408 RobotVDSM|INFO [ST_RobotVDMotionInProgressState,1766]: robot vd: motion in progress state  
20260819-182737:219010136 RobotVDSM|INFO [ST_RobotVDMotionInProgressState,1776]: move mode = 6 
20260819-182740:273323744 pre_read|INFO [RobotMotionStateBackToExecutionLayer,295]: receiver msg: state = 0, error id = 0  
20260819-182740:273358848 pre_read|INFO [RobotMotionStateBackToExecutionLayer,313]:  valid_num = 1, 
20260819-182740:273664248 pre_read|INFO [RobotMotionStateBackToExecutionLayer,356]:  send cmd finish event, cmd.packet_id is 139  
20260819-182740:273693976 pre_read|INFO [RobotMotionStateBackToExecutionLayer,368]:  valid_num left = 0,  
20260819-182740:274232688 RobotVDStateMag|INFO [RobotVDStateManagerhandler,415]:  mainSM to motion complete event 
20260819-182740:274268952 RobotVDSM|INFO [ST_RobotVDMotionCompleteState,2404]: robot vd: motion complete state  
20260819-182740:274317256 RobotVDSM|INFO [ST_RobotVDMotionCompleteState,2448]: robot vd: motion complete state     6  
20260819-182740:276183832 RobotVDStateMag|INFO [RobotVDStateManagerhandler,802]:  switch mainSM to ready  
20260819-182740:276220864 RobotVDSM|INFO [ST_RobotVDMotionReadyState,1562]: robot vd: motion ready state 
20260819-182740:276421512 RobotVDSM|INFO [ST_RobotVDMotionReadyState,1625]: robot vd: motion ready state end
20260819-182750:362235944 MacroMove|INFO [move_joint,122]: RTEMS--------move joint start----------- 
20260819-182750:362302744 LocationMag|INFO [PrintJointLocation,29]: MOVE point joint = -10.000000 -34.363000 28.398000 -75.170000 43.931000 37.298000 -35.884000 
20260819-182750:362866912 RobotVDSM|INFO [ST_RobotVDMotionPrepareState,1664]: robot vd: motion prepare state 
20260819-182750:362895568 RobotVDSM|INFO [ST_RobotVDMotionPrepareState,1670]: move mode = 6  
20260819-182750:363099752 profile|INFO [CalcMotionProfile,2817]: block ready run, id = 0  
20260819-182750:363183624 MacroMove|INFO [move_joint,219]: RTEMS--------move joint end--------- 
20260819-182750:363862816 RobotVDStateMag|INFO [RobotVDStateManagerhandler,348]:  mainSM send motion in progress event 
20260819-182750:363899024 RobotVDSM|INFO [ST_RobotVDMotionInProgressState,1766]: robot vd: motion in progress state  
20260819-182750:363922144 RobotVDSM|INFO [ST_RobotVDMotionInProgressState,1776]: move mode = 6 
20260819-182754:248170816 pre_read|INFO [RobotMotionStateBackToExecutionLayer,295]: receiver msg: state = 0, error id = 0  
20260819-182754:248206584 pre_read|INFO [RobotMotionStateBackToExecutionLayer,313]:  valid_num = 1, 
20260819-182754:248925952 pre_read|INFO [RobotMotionStateBackToExecutionLayer,356]:  send cmd finish event, cmd.packet_id is 140  
20260819-182754:248957216 pre_read|INFO [RobotMotionStateBackToExecutionLayer,368]:  valid_num left = 0,  
20260819-182754:249847696 RobotVDStateMag|INFO [RobotVDStateManagerhandler,415]:  mainSM to motion complete event 
20260819-182754:249884104 RobotVDSM|INFO [ST_RobotVDMotionCompleteState,2404]: robot vd: motion complete state  
20260819-182754:249931624 RobotVDSM|INFO [ST_RobotVDMotionCompleteState,2448]: robot vd: motion complete state     6  
20260819-182754:251838504 RobotVDStateMag|INFO [RobotVDStateManagerhandler,802]:  switch mainSM to ready  
20260819-182754:251876912 RobotVDSM|INFO [ST_RobotVDMotionReadyState,1562]: robot vd: motion ready state 
20260819-182754:252076048 RobotVDSM|INFO [ST_RobotVDMotionReadyState,1625]: robot vd: motion ready state end
20260819-182804:334009808 MacroMove|INFO [move_joint,122]: RTEMS--------move joint start----------- 
20260819-182804:334068032 LocationMag|INFO [PrintJointLocation,29]: MOVE point joint = 4.003000 -37.741000 20.941000 -79.268000 38.625000 42.341000 -15.248000 
20260819-182804:334221672 RobotVDSM|INFO [ST_RobotVDMotionPrepareState,1664]: robot vd: motion prepare state 
20260819-182804:334247104 RobotVDSM|INFO [ST_RobotVDMotionPrepareState,1670]: move mode = 6  
20260819-182804:334914088 MacroMove|INFO [move_joint,219]: RTEMS--------move joint end--------- 
20260819-182804:334974872 profile|INFO [CalcMotionProfile,2817]: block ready run, id = 0  
20260819-182804:335743608 RobotVDStateMag|INFO [RobotVDStateManagerhandler,348]:  mainSM send motion in progress event 
20260819-182804:335782264 RobotVDSM|INFO [ST_RobotVDMotionInProgressState,1766]: robot vd: motion in progress state  
20260819-182804:335806272 RobotVDSM|INFO [ST_RobotVDMotionInProgressState,1776]: move mode = 6 
20260819-182809:300027672 pre_read|INFO [RobotMotionStateBackToExecutionLayer,295]: receiver msg: state = 0, error id = 0  
20260819-182809:300062472 pre_read|INFO [RobotMotionStateBackToExecutionLayer,313]:  valid_num = 1, 
20260819-182809:300791456 pre_read|INFO [RobotMotionStateBackToExecutionLayer,356]:  send cmd finish event, cmd.packet_id is 141  
20260819-182809:300821856 pre_read|INFO [RobotMotionStateBackToExecutionLayer,368]:  valid_num left = 0,  
20260819-182809:301737448 RobotVDStateMag|INFO [RobotVDStateManagerhandler,415]:  mainSM to motion complete event 
20260819-182809:301774288 RobotVDSM|INFO [ST_RobotVDMotionCompleteState,2404]: robot vd: motion complete state  
20260819-182809:301821328 RobotVDSM|INFO [ST_RobotVDMotionCompleteState,2448]: robot vd: motion complete state     6  
20260819-182809:303735632 RobotVDStateMag|INFO [RobotVDStateManagerhandler,802]:  switch mainSM to ready  
20260819-182809:303772688 RobotVDSM|INFO [ST_RobotVDMotionReadyState,1562]: robot vd: motion ready state 
20260819-182809:303973048 RobotVDSM|INFO [ST_RobotVDMotionReadyState,1625]: robot vd: motion ready state end
20260819-182819:390994656 MacroMove|INFO [move_joint,122]: RTEMS--------move joint start----------- 
20260819-182819:391061456 LocationMag|INFO [PrintJointLocation,29]: MOVE point joint = -41.214000 -18.156000 43.914000 -88.248000 62.625000 14.668000 -78.622000 
20260819-182819:391592712 RobotVDSM|INFO [ST_RobotVDMotionPrepareState,1664]: robot vd: motion prepare state 
20260819-182819:391621592 RobotVDSM|INFO [ST_RobotVDMotionPrepareState,1670]: move mode = 6  
20260819-182819:391999056 MacroMove|INFO [move_joint,219]: RTEMS--------move joint end--------- 
20260819-182819:392569288 profile|INFO [CalcMotionProfile,2817]: block ready run, id = 0  
20260819-182819:393732664 RobotVDStateMag|INFO [RobotVDStateManagerhandler,348]:  mainSM send motion in progress event 
20260819-182819:393771736 RobotVDSM|INFO [ST_RobotVDMotionInProgressState,1766]: robot vd: motion in progress state  
20260819-182819:393795168 RobotVDSM|INFO [ST_RobotVDMotionInProgressState,1776]: move mode = 6 
20260819-182826:609647576 pre_read|INFO [RobotMotionStateBackToExecutionLayer,295]: receiver msg: state = 0, error id = 0  
20260819-182826:609682744 pre_read|INFO [RobotMotionStateBackToExecutionLayer,313]:  valid_num = 1, 
20260819-182826:610611048 pre_read|INFO [RobotMotionStateBackToExecutionLayer,356]:  send cmd finish event, cmd.packet_id is 142  
20260819-182826:610641984 pre_read|INFO [RobotMotionStateBackToExecutionLayer,368]:  valid_num left = 0,  
20260819-182826:611720624 RobotVDStateMag|INFO [RobotVDStateManagerhandler,415]:  mainSM to motion complete event 
20260819-182826:611759976 RobotVDSM|INFO [ST_RobotVDMotionCompleteState,2404]: robot vd: motion complete state  
20260819-182826:611809416 RobotVDSM|INFO [ST_RobotVDMotionCompleteState,2448]: robot vd: motion complete state     6  
20260819-182826:613720504 RobotVDStateMag|INFO [RobotVDStateManagerhandler,802]:  switch mainSM to ready  
20260819-182826:613757608 RobotVDSM|INFO [ST_RobotVDMotionReadyState,1562]: robot vd: motion ready state 
20260819-182826:613962448 RobotVDSM|INFO [ST_RobotVDMotionReadyState,1625]: robot vd: motion ready state end
20260819-182836:715961456 MacroMove|INFO [move_joint,122]: RTEMS--------move joint start----------- 
20260819-182836:716394736 LocationMag|INFO [PrintJointLocation,29]: MOVE point joint = -39.025000 -20.163000 42.888000 -87.450000 56.110000 13.269000 -74.020000 
20260819-182836:716549328 RobotVDSM|INFO [ST_RobotVDMotionPrepareState,1664]: robot vd: motion prepare state 
20260819-182836:716575584 RobotVDSM|INFO [ST_RobotVDMotionPrepareState,1670]: move mode = 6  
20260819-182836:716860048 profile|INFO [CalcMotionProfile,2817]: block ready run, id = 0  
20260819-182836:716889816 MacroMove|INFO [move_joint,219]: RTEMS--------move joint end--------- 
20260819-182836:717711816 RobotVDStateMag|INFO [RobotVDStateManagerhandler,348]:  mainSM send motion in progress event 
20260819-182836:717750792 RobotVDSM|INFO [ST_RobotVDMotionInProgressState,1766]: robot vd: motion in progress state  
20260819-182836:717775008 RobotVDSM|INFO [ST_RobotVDMotionInProgressState,1776]: move mode = 6 
20260819-182840:097530984 pre_read|INFO [RobotMotionStateBackToExecutionLayer,295]: receiver msg: state = 0, error id = 0  
20260819-182840:097564264 pre_read|INFO [RobotMotionStateBackToExecutionLayer,313]:  valid_num = 1,  
20260819-182840:097706456 RobotVDStateMag|INFO [RobotVDStateManagerhandler,415]:  mainSM to motion complete event  
20260819-182840:097738832 RobotVDSM|INFO [ST_RobotVDMotionCompleteState,2404]: robot vd: motion complete state 
20260819-182840:098514696 RobotVDSM|INFO [ST_RobotVDMotionCompleteState,2448]: robot vd: motion complete state     6  
20260819-182840:098550592 pre_read|INFO [RobotMotionStateBackToExecutionLayer,356]:  send cmd finish event, cmd.packet_id is 143  
20260819-182840:098575312 pre_read|INFO [RobotMotionStateBackToExecutionLayer,368]:  valid_num left = 0, 
20260819-182840:099708704 RobotVDStateMag|INFO [RobotVDStateManagerhandler,802]:  switch mainSM to ready  
20260819-182840:099749224 RobotVDSM|INFO [ST_RobotVDMotionReadyState,1562]: robot vd: motion ready state  
20260819-182840:099963424 RobotVDSM|INFO [ST_RobotVDMotionReadyState,1625]: robot vd: motion ready state end
20260819-182850:171348504 MacroMove|INFO [move_joint,122]: RTEMS--------move joint start----------- 
20260819-182850:171412792 LocationMag|INFO [PrintJointLocation,29]: MOVE point joint = -36.737000 -21.183000 41.962000 -88.504000 52.365000 18.510000 -70.269000 
20260819-182850:171566224 RobotVDSM|INFO [ST_RobotVDMotionPrepareState,1664]: robot vd: motion prepare state 
20260819-182850:171592408 RobotVDSM|INFO [ST_RobotVDMotionPrepareState,1670]: move mode = 6  
20260819-182850:172365672 MacroMove|INFO [move_joint,219]: RTEMS--------move joint end--------- 
20260819-182850:172555048 profile|INFO [CalcMotionProfile,2817]: block ready run, id = 0  
20260819-182850:172689192 RobotVDStateMag|INFO [RobotVDStateManagerhandler,348]:  mainSM send motion in progress event 
20260819-182850:172723352 RobotVDSM|INFO [ST_RobotVDMotionInProgressState,1766]: robot vd: motion in progress state  
20260819-182850:172746048 RobotVDSM|INFO [ST_RobotVDMotionInProgressState,1776]: move mode = 6 
20260819-182853:316452056 pre_read|INFO [RobotMotionStateBackToExecutionLayer,295]: receiver msg: state = 0, error id = 0  
20260819-182853:316488288 pre_read|INFO [RobotMotionStateBackToExecutionLayer,313]:  valid_num = 1, 
20260819-182853:316685544 RobotVDStateMag|INFO [RobotVDStateManagerhandler,415]:  mainSM to motion complete event  
20260819-182853:316721184 RobotVDSM|INFO [ST_RobotVDMotionCompleteState,2404]: robot vd: motion complete state  
20260819-182853:316825728 RobotVDSM|INFO [ST_RobotVDMotionCompleteState,2448]: robot vd: motion complete state     6 
20260819-182853:317340752 pre_read|INFO [RobotMotionStateBackToExecutionLayer,356]:  send cmd finish event, cmd.packet_id is 144  
20260819-182853:317369816 pre_read|INFO [RobotMotionStateBackToExecutionLayer,368]:  valid_num left = 0,  
20260819-182853:318683864 RobotVDStateMag|INFO [RobotVDStateManagerhandler,802]:  switch mainSM to ready  
20260819-182853:318722736 RobotVDSM|INFO [ST_RobotVDMotionReadyState,1562]: robot vd: motion ready state 
20260819-182853:319373624 RobotVDSM|INFO [ST_RobotVDMotionReadyState,1625]: robot vd: motion ready state end
20260819-182903:382595064 MacroMove|INFO [move_joint,122]: RTEMS--------move joint start----------- 
20260819-182903:382680944 LocationMag|INFO [PrintJointLocation,29]: MOVE point joint = -35.379000 -23.318000 39.114000 -87.106000 52.381000 19.196000 -66.482000 
20260819-182903:383217688 RobotVDSM|INFO [ST_RobotVDMotionPrepareState,1664]: robot vd: motion prepare state 
20260819-182903:383245704 RobotVDSM|INFO [ST_RobotVDMotionPrepareState,1670]: move mode = 6  
20260819-182903:383450424 profile|INFO [CalcMotionProfile,2817]: block ready run, id = 0  
20260819-182903:383536584 MacroMove|INFO [move_joint,219]: RTEMS--------move joint end--------- 
20260819-182903:384681496 RobotVDStateMag|INFO [RobotVDStateManagerhandler,348]:  mainSM send motion in progress event 
20260819-182903:384720072 RobotVDSM|INFO [ST_RobotVDMotionInProgressState,1766]: robot vd: motion in progress state  
20260819-182903:384743712 RobotVDSM|INFO [ST_RobotVDMotionInProgressState,1776]: move mode = 6 
20260819-182906:212447832 pre_read|INFO [RobotMotionStateBackToExecutionLayer,295]: receiver msg: state = 0, error id = 0  
20260819-182906:212484328 pre_read|INFO [RobotMotionStateBackToExecutionLayer,313]:  valid_num = 1, 
20260819-182906:212672016 RobotVDStateMag|INFO [RobotVDStateManagerhandler,415]:  mainSM to motion complete event  
20260819-182906:212708136 RobotVDSM|INFO [ST_RobotVDMotionCompleteState,2404]: robot vd: motion complete state  
20260819-182906:213285168 RobotVDSM|INFO [ST_RobotVDMotionCompleteState,2448]: robot vd: motion complete state     6 
20260819-182906:213320864 pre_read|INFO [RobotMotionStateBackToExecutionLayer,356]:  send cmd finish event, cmd.packet_id is 145  
20260819-182906:213345056 pre_read|INFO [RobotMotionStateBackToExecutionLayer,368]:  valid_num left = 0,  
20260819-182906:214676288 RobotVDStateMag|INFO [RobotVDStateManagerhandler,802]:  switch mainSM to ready  
20260819-182906:214712952 RobotVDSM|INFO [ST_RobotVDMotionReadyState,1562]: robot vd: motion ready state 
20260819-182906:215352984 RobotVDSM|INFO [ST_RobotVDMotionReadyState,1625]: robot vd: motion ready state end
20260819-182916:292471936 MacroMove|INFO [move_joint,122]: RTEMS--------move joint start----------- 
20260819-182916:292539504 LocationMag|INFO [PrintJointLocation,29]: MOVE point joint = -31.454000 -25.563000 37.824000 -87.245000 50.820000 21.116000 -63.226000 
20260819-182916:293100952 RobotVDSM|INFO [ST_RobotVDMotionPrepareState,1664]: robot vd: motion prepare state 
20260819-182916:293127952 RobotVDSM|INFO [ST_RobotVDMotionPrepareState,1670]: move mode = 6  
20260819-182916:293335464 profile|INFO [CalcMotionProfile,2817]: block ready run, id = 0  
20260819-182916:293418576 MacroMove|INFO [move_joint,219]: RTEMS--------move joint end--------- 
20260819-182916:294080784 RobotVDStateMag|INFO [RobotVDStateManagerhandler,348]:  mainSM send motion in progress event 
20260819-182916:294117848 RobotVDSM|INFO [ST_RobotVDMotionInProgressState,1766]: robot vd: motion in progress state  
20260819-182916:294141592 RobotVDSM|INFO [ST_RobotVDMotionInProgressState,1776]: move mode = 6 
20260819-182919:151363712 pre_read|INFO [RobotMotionStateBackToExecutionLayer,295]: receiver msg: state = 0, error id = 0  
20260819-182919:151399488 pre_read|INFO [RobotMotionStateBackToExecutionLayer,313]:  valid_num = 1, 
20260819-182919:152421296 pre_read|INFO [RobotMotionStateBackToExecutionLayer,356]:  send cmd finish event, cmd.packet_id is 146  
20260819-182919:152451456 pre_read|INFO [RobotMotionStateBackToExecutionLayer,368]:  valid_num left = 0,  
20260819-182919:152659768 RobotVDStateMag|INFO [RobotVDStateManagerhandler,415]:  mainSM to motion complete event 
20260819-182919:152693184 RobotVDSM|INFO [ST_RobotVDMotionCompleteState,2404]: robot vd: motion complete state  
20260819-182919:152741384 RobotVDSM|INFO [ST_RobotVDMotionCompleteState,2448]: robot vd: motion complete state     6  
20260819-182919:154657656 RobotVDStateMag|INFO [RobotVDStateManagerhandler,802]:  switch mainSM to ready  
20260819-182919:154695104 RobotVDSM|INFO [ST_RobotVDMotionReadyState,1562]: robot vd: motion ready state 
20260819-182919:155330192 RobotVDSM|INFO [ST_RobotVDMotionReadyState,1625]: robot vd: motion ready state end
20260819-182929:248615112 MacroMove|INFO [move_joint,122]: RTEMS--------move joint start----------- 
20260819-182929:249079768 LocationMag|INFO [PrintJointLocation,29]: MOVE point joint = -28.427000 -26.087000 35.923000 -86.295000 47.580000 22.102000 -59.486000 
20260819-182929:249239416 RobotVDSM|INFO [ST_RobotVDMotionPrepareState,1664]: robot vd: motion prepare state 
20260819-182929:249266464 RobotVDSM|INFO [ST_RobotVDMotionPrepareState,1670]: move mode = 6  
20260819-182929:249479048 profile|INFO [CalcMotionProfile,2817]: block ready run, id = 0  
20260819-182929:249563712 MacroMove|INFO [move_joint,219]: RTEMS--------move joint end--------- 
20260819-182929:251046232 RobotVDStateMag|INFO [RobotVDStateManagerhandler,348]:  mainSM send motion in progress event 
20260819-182929:251085472 RobotVDSM|INFO [ST_RobotVDMotionInProgressState,1766]: robot vd: motion in progress state  
20260819-182929:251108576 RobotVDSM|INFO [ST_RobotVDMotionInProgressState,1776]: move mode = 6 
20260819-182932:067222952 pre_read|INFO [RobotMotionStateBackToExecutionLayer,295]: receiver msg: state = 0, error id = 0  
20260819-182932:067257904 pre_read|INFO [RobotMotionStateBackToExecutionLayer,313]:  valid_num = 1, 
20260819-182932:068116288 RobotVDStateMag|INFO [RobotVDStateManagerhandler,415]:  mainSM to motion complete event  
20260819-182932:068154448 RobotVDSM|INFO [ST_RobotVDMotionCompleteState,2404]: robot vd: motion complete state  
20260819-182932:068476976 RobotVDSM|INFO [ST_RobotVDMotionCompleteState,2448]: robot vd: motion complete state     6 
20260819-182932:068511864 pre_read|INFO [RobotMotionStateBackToExecutionLayer,356]:  send cmd finish event, cmd.packet_id is 147  
20260819-182932:068536824 pre_read|INFO [RobotMotionStateBackToExecutionLayer,368]:  valid_num left = 0,  
20260819-182932:070083328 RobotVDStateMag|INFO [RobotVDStateManagerhandler,802]:  switch mainSM to ready  
20260819-182932:070119096 RobotVDSM|INFO [ST_RobotVDMotionReadyState,1562]: robot vd: motion ready state 
20260819-182932:070318248 RobotVDSM|INFO [ST_RobotVDMotionReadyState,1625]: robot vd: motion ready state end
20260819-182942:138068976 MacroMove|INFO [move_joint,122]: RTEMS--------move joint start----------- 
20260819-182942:138128168 LocationMag|INFO [PrintJointLocation,29]: MOVE point joint = -25.562000 -30.061000 35.637000 -85.579000 45.761000 25.288000 -53.310000 
20260819-182942:138282448 RobotVDSM|INFO [ST_RobotVDMotionPrepareState,1664]: robot vd: motion prepare state 
20260819-182942:138309152 RobotVDSM|INFO [ST_RobotVDMotionPrepareState,1670]: move mode = 6  
20260819-182942:138912416 MacroMove|INFO [move_joint,219]: RTEMS--------move joint end--------- 
20260819-182942:139088736 profile|INFO [CalcMotionProfile,2817]: block ready run, id = 0  
20260819-182942:139859456 RobotVDStateMag|INFO [RobotVDStateManagerhandler,348]:  mainSM send motion in progress event 
20260819-182942:139896936 RobotVDSM|INFO [ST_RobotVDMotionInProgressState,1766]: robot vd: motion in progress state  
20260819-182942:139921104 RobotVDSM|INFO [ST_RobotVDMotionInProgressState,1776]: move mode = 6 
20260819-182945:467208736 pre_read|INFO [RobotMotionStateBackToExecutionLayer,295]: receiver msg: state = 0, error id = 0  
20260819-182945:467244456 pre_read|INFO [RobotMotionStateBackToExecutionLayer,313]:  valid_num = 1, 
20260819-182945:468096552 RobotVDStateMag|INFO [RobotVDStateManagerhandler,415]:  mainSM to motion complete event  
20260819-182945:468135696 RobotVDSM|INFO [ST_RobotVDMotionCompleteState,2404]: robot vd: motion complete state  
20260819-182945:468462904 RobotVDSM|INFO [ST_RobotVDMotionCompleteState,2448]: robot vd: motion complete state     6 
20260819-182945:468498192 pre_read|INFO [RobotMotionStateBackToExecutionLayer,356]:  send cmd finish event, cmd.packet_id is 148  
20260819-182945:468523736 pre_read|INFO [RobotMotionStateBackToExecutionLayer,368]:  valid_num left = 0,  
20260819-182945:470065208 RobotVDStateMag|INFO [RobotVDStateManagerhandler,802]:  switch mainSM to ready  
20260819-182945:470101616 RobotVDSM|INFO [ST_RobotVDMotionReadyState,1562]: robot vd: motion ready state 
20260819-182945:470303816 RobotVDSM|INFO [ST_RobotVDMotionReadyState,1625]: robot vd: motion ready state end
20260819-182955:552208184 MacroMove|INFO [move_joint,122]: RTEMS--------move joint start----------- 
20260819-182955:552277984 LocationMag|INFO [PrintJointLocation,29]: MOVE point joint = -21.290000 -34.722000 33.956000 -82.307000 42.383000 28.099000 -48.241000 
20260819-182955:552851472 RobotVDSM|INFO [ST_RobotVDMotionPrepareState,1664]: robot vd: motion prepare state 
20260819-182955:552879904 RobotVDSM|INFO [ST_RobotVDMotionPrepareState,1670]: move mode = 6  
20260819-182955:553084896 profile|INFO [CalcMotionProfile,2817]: block ready run, id = 0  
20260819-182955:553170344 MacroMove|INFO [move_joint,219]: RTEMS--------move joint end--------- 
20260819-182955:554736416 RobotVDStateMag|INFO [RobotVDStateManagerhandler,348]:  mainSM send motion in progress event 
20260819-182955:554774912 RobotVDSM|INFO [ST_RobotVDMotionInProgressState,1766]: robot vd: motion in progress state  
20260819-182955:554799936 RobotVDSM|INFO [ST_RobotVDMotionInProgressState,1776]: move mode = 6 
20260819-182958:666880224 pre_read|INFO [RobotMotionStateBackToExecutionLayer,295]: receiver msg: state = 0, error id = 0  
20260819-182958:666915584 pre_read|INFO [RobotMotionStateBackToExecutionLayer,313]:  valid_num = 1, 
20260819-182958:667235808 pre_read|INFO [RobotMotionStateBackToExecutionLayer,356]:  send cmd finish event, cmd.packet_id is 149  
20260819-182958:667264856 pre_read|INFO [RobotMotionStateBackToExecutionLayer,368]:  valid_num left = 0,  
20260819-182958:668750184 RobotVDStateMag|INFO [RobotVDStateManagerhandler,415]:  mainSM to motion complete event 
20260819-182958:668788216 RobotVDSM|INFO [ST_RobotVDMotionCompleteState,2404]: robot vd: motion complete state  
20260819-182958:668839752 RobotVDSM|INFO [ST_RobotVDMotionCompleteState,2448]: robot vd: motion complete state     6  
20260819-182958:670757952 RobotVDStateMag|INFO [RobotVDStateManagerhandler,802]:  switch mainSM to ready  
20260819-182958:670797176 RobotVDSM|INFO [ST_RobotVDMotionReadyState,1562]: robot vd: motion ready state 
20260819-182958:670998728 RobotVDSM|INFO [ST_RobotVDMotionReadyState,1625]: robot vd: motion ready state end
20260819-183008:753876712 MacroMove|INFO [move_joint,122]: RTEMS--------move joint start----------- 
20260819-183008:753939008 LocationMag|INFO [PrintJointLocation,29]: MOVE point joint = -15.528000 -39.214000 23.305000 -80.627000 38.623000 32.200000 -40.449000 
20260819-183008:754093712 RobotVDSM|INFO [ST_RobotVDMotionPrepareState,1664]: robot vd: motion prepare state 
20260819-183008:754119904 RobotVDSM|INFO [ST_RobotVDMotionPrepareState,1670]: move mode = 6  
20260819-183008:754666368 MacroMove|INFO [move_joint,219]: RTEMS--------move joint end--------- 
20260819-183008:754852592 profile|INFO [CalcMotionProfile,2817]: block ready run, id = 0  
20260819-183008:756612888 RobotVDStateMag|INFO [RobotVDStateManagerhandler,348]:  mainSM send motion in progress event 
20260819-183008:756651584 RobotVDSM|INFO [ST_RobotVDMotionInProgressState,1766]: robot vd: motion in progress state  
20260819-183008:756675224 RobotVDSM|INFO [ST_RobotVDMotionInProgressState,1776]: move mode = 6 
20260819-183012:740749192 pre_read|INFO [RobotMotionStateBackToExecutionLayer,295]: receiver msg: state = 0, error id = 0  
20260819-183012:740784712 pre_read|INFO [RobotMotionStateBackToExecutionLayer,313]:  valid_num = 1, 
20260819-183012:741098032 pre_read|INFO [RobotMotionStateBackToExecutionLayer,356]:  send cmd finish event, cmd.packet_id is 150  
20260819-183012:741127912 pre_read|INFO [RobotMotionStateBackToExecutionLayer,368]:  valid_num left = 0,  
20260819-183012:742631728 RobotVDStateMag|INFO [RobotVDStateManagerhandler,415]:  mainSM to motion complete event 
20260819-183012:742671224 RobotVDSM|INFO [ST_RobotVDMotionCompleteState,2404]: robot vd: motion complete state  
20260819-183012:742722456 RobotVDSM|INFO [ST_RobotVDMotionCompleteState,2448]: robot vd: motion complete state     6  
20260819-183012:744615392 RobotVDStateMag|INFO [RobotVDStateManagerhandler,802]:  switch mainSM to ready  
20260819-183012:744652848 RobotVDSM|INFO [ST_RobotVDMotionReadyState,1562]: robot vd: motion ready state 
20260819-183012:744853504 RobotVDSM|INFO [ST_RobotVDMotionReadyState,1625]: robot vd: motion ready state end
20260819-183022:814977248 MacroMove|INFO [move_joint,122]: RTEMS--------move joint start----------- 
20260819-183022:815042768 LocationMag|INFO [PrintJointLocation,29]: MOVE point joint = -1.068000 -42.484000 15.618000 -84.293000 33.404000 38.414000 -20.363000 
20260819-183022:815825784 RobotVDSM|INFO [ST_RobotVDMotionPrepareState,1664]: robot vd: motion prepare state 
20260819-183022:815856488 RobotVDSM|INFO [ST_RobotVDMotionPrepareState,1670]: move mode = 6  
20260819-183022:816536848 MacroMove|INFO [move_joint,219]: RTEMS--------move joint end--------- 
20260819-183022:816644888 profile|INFO [CalcMotionProfile,2817]: block ready run, id = 0  
20260819-183022:817608512 RobotVDStateMag|INFO [RobotVDStateManagerhandler,348]:  mainSM send motion in progress event 
20260819-183022:817646224 RobotVDSM|INFO [ST_RobotVDMotionInProgressState,1766]: robot vd: motion in progress state  
20260819-183022:817670048 RobotVDSM|INFO [ST_RobotVDMotionInProgressState,1776]: move mode = 6 
20260819-183027:737806096 pre_read|INFO [RobotMotionStateBackToExecutionLayer,295]: receiver msg: state = 0, error id = 0  
20260819-183027:737843488 pre_read|INFO [RobotMotionStateBackToExecutionLayer,313]:  valid_num = 1, 
20260819-183027:738549904 pre_read|INFO [RobotMotionStateBackToExecutionLayer,356]:  send cmd finish event, cmd.packet_id is 151  
20260819-183027:738604736 pre_read|INFO [RobotMotionStateBackToExecutionLayer,368]:  valid_num left = 0,  
20260819-183027:739601776 RobotVDStateMag|INFO [RobotVDStateManagerhandler,415]:  mainSM to motion complete event 
20260819-183027:739640336 RobotVDSM|INFO [ST_RobotVDMotionCompleteState,2404]: robot vd: motion complete state  
20260819-183027:739689576 RobotVDSM|INFO [ST_RobotVDMotionCompleteState,2448]: robot vd: motion complete state     6  
20260819-183027:741594024 RobotVDStateMag|INFO [RobotVDStateManagerhandler,802]:  switch mainSM to ready  
20260819-183027:741631752 RobotVDSM|INFO [ST_RobotVDMotionReadyState,1562]: robot vd: motion ready state 
20260819-183027:741831888 RobotVDSM|INFO [ST_RobotVDMotionReadyState,1625]: robot vd: motion ready state end
